[INFO] [launch]: All log files can be found below /home/danyalaziz/.ros/log/2026-09-22-08-13-19-768771-Precision-3660-24995
[INFO] [launch]: Default logging verbosity is set to INFO
[INFO] [component_container_isolated-1]: process started with pid [25011]
[component_container_isolated-1] [INFO] [1790046801.570198133] [robot1.nav2_container]: Load Library: /opt/ros/humble/lib/libcontroller_server_core.so
[component_container_isolated-1] [INFO] [1790046801.722981478] [robot1.nav2_container]: Found class: rclcpp_components::NodeFactoryTemplate<nav2_controller::ControllerServer>
[component_container_isolated-1] [INFO] [1790046801.723008459] [robot1.nav2_container]: Instantiate class: rclcpp_components::NodeFactoryTemplate<nav2_controller::ControllerServer>
[component_container_isolated-1] [INFO] [1790046801.747626984] [robot1.controller_server]: 
[component_container_isolated-1] 	controller_server lifecycle node launched. 
[component_container_isolated-1] 	Waiting on external lifecycle transitions to activate
[component_container_isolated-1] 	See https://design.ros2.org/articles/node_lifecycle.html for more information.
[component_container_isolated-1] [INFO] [1790046801.932714629] [robot1.controller_server]: Creating controller server
[component_container_isolated-1] [INFO] [1790046801.988176568] [robot1.local_costmap.local_costmap]: 
[component_container_isolated-1] 	local_costmap lifecycle node launched. 
[component_container_isolated-1] 	Waiting on external lifecycle transitions to activate
[component_container_isolated-1] 	See https://design.ros2.org/articles/node_lifecycle.html for more information.
[component_container_isolated-1] [INFO] [1790046802.001378312] [robot1.local_costmap.local_costmap]: Creating Costmap
[INFO] [launch_ros.actions.load_composable_nodes]: Loaded node '/robot1/controller_server' in container '/robot1/nav2_container'
[component_container_isolated-1] [INFO] [1790046802.009783247] [robot1.nav2_container]: Load Library: /opt/ros/humble/lib/libsmoother_server_core.so
[component_container_isolated-1] [INFO] [1790046802.027084588] [robot1.nav2_container]: Found class: rclcpp_components::NodeFactoryTemplate<nav2_smoother::SmootherServer>
[component_container_isolated-1] [INFO] [1790046802.027094586] [robot1.nav2_container]: Instantiate class: rclcpp_components::NodeFactoryTemplate<nav2_smoother::SmootherServer>
[component_container_isolated-1] [INFO] [1790046802.097610060] [robot1.smoother_server]: 
[component_container_isolated-1] 	smoother_server lifecycle node launched. 
[component_container_isolated-1] 	Waiting on external lifecycle transitions to activate
[component_container_isolated-1] 	See https://design.ros2.org/articles/node_lifecycle.html for more information.
[component_container_isolated-1] [INFO] [1790046802.098142094] [robot1.smoother_server]: Creating smoother server
[INFO] [launch_ros.actions.load_composable_nodes]: Loaded node '/robot1/smoother_server' in container '/robot1/nav2_container'
[component_container_isolated-1] [INFO] [1790046802.115818679] [robot1.nav2_container]: Load Library: /opt/ros/humble/lib/libplanner_server_core.so
[component_container_isolated-1] [INFO] [1790046802.121941278] [robot1.nav2_container]: Found class: rclcpp_components::NodeFactoryTemplate<nav2_planner::PlannerServer>
[component_container_isolated-1] [INFO] [1790046802.121951928] [robot1.nav2_container]: Instantiate class: rclcpp_components::NodeFactoryTemplate<nav2_planner::PlannerServer>
[component_container_isolated-1] [INFO] [1790046802.215216928] [robot1.planner_server]: 
[component_container_isolated-1] 	planner_server lifecycle node launched. 
[component_container_isolated-1] 	Waiting on external lifecycle transitions to activate
[component_container_isolated-1] 	See https://design.ros2.org/articles/node_lifecycle.html for more information.
[component_container_isolated-1] [INFO] [1790046802.215758806] [robot1.planner_server]: Creating
[component_container_isolated-1] [INFO] [1790046802.366333878] [robot1.global_costmap.global_costmap]: 
[component_container_isolated-1] 	global_costmap lifecycle node launched. 
[component_container_isolated-1] 	Waiting on external lifecycle transitions to activate
[component_container_isolated-1] 	See https://design.ros2.org/articles/node_lifecycle.html for more information.
[component_container_isolated-1] [INFO] [1790046802.366537083] [robot1.global_costmap.global_costmap]: Creating Costmap
[INFO] [launch_ros.actions.load_composable_nodes]: Loaded node '/robot1/planner_server' in container '/robot1/nav2_container'
[component_container_isolated-1] [INFO] [1790046802.387172301] [robot1.nav2_container]: Load Library: /opt/ros/humble/lib/libbehavior_server_core.so
[component_container_isolated-1] [INFO] [1790046802.416171451] [robot1.nav2_container]: Found class: rclcpp_components::NodeFactoryTemplate<behavior_server::BehaviorServer>
[component_container_isolated-1] [INFO] [1790046802.416186924] [robot1.nav2_container]: Instantiate class: rclcpp_components::NodeFactoryTemplate<behavior_server::BehaviorServer>
[component_container_isolated-1] [INFO] [1790046802.550063660] [robot1.behavior_server]: 
[component_container_isolated-1] 	behavior_server lifecycle node launched. 
[component_container_isolated-1] 	Waiting on external lifecycle transitions to activate
[component_container_isolated-1] 	See https://design.ros2.org/articles/node_lifecycle.html for more information.
[INFO] [launch_ros.actions.load_composable_nodes]: Loaded node '/robot1/behavior_server' in container '/robot1/nav2_container'
[component_container_isolated-1] [INFO] [1790046802.562051368] [robot1.nav2_container]: Load Library: /opt/ros/humble/lib/libbt_navigator_core.so
[component_container_isolated-1] [INFO] [1790046802.607534431] [robot1.nav2_container]: Found class: rclcpp_components::NodeFactoryTemplate<nav2_bt_navigator::BtNavigator>
[component_container_isolated-1] [INFO] [1790046802.607549305] [robot1.nav2_container]: Instantiate class: rclcpp_components::NodeFactoryTemplate<nav2_bt_navigator::BtNavigator>
[component_container_isolated-1] [INFO] [1790046802.769000195] [robot1.bt_navigator]: 
[component_container_isolated-1] 	bt_navigator lifecycle node launched. 
[component_container_isolated-1] 	Waiting on external lifecycle transitions to activate
[component_container_isolated-1] 	See https://design.ros2.org/articles/node_lifecycle.html for more information.
[component_container_isolated-1] [INFO] [1790046802.769033306] [robot1.bt_navigator]: Creating
[INFO] [launch_ros.actions.load_composable_nodes]: Loaded node '/robot1/bt_navigator' in container '/robot1/nav2_container'
[component_container_isolated-1] [INFO] [1790046802.770680253] [robot1.nav2_container]: Load Library: /opt/ros/humble/lib/libwaypoint_follower_core.so
[component_container_isolated-1] [INFO] [1790046802.785899824] [robot1.nav2_container]: Found class: rclcpp_components::NodeFactoryTemplate<nav2_waypoint_follower::WaypointFollower>
[component_container_isolated-1] [INFO] [1790046802.785915028] [robot1.nav2_container]: Instantiate class: rclcpp_components::NodeFactoryTemplate<nav2_waypoint_follower::WaypointFollower>
[component_container_isolated-1] [INFO] [1790046802.980642178] [robot1.waypoint_follower]: 
[component_container_isolated-1] 	waypoint_follower lifecycle node launched. 
[component_container_isolated-1] 	Waiting on external lifecycle transitions to activate
[component_container_isolated-1] 	See https://design.ros2.org/articles/node_lifecycle.html for more information.
[component_container_isolated-1] [INFO] [1790046802.981602467] [robot1.waypoint_follower]: Creating
[INFO] [launch_ros.actions.load_composable_nodes]: Loaded node '/robot1/waypoint_follower' in container '/robot1/nav2_container'
[component_container_isolated-1] [INFO] [1790046802.983235029] [robot1.nav2_container]: Load Library: /opt/ros/humble/lib/libvelocity_smoother_core.so
[component_container_isolated-1] [INFO] [1790046803.003397348] [robot1.nav2_container]: Found class: rclcpp_components::NodeFactoryTemplate<nav2_velocity_smoother::VelocitySmoother>
[component_container_isolated-1] [INFO] [1790046803.003415780] [robot1.nav2_container]: Instantiate class: rclcpp_components::NodeFactoryTemplate<nav2_velocity_smoother::VelocitySmoother>
[component_container_isolated-1] [INFO] [1790046803.214893301] [robot1.velocity_smoother]: 
[INFO] [launch_ros.actions.load_composable_nodes]: Loaded node '/robot1/velocity_smoother' in container '/robot1/nav2_container'
[component_container_isolated-1] 	velocity_smoother lifecycle node launched. 
[component_container_isolated-1] 	Waiting on external lifecycle transitions to activate
[component_container_isolated-1] 	See https://design.ros2.org/articles/node_lifecycle.html for more information.
[component_container_isolated-1] [INFO] [1790046803.232070679] [robot1.nav2_container]: Load Library: /opt/ros/humble/lib/libnav2_lifecycle_manager_core.so
[component_container_isolated-1] [INFO] [1790046803.239678875] [robot1.nav2_container]: Found class: rclcpp_components::NodeFactoryTemplate<nav2_lifecycle_manager::LifecycleManager>
[component_container_isolated-1] [INFO] [1790046803.239689560] [robot1.nav2_container]: Instantiate class: rclcpp_components::NodeFactoryTemplate<nav2_lifecycle_manager::LifecycleManager>
[component_container_isolated-1] [INFO] [1790046803.403614039] [robot1.lifecycle_manager_navigation]: Creating
[component_container_isolated-1] [INFO] [1790046803.434109582] [robot1.lifecycle_manager_navigation]: [34m[1mCreating and initializing lifecycle service clients[0m[0m
[INFO] [launch_ros.actions.load_composable_nodes]: Loaded node '/robot1/lifecycle_manager_navigation' in container '/robot1/nav2_container'
[INFO] [nav2_startup-2]: process started with pid [25317]
[nav2_startup-2] waiting for service to become available...
[nav2_startup-2] requester: making request: nav2_msgs.srv.ManageLifecycleNodes_Request(command=0)
[nav2_startup-2] 
[component_container_isolated-1] [INFO] [1790046821.474262039] [robot1.lifecycle_manager_navigation]: [34m[1mStarting managed nodes bringup...[0m[0m
[component_container_isolated-1] [INFO] [1790046821.474337276] [robot1.lifecycle_manager_navigation]: [34m[1mConfiguring controller_server[0m[0m
[component_container_isolated-1] [INFO] [1790046821.474719264] [robot1.controller_server]: Configuring controller interface
[component_container_isolated-1] [INFO] [1790046821.474834999] [robot1.controller_server]: getting goal checker plugins..
[component_container_isolated-1] [INFO] [1790046821.474864688] [robot1.controller_server]: Controller frequency set to 20.0000Hz
[component_container_isolated-1] [INFO] [1790046821.474878603] [robot1.local_costmap.local_costmap]: Configuring
[component_container_isolated-1] [INFO] [1790046821.550628070] [robot1.local_costmap.local_costmap]: Using plugin "static_layer"
[component_container_isolated-1] [INFO] [1790046821.579571181] [robot1.local_costmap.local_costmap]: Subscribing to the map topic (/robot1/map) with transient local durability
[component_container_isolated-1] [INFO] [1790046821.581864212] [robot1.local_costmap.local_costmap]: Initialized plugin "static_layer"
[component_container_isolated-1] [INFO] [1790046821.581874985] [robot1.local_costmap.local_costmap]: Using plugin "voxel_layer"
[component_container_isolated-1] [INFO] [1790046821.582258161] [robot1.local_costmap.local_costmap]: Subscribed to Topics: scan
[component_container_isolated-1] [INFO] [1790046821.649375434] [robot1.local_costmap.local_costmap]: Initialized plugin "voxel_layer"
[component_container_isolated-1] [INFO] [1790046821.649390185] [robot1.local_costmap.local_costmap]: Using plugin "inflation_layer"
[component_container_isolated-1] [INFO] [1790046821.649591725] [robot1.local_costmap.local_costmap]: Initialized plugin "inflation_layer"
[component_container_isolated-1] [INFO] [1790046821.804998022] [robot1.local_costmap.local_costmap]: StaticLayer: Resizing static layer to 136 X 282 at 0.050000 m/pix
[component_container_isolated-1] [INFO] [1790046821.805465661] [robot1.controller_server]: Created progress_checker : progress_checker of type nav2_controller::SimpleProgressChecker
[component_container_isolated-1] [INFO] [1790046821.806388983] [robot1.controller_server]: Created goal checker : general_goal_checker of type nav2_controller::SimpleGoalChecker
[component_container_isolated-1] [INFO] [1790046821.806484312] [robot1.controller_server]: Controller Server has general_goal_checker  goal checkers available.
[component_container_isolated-1] [INFO] [1790046821.867889134] [robot1.controller_server]: Created controller : FollowPath of type dwb_core::DWBLocalPlanner
[component_container_isolated-1] [INFO] [1790046821.868561179] [robot1.controller_server]: Setting transform_tolerance to 0.200000
[component_container_isolated-1] [INFO] [1790046821.980989219] [robot1.controller_server]: Using critic "RotateToGoal" (dwb_critics::RotateToGoalCritic)
[component_container_isolated-1] [INFO] [1790046821.981145886] [robot1.controller_server]: Critic plugin initialized
[component_container_isolated-1] [INFO] [1790046821.981199042] [robot1.controller_server]: Using critic "Oscillation" (dwb_critics::OscillationCritic)
[component_container_isolated-1] [INFO] [1790046821.981316885] [robot1.controller_server]: Critic plugin initialized
[component_container_isolated-1] [INFO] [1790046821.981348263] [robot1.controller_server]: Using critic "BaseObstacle" (dwb_critics::BaseObstacleCritic)
[component_container_isolated-1] [INFO] [1790046821.981421891] [robot1.controller_server]: Critic plugin initialized
[component_container_isolated-1] [INFO] [1790046821.981454815] [robot1.controller_server]: Using critic "GoalAlign" (dwb_critics::GoalAlignCritic)
[component_container_isolated-1] [INFO] [1790046821.981555169] [robot1.controller_server]: Critic plugin initialized
[component_container_isolated-1] [INFO] [1790046821.981584785] [robot1.controller_server]: Using critic "PathAlign" (dwb_critics::PathAlignCritic)
[component_container_isolated-1] [INFO] [1790046821.981671960] [robot1.controller_server]: Critic plugin initialized
[component_container_isolated-1] [INFO] [1790046821.981703637] [robot1.controller_server]: Using critic "PathDist" (dwb_critics::PathDistCritic)
[component_container_isolated-1] [INFO] [1790046821.981767395] [robot1.controller_server]: Critic plugin initialized
[component_container_isolated-1] [INFO] [1790046821.981798435] [robot1.controller_server]: Using critic "GoalDist" (dwb_critics::GoalDistCritic)
[component_container_isolated-1] [INFO] [1790046821.981860891] [robot1.controller_server]: Critic plugin initialized
[component_container_isolated-1] [INFO] [1790046821.981867589] [robot1.controller_server]: Controller Server has FollowPath  controllers available.
[component_container_isolated-1] [INFO] [1790046822.111749733] [robot1.lifecycle_manager_navigation]: [34m[1mConfiguring smoother_server[0m[0m
[component_container_isolated-1] [INFO] [1790046822.112009064] [robot1.smoother_server]: Configuring smoother server
[component_container_isolated-1] [INFO] [1790046822.244344144] [robot1.smoother_server]: Created smoother : simple_smoother of type nav2_smoother::SimpleSmoother
[component_container_isolated-1] [INFO] [1790046822.244531963] [robot1.smoother_server]: Smoother Server has simple_smoother  smoothers available.
[component_container_isolated-1] [INFO] [1790046822.375294299] [robot1.lifecycle_manager_navigation]: [34m[1mConfiguring planner_server[0m[0m
[component_container_isolated-1] [INFO] [1790046822.375380560] [robot1.planner_server]: Configuring
[component_container_isolated-1] [INFO] [1790046822.375444471] [robot1.global_costmap.global_costmap]: Configuring
[component_container_isolated-1] [INFO] [1790046822.469409896] [robot1.global_costmap.global_costmap]: Using plugin "static_layer"
[component_container_isolated-1] [INFO] [1790046822.469741134] [robot1.global_costmap.global_costmap]: Subscribing to the map topic (/robot1/map) with transient local durability
[component_container_isolated-1] [INFO] [1790046822.511639424] [robot1.global_costmap.global_costmap]: Initialized plugin "static_layer"
[component_container_isolated-1] [INFO] [1790046822.511655891] [robot1.global_costmap.global_costmap]: Using plugin "obstacle_layer"
[component_container_isolated-1] [INFO] [1790046822.511935644] [robot1.global_costmap.global_costmap]: Subscribed to Topics: scan
[component_container_isolated-1] [INFO] [1790046822.555300518] [robot1.global_costmap.global_costmap]: Initialized plugin "obstacle_layer"
[component_container_isolated-1] [INFO] [1790046822.555319486] [robot1.global_costmap.global_costmap]: Using plugin "inflation_layer"
[component_container_isolated-1] [INFO] [1790046822.555609974] [robot1.global_costmap.global_costmap]: Initialized plugin "inflation_layer"
[component_container_isolated-1] [INFO] [1790046822.726301046] [robot1.global_costmap.global_costmap]: StaticLayer: Resizing costmap to 136 X 282 at 0.050000 m/pix
[component_container_isolated-1] [INFO] [1790046822.754269718] [robot1.planner_server]: Created global planner plugin GridBased of type nav2_navfn_planner/NavfnPlanner
[component_container_isolated-1] [INFO] [1790046822.754293200] [robot1.planner_server]: Configuring plugin GridBased of type NavfnPlanner
[component_container_isolated-1] [INFO] [1790046822.754503628] [robot1.planner_server]: Planner Server has GridBased  planners available.
[component_container_isolated-1] [INFO] [1790046822.972492091] [robot1.lifecycle_manager_navigation]: [34m[1mConfiguring behavior_server[0m[0m
[component_container_isolated-1] [INFO] [1790046822.972574496] [robot1.behavior_server]: Configuring
[component_container_isolated-1] [INFO] [1790046823.113943751] [robot1.behavior_server]: Creating behavior plugin spin of type nav2_behaviors/Spin
[component_container_isolated-1] [INFO] [1790046823.293745628] [robot1.behavior_server]: Configuring spin
[component_container_isolated-1] [INFO] [1790046823.421229902] [robot1.behavior_server]: Creating behavior plugin backup of type nav2_behaviors/BackUp
[component_container_isolated-1] [INFO] [1790046823.447101745] [robot1.behavior_server]: Configuring backup
[component_container_isolated-1] [INFO] [1790046823.562688582] [robot1.behavior_server]: Creating behavior plugin drive_on_heading of type nav2_behaviors/DriveOnHeading
[component_container_isolated-1] [INFO] [1790046823.579164569] [robot1.behavior_server]: Configuring drive_on_heading
[component_container_isolated-1] [INFO] [1790046823.715502343] [robot1.behavior_server]: Creating behavior plugin assisted_teleop of type nav2_behaviors/AssistedTeleop
[component_container_isolated-1] [INFO] [1790046823.718913193] [robot1.behavior_server]: Configuring assisted_teleop
[component_container_isolated-1] [INFO] [1790046823.899742026] [robot1.behavior_server]: Creating behavior plugin wait of type nav2_behaviors/Wait
[component_container_isolated-1] [INFO] [1790046823.912733593] [robot1.behavior_server]: Configuring wait
[component_container_isolated-1] [INFO] [1790046824.037422012] [robot1.lifecycle_manager_navigation]: [34m[1mConfiguring bt_navigator[0m[0m
[component_container_isolated-1] [INFO] [1790046824.037580066] [robot1.bt_navigator]: Configuring
[component_container_isolated-1] [INFO] [1790046826.683044744] [robot1.lifecycle_manager_navigation]: [34m[1mConfiguring waypoint_follower[0m[0m
[component_container_isolated-1] [INFO] [1790046826.683155356] [robot1.waypoint_follower]: Configuring
[component_container_isolated-1] [INFO] [1790046827.062124131] [robot1.waypoint_follower]: Created waypoint_task_executor : wait_at_waypoint of type nav2_waypoint_follower::WaitAtWaypoint
[component_container_isolated-1] [INFO] [1790046827.062558128] [robot1.lifecycle_manager_navigation]: [34m[1mConfiguring velocity_smoother[0m[0m
[component_container_isolated-1] [INFO] [1790046827.062747776] [robot1.velocity_smoother]: Configuring velocity smoother
[component_container_isolated-1] [INFO] [1790046827.107813776] [robot1.lifecycle_manager_navigation]: [34m[1mActivating controller_server[0m[0m
[component_container_isolated-1] [INFO] [1790046827.107952582] [robot1.controller_server]: Activating
[component_container_isolated-1] [INFO] [1790046827.107994450] [robot1.local_costmap.local_costmap]: Activating
[component_container_isolated-1] [INFO] [1790046827.108009695] [robot1.local_costmap.local_costmap]: Checking transform
[component_container_isolated-1] [INFO] [1790046827.108106076] [robot1.local_costmap.local_costmap]: start
[component_container_isolated-1] [INFO] [1790046827.352169182] [robot1.controller_server]: Creating bond (controller_server) to lifecycle manager.
[component_container_isolated-1] [INFO] [1790046827.583313813] [robot1.lifecycle_manager_navigation]: Server controller_server connected with bond.
[component_container_isolated-1] [INFO] [1790046827.583358007] [robot1.lifecycle_manager_navigation]: [34m[1mActivating smoother_server[0m[0m
[component_container_isolated-1] [INFO] [1790046827.583673868] [robot1.smoother_server]: Activating
[component_container_isolated-1] [INFO] [1790046827.583694341] [robot1.smoother_server]: Creating bond (smoother_server) to lifecycle manager.
[component_container_isolated-1] [INFO] [1790046827.740502496] [robot1.lifecycle_manager_navigation]: Server smoother_server connected with bond.
[component_container_isolated-1] [INFO] [1790046827.740600635] [robot1.lifecycle_manager_navigation]: [34m[1mActivating planner_server[0m[0m
[component_container_isolated-1] [INFO] [1790046827.740946729] [robot1.planner_server]: Activating
[component_container_isolated-1] [INFO] [1790046827.740993259] [robot1.global_costmap.global_costmap]: Activating
[component_container_isolated-1] [INFO] [1790046827.741004693] [robot1.global_costmap.global_costmap]: Checking transform
[component_container_isolated-1] [INFO] [1790046827.741093171] [robot1.global_costmap.global_costmap]: start
[component_container_isolated-1] [INFO] [1790046828.760872221] [robot1.planner_server]: Activating plugin GridBased of type NavfnPlanner
[component_container_isolated-1] [INFO] [1790046828.779625512] [robot1.planner_server]: Creating bond (planner_server) to lifecycle manager.
[component_container_isolated-1] [INFO] [1790046828.955793877] [robot1.lifecycle_manager_navigation]: Server planner_server connected with bond.
[component_container_isolated-1] [INFO] [1790046828.955897364] [robot1.lifecycle_manager_navigation]: [34m[1mActivating behavior_server[0m[0m
[component_container_isolated-1] [INFO] [1790046828.956198125] [robot1.behavior_server]: Activating
[component_container_isolated-1] [INFO] [1790046828.956227552] [robot1.behavior_server]: Activating spin
[component_container_isolated-1] [INFO] [1790046828.956247146] [robot1.behavior_server]: Activating backup
[component_container_isolated-1] [INFO] [1790046828.956257023] [robot1.behavior_server]: Activating drive_on_heading
[component_container_isolated-1] [INFO] [1790046828.956267043] [robot1.behavior_server]: Activating assisted_teleop
[component_container_isolated-1] [INFO] [1790046828.956276572] [robot1.behavior_server]: Activating wait
[component_container_isolated-1] [INFO] [1790046828.956288868] [robot1.behavior_server]: Creating bond (behavior_server) to lifecycle manager.
[component_container_isolated-1] [INFO] [1790046829.122043710] [robot1.lifecycle_manager_navigation]: Server behavior_server connected with bond.
[component_container_isolated-1] [INFO] [1790046829.122075771] [robot1.lifecycle_manager_navigation]: [34m[1mActivating bt_navigator[0m[0m
[component_container_isolated-1] [INFO] [1790046829.122269952] [robot1.bt_navigator]: Activating
[component_container_isolated-1] [INFO] [1790046831.676067201] [robot1.bt_navigator]: Creating bond (bt_navigator) to lifecycle manager.
[component_container_isolated-1] [INFO] [1790046831.870935977] [robot1.lifecycle_manager_navigation]: Server bt_navigator connected with bond.
[component_container_isolated-1] [INFO] [1790046831.870961939] [robot1.lifecycle_manager_navigation]: [34m[1mActivating waypoint_follower[0m[0m
[component_container_isolated-1] [INFO] [1790046831.871319779] [robot1.waypoint_follower]: Activating
[component_container_isolated-1] [INFO] [1790046831.871358074] [robot1.waypoint_follower]: Creating bond (waypoint_follower) to lifecycle manager.
[component_container_isolated-1] [INFO] [1790046832.043346596] [robot1.lifecycle_manager_navigation]: Server waypoint_follower connected with bond.
[component_container_isolated-1] [INFO] [1790046832.043423317] [robot1.lifecycle_manager_navigation]: [34m[1mActivating velocity_smoother[0m[0m
[component_container_isolated-1] [INFO] [1790046832.043656803] [robot1.velocity_smoother]: Activating
[component_container_isolated-1] [INFO] [1790046832.043686143] [robot1.velocity_smoother]: Creating bond (velocity_smoother) to lifecycle manager.
[component_container_isolated-1] [INFO] [1790046832.225923991] [robot1.lifecycle_manager_navigation]: Server velocity_smoother connected with bond.
[component_container_isolated-1] [INFO] [1790046832.225954831] [robot1.lifecycle_manager_navigation]: [34m[1mManaged nodes are active[0m[0m
[component_container_isolated-1] [INFO] [1790046832.225968446] [robot1.lifecycle_manager_navigation]: [34m[1mCreating bond timer...[0m[0m
[nav2_startup-2] response:
[nav2_startup-2] nav2_msgs.srv.ManageLifecycleNodes_Response(success=True)
[nav2_startup-2] 
[INFO] [nav2_startup-2]: process has finished cleanly [pid 25317]
[component_container_isolated-1] [INFO] [1790046875.662849879] [robot1.local_costmap.local_costmap]: Message Filter dropping message: frame 'rplidar_link' at time 1790046875.233 for reason 'the timestamp on the message is earlier than all the data in the transform cache'
[component_container_isolated-1] [INFO] [1790047049.690271423] [robot1.local_costmap.local_costmap]: Message Filter dropping message: frame 'rplidar_link' at time 1790047043.923 for reason 'the timestamp on the message is earlier than all the data in the transform cache'
[component_container_isolated-1] [INFO] [1790047064.730054548] [robot1.local_costmap.local_costmap]: Message Filter dropping message: frame 'rplidar_link' at time 1790047061.857 for reason 'the timestamp on the message is earlier than all the data in the transform cache'
[component_container_isolated-1] [INFO] [1790047074.732827420] [robot1.local_costmap.local_costmap]: Message Filter dropping message: frame 'rplidar_link' at time 1790047069.857 for reason 'the timestamp on the message is earlier than all the data in the transform cache'
[component_container_isolated-1] [INFO] [1790047076.908333763] [robot1.local_costmap.local_costmap]: StaticLayer: Resizing static layer to 165 X 292 at 0.050000 m/pix
[component_container_isolated-1] [INFO] [1790047077.741301432] [robot1.global_costmap.global_costmap]: StaticLayer: Resizing costmap to 165 X 292 at 0.050000 m/pix
[component_container_isolated-1] [INFO] [1790047079.153194523] [robot1.local_costmap.local_costmap]: Message Filter dropping message: frame 'rplidar_link' at time 1790047073.965 for reason 'the timestamp on the message is earlier than all the data in the transform cache'
[component_container_isolated-1] [INFO] [1790047085.626769442] [robot1.local_costmap.local_costmap]: Message Filter dropping message: frame 'rplidar_link' at time 1790047083.422 for reason 'the timestamp on the message is earlier than all the data in the transform cache'
[component_container_isolated-1] [INFO] [1790047090.885717962] [robot1.local_costmap.local_costmap]: Message Filter dropping message: frame 'rplidar_link' at time 1790047087.207 for reason 'the timestamp on the message is earlier than all the data in the transform cache'
[component_container_isolated-1] [INFO] [1790047093.649561466] [robot1.local_costmap.local_costmap]: Message Filter dropping message: frame 'rplidar_link' at time 1790047090.343 for reason 'the timestamp on the message is earlier than all the data in the transform cache'
[component_container_isolated-1] [INFO] [1790047093.649561451] [robot1.global_costmap.global_costmap]: Message Filter dropping message: frame 'rplidar_link' at time 1790047090.343 for reason 'the timestamp on the message is earlier than all the data in the transform cache'
[component_container_isolated-1] [INFO] [1790047101.073516693] [robot1.local_costmap.local_costmap]: Message Filter dropping message: frame 'rplidar_link' at time 1790047096.703 for reason 'the timestamp on the message is earlier than all the data in the transform cache'
[component_container_isolated-1] [INFO] [1790047101.073516719] [robot1.global_costmap.global_costmap]: Message Filter dropping message: frame 'rplidar_link' at time 1790047096.703 for reason 'the timestamp on the message is earlier than all the data in the transform cache'
[component_container_isolated-1] [INFO] [1790049846.927257835] [robot1.global_costmap.global_costmap]: Message Filter dropping message: frame 'rplidar_link' at time 1790049845.869 for reason 'the timestamp on the message is earlier than all the data in the transform cache'
[component_container_isolated-1] [INFO] [1790049847.678102368] [robot1.bt_navigator]: Begin navigating from current location (-0.13, 0.02) to (-1.04, -0.78)
[component_container_isolated-1] [INFO] [1790049847.698629572] [robot1.controller_server]: Received a goal, begin computing control effort.
[component_container_isolated-1] [WARN] [1790049847.698674028] [robot1.controller_server]: No goal checker was specified in parameter 'current_goal_checker'. Server will use only plugin loaded general_goal_checker . This warning will appear once.
[component_container_isolated-1] [INFO] [1790049848.748841855] [robot1.controller_server]: Passing new path to controller.
[component_container_isolated-1] [INFO] [1790049849.798932220] [robot1.controller_server]: Passing new path to controller.
[component_container_isolated-1] [INFO] [1790049850.798836003] [robot1.controller_server]: Passing new path to controller.
[component_container_isolated-1] [ERROR] [1790049850.801029647] [tf_help]: Transform data too old when converting from map to odom
[component_container_isolated-1] [ERROR] [1790049850.801048426] [tf_help]: Data time: 1790049850s 768670460ns, Transform time: 1790049849s 826472553ns
[component_container_isolated-1] [ERROR] [1790049850.850278413] [tf_help]: Transform data too old when converting from map to odom
[component_container_isolated-1] [ERROR] [1790049850.850307854] [tf_help]: Data time: 1790049850s 768670460ns, Transform time: 1790049849s 826472553ns
[component_container_isolated-1] [ERROR] [1790049850.901033602] [tf_help]: Transform data too old when converting from map to odom
[component_container_isolated-1] [ERROR] [1790049850.901062076] [tf_help]: Data time: 1790049850s 768670460ns, Transform time: 1790049849s 826472553ns
[component_container_isolated-1] [ERROR] [1790049850.950326520] [tf_help]: Transform data too old when converting from map to odom
[component_container_isolated-1] [ERROR] [1790049850.950350303] [tf_help]: Data time: 1790049850s 768670460ns, Transform time: 1790049849s 826472553ns
[component_container_isolated-1] [ERROR] [1790049851.000192627] [tf_help]: Transform data too old when converting from map to odom
[component_container_isolated-1] [ERROR] [1790049851.000219950] [tf_help]: Data time: 1790049850s 768670460ns, Transform time: 1790049849s 826472553ns
[component_container_isolated-1] [ERROR] [1790049851.050285540] [tf_help]: Transform data too old when converting from map to odom
[component_container_isolated-1] [ERROR] [1790049851.050310182] [tf_help]: Data time: 1790049850s 768670460ns, Transform time: 1790049849s 826472553ns
[component_container_isolated-1] [ERROR] [1790049851.100223207] [tf_help]: Transform data too old when converting from map to odom
[component_container_isolated-1] [ERROR] [1790049851.100249914] [tf_help]: Data time: 1790049850s 768670460ns, Transform time: 1790049849s 826472553ns
[component_container_isolated-1] [ERROR] [1790049851.150191022] [tf_help]: Transform data too old when converting from map to odom
[component_container_isolated-1] [ERROR] [1790049851.150217318] [tf_help]: Data time: 1790049850s 768670460ns, Transform time: 1790049849s 826472553ns
[component_container_isolated-1] [ERROR] [1790049851.200195746] [tf_help]: Transform data too old when converting from map to odom
[component_container_isolated-1] [ERROR] [1790049851.200223880] [tf_help]: Data time: 1790049850s 768670460ns, Transform time: 1790049849s 826472553ns
[component_container_isolated-1] [ERROR] [1790049851.250206152] [tf_help]: Transform data too old when converting from map to odom
[component_container_isolated-1] [ERROR] [1790049851.250229588] [tf_help]: Data time: 1790049850s 768670460ns, Transform time: 1790049849s 826472553ns
[component_container_isolated-1] [ERROR] [1790049851.300203475] [tf_help]: Transform data too old when converting from map to odom
[component_container_isolated-1] [ERROR] [1790049851.300229022] [tf_help]: Data time: 1790049850s 768670460ns, Transform time: 1790049849s 826472553ns
[component_container_isolated-1] [ERROR] [1790049851.350404663] [tf_help]: Transform data too old when converting from map to odom
[component_container_isolated-1] [ERROR] [1790049851.350431877] [tf_help]: Data time: 1790049850s 768670460ns, Transform time: 1790049849s 826472553ns
[component_container_isolated-1] [ERROR] [1790049851.400196921] [tf_help]: Transform data too old when converting from map to odom
[component_container_isolated-1] [ERROR] [1790049851.400225165] [tf_help]: Data time: 1790049850s 768670460ns, Transform time: 1790049849s 826472553ns
[component_container_isolated-1] [ERROR] [1790049851.450231503] [tf_help]: Transform data too old when converting from map to odom
[component_container_isolated-1] [ERROR] [1790049851.450266560] [tf_help]: Data time: 1790049850s 768670460ns, Transform time: 1790049849s 826472553ns
[component_container_isolated-1] [ERROR] [1790049851.500370356] [tf_help]: Transform data too old when converting from map to odom
[component_container_isolated-1] [ERROR] [1790049851.500398523] [tf_help]: Data time: 1790049850s 768670460ns, Transform time: 1790049849s 826472553ns
[component_container_isolated-1] [ERROR] [1790049851.550238428] [tf_help]: Transform data too old when converting from map to odom
[component_container_isolated-1] [ERROR] [1790049851.550262910] [tf_help]: Data time: 1790049850s 768670460ns, Transform time: 1790049849s 826472553ns
[component_container_isolated-1] [ERROR] [1790049851.600267350] [tf_help]: Transform data too old when converting from map to odom
[component_container_isolated-1] [ERROR] [1790049851.600292329] [tf_help]: Data time: 1790049850s 768670460ns, Transform time: 1790049849s 826472553ns
[component_container_isolated-1] [ERROR] [1790049851.650285305] [tf_help]: Transform data too old when converting from map to odom
[component_container_isolated-1] [ERROR] [1790049851.650311431] [tf_help]: Data time: 1790049850s 768670460ns, Transform time: 1790049849s 826472553ns
[component_container_isolated-1] [ERROR] [1790049851.700208253] [tf_help]: Transform data too old when converting from map to odom
[component_container_isolated-1] [ERROR] [1790049851.700229305] [tf_help]: Data time: 1790049850s 768670460ns, Transform time: 1790049849s 826472553ns
[component_container_isolated-1] [ERROR] [1790049851.750190914] [tf_help]: Transform data too old when converting from map to odom
[component_container_isolated-1] [ERROR] [1790049851.750214068] [tf_help]: Data time: 1790049850s 768670460ns, Transform time: 1790049849s 826472553ns
[component_container_isolated-1] [ERROR] [1790049851.800231493] [tf_help]: Transform data too old when converting from map to odom
[component_container_isolated-1] [ERROR] [1790049851.800256932] [tf_help]: Data time: 1790049850s 768670460ns, Transform time: 1790049849s 826472553ns
[component_container_isolated-1] [INFO] [1790049851.848841495] [robot1.controller_server]: Passing new path to controller.
[component_container_isolated-1] [ERROR] [1790049851.850304895] [tf_help]: Transform data too old when converting from map to odom
[component_container_isolated-1] [ERROR] [1790049851.850319824] [tf_help]: Data time: 1790049851s 798657260ns, Transform time: 1790049849s 826472553ns
[component_container_isolated-1] [ERROR] [1790049851.900215237] [tf_help]: Transform data too old when converting from map to odom
[component_container_isolated-1] [ERROR] [1790049851.900240770] [tf_help]: Data time: 1790049851s 798657260ns, Transform time: 1790049849s 826472553ns
[component_container_isolated-1] [ERROR] [1790049851.950237693] [tf_help]: Transform data too old when converting from map to odom
[component_container_isolated-1] [ERROR] [1790049851.950259549] [tf_help]: Data time: 1790049851s 798657260ns, Transform time: 1790049849s 826472553ns
[component_container_isolated-1] [ERROR] [1790049852.000340283] [tf_help]: Transform data too old when converting from map to odom
[component_container_isolated-1] [ERROR] [1790049852.000369106] [tf_help]: Data time: 1790049851s 798657260ns, Transform time: 1790049849s 826472553ns
[component_container_isolated-1] [ERROR] [1790049852.050209814] [tf_help]: Transform data too old when converting from map to odom
[component_container_isolated-1] [ERROR] [1790049852.050233725] [tf_help]: Data time: 1790049851s 798657260ns, Transform time: 1790049849s 826472553ns
[component_container_isolated-1] [ERROR] [1790049852.100194691] [tf_help]: Transform data too old when converting from map to odom
[component_container_isolated-1] [ERROR] [1790049852.100219106] [tf_help]: Data time: 1790049851s 798657260ns, Transform time: 1790049849s 826472553ns
[component_container_isolated-1] [ERROR] [1790049852.150364660] [tf_help]: Transform data too old when converting from map to odom
[component_container_isolated-1] [ERROR] [1790049852.150414110] [tf_help]: Data time: 1790049851s 798657260ns, Transform time: 1790049849s 826472553ns
[component_container_isolated-1] [ERROR] [1790049852.200237726] [tf_help]: Transform data too old when converting from map to odom
[component_container_isolated-1] [ERROR] [1790049852.200262686] [tf_help]: Data time: 1790049851s 798657260ns, Transform time: 1790049849s 826472553ns
[component_container_isolated-1] [ERROR] [1790049852.250282981] [tf_help]: Transform data too old when converting from map to odom
[component_container_isolated-1] [ERROR] [1790049852.250306653] [tf_help]: Data time: 1790049851s 798657260ns, Transform time: 1790049849s 826472553ns
[component_container_isolated-1] [ERROR] [1790049852.300366275] [tf_help]: Transform data too old when converting from map to odom
[component_container_isolated-1] [ERROR] [1790049852.300392349] [tf_help]: Data time: 1790049851s 798657260ns, Transform time: 1790049849s 826472553ns
[component_container_isolated-1] [ERROR] [1790049852.350228670] [tf_help]: Transform data too old when converting from map to odom
[component_container_isolated-1] [ERROR] [1790049852.350251797] [tf_help]: Data time: 1790049851s 798657260ns, Transform time: 1790049849s 826472553ns
[component_container_isolated-1] [ERROR] [1790049852.400161941] [tf_help]: Transform data too old when converting from map to odom
[component_container_isolated-1] [ERROR] [1790049852.400185516] [tf_help]: Data time: 1790049851s 798657260ns, Transform time: 1790049849s 826472553ns
[component_container_isolated-1] [ERROR] [1790049852.450254168] [tf_help]: Transform data too old when converting from map to odom
[component_container_isolated-1] [ERROR] [1790049852.450284426] [tf_help]: Data time: 1790049851s 798657260ns, Transform time: 1790049849s 826472553ns
[component_container_isolated-1] [ERROR] [1790049852.500183238] [tf_help]: Transform data too old when converting from map to odom
[component_container_isolated-1] [ERROR] [1790049852.500210188] [tf_help]: Data time: 1790049851s 798657260ns, Transform time: 1790049849s 826472553ns
[component_container_isolated-1] [ERROR] [1790049852.550354596] [tf_help]: Transform data too old when converting from map to odom
[component_container_isolated-1] [ERROR] [1790049852.550380680] [tf_help]: Data time: 1790049851s 798657260ns, Transform time: 1790049849s 826472553ns
[component_container_isolated-1] [ERROR] [1790049852.600251331] [tf_help]: Transform data too old when converting from map to odom
[component_container_isolated-1] [ERROR] [1790049852.600276198] [tf_help]: Data time: 1790049851s 798657260ns, Transform time: 1790049849s 826472553ns
[component_container_isolated-1] [ERROR] [1790049852.650308570] [tf_help]: Transform data too old when converting from map to odom
[component_container_isolated-1] [ERROR] [1790049852.650336480] [tf_help]: Data time: 1790049851s 798657260ns, Transform time: 1790049849s 826472553ns
[component_container_isolated-1] [INFO] [1790049852.688415258] [robot1.bt_navigator]: Received goal preemption request
[component_container_isolated-1] [INFO] [1790049852.688526824] [robot1.bt_navigator]: Begin navigating from current location (-0.27, -0.12) to (-1.28, -1.23)
[component_container_isolated-1] [ERROR] [1790049852.700193309] [tf_help]: Transform data too old when converting from map to odom
[component_container_isolated-1] [ERROR] [1790049852.700209346] [tf_help]: Data time: 1790049851s 798657260ns, Transform time: 1790049849s 826472553ns
[component_container_isolated-1] [ERROR] [1790049852.750201516] [tf_help]: Transform data too old when converting from map to odom
[component_container_isolated-1] [ERROR] [1790049852.750225741] [tf_help]: Data time: 1790049851s 798657260ns, Transform time: 1790049849s 826472553ns
[component_container_isolated-1] [ERROR] [1790049852.800157531] [tf_help]: Transform data too old when converting from map to odom
[component_container_isolated-1] [ERROR] [1790049852.800178812] [tf_help]: Data time: 1790049851s 798657260ns, Transform time: 1790049849s 826472553ns
[component_container_isolated-1] [INFO] [1790049852.848842577] [robot1.controller_server]: Passing new path to controller.
[component_container_isolated-1] [ERROR] [1790049852.850323168] [tf_help]: Transform data too old when converting from map to odom
[component_container_isolated-1] [ERROR] [1790049852.850342763] [tf_help]: Data time: 1790049852s 828643886ns, Transform time: 1790049849s 826472553ns
[component_container_isolated-1] [ERROR] [1790049852.900295855] [tf_help]: Transform data too old when converting from map to odom
[component_container_isolated-1] [ERROR] [1790049852.900320179] [tf_help]: Data time: 1790049852s 828643886ns, Transform time: 1790049849s 826472553ns
[component_container_isolated-1] [ERROR] [1790049852.950281339] [tf_help]: Transform data too old when converting from map to odom
[component_container_isolated-1] [ERROR] [1790049852.950311079] [tf_help]: Data time: 1790049852s 828643886ns, Transform time: 1790049849s 826472553ns
[component_container_isolated-1] [ERROR] [1790049853.000282529] [tf_help]: Transform data too old when converting from map to odom
[component_container_isolated-1] [ERROR] [1790049853.000306935] [tf_help]: Data time: 1790049852s 828643886ns, Transform time: 1790049849s 826472553ns
[component_container_isolated-1] [ERROR] [1790049853.050292402] [tf_help]: Transform data too old when converting from map to odom
[component_container_isolated-1] [ERROR] [1790049853.050317216] [tf_help]: Data time: 1790049852s 828643886ns, Transform time: 1790049849s 826472553ns
[component_container_isolated-1] [ERROR] [1790049853.100183848] [tf_help]: Transform data too old when converting from map to odom
[component_container_isolated-1] [ERROR] [1790049853.100208318] [tf_help]: Data time: 1790049852s 828643886ns, Transform time: 1790049849s 826472553ns
[component_container_isolated-1] [ERROR] [1790049853.150230256] [tf_help]: Transform data too old when converting from map to odom
[component_container_isolated-1] [ERROR] [1790049853.150254814] [tf_help]: Data time: 1790049852s 828643886ns, Transform time: 1790049849s 826472553ns
[component_container_isolated-1] [ERROR] [1790049853.200283415] [tf_help]: Transform data too old when converting from map to odom
[component_container_isolated-1] [ERROR] [1790049853.200307794] [tf_help]: Data time: 1790049852s 828643886ns, Transform time: 1790049849s 826472553ns
[component_container_isolated-1] [ERROR] [1790049853.250249604] [tf_help]: Transform data too old when converting from map to odom
[component_container_isolated-1] [ERROR] [1790049853.250282534] [tf_help]: Data time: 1790049852s 828643886ns, Transform time: 1790049849s 826472553ns
[component_container_isolated-1] [ERROR] [1790049853.300239022] [tf_help]: Transform data too old when converting from map to odom
[component_container_isolated-1] [ERROR] [1790049853.300261282] [tf_help]: Data time: 1790049852s 828643886ns, Transform time: 1790049849s 826472553ns
[component_container_isolated-1] [ERROR] [1790049853.350247800] [tf_help]: Transform data too old when converting from map to odom
[component_container_isolated-1] [ERROR] [1790049853.350272068] [tf_help]: Data time: 1790049852s 828643886ns, Transform time: 1790049849s 826472553ns
[component_container_isolated-1] [ERROR] [1790049853.400252790] [tf_help]: Transform data too old when converting from map to odom
[component_container_isolated-1] [ERROR] [1790049853.400275945] [tf_help]: Data time: 1790049852s 828643886ns, Transform time: 1790049849s 826472553ns
[component_container_isolated-1] [ERROR] [1790049853.450232193] [tf_help]: Transform data too old when converting from map to odom
[component_container_isolated-1] [ERROR] [1790049853.450256681] [tf_help]: Data time: 1790049852s 828643886ns, Transform time: 1790049849s 826472553ns
[component_container_isolated-1] [ERROR] [1790049853.500266008] [tf_help]: Transform data too old when converting from map to odom
[component_container_isolated-1] [ERROR] [1790049853.500291150] [tf_help]: Data time: 1790049852s 828643886ns, Transform time: 1790049849s 826472553ns
[component_container_isolated-1] [ERROR] [1790049853.550299942] [tf_help]: Transform data too old when converting from map to odom
[component_container_isolated-1] [ERROR] [1790049853.550324520] [tf_help]: Data time: 1790049852s 828643886ns, Transform time: 1790049849s 826472553ns
[component_container_isolated-1] [ERROR] [1790049853.600268777] [tf_help]: Transform data too old when converting from map to odom
[component_container_isolated-1] [ERROR] [1790049853.600293225] [tf_help]: Data time: 1790049852s 828643886ns, Transform time: 1790049849s 826472553ns
[component_container_isolated-1] [ERROR] [1790049853.650252003] [tf_help]: Transform data too old when converting from map to odom
[component_container_isolated-1] [ERROR] [1790049853.650278005] [tf_help]: Data time: 1790049852s 828643886ns, Transform time: 1790049849s 826472553ns
[component_container_isolated-1] [INFO] [1790049853.688342530] [robot1.bt_navigator]: Received goal preemption request
[component_container_isolated-1] [INFO] [1790049853.688412374] [robot1.bt_navigator]: Begin navigating from current location (-0.27, -0.12) to (-0.93, -0.47)
[component_container_isolated-1] [ERROR] [1790049853.700215342] [tf_help]: Transform data too old when converting from map to odom
[component_container_isolated-1] [ERROR] [1790049853.700229080] [tf_help]: Data time: 1790049852s 828643886ns, Transform time: 1790049849s 826472553ns
[component_container_isolated-1] [ERROR] [1790049853.750222168] [tf_help]: Transform data too old when converting from map to odom
[component_container_isolated-1] [ERROR] [1790049853.750246995] [tf_help]: Data time: 1790049852s 828643886ns, Transform time: 1790049849s 826472553ns
[component_container_isolated-1] [ERROR] [1790049853.800217342] [tf_help]: Transform data too old when converting from map to odom
[component_container_isolated-1] [ERROR] [1790049853.800241571] [tf_help]: Data time: 1790049852s 828643886ns, Transform time: 1790049849s 826472553ns
[component_container_isolated-1] [ERROR] [1790049853.850227864] [tf_help]: Transform data too old when converting from map to odom
[component_container_isolated-1] [ERROR] [1790049853.850251739] [tf_help]: Data time: 1790049852s 828643886ns, Transform time: 1790049849s 826472553ns
[component_container_isolated-1] [INFO] [1790049853.898844375] [robot1.controller_server]: Passing new path to controller.
[component_container_isolated-1] [ERROR] [1790049853.900236599] [tf_help]: Transform data too old when converting from map to odom
[component_container_isolated-1] [ERROR] [1790049853.900251695] [tf_help]: Data time: 1790049853s 858654409ns, Transform time: 1790049849s 826472553ns
[component_container_isolated-1] [ERROR] [1790049853.950184501] [tf_help]: Transform data too old when converting from map to odom
[component_container_isolated-1] [ERROR] [1790049853.950208724] [tf_help]: Data time: 1790049853s 858654409ns, Transform time: 1790049849s 826472553ns
[component_container_isolated-1] [ERROR] [1790049854.000142969] [tf_help]: Transform data too old when converting from map to odom
[component_container_isolated-1] [ERROR] [1790049854.000167429] [tf_help]: Data time: 1790049853s 858654409ns, Transform time: 1790049849s 826472553ns
[component_container_isolated-1] [ERROR] [1790049854.050159562] [tf_help]: Transform data too old when converting from map to odom
[component_container_isolated-1] [ERROR] [1790049854.050184615] [tf_help]: Data time: 1790049853s 858654409ns, Transform time: 1790049849s 826472553ns
[component_container_isolated-1] [ERROR] [1790049854.098886483] [tf_help]: Transform data too old when converting from odom to map
[component_container_isolated-1] [ERROR] [1790049854.098915783] [tf_help]: Data time: 1790049851s 300495938ns, Transform time: 1790049849s 826472553ns
[component_container_isolated-1] [WARN] [1790049854.098955857] [robot1.controller_server]: Unable to transform robot pose into global plan's frame
[component_container_isolated-1] [ERROR] [1790049854.099013392] [tf_help]: Transform data too old when converting from map to odom
[component_container_isolated-1] [ERROR] [1790049854.099016101] [tf_help]: Data time: 1790049853s 858654409ns, Transform time: 1790049849s 826472553ns
[component_container_isolated-1] [ERROR] [1790049854.150169237] [tf_help]: Transform data too old when converting from map to odom
[component_container_isolated-1] [ERROR] [1790049854.150194083] [tf_help]: Data time: 1790049853s 858654409ns, Transform time: 1790049852s 286503081ns
[component_container_isolated-1] [ERROR] [1790049854.200252758] [tf_help]: Transform data too old when converting from map to odom
[component_container_isolated-1] [ERROR] [1790049854.200279379] [tf_help]: Data time: 1790049853s 858654409ns, Transform time: 1790049852s 286503081ns
[component_container_isolated-1] [ERROR] [1790049854.250146770] [tf_help]: Transform data too old when converting from map to odom
[component_container_isolated-1] [ERROR] [1790049854.250171286] [tf_help]: Data time: 1790049853s 858654409ns, Transform time: 1790049852s 286503081ns
[component_container_isolated-1] [ERROR] [1790049854.300173827] [tf_help]: Transform data too old when converting from map to odom
[component_container_isolated-1] [ERROR] [1790049854.300199618] [tf_help]: Data time: 1790049853s 858654409ns, Transform time: 1790049852s 286503081ns
[component_container_isolated-1] [ERROR] [1790049854.350148309] [tf_help]: Transform data too old when converting from map to odom
[component_container_isolated-1] [ERROR] [1790049854.350171666] [tf_help]: Data time: 1790049853s 858654409ns, Transform time: 1790049852s 286503081ns
[component_container_isolated-1] [ERROR] [1790049854.400178291] [tf_help]: Transform data too old when converting from map to odom
[component_container_isolated-1] [ERROR] [1790049854.400203146] [tf_help]: Data time: 1790049853s 858654409ns, Transform time: 1790049852s 286503081ns
[component_container_isolated-1] [ERROR] [1790049854.450192749] [tf_help]: Transform data too old when converting from map to odom
[component_container_isolated-1] [ERROR] [1790049854.450213285] [tf_help]: Data time: 1790049853s 858654409ns, Transform time: 1790049852s 286503081ns
[component_container_isolated-1] [ERROR] [1790049854.500149120] [tf_help]: Transform data too old when converting from map to odom
[component_container_isolated-1] [ERROR] [1790049854.500174118] [tf_help]: Data time: 1790049853s 858654409ns, Transform time: 1790049852s 286503081ns
[component_container_isolated-1] [INFO] [1790049854.508372850] [robot1.local_costmap.local_costmap]: StaticLayer: Resizing static layer to 165 X 294 at 0.050000 m/pix
[component_container_isolated-1] [ERROR] [1790049854.548887690] [tf_help]: Transform data too old when converting from odom to map
[component_container_isolated-1] [ERROR] [1790049854.548912993] [tf_help]: Data time: 1790049854s 100459575ns, Transform time: 1790049852s 286503081ns
[component_container_isolated-1] [WARN] [1790049854.548930147] [robot1.controller_server]: Unable to transform robot pose into global plan's frame
[component_container_isolated-1] [ERROR] [1790049854.548983746] [tf_help]: Transform data too old when converting from map to odom
[component_container_isolated-1] [ERROR] [1790049854.548986877] [tf_help]: Data time: 1790049853s 858654409ns, Transform time: 1790049852s 286503081ns
[component_container_isolated-1] [INFO] [1790049854.741218122] [robot1.global_costmap.global_costmap]: StaticLayer: Resizing costmap to 165 X 294 at 0.050000 m/pix
[component_container_isolated-1] [INFO] [1790049854.908338090] [robot1.local_costmap.local_costmap]: StaticLayer: Resizing static layer to 165 X 295 at 0.050000 m/pix
[component_container_isolated-1] [INFO] [1790049854.948843608] [robot1.controller_server]: Passing new path to controller.
[component_container_isolated-1] [INFO] [1790049855.550051034] [robot1.controller_server]: Reached the goal!
[component_container_isolated-1] [INFO] [1790049855.588325987] [robot1.bt_navigator]: Goal succeeded
[component_container_isolated-1] [INFO] [1790049855.741248873] [robot1.global_costmap.global_costmap]: StaticLayer: Resizing costmap to 165 X 295 at 0.050000 m/pix
[component_container_isolated-1] [INFO] [1790049856.508336770] [robot1.local_costmap.local_costmap]: StaticLayer: Resizing static layer to 165 X 296 at 0.050000 m/pix
[component_container_isolated-1] [INFO] [1790049856.741276014] [robot1.global_costmap.global_costmap]: StaticLayer: Resizing costmap to 165 X 296 at 0.050000 m/pix
[component_container_isolated-1] [INFO] [1790049897.307640981] [robot1.global_costmap.global_costmap]: Message Filter dropping message: frame 'rplidar_link' at time 1790049896.690 for reason 'the timestamp on the message is earlier than all the data in the transform cache'
[component_container_isolated-1] [INFO] [1790049912.578664933] [robot1.local_costmap.local_costmap]: Message Filter dropping message: frame 'rplidar_link' at time 1790049911.919 for reason 'the timestamp on the message is earlier than all the data in the transform cache'
[component_container_isolated-1] [INFO] [1790049951.553009141] [robot1.local_costmap.local_costmap]: Message Filter dropping message: frame 'rplidar_link' at time 1790049950.970 for reason 'the timestamp on the message is earlier than all the data in the transform cache'
[component_container_isolated-1] [INFO] [1790049959.083229481] [robot1.local_costmap.local_costmap]: Message Filter dropping message: frame 'rplidar_link' at time 1790049956.181 for reason 'the timestamp on the message is earlier than all the data in the transform cache'
[component_container_isolated-1] [INFO] [1790049964.744485724] [robot1.global_costmap.global_costmap]: Message Filter dropping message: frame 'rplidar_link' at time 1790049961.187 for reason 'the timestamp on the message is earlier than all the data in the transform cache'
[component_container_isolated-1] [INFO] [1790049972.453768450] [robot1.local_costmap.local_costmap]: Message Filter dropping message: frame 'rplidar_link' at time 1790049966.322 for reason 'the timestamp on the message is earlier than all the data in the transform cache'
[component_container_isolated-1] [INFO] [1790049976.065832197] [robot1.global_costmap.global_costmap]: Message Filter dropping message: frame 'rplidar_link' at time 1790049966.456 for reason 'the timestamp on the message is earlier than all the data in the transform cache'
[component_container_isolated-1] [ERROR] [1790049979.877090282] [transformPoseInTargetFrame]: Extrapolation Error looking up target frame: Lookup would require extrapolation into the past.  Requested time 1790049963.187289 but the earliest data is at time 1790049965.498188, when looking up transform from frame [base_link] to frame [map]
[component_container_isolated-1] 
[component_container_isolated-1] [INFO] [1790049981.026435884] [robot1.local_costmap.local_costmap]: Message Filter dropping message: frame 'rplidar_link' at time 1790049975.591 for reason 'the timestamp on the message is earlier than all the data in the transform cache'
[component_container_isolated-1] [INFO] [1790049994.316018103] [robot1.local_costmap.local_costmap]: Message Filter dropping message: frame 'rplidar_link' at time 1790049993.157 for reason 'the timestamp on the message is earlier than all the data in the transform cache'
[component_container_isolated-1] [INFO] [1790050008.742526662] [robot1.local_costmap.local_costmap]: Message Filter dropping message: frame 'rplidar_link' at time 1790050007.250 for reason 'the timestamp on the message is earlier than all the data in the transform cache'
[component_container_isolated-1] [INFO] [1790050014.400636379] [robot1.global_costmap.global_costmap]: Message Filter dropping message: frame 'rplidar_link' at time 1790050013.647 for reason 'the timestamp on the message is earlier than all the data in the transform cache'
[component_container_isolated-1] [INFO] [1790050056.195845188] [robot1.global_costmap.global_costmap]: Message Filter dropping message: frame 'rplidar_link' at time 1790050055.253 for reason 'the timestamp on the message is earlier than all the data in the transform cache'
[component_container_isolated-1] [INFO] [1790050070.306118407] [robot1.global_costmap.global_costmap]: Message Filter dropping message: frame 'rplidar_link' at time 1790050066.963 for reason 'the timestamp on the message is earlier than all the data in the transform cache'
[component_container_isolated-1] [INFO] [1790050086.774848823] [robot1.global_costmap.global_costmap]: Message Filter dropping message: frame 'rplidar_link' at time 1790050080.692 for reason 'the timestamp on the message is earlier than all the data in the transform cache'
[component_container_isolated-1] [ERROR] [1790050094.859236539] [transformPoseInTargetFrame]: Extrapolation Error looking up target frame: Lookup would require extrapolation into the past.  Requested time 1790050079.093866 but the earliest data is at time 1790050082.144371, when looking up transform from frame [base_link] to frame [map]
[component_container_isolated-1] 
[component_container_isolated-1] [INFO] [1790050095.614883775] [robot1.local_costmap.local_costmap]: Message Filter dropping message: frame 'rplidar_link' at time 1790050091.130 for reason 'the timestamp on the message is earlier than all the data in the transform cache'
[component_container_isolated-1] [ERROR] [1790050096.162934217] [transformPoseInTargetFrame]: Extrapolation Error looking up target frame: Lookup would require extrapolation into the past.  Requested time 1790050079.093866 but the earliest data is at time 1790050082.144371, when looking up transform from frame [base_link] to frame [map]
[component_container_isolated-1] 
[component_container_isolated-1] [ERROR] [1790050098.518272561] [transformPoseInTargetFrame]: Extrapolation Error looking up target frame: Lookup would require extrapolation at time 1790050092.945825, but only time 1790050093.129998 is in the buffer, when looking up transform from frame [base_link] to frame [map]
[component_container_isolated-1] 
[component_container_isolated-1] [INFO] [1790050099.682296184] [robot1.global_costmap.global_costmap]: Message Filter dropping message: frame 'rplidar_link' at time 1790050091.341 for reason 'the timestamp on the message is earlier than all the data in the transform cache'
[component_container_isolated-1] [INFO] [1790050105.099962321] [robot1.local_costmap.local_costmap]: Message Filter dropping message: frame 'rplidar_link' at time 1790050099.252 for reason 'the timestamp on the message is earlier than all the data in the transform cache'
[component_container_isolated-1] [INFO] [1790050108.134077349] [robot1.local_costmap.local_costmap]: Message Filter dropping message: frame 'rplidar_link' at time 1790050103.181 for reason 'the timestamp on the message is earlier than all the data in the transform cache'
[component_container_isolated-1] [INFO] [1790050112.080286003] [robot1.local_costmap.local_costmap]: Message Filter dropping message: frame 'rplidar_link' at time 1790050106.923 for reason 'the timestamp on the message is earlier than all the data in the transform cache'
[component_container_isolated-1] [ERROR] [1790050115.838703713] [transformPoseInTargetFrame]: Extrapolation Error looking up target frame: Lookup would require extrapolation into the past.  Requested time 1790050101.251673 but the earliest data is at time 1790050101.649667, when looking up transform from frame [base_link] to frame [map]
[component_container_isolated-1] 
[component_container_isolated-1] [ERROR] [1790050116.846382947] [transformPoseInTargetFrame]: Extrapolation Error looking up target frame: Lookup would require extrapolation into the past.  Requested time 1790050101.251673 but the earliest data is at time 1790050101.649667, when looking up transform from frame [base_link] to frame [map]
[component_container_isolated-1] 
[component_container_isolated-1] [INFO] [1790050117.703721052] [robot1.local_costmap.local_costmap]: Message Filter dropping message: frame 'rplidar_link' at time 1790050111.852 for reason 'the timestamp on the message is earlier than all the data in the transform cache'
[component_container_isolated-1] [ERROR] [1790050117.845106737] [transformPoseInTargetFrame]: Extrapolation Error looking up target frame: Lookup would require extrapolation into the past.  Requested time 1790050101.251673 but the earliest data is at time 1790050101.649667, when looking up transform from frame [base_link] to frame [map]
[component_container_isolated-1] 
[component_container_isolated-1] [ERROR] [1790050118.846013596] [transformPoseInTargetFrame]: Extrapolation Error looking up target frame: Lookup would require extrapolation into the past.  Requested time 1790050101.251673 but the earliest data is at time 1790050101.649667, when looking up transform from frame [base_link] to frame [map]
[component_container_isolated-1] 
[component_container_isolated-1] [INFO] [1790050127.849554091] [robot1.local_costmap.local_costmap]: Message Filter dropping message: frame 'rplidar_link' at time 1790050122.461 for reason 'the timestamp on the message is earlier than all the data in the transform cache'
[component_container_isolated-1] [INFO] [1790050133.135128909] [robot1.global_costmap.global_costmap]: Message Filter dropping message: frame 'rplidar_link' at time 1790050127.291 for reason 'the timestamp on the message is earlier than all the data in the transform cache'
[component_container_isolated-1] [INFO] [1790050135.698417435] [robot1.local_costmap.local_costmap]: Message Filter dropping message: frame 'rplidar_link' at time 1790050131.125 for reason 'the timestamp on the message is earlier than all the data in the transform cache'
[component_container_isolated-1] [INFO] [1790050144.475247221] [robot1.local_costmap.local_costmap]: Message Filter dropping message: frame 'rplidar_link' at time 1790050138.341 for reason 'the timestamp on the message is earlier than all the data in the transform cache'
[component_container_isolated-1] [INFO] [1790050148.795921461] [robot1.local_costmap.local_costmap]: Message Filter dropping message: frame 'rplidar_link' at time 1790050143.921 for reason 'the timestamp on the message is earlier than all the data in the transform cache'
[component_container_isolated-1] [INFO] [1790050152.764035752] [robot1.local_costmap.local_costmap]: Message Filter dropping message: frame 'rplidar_link' at time 1790050147.409 for reason 'the timestamp on the message is earlier than all the data in the transform cache'
[component_container_isolated-1] [INFO] [1790050155.309014811] [robot1.local_costmap.local_costmap]: Message Filter dropping message: frame 'rplidar_link' at time 1790050152.261 for reason 'the timestamp on the message is earlier than all the data in the transform cache'
[component_container_isolated-1] [INFO] [1790050159.027925415] [robot1.local_costmap.local_costmap]: Message Filter dropping message: frame 'rplidar_link' at time 1790050157.965 for reason 'the timestamp on the message is earlier than all the data in the transform cache'
[INFO] [launch]: All log files can be found below /home/danyalaziz/.ros/log/2026-09-22-09-18-37-089789-Precision-3660-58545
[INFO] [launch]: Default logging verbosity is set to INFO
[INFO] [component_container_isolated-1]: process started with pid [58561]
[component_container_isolated-1] [INFO] [1790050719.032789724] [robot1.nav2_container]: Load Library: /opt/ros/humble/lib/libcontroller_server_core.so
[component_container_isolated-1] [INFO] [1790050719.035569551] [robot1.nav2_container]: Found class: rclcpp_components::NodeFactoryTemplate<nav2_controller::ControllerServer>
[component_container_isolated-1] [INFO] [1790050719.035589632] [robot1.nav2_container]: Instantiate class: rclcpp_components::NodeFactoryTemplate<nav2_controller::ControllerServer>
[component_container_isolated-1] [INFO] [1790050719.075524019] [robot1.controller_server]: 
[component_container_isolated-1] 	controller_server lifecycle node launched. 
[component_container_isolated-1] 	Waiting on external lifecycle transitions to activate
[component_container_isolated-1] 	See https://design.ros2.org/articles/node_lifecycle.html for more information.
[component_container_isolated-1] [INFO] [1790050719.076930061] [robot1.controller_server]: Creating controller server
[component_container_isolated-1] [INFO] [1790050719.142611670] [robot1.local_costmap.local_costmap]: 
[component_container_isolated-1] 	local_costmap lifecycle node launched. 
[component_container_isolated-1] 	Waiting on external lifecycle transitions to activate
[component_container_isolated-1] 	See https://design.ros2.org/articles/node_lifecycle.html for more information.
[component_container_isolated-1] [INFO] [1790050719.142829017] [robot1.local_costmap.local_costmap]: Creating Costmap
[INFO] [launch_ros.actions.load_composable_nodes]: Loaded node '/robot1/controller_server' in container '/robot1/nav2_container'
[component_container_isolated-1] [INFO] [1790050719.144560338] [robot1.nav2_container]: Load Library: /opt/ros/humble/lib/libsmoother_server_core.so
[component_container_isolated-1] [INFO] [1790050719.145244159] [robot1.nav2_container]: Found class: rclcpp_components::NodeFactoryTemplate<nav2_smoother::SmootherServer>
[component_container_isolated-1] [INFO] [1790050719.145254289] [robot1.nav2_container]: Instantiate class: rclcpp_components::NodeFactoryTemplate<nav2_smoother::SmootherServer>
[component_container_isolated-1] [INFO] [1790050719.322573177] [robot1.smoother_server]: 
[component_container_isolated-1] 	smoother_server lifecycle node launched. 
[component_container_isolated-1] 	Waiting on external lifecycle transitions to activate
[component_container_isolated-1] 	See https://design.ros2.org/articles/node_lifecycle.html for more information.
[component_container_isolated-1] [INFO] [1790050719.323144542] [robot1.smoother_server]: Creating smoother server
[INFO] [launch_ros.actions.load_composable_nodes]: Loaded node '/robot1/smoother_server' in container '/robot1/nav2_container'
[component_container_isolated-1] [INFO] [1790050719.324530287] [robot1.nav2_container]: Load Library: /opt/ros/humble/lib/libplanner_server_core.so
[component_container_isolated-1] [INFO] [1790050719.324925063] [robot1.nav2_container]: Found class: rclcpp_components::NodeFactoryTemplate<nav2_planner::PlannerServer>
[component_container_isolated-1] [INFO] [1790050719.324933042] [robot1.nav2_container]: Instantiate class: rclcpp_components::NodeFactoryTemplate<nav2_planner::PlannerServer>
[component_container_isolated-1] [INFO] [1790050719.726254898] [robot1.planner_server]: 
[component_container_isolated-1] 	planner_server lifecycle node launched. 
[component_container_isolated-1] 	Waiting on external lifecycle transitions to activate
[component_container_isolated-1] 	See https://design.ros2.org/articles/node_lifecycle.html for more information.
[component_container_isolated-1] [INFO] [1790050719.726833267] [robot1.planner_server]: Creating
[component_container_isolated-1] [INFO] [1790050719.927968800] [robot1.global_costmap.global_costmap]: 
[component_container_isolated-1] 	global_costmap lifecycle node launched. 
[component_container_isolated-1] 	Waiting on external lifecycle transitions to activate
[component_container_isolated-1] 	See https://design.ros2.org/articles/node_lifecycle.html for more information.
[component_container_isolated-1] [INFO] [1790050719.928151336] [robot1.global_costmap.global_costmap]: Creating Costmap
[INFO] [launch_ros.actions.load_composable_nodes]: Loaded node '/robot1/planner_server' in container '/robot1/nav2_container'
[component_container_isolated-1] [INFO] [1790050719.929813960] [robot1.nav2_container]: Load Library: /opt/ros/humble/lib/libbehavior_server_core.so
[component_container_isolated-1] [INFO] [1790050719.931015628] [robot1.nav2_container]: Found class: rclcpp_components::NodeFactoryTemplate<behavior_server::BehaviorServer>
[component_container_isolated-1] [INFO] [1790050719.931026583] [robot1.nav2_container]: Instantiate class: rclcpp_components::NodeFactoryTemplate<behavior_server::BehaviorServer>
[component_container_isolated-1] [INFO] [1790050720.407808495] [robot1.behavior_server]: 
[component_container_isolated-1] 	behavior_server lifecycle node launched. 
[component_container_isolated-1] 	Waiting on external lifecycle transitions to activate
[component_container_isolated-1] 	See https://design.ros2.org/articles/node_lifecycle.html for more information.
[INFO] [launch_ros.actions.load_composable_nodes]: Loaded node '/robot1/behavior_server' in container '/robot1/nav2_container'
[component_container_isolated-1] [INFO] [1790050720.409706337] [robot1.nav2_container]: Load Library: /opt/ros/humble/lib/libbt_navigator_core.so
[component_container_isolated-1] [INFO] [1790050720.410482931] [robot1.nav2_container]: Found class: rclcpp_components::NodeFactoryTemplate<nav2_bt_navigator::BtNavigator>
[component_container_isolated-1] [INFO] [1790050720.410492147] [robot1.nav2_container]: Instantiate class: rclcpp_components::NodeFactoryTemplate<nav2_bt_navigator::BtNavigator>
[component_container_isolated-1] [INFO] [1790050721.007835450] [robot1.bt_navigator]: 
[component_container_isolated-1] 	bt_navigator lifecycle node launched. 
[component_container_isolated-1] 	Waiting on external lifecycle transitions to activate
[component_container_isolated-1] 	See https://design.ros2.org/articles/node_lifecycle.html for more information.
[component_container_isolated-1] [INFO] [1790050721.007874286] [robot1.bt_navigator]: Creating
[INFO] [launch_ros.actions.load_composable_nodes]: Loaded node '/robot1/bt_navigator' in container '/robot1/nav2_container'
[component_container_isolated-1] [INFO] [1790050721.009032818] [robot1.nav2_container]: Load Library: /opt/ros/humble/lib/libwaypoint_follower_core.so
[component_container_isolated-1] [INFO] [1790050721.009339005] [robot1.nav2_container]: Found class: rclcpp_components::NodeFactoryTemplate<nav2_waypoint_follower::WaypointFollower>
[component_container_isolated-1] [INFO] [1790050721.009346653] [robot1.nav2_container]: Instantiate class: rclcpp_components::NodeFactoryTemplate<nav2_waypoint_follower::WaypointFollower>
[component_container_isolated-1] [INFO] [1790050721.656017793] [robot1.waypoint_follower]: 
[component_container_isolated-1] 	waypoint_follower lifecycle node launched. 
[component_container_isolated-1] 	Waiting on external lifecycle transitions to activate
[component_container_isolated-1] 	See https://design.ros2.org/articles/node_lifecycle.html for more information.
[component_container_isolated-1] [INFO] [1790050721.656219575] [robot1.waypoint_follower]: Creating
[INFO] [launch_ros.actions.load_composable_nodes]: Loaded node '/robot1/waypoint_follower' in container '/robot1/nav2_container'
[component_container_isolated-1] [INFO] [1790050721.657341555] [robot1.nav2_container]: Load Library: /opt/ros/humble/lib/libvelocity_smoother_core.so
[component_container_isolated-1] [INFO] [1790050721.657701126] [robot1.nav2_container]: Found class: rclcpp_components::NodeFactoryTemplate<nav2_velocity_smoother::VelocitySmoother>
[component_container_isolated-1] [INFO] [1790050721.657707393] [robot1.nav2_container]: Instantiate class: rclcpp_components::NodeFactoryTemplate<nav2_velocity_smoother::VelocitySmoother>
[component_container_isolated-1] [INFO] [1790050722.281667684] [robot1.velocity_smoother]: 
[component_container_isolated-1] 	velocity_smoother lifecycle node launched. 
[component_container_isolated-1] 	Waiting on external lifecycle transitions to activate
[component_container_isolated-1] 	See https://design.ros2.org/articles/node_lifecycle.html for more information.
[INFO] [launch_ros.actions.load_composable_nodes]: Loaded node '/robot1/velocity_smoother' in container '/robot1/nav2_container'
[component_container_isolated-1] [INFO] [1790050722.282857189] [robot1.nav2_container]: Load Library: /opt/ros/humble/lib/libnav2_lifecycle_manager_core.so
[component_container_isolated-1] [INFO] [1790050722.283169790] [robot1.nav2_container]: Found class: rclcpp_components::NodeFactoryTemplate<nav2_lifecycle_manager::LifecycleManager>
[component_container_isolated-1] [INFO] [1790050722.283178438] [robot1.nav2_container]: Instantiate class: rclcpp_components::NodeFactoryTemplate<nav2_lifecycle_manager::LifecycleManager>
[component_container_isolated-1] [INFO] [1790050722.502040591] [robot1.lifecycle_manager_navigation]: Creating
[INFO] [launch_ros.actions.load_composable_nodes]: Loaded node '/robot1/lifecycle_manager_navigation' in container '/robot1/nav2_container'
[component_container_isolated-1] [INFO] [1790050722.540409711] [robot1.lifecycle_manager_navigation]: [34m[1mCreating and initializing lifecycle service clients[0m[0m
[INFO] [nav2_startup-2]: process started with pid [58767]
[nav2_startup-2] waiting for service to become available...
[nav2_startup-2] requester: making request: nav2_msgs.srv.ManageLifecycleNodes_Request(command=0)
[nav2_startup-2] 
[component_container_isolated-1] [INFO] [1790050739.810640536] [robot1.lifecycle_manager_navigation]: [34m[1mStarting managed nodes bringup...[0m[0m
[component_container_isolated-1] [INFO] [1790050739.810693640] [robot1.lifecycle_manager_navigation]: [34m[1mConfiguring controller_server[0m[0m
[component_container_isolated-1] [INFO] [1790050739.811315482] [robot1.controller_server]: Configuring controller interface
[component_container_isolated-1] [INFO] [1790050739.811509116] [robot1.controller_server]: getting goal checker plugins..
[component_container_isolated-1] [INFO] [1790050739.811601492] [robot1.controller_server]: Controller frequency set to 20.0000Hz
[component_container_isolated-1] [INFO] [1790050739.811634747] [robot1.local_costmap.local_costmap]: Configuring
[component_container_isolated-1] [INFO] [1790050739.910649192] [robot1.local_costmap.local_costmap]: Using plugin "static_layer"
[component_container_isolated-1] [INFO] [1790050739.912121595] [robot1.local_costmap.local_costmap]: Subscribing to the map topic (/robot1/map) with transient local durability
[component_container_isolated-1] [INFO] [1790050739.941236226] [robot1.local_costmap.local_costmap]: Initialized plugin "static_layer"
[component_container_isolated-1] [INFO] [1790050739.941252416] [robot1.local_costmap.local_costmap]: Using plugin "voxel_layer"
[component_container_isolated-1] [INFO] [1790050739.941462153] [robot1.local_costmap.local_costmap]: Subscribed to Topics: scan
[component_container_isolated-1] [INFO] [1790050740.035511891] [robot1.local_costmap.local_costmap]: Initialized plugin "voxel_layer"
[component_container_isolated-1] [INFO] [1790050740.035541753] [robot1.local_costmap.local_costmap]: Using plugin "inflation_layer"
[component_container_isolated-1] [INFO] [1790050740.035842798] [robot1.local_costmap.local_costmap]: Initialized plugin "inflation_layer"
[component_container_isolated-1] [INFO] [1790050740.251911442] [robot1.local_costmap.local_costmap]: StaticLayer: Resizing static layer to 135 X 282 at 0.050000 m/pix
[component_container_isolated-1] [INFO] [1790050740.251924283] [robot1.controller_server]: Created progress_checker : progress_checker of type nav2_controller::SimpleProgressChecker
[component_container_isolated-1] [INFO] [1790050740.252240077] [robot1.controller_server]: Created goal checker : general_goal_checker of type nav2_controller::SimpleGoalChecker
[component_container_isolated-1] [INFO] [1790050740.252336287] [robot1.controller_server]: Controller Server has general_goal_checker  goal checkers available.
[component_container_isolated-1] [INFO] [1790050740.252967228] [robot1.controller_server]: Created controller : FollowPath of type dwb_core::DWBLocalPlanner
[component_container_isolated-1] [INFO] [1790050740.253234384] [robot1.controller_server]: Setting transform_tolerance to 0.200000
[component_container_isolated-1] [INFO] [1790050740.417981802] [robot1.controller_server]: Using critic "RotateToGoal" (dwb_critics::RotateToGoalCritic)
[component_container_isolated-1] [INFO] [1790050740.418129520] [robot1.controller_server]: Critic plugin initialized
[component_container_isolated-1] [INFO] [1790050740.418176778] [robot1.controller_server]: Using critic "Oscillation" (dwb_critics::OscillationCritic)
[component_container_isolated-1] [INFO] [1790050740.418295168] [robot1.controller_server]: Critic plugin initialized
[component_container_isolated-1] [INFO] [1790050740.418403979] [robot1.controller_server]: Using critic "BaseObstacle" (dwb_critics::BaseObstacleCritic)
[component_container_isolated-1] [INFO] [1790050740.418563612] [robot1.controller_server]: Critic plugin initialized
[component_container_isolated-1] [INFO] [1790050740.418621812] [robot1.controller_server]: Using critic "GoalAlign" (dwb_critics::GoalAlignCritic)
[component_container_isolated-1] [INFO] [1790050740.418742910] [robot1.controller_server]: Critic plugin initialized
[component_container_isolated-1] [INFO] [1790050740.418796852] [robot1.controller_server]: Using critic "PathAlign" (dwb_critics::PathAlignCritic)
[component_container_isolated-1] [INFO] [1790050740.418950901] [robot1.controller_server]: Critic plugin initialized
[component_container_isolated-1] [INFO] [1790050740.418995763] [robot1.controller_server]: Using critic "PathDist" (dwb_critics::PathDistCritic)
[component_container_isolated-1] [INFO] [1790050740.419074455] [robot1.controller_server]: Critic plugin initialized
[component_container_isolated-1] [INFO] [1790050740.419112878] [robot1.controller_server]: Using critic "GoalDist" (dwb_critics::GoalDistCritic)
[component_container_isolated-1] [INFO] [1790050740.419190457] [robot1.controller_server]: Critic plugin initialized
[component_container_isolated-1] [INFO] [1790050740.419197041] [robot1.controller_server]: Controller Server has FollowPath  controllers available.
[component_container_isolated-1] [INFO] [1790050740.611849836] [robot1.lifecycle_manager_navigation]: [34m[1mConfiguring smoother_server[0m[0m
[component_container_isolated-1] [INFO] [1790050740.611998094] [robot1.smoother_server]: Configuring smoother server
[component_container_isolated-1] [INFO] [1790050740.788213121] [robot1.smoother_server]: Created smoother : simple_smoother of type nav2_smoother::SimpleSmoother
[component_container_isolated-1] [INFO] [1790050740.788471938] [robot1.smoother_server]: Smoother Server has simple_smoother  smoothers available.
[component_container_isolated-1] [INFO] [1790050740.976651987] [robot1.lifecycle_manager_navigation]: [34m[1mConfiguring planner_server[0m[0m
[component_container_isolated-1] [INFO] [1790050740.976731112] [robot1.planner_server]: Configuring
[component_container_isolated-1] [INFO] [1790050740.976761754] [robot1.global_costmap.global_costmap]: Configuring
[component_container_isolated-1] [INFO] [1790050741.184159442] [robot1.global_costmap.global_costmap]: Using plugin "static_layer"
[component_container_isolated-1] [INFO] [1790050741.184548997] [robot1.global_costmap.global_costmap]: Subscribing to the map topic (/robot1/map) with transient local durability
[component_container_isolated-1] [INFO] [1790050741.216496174] [robot1.global_costmap.global_costmap]: Initialized plugin "static_layer"
[component_container_isolated-1] [INFO] [1790050741.216512817] [robot1.global_costmap.global_costmap]: Using plugin "obstacle_layer"
[component_container_isolated-1] [INFO] [1790050741.216757769] [robot1.global_costmap.global_costmap]: Subscribed to Topics: scan
[component_container_isolated-1] [INFO] [1790050741.282676967] [robot1.global_costmap.global_costmap]: Initialized plugin "obstacle_layer"
[component_container_isolated-1] [INFO] [1790050741.282699489] [robot1.global_costmap.global_costmap]: Using plugin "inflation_layer"
[component_container_isolated-1] [INFO] [1790050741.282990868] [robot1.global_costmap.global_costmap]: Initialized plugin "inflation_layer"
[component_container_isolated-1] [INFO] [1790050741.554074812] [robot1.global_costmap.global_costmap]: StaticLayer: Resizing costmap to 135 X 282 at 0.050000 m/pix
[component_container_isolated-1] [INFO] [1790050741.554280262] [robot1.planner_server]: Created global planner plugin GridBased of type nav2_navfn_planner/NavfnPlanner
[component_container_isolated-1] [INFO] [1790050741.554299939] [robot1.planner_server]: Configuring plugin GridBased of type NavfnPlanner
[component_container_isolated-1] [INFO] [1790050741.554525525] [robot1.planner_server]: Planner Server has GridBased  planners available.
[component_container_isolated-1] [INFO] [1790050741.979340236] [robot1.lifecycle_manager_navigation]: [34m[1mConfiguring behavior_server[0m[0m
[component_container_isolated-1] [INFO] [1790050741.979507276] [robot1.behavior_server]: Configuring
[component_container_isolated-1] [INFO] [1790050742.216747978] [robot1.behavior_server]: Creating behavior plugin spin of type nav2_behaviors/Spin
[component_container_isolated-1] [INFO] [1790050742.217174249] [robot1.behavior_server]: Configuring spin
[component_container_isolated-1] [INFO] [1790050742.408313821] [robot1.behavior_server]: Creating behavior plugin backup of type nav2_behaviors/BackUp
[component_container_isolated-1] [INFO] [1790050742.408714658] [robot1.behavior_server]: Configuring backup
[component_container_isolated-1] [INFO] [1790050742.633371759] [robot1.behavior_server]: Creating behavior plugin drive_on_heading of type nav2_behaviors/DriveOnHeading
[component_container_isolated-1] [INFO] [1790050742.633881424] [robot1.behavior_server]: Configuring drive_on_heading
[component_container_isolated-1] [INFO] [1790050742.850469037] [robot1.behavior_server]: Creating behavior plugin assisted_teleop of type nav2_behaviors/AssistedTeleop
[component_container_isolated-1] [INFO] [1790050742.851172505] [robot1.behavior_server]: Configuring assisted_teleop
[component_container_isolated-1] [INFO] [1790050743.118070818] [robot1.behavior_server]: Creating behavior plugin wait of type nav2_behaviors/Wait
[component_container_isolated-1] [INFO] [1790050743.118429180] [robot1.behavior_server]: Configuring wait
[component_container_isolated-1] [INFO] [1790050743.319555586] [robot1.lifecycle_manager_navigation]: [34m[1mConfiguring bt_navigator[0m[0m
[component_container_isolated-1] [INFO] [1790050743.319687549] [robot1.bt_navigator]: Configuring
[component_container_isolated-1] [INFO] [1790050744.782530609] [robot1.lifecycle_manager_navigation]: [34m[1mConfiguring waypoint_follower[0m[0m
[component_container_isolated-1] [INFO] [1790050744.782714338] [robot1.waypoint_follower]: Configuring
[component_container_isolated-1] [INFO] [1790050745.164438595] [robot1.waypoint_follower]: Created waypoint_task_executor : wait_at_waypoint of type nav2_waypoint_follower::WaitAtWaypoint
[component_container_isolated-1] [INFO] [1790050745.164883498] [robot1.lifecycle_manager_navigation]: [34m[1mConfiguring velocity_smoother[0m[0m
[component_container_isolated-1] [INFO] [1790050745.164975043] [robot1.velocity_smoother]: Configuring velocity smoother
[component_container_isolated-1] [INFO] [1790050745.255914129] [robot1.lifecycle_manager_navigation]: [34m[1mActivating controller_server[0m[0m
[component_container_isolated-1] [INFO] [1790050745.256146546] [robot1.controller_server]: Activating
[component_container_isolated-1] [INFO] [1790050745.256185247] [robot1.local_costmap.local_costmap]: Activating
[component_container_isolated-1] [INFO] [1790050745.256200050] [robot1.local_costmap.local_costmap]: Checking transform
[component_container_isolated-1] [INFO] [1790050745.256295962] [robot1.local_costmap.local_costmap]: start
[component_container_isolated-1] [INFO] [1790050745.494629042] [robot1.controller_server]: Creating bond (controller_server) to lifecycle manager.
[component_container_isolated-1] [INFO] [1790050745.688302951] [robot1.lifecycle_manager_navigation]: Server controller_server connected with bond.
[component_container_isolated-1] [INFO] [1790050745.688379984] [robot1.lifecycle_manager_navigation]: [34m[1mActivating smoother_server[0m[0m
[component_container_isolated-1] [INFO] [1790050745.688596223] [robot1.smoother_server]: Activating
[component_container_isolated-1] [INFO] [1790050745.688613102] [robot1.smoother_server]: Creating bond (smoother_server) to lifecycle manager.
[component_container_isolated-1] [INFO] [1790050745.886885224] [robot1.lifecycle_manager_navigation]: Server smoother_server connected with bond.
[component_container_isolated-1] [INFO] [1790050745.886911376] [robot1.lifecycle_manager_navigation]: [34m[1mActivating planner_server[0m[0m
[component_container_isolated-1] [INFO] [1790050745.887126000] [robot1.planner_server]: Activating
[component_container_isolated-1] [INFO] [1790050745.887152358] [robot1.global_costmap.global_costmap]: Activating
[component_container_isolated-1] [INFO] [1790050745.887157661] [robot1.global_costmap.global_costmap]: Checking transform
[component_container_isolated-1] [INFO] [1790050745.887236319] [robot1.global_costmap.global_costmap]: start
[component_container_isolated-1] [INFO] [1790050746.909379718] [robot1.planner_server]: Activating plugin GridBased of type NavfnPlanner
[component_container_isolated-1] [INFO] [1790050746.936910209] [robot1.planner_server]: Creating bond (planner_server) to lifecycle manager.
[component_container_isolated-1] [INFO] [1790050747.121865859] [robot1.lifecycle_manager_navigation]: Server planner_server connected with bond.
[component_container_isolated-1] [INFO] [1790050747.121900558] [robot1.lifecycle_manager_navigation]: [34m[1mActivating behavior_server[0m[0m
[component_container_isolated-1] [INFO] [1790050747.122191943] [robot1.behavior_server]: Activating
[component_container_isolated-1] [INFO] [1790050747.122214129] [robot1.behavior_server]: Activating spin
[component_container_isolated-1] [INFO] [1790050747.122234234] [robot1.behavior_server]: Activating backup
[component_container_isolated-1] [INFO] [1790050747.122244053] [robot1.behavior_server]: Activating drive_on_heading
[component_container_isolated-1] [INFO] [1790050747.122253500] [robot1.behavior_server]: Activating assisted_teleop
[component_container_isolated-1] [INFO] [1790050747.122262570] [robot1.behavior_server]: Activating wait
[component_container_isolated-1] [INFO] [1790050747.122274164] [robot1.behavior_server]: Creating bond (behavior_server) to lifecycle manager.
[component_container_isolated-1] [INFO] [1790050747.291770439] [robot1.lifecycle_manager_navigation]: Server behavior_server connected with bond.
[component_container_isolated-1] [INFO] [1790050747.291836528] [robot1.lifecycle_manager_navigation]: [34m[1mActivating bt_navigator[0m[0m
[component_container_isolated-1] [INFO] [1790050747.292068791] [robot1.bt_navigator]: Activating
[component_container_isolated-1] [INFO] [1790050750.121497332] [robot1.bt_navigator]: Creating bond (bt_navigator) to lifecycle manager.
[component_container_isolated-1] [INFO] [1790050750.326457849] [robot1.lifecycle_manager_navigation]: Server bt_navigator connected with bond.
[component_container_isolated-1] [INFO] [1790050750.326538593] [robot1.lifecycle_manager_navigation]: [34m[1mActivating waypoint_follower[0m[0m
[component_container_isolated-1] [INFO] [1790050750.326772276] [robot1.waypoint_follower]: Activating
[component_container_isolated-1] [INFO] [1790050750.326800950] [robot1.waypoint_follower]: Creating bond (waypoint_follower) to lifecycle manager.
[component_container_isolated-1] [INFO] [1790050750.511445210] [robot1.lifecycle_manager_navigation]: Server waypoint_follower connected with bond.
[component_container_isolated-1] [INFO] [1790050750.511531177] [robot1.lifecycle_manager_navigation]: [34m[1mActivating velocity_smoother[0m[0m
[component_container_isolated-1] [INFO] [1790050750.511760222] [robot1.velocity_smoother]: Activating
[component_container_isolated-1] [INFO] [1790050750.511790864] [robot1.velocity_smoother]: Creating bond (velocity_smoother) to lifecycle manager.
[component_container_isolated-1] [INFO] [1790050750.716674704] [robot1.lifecycle_manager_navigation]: Server velocity_smoother connected with bond.
[component_container_isolated-1] [INFO] [1790050750.716793446] [robot1.lifecycle_manager_navigation]: [34m[1mManaged nodes are active[0m[0m
[component_container_isolated-1] [INFO] [1790050750.716806783] [robot1.lifecycle_manager_navigation]: [34m[1mCreating bond timer...[0m[0m
[nav2_startup-2] response:
[nav2_startup-2] nav2_msgs.srv.ManageLifecycleNodes_Response(success=True)
[nav2_startup-2] 
[INFO] [nav2_startup-2]: process has finished cleanly [pid 58767]
[component_container_isolated-1] [INFO] [1790050791.289187090] [robot1.local_costmap.local_costmap]: Message Filter dropping message: frame 'rplidar_link' at time 1790050790.862 for reason 'the timestamp on the message is earlier than all the data in the transform cache'
[component_container_isolated-1] [INFO] [1790050918.380106608] [robot1.bt_navigator]: Begin navigating from current location (-0.14, 0.00) to (-0.30, -1.49)
[component_container_isolated-1] [INFO] [1790050918.400559838] [robot1.controller_server]: Received a goal, begin computing control effort.
[component_container_isolated-1] [WARN] [1790050918.400612486] [robot1.controller_server]: No goal checker was specified in parameter 'current_goal_checker'. Server will use only plugin loaded general_goal_checker . This warning will appear once.
[component_container_isolated-1] [INFO] [1790050919.450787484] [robot1.controller_server]: Passing new path to controller.
[component_container_isolated-1] [INFO] [1790050919.656405829] [robot1.local_costmap.local_costmap]: StaticLayer: Resizing static layer to 135 X 293 at 0.050000 m/pix
[component_container_isolated-1] [INFO] [1790050919.887438736] [robot1.global_costmap.global_costmap]: StaticLayer: Resizing costmap to 135 X 293 at 0.050000 m/pix
[component_container_isolated-1] [INFO] [1790050920.500767568] [robot1.controller_server]: Passing new path to controller.
[component_container_isolated-1] [INFO] [1790050921.256381798] [robot1.local_costmap.local_costmap]: StaticLayer: Resizing static layer to 135 X 296 at 0.050000 m/pix
[component_container_isolated-1] [INFO] [1790050921.500776988] [robot1.controller_server]: Passing new path to controller.
[component_container_isolated-1] [INFO] [1790050921.887472449] [robot1.global_costmap.global_costmap]: StaticLayer: Resizing costmap to 135 X 296 at 0.050000 m/pix
[component_container_isolated-1] [INFO] [1790050922.380288905] [robot1.bt_navigator]: Received goal preemption request
[component_container_isolated-1] [INFO] [1790050922.380401825] [robot1.bt_navigator]: Begin navigating from current location (-0.30, -0.91) to (-0.58, -2.09)
[component_container_isolated-1] [INFO] [1790050922.550781004] [robot1.controller_server]: Passing new path to controller.
[component_container_isolated-1] [INFO] [1790050922.656466082] [robot1.local_costmap.local_costmap]: StaticLayer: Resizing static layer to 135 X 299 at 0.050000 m/pix
[component_container_isolated-1] [INFO] [1790050922.887484470] [robot1.global_costmap.global_costmap]: StaticLayer: Resizing costmap to 135 X 299 at 0.050000 m/pix
[component_container_isolated-1] [INFO] [1790050923.380305072] [robot1.bt_navigator]: Received goal preemption request
[component_container_isolated-1] [INFO] [1790050923.380396954] [robot1.bt_navigator]: Begin navigating from current location (-0.31, -1.16) to (-0.25, -2.25)
[component_container_isolated-1] [INFO] [1790050923.550802783] [robot1.controller_server]: Passing new path to controller.
[component_container_isolated-1] [INFO] [1790050924.380310393] [robot1.bt_navigator]: Received goal preemption request
[component_container_isolated-1] [INFO] [1790050924.380393911] [robot1.bt_navigator]: Begin navigating from current location (-0.32, -1.40) to (-1.46, -5.21)
[component_container_isolated-1] [INFO] [1790050924.600788901] [robot1.controller_server]: Passing new path to controller.
[component_container_isolated-1] [INFO] [1790050925.390331414] [robot1.bt_navigator]: Received goal preemption request
[component_container_isolated-1] [INFO] [1790050925.390452516] [robot1.bt_navigator]: Begin navigating from current location (-0.34, -1.62) to (-0.60, -4.73)
[component_container_isolated-1] [INFO] [1790050925.650759725] [robot1.controller_server]: Passing new path to controller.
[component_container_isolated-1] [INFO] [1790050926.256415155] [robot1.local_costmap.local_costmap]: StaticLayer: Resizing static layer to 135 X 300 at 0.050000 m/pix
[component_container_isolated-1] [INFO] [1790050926.380314790] [robot1.bt_navigator]: Received goal preemption request
[component_container_isolated-1] [INFO] [1790050926.380396737] [robot1.bt_navigator]: Begin navigating from current location (-0.46, -1.80) to (-1.48, -3.99)
[component_container_isolated-1] [INFO] [1790050926.650765345] [robot1.controller_server]: Passing new path to controller.
[component_container_isolated-1] [INFO] [1790050926.887504367] [robot1.global_costmap.global_costmap]: StaticLayer: Resizing costmap to 135 X 300 at 0.050000 m/pix
[component_container_isolated-1] [INFO] [1790050927.380314053] [robot1.bt_navigator]: Received goal preemption request
[component_container_isolated-1] [INFO] [1790050927.380395907] [robot1.bt_navigator]: Begin navigating from current location (-0.64, -1.94) to (-1.54, -3.74)
[component_container_isolated-1] [INFO] [1790050927.700765669] [robot1.controller_server]: Passing new path to controller.
[component_container_isolated-1] [INFO] [1790050928.380314417] [robot1.bt_navigator]: Received goal preemption request
[component_container_isolated-1] [INFO] [1790050928.380406399] [robot1.bt_navigator]: Begin navigating from current location (-0.81, -2.04) to (-1.79, -3.09)
[component_container_isolated-1] [INFO] [1790050928.700763126] [robot1.controller_server]: Passing new path to controller.
[component_container_isolated-1] [INFO] [1790050929.380312173] [robot1.bt_navigator]: Received goal preemption request
[component_container_isolated-1] [INFO] [1790050929.380403214] [robot1.bt_navigator]: Begin navigating from current location (-0.93, -2.20) to (-1.32, -5.03)
[component_container_isolated-1] [INFO] [1790050929.750770498] [robot1.controller_server]: Passing new path to controller.
[component_container_isolated-1] [INFO] [1790050930.380287999] [robot1.bt_navigator]: Received goal preemption request
[component_container_isolated-1] [INFO] [1790050930.380373605] [robot1.bt_navigator]: Begin navigating from current location (-0.97, -2.37) to (-0.64, -4.96)
[component_container_isolated-1] [INFO] [1790050930.800775219] [robot1.controller_server]: Passing new path to controller.
[component_container_isolated-1] [INFO] [1790050931.380295440] [robot1.bt_navigator]: Received goal preemption request
[component_container_isolated-1] [INFO] [1790050931.380396838] [robot1.bt_navigator]: Begin navigating from current location (-1.01, -2.60) to (-1.37, -6.04)
[component_container_isolated-1] [INFO] [1790050931.800763585] [robot1.controller_server]: Passing new path to controller.
[component_container_isolated-1] [INFO] [1790050932.380323640] [robot1.bt_navigator]: Received goal preemption request
[component_container_isolated-1] [INFO] [1790050932.380416093] [robot1.bt_navigator]: Begin navigating from current location (-0.99, -2.80) to (-1.12, -5.50)
[component_container_isolated-1] [INFO] [1790050932.656472511] [robot1.local_costmap.local_costmap]: StaticLayer: Resizing static layer to 135 X 311 at 0.050000 m/pix
[component_container_isolated-1] [INFO] [1790050932.850759723] [robot1.controller_server]: Passing new path to controller.
[component_container_isolated-1] [INFO] [1790050932.887473957] [robot1.global_costmap.global_costmap]: StaticLayer: Resizing costmap to 135 X 311 at 0.050000 m/pix
[component_container_isolated-1] [INFO] [1790050933.380320432] [robot1.bt_navigator]: Received goal preemption request
[component_container_isolated-1] [INFO] [1790050933.380413021] [robot1.bt_navigator]: Begin navigating from current location (-1.01, -3.05) to (-1.04, -4.53)
[component_container_isolated-1] [INFO] [1790050933.850758922] [robot1.controller_server]: Passing new path to controller.
[component_container_isolated-1] [INFO] [1790050934.380314901] [robot1.bt_navigator]: Received goal preemption request
[component_container_isolated-1] [INFO] [1790050934.380405700] [robot1.bt_navigator]: Begin navigating from current location (-1.02, -3.27) to (-1.12, -5.46)
[component_container_isolated-1] [INFO] [1790050934.900781901] [robot1.controller_server]: Passing new path to controller.
[component_container_isolated-1] [INFO] [1790050935.380313032] [robot1.bt_navigator]: Received goal preemption request
[component_container_isolated-1] [INFO] [1790050935.380404859] [robot1.bt_navigator]: Begin navigating from current location (-1.02, -3.50) to (-1.01, -5.85)
[component_container_isolated-1] [INFO] [1790050935.950806652] [robot1.controller_server]: Passing new path to controller.
[component_container_isolated-1] [INFO] [1790050936.380316750] [robot1.bt_navigator]: Received goal preemption request
[component_container_isolated-1] [INFO] [1790050936.380415622] [robot1.bt_navigator]: Begin navigating from current location (-1.03, -3.73) to (-1.31, -6.02)
[component_container_isolated-1] [INFO] [1790050936.950764922] [robot1.controller_server]: Passing new path to controller.
[component_container_isolated-1] [INFO] [1790050937.380299724] [robot1.bt_navigator]: Received goal preemption request
[component_container_isolated-1] [INFO] [1790050937.380450439] [robot1.bt_navigator]: Begin navigating from current location (-1.03, -3.95) to (-1.01, -4.68)
[component_container_isolated-1] [INFO] [1790050937.656420366] [robot1.local_costmap.local_costmap]: StaticLayer: Resizing static layer to 160 X 311 at 0.050000 m/pix
[component_container_isolated-1] [INFO] [1790050937.887468866] [robot1.global_costmap.global_costmap]: StaticLayer: Resizing costmap to 160 X 311 at 0.050000 m/pix
[component_container_isolated-1] [INFO] [1790050938.000760333] [robot1.controller_server]: Passing new path to controller.
[component_container_isolated-1] [INFO] [1790050938.380291919] [robot1.bt_navigator]: Received goal preemption request
[component_container_isolated-1] [INFO] [1790050938.380431131] [robot1.bt_navigator]: Begin navigating from current location (-1.04, -4.18) to (-1.01, -4.77)
[component_container_isolated-1] [INFO] [1790050939.000790355] [robot1.controller_server]: Passing new path to controller.
[component_container_isolated-1] [INFO] [1790050939.380320643] [robot1.bt_navigator]: Received goal preemption request
[component_container_isolated-1] [INFO] [1790050939.380427043] [robot1.bt_navigator]: Begin navigating from current location (-1.03, -4.41) to (-0.97, -5.49)
[component_container_isolated-1] [INFO] [1790050939.656467919] [robot1.local_costmap.local_costmap]: StaticLayer: Resizing static layer to 167 X 311 at 0.050000 m/pix
[component_container_isolated-1] [INFO] [1790050939.887475183] [robot1.global_costmap.global_costmap]: StaticLayer: Resizing costmap to 167 X 311 at 0.050000 m/pix
[component_container_isolated-1] [INFO] [1790050940.050761761] [robot1.controller_server]: Passing new path to controller.
[component_container_isolated-1] [INFO] [1790050940.380332121] [robot1.bt_navigator]: Received goal preemption request
[component_container_isolated-1] [INFO] [1790050940.380426198] [robot1.bt_navigator]: Begin navigating from current location (-1.03, -4.55) to (-0.95, -5.71)
[component_container_isolated-1] [INFO] [1790050941.100762653] [robot1.controller_server]: Passing new path to controller.
[component_container_isolated-1] [INFO] [1790050941.380314520] [robot1.bt_navigator]: Received goal preemption request
[component_container_isolated-1] [INFO] [1790050941.380413674] [robot1.bt_navigator]: Begin navigating from current location (-1.03, -4.71) to (-0.62, -5.56)
[component_container_isolated-1] [INFO] [1790050942.100774404] [robot1.controller_server]: Passing new path to controller.
[component_container_isolated-1] [INFO] [1790050942.380322539] [robot1.bt_navigator]: Received goal preemption request
[component_container_isolated-1] [INFO] [1790050942.380412710] [robot1.bt_navigator]: Begin navigating from current location (-1.02, -4.94) to (-1.28, -5.62)
[component_container_isolated-1] [INFO] [1790050943.150785542] [robot1.controller_server]: Passing new path to controller.
[component_container_isolated-1] [INFO] [1790050943.380318673] [robot1.bt_navigator]: Received goal preemption request
[component_container_isolated-1] [INFO] [1790050943.380417401] [robot1.bt_navigator]: Begin navigating from current location (-0.99, -5.11) to (-0.31, -5.72)
[component_container_isolated-1] [INFO] [1790050944.150787911] [robot1.controller_server]: Passing new path to controller.
[component_container_isolated-1] [INFO] [1790050944.256409582] [robot1.local_costmap.local_costmap]: StaticLayer: Resizing static layer to 183 X 311 at 0.050000 m/pix
[component_container_isolated-1] [INFO] [1790050944.887473298] [robot1.global_costmap.global_costmap]: StaticLayer: Resizing costmap to 183 X 311 at 0.050000 m/pix
[component_container_isolated-1] [INFO] [1790050945.200779073] [robot1.controller_server]: Passing new path to controller.
[component_container_isolated-1] [INFO] [1790050945.256450033] [robot1.local_costmap.local_costmap]: StaticLayer: Resizing static layer to 184 X 311 at 0.050000 m/pix
[component_container_isolated-1] [INFO] [1790050945.887512581] [robot1.global_costmap.global_costmap]: StaticLayer: Resizing costmap to 184 X 311 at 0.050000 m/pix
[component_container_isolated-1] [INFO] [1790050946.200790176] [robot1.controller_server]: Passing new path to controller.
[component_container_isolated-1] [INFO] [1790050946.256416451] [robot1.local_costmap.local_costmap]: StaticLayer: Resizing static layer to 185 X 311 at 0.050000 m/pix
[component_container_isolated-1] [INFO] [1790050946.887502760] [robot1.global_costmap.global_costmap]: StaticLayer: Resizing costmap to 185 X 311 at 0.050000 m/pix
[component_container_isolated-1] [INFO] [1790050947.250773149] [robot1.controller_server]: Passing new path to controller.
[component_container_isolated-1] [INFO] [1790050948.300764609] [robot1.controller_server]: Passing new path to controller.
[component_container_isolated-1] [INFO] [1790050949.300759861] [robot1.controller_server]: Passing new path to controller.
[component_container_isolated-1] [INFO] [1790050950.350783044] [robot1.controller_server]: Passing new path to controller.
[component_container_isolated-1] [INFO] [1790050951.102694240] [robot1.controller_server]: Reached the goal!
[component_container_isolated-1] [INFO] [1790050951.140319263] [robot1.bt_navigator]: Goal succeeded
[component_container_isolated-1] [INFO] [1790051001.139421070] [robot1.local_costmap.local_costmap]: Message Filter dropping message: frame 'rplidar_link' at time 1790051000.592 for reason 'the timestamp on the message is earlier than all the data in the transform cache'
[component_container_isolated-1] [ERROR] [1790051041.190331909] [transformPoseInTargetFrame]: Extrapolation Error looking up target frame: Lookup would require extrapolation into the past.  Requested time 1790051024.958730 but the earliest data is at time 1790051029.413479, when looking up transform from frame [base_link] to frame [map]
[component_container_isolated-1] 
[component_container_isolated-1] [ERROR] [1790051042.190874303] [transformPoseInTargetFrame]: Extrapolation Error looking up target frame: Lookup would require extrapolation into the past.  Requested time 1790051024.958730 but the earliest data is at time 1790051029.413479, when looking up transform from frame [base_link] to frame [map]
[component_container_isolated-1] 
[component_container_isolated-1] [ERROR] [1790051043.190015056] [transformPoseInTargetFrame]: Extrapolation Error looking up target frame: Lookup would require extrapolation into the past.  Requested time 1790051024.958730 but the earliest data is at time 1790051029.413479, when looking up transform from frame [base_link] to frame [map]
[component_container_isolated-1] 
[component_container_isolated-1] [ERROR] [1790051044.191013743] [transformPoseInTargetFrame]: Extrapolation Error looking up target frame: Lookup would require extrapolation into the past.  Requested time 1790051024.958730 but the earliest data is at time 1790051029.413479, when looking up transform from frame [base_link] to frame [map]
[component_container_isolated-1] 
[component_container_isolated-1] [ERROR] [1790051045.190672671] [transformPoseInTargetFrame]: Extrapolation Error looking up target frame: Lookup would require extrapolation into the past.  Requested time 1790051024.958730 but the earliest data is at time 1790051029.413479, when looking up transform from frame [base_link] to frame [map]
[component_container_isolated-1] 
[component_container_isolated-1] [ERROR] [1790051046.190383026] [transformPoseInTargetFrame]: Extrapolation Error looking up target frame: Lookup would require extrapolation into the past.  Requested time 1790051024.958730 but the earliest data is at time 1790051029.413479, when looking up transform from frame [base_link] to frame [map]
[component_container_isolated-1] 
[component_container_isolated-1] [ERROR] [1790051047.190501237] [transformPoseInTargetFrame]: Extrapolation Error looking up target frame: Lookup would require extrapolation into the past.  Requested time 1790051024.958730 but the earliest data is at time 1790051029.413479, when looking up transform from frame [base_link] to frame [map]
[component_container_isolated-1] 
[component_container_isolated-1] [ERROR] [1790051048.190362586] [transformPoseInTargetFrame]: Extrapolation Error looking up target frame: Lookup would require extrapolation into the past.  Requested time 1790051024.958730 but the earliest data is at time 1790051034.565550, when looking up transform from frame [base_link] to frame [map]
[component_container_isolated-1] 
[component_container_isolated-1] [ERROR] [1790051049.190431450] [transformPoseInTargetFrame]: Extrapolation Error looking up target frame: Lookup would require extrapolation into the past.  Requested time 1790051024.958730 but the earliest data is at time 1790051034.565550, when looking up transform from frame [base_link] to frame [map]
[component_container_isolated-1] 
[component_container_isolated-1] [ERROR] [1790051050.190280880] [transformPoseInTargetFrame]: Extrapolation Error looking up target frame: Lookup would require extrapolation into the past.  Requested time 1790051024.958730 but the earliest data is at time 1790051034.565550, when looking up transform from frame [base_link] to frame [map]
[component_container_isolated-1] 
[component_container_isolated-1] [ERROR] [1790051051.190775556] [transformPoseInTargetFrame]: Extrapolation Error looking up target frame: Lookup would require extrapolation into the past.  Requested time 1790051024.958730 but the earliest data is at time 1790051034.565550, when looking up transform from frame [base_link] to frame [map]
[component_container_isolated-1] 
[component_container_isolated-1] [ERROR] [1790051052.191258630] [transformPoseInTargetFrame]: Extrapolation Error looking up target frame: Lookup would require extrapolation into the past.  Requested time 1790051024.958730 but the earliest data is at time 1790051039.717643, when looking up transform from frame [base_link] to frame [map]
[component_container_isolated-1] 
[component_container_isolated-1] [ERROR] [1790051053.191385378] [transformPoseInTargetFrame]: Extrapolation Error looking up target frame: Lookup would require extrapolation into the past.  Requested time 1790051024.958730 but the earliest data is at time 1790051039.717643, when looking up transform from frame [base_link] to frame [map]
[component_container_isolated-1] 
[component_container_isolated-1] [ERROR] [1790051054.191572306] [transformPoseInTargetFrame]: Extrapolation Error looking up target frame: Lookup would require extrapolation into the past.  Requested time 1790051024.958730 but the earliest data is at time 1790051039.717643, when looking up transform from frame [base_link] to frame [map]
[component_container_isolated-1] 
[component_container_isolated-1] [ERROR] [1790051055.191821959] [transformPoseInTargetFrame]: Extrapolation Error looking up target frame: Lookup would require extrapolation into the past.  Requested time 1790051024.958730 but the earliest data is at time 1790051039.717643, when looking up transform from frame [base_link] to frame [map]
[component_container_isolated-1] 
[component_container_isolated-1] [ERROR] [1790051056.191015589] [transformPoseInTargetFrame]: Extrapolation Error looking up target frame: Lookup would require extrapolation into the past.  Requested time 1790051024.958730 but the earliest data is at time 1790051039.717643, when looking up transform from frame [base_link] to frame [map]
[component_container_isolated-1] 
[component_container_isolated-1] [ERROR] [1790051057.190061249] [transformPoseInTargetFrame]: Extrapolation Error looking up target frame: Lookup would require extrapolation into the past.  Requested time 1790051024.958730 but the earliest data is at time 1790051039.717643, when looking up transform from frame [base_link] to frame [map]
[component_container_isolated-1] 
[component_container_isolated-1] [ERROR] [1790051058.190333202] [transformPoseInTargetFrame]: Extrapolation Error looking up target frame: Lookup would require extrapolation into the past.  Requested time 1790051024.958730 but the earliest data is at time 1790051039.717643, when looking up transform from frame [base_link] to frame [map]
[component_container_isolated-1] 
[component_container_isolated-1] [ERROR] [1790051059.190911232] [transformPoseInTargetFrame]: Extrapolation Error looking up target frame: Lookup would require extrapolation into the past.  Requested time 1790051024.958730 but the earliest data is at time 1790051039.717643, when looking up transform from frame [base_link] to frame [map]
[component_container_isolated-1] 
[component_container_isolated-1] [ERROR] [1790051060.190810264] [transformPoseInTargetFrame]: Extrapolation Error looking up target frame: Lookup would require extrapolation into the past.  Requested time 1790051024.958730 but the earliest data is at time 1790051039.717643, when looking up transform from frame [base_link] to frame [map]
[component_container_isolated-1] 
[component_container_isolated-1] [ERROR] [1790051061.190372323] [transformPoseInTargetFrame]: Extrapolation Error looking up target frame: Lookup would require extrapolation into the past.  Requested time 1790051024.958730 but the earliest data is at time 1790051039.717643, when looking up transform from frame [base_link] to frame [map]
[component_container_isolated-1] 
[component_container_isolated-1] [ERROR] [1790051062.191451925] [transformPoseInTargetFrame]: Extrapolation Error looking up target frame: Lookup would require extrapolation into the past.  Requested time 1790051024.958730 but the earliest data is at time 1790051039.717643, when looking up transform from frame [base_link] to frame [map]
[component_container_isolated-1] 
[component_container_isolated-1] [ERROR] [1790051063.190155724] [transformPoseInTargetFrame]: Extrapolation Error looking up target frame: Lookup would require extrapolation into the past.  Requested time 1790051024.958730 but the earliest data is at time 1790051046.918617, when looking up transform from frame [base_link] to frame [map]
[component_container_isolated-1] 
[component_container_isolated-1] [INFO] [1790051063.888355031] [robot1.global_costmap.global_costmap]: Message Filter dropping message: frame 'rplidar_link' at time 1790051047.499 for reason 'the timestamp on the message is earlier than all the data in the transform cache'
[component_container_isolated-1] [ERROR] [1790051064.189979897] [transformPoseInTargetFrame]: Extrapolation Error looking up target frame: Lookup would require extrapolation into the past.  Requested time 1790051024.958730 but the earliest data is at time 1790051046.918617, when looking up transform from frame [base_link] to frame [map]
[component_container_isolated-1] 
[component_container_isolated-1] [ERROR] [1790051065.189954039] [transformPoseInTargetFrame]: Extrapolation Error looking up target frame: Lookup would require extrapolation into the past.  Requested time 1790051024.958730 but the earliest data is at time 1790051046.918617, when looking up transform from frame [base_link] to frame [map]
[component_container_isolated-1] 
[component_container_isolated-1] [ERROR] [1790051066.190340693] [transformPoseInTargetFrame]: Extrapolation Error looking up target frame: Lookup would require extrapolation into the past.  Requested time 1790051024.958730 but the earliest data is at time 1790051046.918617, when looking up transform from frame [base_link] to frame [map]
[component_container_isolated-1] 
[component_container_isolated-1] [ERROR] [1790051067.189997992] [transformPoseInTargetFrame]: Extrapolation Error looking up target frame: Lookup would require extrapolation into the past.  Requested time 1790051024.958730 but the earliest data is at time 1790051046.918617, when looking up transform from frame [base_link] to frame [map]
[component_container_isolated-1] 
[component_container_isolated-1] [ERROR] [1790051068.190344633] [transformPoseInTargetFrame]: Extrapolation Error looking up target frame: Lookup would require extrapolation into the past.  Requested time 1790051024.958730 but the earliest data is at time 1790051046.918617, when looking up transform from frame [base_link] to frame [map]
[component_container_isolated-1] 
[component_container_isolated-1] [ERROR] [1790051069.191517118] [transformPoseInTargetFrame]: Extrapolation Error looking up target frame: Lookup would require extrapolation into the past.  Requested time 1790051024.958730 but the earliest data is at time 1790051046.918617, when looking up transform from frame [base_link] to frame [map]
[component_container_isolated-1] 
[component_container_isolated-1] [ERROR] [1790051070.190927562] [transformPoseInTargetFrame]: Extrapolation Error looking up target frame: Lookup would require extrapolation into the past.  Requested time 1790051024.958730 but the earliest data is at time 1790051046.918617, when looking up transform from frame [base_link] to frame [map]
[component_container_isolated-1] 
[component_container_isolated-1] [ERROR] [1790051071.191048585] [transformPoseInTargetFrame]: Extrapolation Error looking up target frame: Lookup would require extrapolation into the past.  Requested time 1790051024.958730 but the earliest data is at time 1790051046.918617, when looking up transform from frame [base_link] to frame [map]
[component_container_isolated-1] 
[component_container_isolated-1] [ERROR] [1790051072.190896968] [transformPoseInTargetFrame]: Extrapolation Error looking up target frame: Lookup would require extrapolation into the past.  Requested time 1790051024.958730 but the earliest data is at time 1790051061.910732, when looking up transform from frame [base_link] to frame [map]
[component_container_isolated-1] 
[component_container_isolated-1] [ERROR] [1790051073.190967441] [transformPoseInTargetFrame]: Extrapolation Error looking up target frame: Lookup would require extrapolation into the past.  Requested time 1790051024.958730 but the earliest data is at time 1790051061.910732, when looking up transform from frame [base_link] to frame [map]
[component_container_isolated-1] 
[component_container_isolated-1] [ERROR] [1790051074.191048274] [transformPoseInTargetFrame]: Extrapolation Error looking up target frame: Lookup would require extrapolation into the past.  Requested time 1790051024.958730 but the earliest data is at time 1790051061.910732, when looking up transform from frame [base_link] to frame [map]
[component_container_isolated-1] 
[component_container_isolated-1] [ERROR] [1790051075.190071184] [transformPoseInTargetFrame]: Extrapolation Error looking up target frame: Lookup would require extrapolation into the past.  Requested time 1790051024.958730 but the earliest data is at time 1790051061.910732, when looking up transform from frame [base_link] to frame [map]
[component_container_isolated-1] 
[component_container_isolated-1] [ERROR] [1790051076.190386473] [transformPoseInTargetFrame]: Extrapolation Error looking up target frame: Lookup would require extrapolation into the past.  Requested time 1790051024.958730 but the earliest data is at time 1790051061.910732, when looking up transform from frame [base_link] to frame [map]
[component_container_isolated-1] 
[component_container_isolated-1] [ERROR] [1790051077.190986645] [transformPoseInTargetFrame]: Extrapolation Error looking up target frame: Lookup would require extrapolation into the past.  Requested time 1790051024.958730 but the earliest data is at time 1790051061.910732, when looking up transform from frame [base_link] to frame [map]
[component_container_isolated-1] 
[component_container_isolated-1] [ERROR] [1790051078.190952697] [transformPoseInTargetFrame]: Extrapolation Error looking up target frame: Lookup would require extrapolation into the past.  Requested time 1790051024.958730 but the earliest data is at time 1790051061.910732, when looking up transform from frame [base_link] to frame [map]
[component_container_isolated-1] 
[component_container_isolated-1] [ERROR] [1790051079.190387659] [transformPoseInTargetFrame]: Extrapolation Error looking up target frame: Lookup would require extrapolation into the past.  Requested time 1790051024.958730 but the earliest data is at time 1790051061.910732, when looking up transform from frame [base_link] to frame [map]
[component_container_isolated-1] 
[component_container_isolated-1] [ERROR] [1790051080.190648697] [transformPoseInTargetFrame]: Extrapolation Error looking up target frame: Lookup would require extrapolation into the past.  Requested time 1790051024.958730 but the earliest data is at time 1790051061.910732, when looking up transform from frame [base_link] to frame [map]
[component_container_isolated-1] 
[component_container_isolated-1] [ERROR] [1790051081.190224068] [transformPoseInTargetFrame]: Extrapolation Error looking up target frame: Lookup would require extrapolation into the past.  Requested time 1790051024.958730 but the earliest data is at time 1790051061.910732, when looking up transform from frame [base_link] to frame [map]
[component_container_isolated-1] 
[component_container_isolated-1] [ERROR] [1790051082.190522579] [transformPoseInTargetFrame]: Extrapolation Error looking up target frame: Lookup would require extrapolation into the past.  Requested time 1790051024.958730 but the earliest data is at time 1790051061.910732, when looking up transform from frame [base_link] to frame [map]
[component_container_isolated-1] 
[component_container_isolated-1] [ERROR] [1790051083.192554620] [transformPoseInTargetFrame]: Extrapolation Error looking up target frame: Lookup would require extrapolation into the past.  Requested time 1790051024.958730 but the earliest data is at time 1790051061.910732, when looking up transform from frame [base_link] to frame [map]
[component_container_isolated-1] 
[component_container_isolated-1] [ERROR] [1790051084.191998058] [transformPoseInTargetFrame]: Extrapolation Error looking up target frame: Lookup would require extrapolation into the past.  Requested time 1790051024.958730 but the earliest data is at time 1790051061.910732, when looking up transform from frame [base_link] to frame [map]
[component_container_isolated-1] 
[component_container_isolated-1] [ERROR] [1790051085.190908950] [transformPoseInTargetFrame]: Extrapolation Error looking up target frame: Lookup would require extrapolation into the past.  Requested time 1790051024.958730 but the earliest data is at time 1790051061.910732, when looking up transform from frame [base_link] to frame [map]
[component_container_isolated-1] 
[component_container_isolated-1] [ERROR] [1790051086.191198686] [transformPoseInTargetFrame]: Extrapolation Error looking up target frame: Lookup would require extrapolation into the past.  Requested time 1790051024.958730 but the earliest data is at time 1790051061.910732, when looking up transform from frame [base_link] to frame [map]
[component_container_isolated-1] 
[component_container_isolated-1] [ERROR] [1790051087.190768250] [transformPoseInTargetFrame]: Extrapolation Error looking up target frame: Lookup would require extrapolation into the past.  Requested time 1790051024.958730 but the earliest data is at time 1790051061.910732, when looking up transform from frame [base_link] to frame [map]
[component_container_isolated-1] 
[component_container_isolated-1] [ERROR] [1790051088.191910501] [transformPoseInTargetFrame]: Extrapolation Error looking up target frame: Lookup would require extrapolation into the past.  Requested time 1790051024.958730 but the earliest data is at time 1790051061.910732, when looking up transform from frame [base_link] to frame [map]
[component_container_isolated-1] 
[component_container_isolated-1] [ERROR] [1790051089.190543667] [transformPoseInTargetFrame]: Extrapolation Error looking up target frame: Lookup would require extrapolation into the past.  Requested time 1790051024.958730 but the earliest data is at time 1790051061.910732, when looking up transform from frame [base_link] to frame [map]
[component_container_isolated-1] 
[component_container_isolated-1] [ERROR] [1790051090.191624575] [transformPoseInTargetFrame]: Extrapolation Error looking up target frame: Lookup would require extrapolation into the past.  Requested time 1790051024.958730 but the earliest data is at time 1790051071.655628, when looking up transform from frame [base_link] to frame [map]
[component_container_isolated-1] 
[component_container_isolated-1] [ERROR] [1790051091.191014960] [transformPoseInTargetFrame]: Extrapolation Error looking up target frame: Lookup would require extrapolation into the past.  Requested time 1790051024.958730 but the earliest data is at time 1790051081.558981, when looking up transform from frame [base_link] to frame [map]
[component_container_isolated-1] 
[component_container_isolated-1] [ERROR] [1790051092.190394269] [transformPoseInTargetFrame]: Extrapolation Error looking up target frame: Lookup would require extrapolation into the past.  Requested time 1790051024.958730 but the earliest data is at time 1790051081.558981, when looking up transform from frame [base_link] to frame [map]
[component_container_isolated-1] 
[component_container_isolated-1] [ERROR] [1790051093.190514115] [transformPoseInTargetFrame]: Extrapolation Error looking up target frame: Lookup would require extrapolation into the past.  Requested time 1790051024.958730 but the earliest data is at time 1790051081.558981, when looking up transform from frame [base_link] to frame [map]
[component_container_isolated-1] 
[component_container_isolated-1] [ERROR] [1790051094.191266168] [transformPoseInTargetFrame]: Extrapolation Error looking up target frame: Lookup would require extrapolation into the past.  Requested time 1790051024.958730 but the earliest data is at time 1790051081.558981, when looking up transform from frame [base_link] to frame [map]
[component_container_isolated-1] 
[component_container_isolated-1] [ERROR] [1790051095.192610012] [transformPoseInTargetFrame]: Extrapolation Error looking up target frame: Lookup would require extrapolation into the past.  Requested time 1790051024.958730 but the earliest data is at time 1790051081.558981, when looking up transform from frame [base_link] to frame [map]
[component_container_isolated-1] 
[component_container_isolated-1] [ERROR] [1790051096.191156874] [transformPoseInTargetFrame]: Extrapolation Error looking up target frame: Lookup would require extrapolation into the past.  Requested time 1790051024.958730 but the earliest data is at time 1790051081.558981, when looking up transform from frame [base_link] to frame [map]
[component_container_isolated-1] 
[component_container_isolated-1] [ERROR] [1790051097.189977668] [transformPoseInTargetFrame]: Extrapolation Error looking up target frame: Lookup would require extrapolation into the past.  Requested time 1790051024.958730 but the earliest data is at time 1790051081.558981, when looking up transform from frame [base_link] to frame [map]
[component_container_isolated-1] 
[component_container_isolated-1] [ERROR] [1790051098.190426638] [transformPoseInTargetFrame]: Extrapolation Error looking up target frame: Lookup would require extrapolation into the past.  Requested time 1790051024.958730 but the earliest data is at time 1790051081.558981, when looking up transform from frame [base_link] to frame [map]
[component_container_isolated-1] 
[component_container_isolated-1] [ERROR] [1790051099.189867976] [transformPoseInTargetFrame]: Extrapolation Error looking up target frame: Lookup would require extrapolation into the past.  Requested time 1790051024.958730 but the earliest data is at time 1790051081.558981, when looking up transform from frame [base_link] to frame [map]
[component_container_isolated-1] 
[component_container_isolated-1] [ERROR] [1790051100.190268174] [transformPoseInTargetFrame]: Extrapolation Error looking up target frame: Lookup would require extrapolation into the past.  Requested time 1790051024.958730 but the earliest data is at time 1790051081.558981, when looking up transform from frame [base_link] to frame [map]
[component_container_isolated-1] 
[component_container_isolated-1] [ERROR] [1790051101.191273432] [transformPoseInTargetFrame]: Extrapolation Error looking up target frame: Lookup would require extrapolation into the past.  Requested time 1790051024.958730 but the earliest data is at time 1790051081.558981, when looking up transform from frame [base_link] to frame [map]
[component_container_isolated-1] 
[component_container_isolated-1] [ERROR] [1790051102.190906802] [transformPoseInTargetFrame]: Extrapolation Error looking up target frame: Lookup would require extrapolation into the past.  Requested time 1790051024.958730 but the earliest data is at time 1790051081.558981, when looking up transform from frame [base_link] to frame [map]
[component_container_isolated-1] 
[component_container_isolated-1] [ERROR] [1790051103.191248589] [transformPoseInTargetFrame]: Extrapolation Error looking up target frame: Lookup would require extrapolation into the past.  Requested time 1790051024.958730 but the earliest data is at time 1790051081.558981, when looking up transform from frame [base_link] to frame [map]
[component_container_isolated-1] 
[component_container_isolated-1] [ERROR] [1790051104.190670906] [transformPoseInTargetFrame]: Extrapolation Error looking up target frame: Lookup would require extrapolation into the past.  Requested time 1790051024.958730 but the earliest data is at time 1790051081.558981, when looking up transform from frame [base_link] to frame [map]
[component_container_isolated-1] 
[component_container_isolated-1] [ERROR] [1790051105.190142673] [transformPoseInTargetFrame]: Extrapolation Error looking up target frame: Lookup would require extrapolation into the past.  Requested time 1790051024.958730 but the earliest data is at time 1790051081.558981, when looking up transform from frame [base_link] to frame [map]
[component_container_isolated-1] 
[component_container_isolated-1] [ERROR] [1790051106.191577954] [transformPoseInTargetFrame]: Extrapolation Error looking up target frame: Lookup would require extrapolation into the past.  Requested time 1790051024.958730 but the earliest data is at time 1790051081.558981, when looking up transform from frame [base_link] to frame [map]
[component_container_isolated-1] 
[component_container_isolated-1] [ERROR] [1790051107.189963798] [transformPoseInTargetFrame]: Extrapolation Error looking up target frame: Lookup would require extrapolation into the past.  Requested time 1790051024.958730 but the earliest data is at time 1790051081.558981, when looking up transform from frame [base_link] to frame [map]
[component_container_isolated-1] 
[component_container_isolated-1] [ERROR] [1790051108.190366949] [transformPoseInTargetFrame]: Extrapolation Error looking up target frame: Lookup would require extrapolation into the past.  Requested time 1790051024.958730 but the earliest data is at time 1790051100.664826, when looking up transform from frame [base_link] to frame [map]
[component_container_isolated-1] 
[component_container_isolated-1] [ERROR] [1790051109.190314794] [transformPoseInTargetFrame]: Extrapolation Error looking up target frame: Lookup would require extrapolation into the past.  Requested time 1790051024.958730 but the earliest data is at time 1790051100.664826, when looking up transform from frame [base_link] to frame [map]
[component_container_isolated-1] 
[component_container_isolated-1] [ERROR] [1790051110.190212804] [transformPoseInTargetFrame]: Extrapolation Error looking up target frame: Lookup would require extrapolation into the past.  Requested time 1790051024.958730 but the earliest data is at time 1790051100.664826, when looking up transform from frame [base_link] to frame [map]
[component_container_isolated-1] 
[component_container_isolated-1] [ERROR] [1790051111.190456216] [transformPoseInTargetFrame]: Extrapolation Error looking up target frame: Lookup would require extrapolation into the past.  Requested time 1790051024.958730 but the earliest data is at time 1790051100.664826, when looking up transform from frame [base_link] to frame [map]
[component_container_isolated-1] 
[component_container_isolated-1] [ERROR] [1790051112.190778476] [transformPoseInTargetFrame]: Extrapolation Error looking up target frame: Lookup would require extrapolation into the past.  Requested time 1790051024.958730 but the earliest data is at time 1790051100.664826, when looking up transform from frame [base_link] to frame [map]
[component_container_isolated-1] 
[component_container_isolated-1] [ERROR] [1790051113.190898001] [transformPoseInTargetFrame]: Extrapolation Error looking up target frame: Lookup would require extrapolation into the past.  Requested time 1790051024.958730 but the earliest data is at time 1790051100.664826, when looking up transform from frame [base_link] to frame [map]
[component_container_isolated-1] 
[component_container_isolated-1] [ERROR] [1790051114.192308237] [transformPoseInTargetFrame]: Extrapolation Error looking up target frame: Lookup would require extrapolation into the past.  Requested time 1790051024.958730 but the earliest data is at time 1790051100.664826, when looking up transform from frame [base_link] to frame [map]
[component_container_isolated-1] 
[component_container_isolated-1] [ERROR] [1790051115.190676158] [transformPoseInTargetFrame]: Extrapolation Error looking up target frame: Lookup would require extrapolation into the past.  Requested time 1790051024.958730 but the earliest data is at time 1790051100.664826, when looking up transform from frame [base_link] to frame [map]
[component_container_isolated-1] 
[component_container_isolated-1] [ERROR] [1790051116.190412092] [transformPoseInTargetFrame]: Extrapolation Error looking up target frame: Lookup would require extrapolation into the past.  Requested time 1790051024.958730 but the earliest data is at time 1790051100.664826, when looking up transform from frame [base_link] to frame [map]
[component_container_isolated-1] 
[component_container_isolated-1] [ERROR] [1790051117.190950163] [transformPoseInTargetFrame]: Extrapolation Error looking up target frame: Lookup would require extrapolation into the past.  Requested time 1790051024.958730 but the earliest data is at time 1790051100.664826, when looking up transform from frame [base_link] to frame [map]
[component_container_isolated-1] 
[component_container_isolated-1] [ERROR] [1790051118.190203926] [transformPoseInTargetFrame]: Extrapolation Error looking up target frame: Lookup would require extrapolation into the past.  Requested time 1790051024.958730 but the earliest data is at time 1790051100.664826, when looking up transform from frame [base_link] to frame [map]
[component_container_isolated-1] 
[component_container_isolated-1] [ERROR] [1790051119.190428717] [transformPoseInTargetFrame]: Extrapolation Error looking up target frame: Lookup would require extrapolation into the past.  Requested time 1790051024.958730 but the earliest data is at time 1790051100.664826, when looking up transform from frame [base_link] to frame [map]
[component_container_isolated-1] 
[component_container_isolated-1] [ERROR] [1790051120.190795638] [transformPoseInTargetFrame]: Extrapolation Error looking up target frame: Lookup would require extrapolation into the past.  Requested time 1790051024.958730 but the earliest data is at time 1790051100.664826, when looking up transform from frame [base_link] to frame [map]
[component_container_isolated-1] 
[component_container_isolated-1] [ERROR] [1790051121.190707566] [transformPoseInTargetFrame]: Extrapolation Error looking up target frame: Lookup would require extrapolation into the past.  Requested time 1790051024.958730 but the earliest data is at time 1790051100.664826, when looking up transform from frame [base_link] to frame [map]
[component_container_isolated-1] 
[component_container_isolated-1] [ERROR] [1790051122.192032097] [transformPoseInTargetFrame]: Extrapolation Error looking up target frame: Lookup would require extrapolation into the past.  Requested time 1790051024.958730 but the earliest data is at time 1790051100.664826, when looking up transform from frame [base_link] to frame [map]
[component_container_isolated-1] 
[component_container_isolated-1] [ERROR] [1790051123.191594444] [transformPoseInTargetFrame]: Extrapolation Error looking up target frame: Lookup would require extrapolation into the past.  Requested time 1790051024.958730 but the earliest data is at time 1790051100.664826, when looking up transform from frame [base_link] to frame [map]
[component_container_isolated-1] 
[component_container_isolated-1] [ERROR] [1790051124.191679618] [transformPoseInTargetFrame]: Extrapolation Error looking up target frame: Lookup would require extrapolation into the past.  Requested time 1790051024.958730 but the earliest data is at time 1790051100.664826, when looking up transform from frame [base_link] to frame [map]
[component_container_isolated-1] 
[component_container_isolated-1] [ERROR] [1790051125.192595258] [transformPoseInTargetFrame]: Extrapolation Error looking up target frame: Lookup would require extrapolation into the past.  Requested time 1790051024.958730 but the earliest data is at time 1790051100.664826, when looking up transform from frame [base_link] to frame [map]
[component_container_isolated-1] 
[component_container_isolated-1] [ERROR] [1790051126.192128815] [transformPoseInTargetFrame]: Extrapolation Error looking up target frame: Lookup would require extrapolation into the past.  Requested time 1790051024.958730 but the earliest data is at time 1790051100.664826, when looking up transform from frame [base_link] to frame [map]
[component_container_isolated-1] 
[component_container_isolated-1] [ERROR] [1790051127.190614430] [transformPoseInTargetFrame]: Extrapolation Error looking up target frame: Lookup would require extrapolation into the past.  Requested time 1790051024.958730 but the earliest data is at time 1790051106.969587, when looking up transform from frame [base_link] to frame [map]
[component_container_isolated-1] 
[component_container_isolated-1] [ERROR] [1790051128.191670387] [transformPoseInTargetFrame]: Extrapolation Error looking up target frame: Lookup would require extrapolation into the past.  Requested time 1790051024.958730 but the earliest data is at time 1790051106.969587, when looking up transform from frame [base_link] to frame [map]
[component_container_isolated-1] 
[component_container_isolated-1] [ERROR] [1790051129.191461276] [transformPoseInTargetFrame]: Extrapolation Error looking up target frame: Lookup would require extrapolation into the past.  Requested time 1790051024.958730 but the earliest data is at time 1790051106.969587, when looking up transform from frame [base_link] to frame [map]
[component_container_isolated-1] 
[component_container_isolated-1] [ERROR] [1790051130.192207192] [transformPoseInTargetFrame]: Extrapolation Error looking up target frame: Lookup would require extrapolation into the past.  Requested time 1790051024.958730 but the earliest data is at time 1790051106.969587, when looking up transform from frame [base_link] to frame [map]
[component_container_isolated-1] 
[component_container_isolated-1] [ERROR] [1790051131.191774269] [transformPoseInTargetFrame]: Extrapolation Error looking up target frame: Lookup would require extrapolation into the past.  Requested time 1790051024.958730 but the earliest data is at time 1790051106.969587, when looking up transform from frame [base_link] to frame [map]
[component_container_isolated-1] 
[component_container_isolated-1] [ERROR] [1790051132.190895569] [transformPoseInTargetFrame]: Extrapolation Error looking up target frame: Lookup would require extrapolation into the past.  Requested time 1790051024.958730 but the earliest data is at time 1790051106.969587, when looking up transform from frame [base_link] to frame [map]
[component_container_isolated-1] 
[component_container_isolated-1] [ERROR] [1790051133.191139016] [transformPoseInTargetFrame]: Extrapolation Error looking up target frame: Lookup would require extrapolation into the past.  Requested time 1790051024.958730 but the earliest data is at time 1790051106.969587, when looking up transform from frame [base_link] to frame [map]
[component_container_isolated-1] 
[component_container_isolated-1] [ERROR] [1790051134.190511606] [transformPoseInTargetFrame]: Extrapolation Error looking up target frame: Lookup would require extrapolation into the past.  Requested time 1790051024.958730 but the earliest data is at time 1790051106.969587, when looking up transform from frame [base_link] to frame [map]
[component_container_isolated-1] 
[component_container_isolated-1] [ERROR] [1790051135.191732907] [transformPoseInTargetFrame]: Extrapolation Error looking up target frame: Lookup would require extrapolation into the past.  Requested time 1790051024.958730 but the earliest data is at time 1790051126.153938, when looking up transform from frame [base_link] to frame [map]
[component_container_isolated-1] 
[component_container_isolated-1] [ERROR] [1790051136.191223204] [transformPoseInTargetFrame]: Extrapolation Error looking up target frame: Lookup would require extrapolation into the past.  Requested time 1790051024.958730 but the earliest data is at time 1790051126.153938, when looking up transform from frame [base_link] to frame [map]
[component_container_isolated-1] 
[component_container_isolated-1] [ERROR] [1790051137.189908141] [transformPoseInTargetFrame]: Extrapolation Error looking up target frame: Lookup would require extrapolation into the past.  Requested time 1790051024.958730 but the earliest data is at time 1790051126.153938, when looking up transform from frame [base_link] to frame [map]
[component_container_isolated-1] 
[component_container_isolated-1] [INFO] [1790051137.623911097] [robot1.global_costmap.global_costmap]: Message Filter dropping message: frame 'rplidar_link' at time 1790051124.656 for reason 'the timestamp on the message is earlier than all the data in the transform cache'
[component_container_isolated-1] [ERROR] [1790051138.191034755] [transformPoseInTargetFrame]: Extrapolation Error looking up target frame: Lookup would require extrapolation into the past.  Requested time 1790051024.958730 but the earliest data is at time 1790051126.153938, when looking up transform from frame [base_link] to frame [map]
[component_container_isolated-1] 
[component_container_isolated-1] [INFO] [1790051149.303836420] [robot1.local_costmap.local_costmap]: Message Filter dropping message: frame 'rplidar_link' at time 1790051142.466 for reason 'the timestamp on the message is earlier than all the data in the transform cache'
[component_container_isolated-1] [INFO] [1790051151.999024900] [robot1.global_costmap.global_costmap]: Message Filter dropping message: frame 'rplidar_link' at time 1790051150.312 for reason 'the timestamp on the message is earlier than all the data in the transform cache'
[component_container_isolated-1] [INFO] [1790051151.999024911] [robot1.local_costmap.local_costmap]: Message Filter dropping message: frame 'rplidar_link' at time 1790051150.312 for reason 'the timestamp on the message is earlier than all the data in the transform cache'
[component_container_isolated-1] [INFO] [1790051169.575119166] [robot1.global_costmap.global_costmap]: Message Filter dropping message: frame 'rplidar_link' at time 1790051162.460 for reason 'the timestamp on the message is earlier than all the data in the transform cache'
[component_container_isolated-1] [ERROR] [1790051176.190330016] [transformPoseInTargetFrame]: Extrapolation Error looking up target frame: Lookup would require extrapolation into the past.  Requested time 1790051154.570335 but the earliest data is at time 1790051161.755979, when looking up transform from frame [base_link] to frame [map]
[component_container_isolated-1] 
[component_container_isolated-1] [ERROR] [1790051177.190201582] [transformPoseInTargetFrame]: Extrapolation Error looking up target frame: Lookup would require extrapolation into the past.  Requested time 1790051154.570335 but the earliest data is at time 1790051161.755979, when looking up transform from frame [base_link] to frame [map]
[component_container_isolated-1] 
[component_container_isolated-1] [ERROR] [1790051178.190676897] [transformPoseInTargetFrame]: Extrapolation Error looking up target frame: Lookup would require extrapolation into the past.  Requested time 1790051154.570335 but the earliest data is at time 1790051161.755979, when looking up transform from frame [base_link] to frame [map]
[component_container_isolated-1] 
[component_container_isolated-1] [ERROR] [1790051179.190403295] [transformPoseInTargetFrame]: Extrapolation Error looking up target frame: Lookup would require extrapolation into the past.  Requested time 1790051154.570335 but the earliest data is at time 1790051165.660316, when looking up transform from frame [base_link] to frame [map]
[component_container_isolated-1] 
[component_container_isolated-1] [INFO] [1790051179.411563127] [robot1.local_costmap.local_costmap]: Message Filter dropping message: frame 'rplidar_link' at time 1790051175.865 for reason 'the timestamp on the message is earlier than all the data in the transform cache'
[component_container_isolated-1] [INFO] [1790051187.171904718] [robot1.local_costmap.local_costmap]: Message Filter dropping message: frame 'rplidar_link' at time 1790051184.467 for reason 'the timestamp on the message is earlier than all the data in the transform cache'
[component_container_isolated-1] [INFO] [1790051190.299661375] [robot1.global_costmap.global_costmap]: Message Filter dropping message: frame 'rplidar_link' at time 1790051187.982 for reason 'the timestamp on the message is earlier than all the data in the transform cache'
[component_container_isolated-1] [INFO] [1790051193.748698833] [robot1.local_costmap.local_costmap]: Message Filter dropping message: frame 'rplidar_link' at time 1790051190.107 for reason 'the timestamp on the message is earlier than all the data in the transform cache'
[component_container_isolated-1] [INFO] [1790051197.629065251] [robot1.local_costmap.local_costmap]: Message Filter dropping message: frame 'rplidar_link' at time 1790051194.192 for reason 'the timestamp on the message is earlier than all the data in the transform cache'
[component_container_isolated-1] [INFO] [1790051208.855185003] [robot1.local_costmap.local_costmap]: Message Filter dropping message: frame 'rplidar_link' at time 1790051202.027 for reason 'the timestamp on the message is earlier than all the data in the transform cache'
[component_container_isolated-1] [INFO] [1790051213.100125694] [robot1.global_costmap.global_costmap]: Message Filter dropping message: frame 'rplidar_link' at time 1790051212.075 for reason 'the timestamp on the message is earlier than all the data in the transform cache'
[component_container_isolated-1] [INFO] [1790051215.824636594] [robot1.local_costmap.local_costmap]: Message Filter dropping message: frame 'rplidar_link' at time 1790051213.640 for reason 'the timestamp on the message is earlier than all the data in the transform cache'
[component_container_isolated-1] [INFO] [1790051219.737247213] [robot1.local_costmap.local_costmap]: Message Filter dropping message: frame 'rplidar_link' at time 1790051215.231 for reason 'the timestamp on the message is earlier than all the data in the transform cache'
[component_container_isolated-1] [INFO] [1790051227.494469824] [robot1.local_costmap.local_costmap]: Message Filter dropping message: frame 'rplidar_link' at time 1790051223.558 for reason 'the timestamp on the message is earlier than all the data in the transform cache'
[component_container_isolated-1] [INFO] [1790051235.223775538] [robot1.global_costmap.global_costmap]: Message Filter dropping message: frame 'rplidar_link' at time 1790051225.979 for reason 'the timestamp on the message is earlier than all the data in the transform cache'
[component_container_isolated-1] [INFO] [1790051238.414062577] [robot1.global_costmap.global_costmap]: Message Filter dropping message: frame 'rplidar_link' at time 1790051232.328 for reason 'the timestamp on the message is earlier than all the data in the transform cache'
[component_container_isolated-1] [INFO] [1790051251.126936305] [robot1.global_costmap.global_costmap]: Message Filter dropping message: frame 'rplidar_link' at time 1790051248.558 for reason 'the timestamp on the message is earlier than all the data in the transform cache'
[component_container_isolated-1] [ERROR] [1790051276.190973567] [transformPoseInTargetFrame]: Extrapolation Error looking up target frame: Lookup would require extrapolation into the past.  Requested time 1790051253.629609 but the earliest data is at time 1790051257.217463, when looking up transform from frame [base_link] to frame [map]
[component_container_isolated-1] 
[component_container_isolated-1] [ERROR] [1790051277.191088843] [transformPoseInTargetFrame]: Extrapolation Error looking up target frame: Lookup would require extrapolation into the past.  Requested time 1790051253.629609 but the earliest data is at time 1790051257.217463, when looking up transform from frame [base_link] to frame [map]
[component_container_isolated-1] 
[component_container_isolated-1] [ERROR] [1790051278.192667402] [transformPoseInTargetFrame]: Extrapolation Error looking up target frame: Lookup would require extrapolation into the past.  Requested time 1790051253.629609 but the earliest data is at time 1790051257.217463, when looking up transform from frame [base_link] to frame [map]
[component_container_isolated-1] 
[component_container_isolated-1] [ERROR] [1790051279.192513391] [transformPoseInTargetFrame]: Extrapolation Error looking up target frame: Lookup would require extrapolation into the past.  Requested time 1790051253.629609 but the earliest data is at time 1790051257.217463, when looking up transform from frame [base_link] to frame [map]
[component_container_isolated-1] 
[component_container_isolated-1] [ERROR] [1790051280.190429764] [transformPoseInTargetFrame]: Extrapolation Error looking up target frame: Lookup would require extrapolation into the past.  Requested time 1790051253.629609 but the earliest data is at time 1790051257.217463, when looking up transform from frame [base_link] to frame [map]
[component_container_isolated-1] 
[component_container_isolated-1] [ERROR] [1790051281.190603025] [transformPoseInTargetFrame]: Extrapolation Error looking up target frame: Lookup would require extrapolation into the past.  Requested time 1790051253.629609 but the earliest data is at time 1790051257.217463, when looking up transform from frame [base_link] to frame [map]
[component_container_isolated-1] 
[component_container_isolated-1] [ERROR] [1790051291.191174588] [transformPoseInTargetFrame]: Extrapolation Error looking up target frame: Lookup would require extrapolation into the past.  Requested time 1790051273.574010 but the earliest data is at time 1790051274.514637, when looking up transform from frame [base_link] to frame [map]
[component_container_isolated-1] 
[component_container_isolated-1] [ERROR] [1790051292.191184318] [transformPoseInTargetFrame]: Extrapolation Error looking up target frame: Lookup would require extrapolation into the past.  Requested time 1790051273.574010 but the earliest data is at time 1790051274.514637, when looking up transform from frame [base_link] to frame [map]
[component_container_isolated-1] 
[component_container_isolated-1] [ERROR] [1790051293.191414257] [transformPoseInTargetFrame]: Extrapolation Error looking up target frame: Lookup would require extrapolation into the past.  Requested time 1790051273.574010 but the earliest data is at time 1790051274.514637, when looking up transform from frame [base_link] to frame [map]
[component_container_isolated-1] 
[component_container_isolated-1] [ERROR] [1790051294.190537147] [transformPoseInTargetFrame]: Extrapolation Error looking up target frame: Lookup would require extrapolation into the past.  Requested time 1790051273.574010 but the earliest data is at time 1790051274.514637, when looking up transform from frame [base_link] to frame [map]
[component_container_isolated-1] 
[component_container_isolated-1] [ERROR] [1790051295.190934551] [transformPoseInTargetFrame]: Extrapolation Error looking up target frame: Lookup would require extrapolation into the past.  Requested time 1790051273.574010 but the earliest data is at time 1790051274.514637, when looking up transform from frame [base_link] to frame [map]
[component_container_isolated-1] 
[component_container_isolated-1] [ERROR] [1790051296.190513129] [transformPoseInTargetFrame]: Extrapolation Error looking up target frame: Lookup would require extrapolation into the past.  Requested time 1790051273.574010 but the earliest data is at time 1790051274.514637, when looking up transform from frame [base_link] to frame [map]
[component_container_isolated-1] 
[component_container_isolated-1] [ERROR] [1790051297.190512477] [transformPoseInTargetFrame]: Extrapolation Error looking up target frame: Lookup would require extrapolation into the past.  Requested time 1790051273.574010 but the earliest data is at time 1790051274.514637, when looking up transform from frame [base_link] to frame [map]
[component_container_isolated-1] 
[component_container_isolated-1] [ERROR] [1790051298.191118115] [transformPoseInTargetFrame]: Extrapolation Error looking up target frame: Lookup would require extrapolation into the past.  Requested time 1790051273.574010 but the earliest data is at time 1790051274.514637, when looking up transform from frame [base_link] to frame [map]
[component_container_isolated-1] 
[component_container_isolated-1] [ERROR] [1790051299.190850560] [transformPoseInTargetFrame]: Extrapolation Error looking up target frame: Lookup would require extrapolation into the past.  Requested time 1790051273.574010 but the earliest data is at time 1790051274.514637, when looking up transform from frame [base_link] to frame [map]
[component_container_isolated-1] 
[component_container_isolated-1] [ERROR] [1790051300.190999089] [transformPoseInTargetFrame]: Extrapolation Error looking up target frame: Lookup would require extrapolation into the past.  Requested time 1790051273.574010 but the earliest data is at time 1790051274.514637, when looking up transform from frame [base_link] to frame [map]
[component_container_isolated-1] 
[component_container_isolated-1] [ERROR] [1790051301.191243058] [transformPoseInTargetFrame]: Extrapolation Error looking up target frame: Lookup would require extrapolation into the past.  Requested time 1790051273.574010 but the earliest data is at time 1790051274.514637, when looking up transform from frame [base_link] to frame [map]
[component_container_isolated-1] 
[component_container_isolated-1] [ERROR] [1790051302.191692653] [transformPoseInTargetFrame]: Extrapolation Error looking up target frame: Lookup would require extrapolation into the past.  Requested time 1790051273.574010 but the earliest data is at time 1790051281.362588, when looking up transform from frame [base_link] to frame [map]
[component_container_isolated-1] 
[component_container_isolated-1] [ERROR] [1790051303.191506523] [transformPoseInTargetFrame]: Extrapolation Error looking up target frame: Lookup would require extrapolation into the past.  Requested time 1790051273.574010 but the earliest data is at time 1790051281.362588, when looking up transform from frame [base_link] to frame [map]
[component_container_isolated-1] 
[component_container_isolated-1] [ERROR] [1790051304.192029500] [transformPoseInTargetFrame]: Extrapolation Error looking up target frame: Lookup would require extrapolation into the past.  Requested time 1790051273.574010 but the earliest data is at time 1790051281.362588, when looking up transform from frame [base_link] to frame [map]
[component_container_isolated-1] 
[component_container_isolated-1] [ERROR] [1790051305.190526318] [transformPoseInTargetFrame]: Extrapolation Error looking up target frame: Lookup would require extrapolation into the past.  Requested time 1790051273.574010 but the earliest data is at time 1790051281.362588, when looking up transform from frame [base_link] to frame [map]
[component_container_isolated-1] 
[component_container_isolated-1] [ERROR] [1790051306.191765145] [transformPoseInTargetFrame]: Extrapolation Error looking up target frame: Lookup would require extrapolation into the past.  Requested time 1790051273.574010 but the earliest data is at time 1790051281.362588, when looking up transform from frame [base_link] to frame [map]
[component_container_isolated-1] 
[component_container_isolated-1] [ERROR] [1790051307.189994930] [transformPoseInTargetFrame]: Extrapolation Error looking up target frame: Lookup would require extrapolation into the past.  Requested time 1790051273.574010 but the earliest data is at time 1790051281.362588, when looking up transform from frame [base_link] to frame [map]
[component_container_isolated-1] 
[component_container_isolated-1] [ERROR] [1790051308.190903679] [transformPoseInTargetFrame]: Extrapolation Error looking up target frame: Lookup would require extrapolation into the past.  Requested time 1790051273.574010 but the earliest data is at time 1790051281.362588, when looking up transform from frame [base_link] to frame [map]
[component_container_isolated-1] 
[component_container_isolated-1] [ERROR] [1790051309.191910065] [transformPoseInTargetFrame]: Extrapolation Error looking up target frame: Lookup would require extrapolation into the past.  Requested time 1790051273.574010 but the earliest data is at time 1790051281.362588, when looking up transform from frame [base_link] to frame [map]
[component_container_isolated-1] 
[component_container_isolated-1] [ERROR] [1790051310.190404704] [transformPoseInTargetFrame]: Extrapolation Error looking up target frame: Lookup would require extrapolation into the past.  Requested time 1790051273.574010 but the earliest data is at time 1790051281.362588, when looking up transform from frame [base_link] to frame [map]
[component_container_isolated-1] 
[component_container_isolated-1] [INFO] [1790051311.020923423] [robot1.local_costmap.local_costmap]: Message Filter dropping message: frame 'rplidar_link' at time 1790051296.024 for reason 'the timestamp on the message is earlier than all the data in the transform cache'
[component_container_isolated-1] [ERROR] [1790051311.190072577] [transformPoseInTargetFrame]: Extrapolation Error looking up target frame: Lookup would require extrapolation into the past.  Requested time 1790051273.574010 but the earliest data is at time 1790051281.362588, when looking up transform from frame [base_link] to frame [map]
[component_container_isolated-1] 
[component_container_isolated-1] [ERROR] [1790051312.190600007] [transformPoseInTargetFrame]: Extrapolation Error looking up target frame: Lookup would require extrapolation into the past.  Requested time 1790051273.574010 but the earliest data is at time 1790051281.362588, when looking up transform from frame [base_link] to frame [map]
[component_container_isolated-1] 
[component_container_isolated-1] [ERROR] [1790051313.190018189] [transformPoseInTargetFrame]: Extrapolation Error looking up target frame: Lookup would require extrapolation into the past.  Requested time 1790051273.574010 but the earliest data is at time 1790051300.706943, when looking up transform from frame [base_link] to frame [map]
[component_container_isolated-1] 
[component_container_isolated-1] [ERROR] [1790051314.190878410] [transformPoseInTargetFrame]: Extrapolation Error looking up target frame: Lookup would require extrapolation into the past.  Requested time 1790051273.574010 but the earliest data is at time 1790051300.706943, when looking up transform from frame [base_link] to frame [map]
[component_container_isolated-1] 
[component_container_isolated-1] [ERROR] [1790051315.190308758] [transformPoseInTargetFrame]: Extrapolation Error looking up target frame: Lookup would require extrapolation into the past.  Requested time 1790051273.574010 but the earliest data is at time 1790051300.706943, when looking up transform from frame [base_link] to frame [map]
[component_container_isolated-1] 
[component_container_isolated-1] [ERROR] [1790051316.190997014] [transformPoseInTargetFrame]: Extrapolation Error looking up target frame: Lookup would require extrapolation into the past.  Requested time 1790051273.574010 but the earliest data is at time 1790051300.706943, when looking up transform from frame [base_link] to frame [map]
[component_container_isolated-1] 
[component_container_isolated-1] [ERROR] [1790051317.190250807] [transformPoseInTargetFrame]: Extrapolation Error looking up target frame: Lookup would require extrapolation into the past.  Requested time 1790051273.574010 but the earliest data is at time 1790051300.706943, when looking up transform from frame [base_link] to frame [map]
[component_container_isolated-1] 
[component_container_isolated-1] [ERROR] [1790051318.191000352] [transformPoseInTargetFrame]: Extrapolation Error looking up target frame: Lookup would require extrapolation into the past.  Requested time 1790051273.574010 but the earliest data is at time 1790051300.706943, when looking up transform from frame [base_link] to frame [map]
[component_container_isolated-1] 
[component_container_isolated-1] [ERROR] [1790051319.192961826] [transformPoseInTargetFrame]: Extrapolation Error looking up target frame: Lookup would require extrapolation into the past.  Requested time 1790051273.574010 but the earliest data is at time 1790051300.706943, when looking up transform from frame [base_link] to frame [map]
[component_container_isolated-1] 
[component_container_isolated-1] [ERROR] [1790051320.191339692] [transformPoseInTargetFrame]: Extrapolation Error looking up target frame: Lookup would require extrapolation into the past.  Requested time 1790051273.574010 but the earliest data is at time 1790051300.706943, when looking up transform from frame [base_link] to frame [map]
[component_container_isolated-1] 
[component_container_isolated-1] [ERROR] [1790051321.191358701] [transformPoseInTargetFrame]: Extrapolation Error looking up target frame: Lookup would require extrapolation into the past.  Requested time 1790051273.574010 but the earliest data is at time 1790051302.675251, when looking up transform from frame [base_link] to frame [map]
[component_container_isolated-1] 
[component_container_isolated-1] [ERROR] [1790051322.192441683] [transformPoseInTargetFrame]: Extrapolation Error looking up target frame: Lookup would require extrapolation into the past.  Requested time 1790051273.574010 but the earliest data is at time 1790051312.564763, when looking up transform from frame [base_link] to frame [map]
[component_container_isolated-1] 
[component_container_isolated-1] [ERROR] [1790051323.192715949] [transformPoseInTargetFrame]: Extrapolation Error looking up target frame: Lookup would require extrapolation into the past.  Requested time 1790051273.574010 but the earliest data is at time 1790051312.564763, when looking up transform from frame [base_link] to frame [map]
[component_container_isolated-1] 
[component_container_isolated-1] [ERROR] [1790051324.191453594] [transformPoseInTargetFrame]: Extrapolation Error looking up target frame: Lookup would require extrapolation into the past.  Requested time 1790051273.574010 but the earliest data is at time 1790051312.564763, when looking up transform from frame [base_link] to frame [map]
[component_container_isolated-1] 
[component_container_isolated-1] [ERROR] [1790051325.191197307] [transformPoseInTargetFrame]: Extrapolation Error looking up target frame: Lookup would require extrapolation into the past.  Requested time 1790051273.574010 but the earliest data is at time 1790051312.564763, when looking up transform from frame [base_link] to frame [map]
[component_container_isolated-1] 
[component_container_isolated-1] [INFO] [1790051326.113274751] [robot1.global_costmap.global_costmap]: Message Filter dropping message: frame 'rplidar_link' at time 1790051318.186 for reason 'the timestamp on the message is earlier than all the data in the transform cache'
[component_container_isolated-1] [ERROR] [1790051335.191109311] [transformPoseInTargetFrame]: Extrapolation Error looking up target frame: Lookup would require extrapolation into the past.  Requested time 1790051320.258593 but the earliest data is at time 1790051320.356028, when looking up transform from frame [base_link] to frame [map]
[component_container_isolated-1] 
[component_container_isolated-1] [ERROR] [1790051336.190587472] [transformPoseInTargetFrame]: Extrapolation Error looking up target frame: Lookup would require extrapolation into the past.  Requested time 1790051320.258593 but the earliest data is at time 1790051320.356028, when looking up transform from frame [base_link] to frame [map]
[component_container_isolated-1] 
[component_container_isolated-1] [ERROR] [1790051337.191223613] [transformPoseInTargetFrame]: Extrapolation Error looking up target frame: Lookup would require extrapolation into the past.  Requested time 1790051320.258593 but the earliest data is at time 1790051320.356028, when looking up transform from frame [base_link] to frame [map]
[component_container_isolated-1] 
[component_container_isolated-1] [ERROR] [1790051338.190956822] [transformPoseInTargetFrame]: Extrapolation Error looking up target frame: Lookup would require extrapolation into the past.  Requested time 1790051320.258593 but the earliest data is at time 1790051320.356028, when looking up transform from frame [base_link] to frame [map]
[component_container_isolated-1] 
[component_container_isolated-1] [ERROR] [1790051339.191663914] [transformPoseInTargetFrame]: Extrapolation Error looking up target frame: Lookup would require extrapolation into the past.  Requested time 1790051320.258593 but the earliest data is at time 1790051320.356028, when looking up transform from frame [base_link] to frame [map]
[component_container_isolated-1] 
[component_container_isolated-1] [ERROR] [1790051340.192011713] [transformPoseInTargetFrame]: Extrapolation Error looking up target frame: Lookup would require extrapolation into the past.  Requested time 1790051320.258593 but the earliest data is at time 1790051320.356028, when looking up transform from frame [base_link] to frame [map]
[component_container_isolated-1] 
[component_container_isolated-1] [ERROR] [1790051341.191478290] [transformPoseInTargetFrame]: Extrapolation Error looking up target frame: Lookup would require extrapolation into the past.  Requested time 1790051320.258593 but the earliest data is at time 1790051320.356028, when looking up transform from frame [base_link] to frame [map]
[component_container_isolated-1] 
[component_container_isolated-1] [ERROR] [1790051342.192128986] [transformPoseInTargetFrame]: Extrapolation Error looking up target frame: Lookup would require extrapolation into the past.  Requested time 1790051320.258593 but the earliest data is at time 1790051320.356028, when looking up transform from frame [base_link] to frame [map]
[component_container_isolated-1] 
[component_container_isolated-1] [ERROR] [1790051343.191292788] [transformPoseInTargetFrame]: Extrapolation Error looking up target frame: Lookup would require extrapolation into the past.  Requested time 1790051320.258593 but the earliest data is at time 1790051320.356028, when looking up transform from frame [base_link] to frame [map]
[component_container_isolated-1] 
[component_container_isolated-1] [ERROR] [1790051344.191562349] [transformPoseInTargetFrame]: Extrapolation Error looking up target frame: Lookup would require extrapolation into the past.  Requested time 1790051320.258593 but the earliest data is at time 1790051326.260177, when looking up transform from frame [base_link] to frame [map]
[component_container_isolated-1] 
[component_container_isolated-1] [ERROR] [1790051345.191761642] [transformPoseInTargetFrame]: Extrapolation Error looking up target frame: Lookup would require extrapolation into the past.  Requested time 1790051320.258593 but the earliest data is at time 1790051326.260177, when looking up transform from frame [base_link] to frame [map]
[component_container_isolated-1] 
[component_container_isolated-1] [ERROR] [1790051346.191520458] [transformPoseInTargetFrame]: Extrapolation Error looking up target frame: Lookup would require extrapolation into the past.  Requested time 1790051320.258593 but the earliest data is at time 1790051326.260177, when looking up transform from frame [base_link] to frame [map]
[component_container_isolated-1] 
[component_container_isolated-1] [ERROR] [1790051347.191703486] [transformPoseInTargetFrame]: Extrapolation Error looking up target frame: Lookup would require extrapolation into the past.  Requested time 1790051320.258593 but the earliest data is at time 1790051326.260177, when looking up transform from frame [base_link] to frame [map]
[component_container_isolated-1] 
[component_container_isolated-1] [ERROR] [1790051348.192010365] [transformPoseInTargetFrame]: Extrapolation Error looking up target frame: Lookup would require extrapolation into the past.  Requested time 1790051320.258593 but the earliest data is at time 1790051326.260177, when looking up transform from frame [base_link] to frame [map]
[component_container_isolated-1] 
[component_container_isolated-1] [ERROR] [1790051349.192520083] [transformPoseInTargetFrame]: Extrapolation Error looking up target frame: Lookup would require extrapolation into the past.  Requested time 1790051320.258593 but the earliest data is at time 1790051347.158046, when looking up transform from frame [base_link] to frame [map]
[component_container_isolated-1] 
[component_container_isolated-1] [ERROR] [1790051350.191278306] [transformPoseInTargetFrame]: Extrapolation Error looking up target frame: Lookup would require extrapolation into the past.  Requested time 1790051320.258593 but the earliest data is at time 1790051347.158046, when looking up transform from frame [base_link] to frame [map]
[component_container_isolated-1] 
[component_container_isolated-1] [ERROR] [1790051351.190656419] [transformPoseInTargetFrame]: Extrapolation Error looking up target frame: Lookup would require extrapolation into the past.  Requested time 1790051320.258593 but the earliest data is at time 1790051347.158046, when looking up transform from frame [base_link] to frame [map]
[component_container_isolated-1] 
[component_container_isolated-1] [ERROR] [1790051352.190398879] [transformPoseInTargetFrame]: Extrapolation Error looking up target frame: Lookup would require extrapolation into the past.  Requested time 1790051320.258593 but the earliest data is at time 1790051347.158046, when looking up transform from frame [base_link] to frame [map]
[component_container_isolated-1] 
[component_container_isolated-1] [ERROR] [1790051353.191687720] [transformPoseInTargetFrame]: Extrapolation Error looking up target frame: Lookup would require extrapolation into the past.  Requested time 1790051320.258593 but the earliest data is at time 1790051347.158046, when looking up transform from frame [base_link] to frame [map]
[component_container_isolated-1] 
[component_container_isolated-1] [ERROR] [1790051354.190802017] [transformPoseInTargetFrame]: Extrapolation Error looking up target frame: Lookup would require extrapolation into the past.  Requested time 1790051320.258593 but the earliest data is at time 1790051347.158046, when looking up transform from frame [base_link] to frame [map]
[component_container_isolated-1] 
[component_container_isolated-1] [ERROR] [1790051355.190626564] [transformPoseInTargetFrame]: Extrapolation Error looking up target frame: Lookup would require extrapolation into the past.  Requested time 1790051320.258593 but the earliest data is at time 1790051347.158046, when looking up transform from frame [base_link] to frame [map]
[component_container_isolated-1] 
[component_container_isolated-1] [ERROR] [1790051356.189907210] [transformPoseInTargetFrame]: Extrapolation Error looking up target frame: Lookup would require extrapolation into the past.  Requested time 1790051320.258593 but the earliest data is at time 1790051347.158046, when looking up transform from frame [base_link] to frame [map]
[component_container_isolated-1] 
[component_container_isolated-1] [ERROR] [1790051358.191131500] [transformPoseInTargetFrame]: Extrapolation Error looking up target frame: Lookup would require extrapolation at time 1790051348.006129, but only time 1790051349.576421 is in the buffer, when looking up transform from frame [base_link] to frame [map]
[component_container_isolated-1] 
[component_container_isolated-1] [ERROR] [1790051359.191440837] [transformPoseInTargetFrame]: Extrapolation Error looking up target frame: Lookup would require extrapolation at time 1790051348.006129, but only time 1790051349.576421 is in the buffer, when looking up transform from frame [base_link] to frame [map]
[component_container_isolated-1] 
[component_container_isolated-1] [ERROR] [1790051360.190847044] [transformPoseInTargetFrame]: Extrapolation Error looking up target frame: Lookup would require extrapolation at time 1790051348.807033, but only time 1790051349.576421 is in the buffer, when looking up transform from frame [base_link] to frame [map]
[component_container_isolated-1] 
[component_container_isolated-1] [ERROR] [1790051361.191323147] [transformPoseInTargetFrame]: Extrapolation Error looking up target frame: Lookup would require extrapolation at time 1790051348.807033, but only time 1790051349.576421 is in the buffer, when looking up transform from frame [base_link] to frame [map]
[component_container_isolated-1] 
[component_container_isolated-1] [WARN] [1790051364.056440454] [robot1.local_costmap.local_costmap]: Sensor origin at (-0.60, -5.70 0.10) is out of map bounds (-2.10, -5.70, -0.50) to (0.87, -2.73, 0.28). The costmap cannot raytrace for it.
[component_container_isolated-1] [WARN] [1790051364.256522802] [robot1.local_costmap.local_costmap]: Sensor origin at (-0.60, -5.70 0.10) is out of map bounds (-2.10, -5.70, -0.50) to (0.87, -2.73, 0.28). The costmap cannot raytrace for it.
[component_container_isolated-1] [WARN] [1790051364.456504174] [robot1.local_costmap.local_costmap]: Sensor origin at (-0.60, -5.70 0.10) is out of map bounds (-2.10, -5.70, -0.50) to (0.87, -2.73, 0.28). The costmap cannot raytrace for it.
[component_container_isolated-1] [WARN] [1790051364.656584231] [robot1.local_costmap.local_costmap]: Sensor origin at (-0.60, -5.70 0.10) is out of map bounds (-2.10, -5.70, -0.50) to (0.87, -2.73, 0.28). The costmap cannot raytrace for it.
[component_container_isolated-1] [WARN] [1790051364.856429177] [robot1.local_costmap.local_costmap]: Sensor origin at (-0.60, -5.70 0.10) is out of map bounds (-2.10, -5.70, -0.50) to (0.87, -2.73, 0.28). The costmap cannot raytrace for it.
[component_container_isolated-1] [WARN] [1790051365.056433959] [robot1.local_costmap.local_costmap]: Sensor origin at (-0.60, -5.70 0.10) is out of map bounds (-2.10, -5.70, -0.50) to (0.87, -2.73, 0.28). The costmap cannot raytrace for it.
[component_container_isolated-1] [WARN] [1790051365.256522066] [robot1.local_costmap.local_costmap]: Sensor origin at (-0.60, -5.70 0.10) is out of map bounds (-2.10, -5.70, -0.50) to (0.87, -2.73, 0.28). The costmap cannot raytrace for it.
[component_container_isolated-1] [WARN] [1790051365.456507867] [robot1.local_costmap.local_costmap]: Sensor origin at (-0.60, -5.70 0.10) is out of map bounds (-2.10, -5.70, -0.50) to (0.87, -2.73, 0.28). The costmap cannot raytrace for it.
[component_container_isolated-1] [WARN] [1790051365.656566252] [robot1.local_costmap.local_costmap]: Sensor origin at (-0.60, -5.70 0.10) is out of map bounds (-2.10, -5.70, -0.50) to (0.87, -2.73, 0.28). The costmap cannot raytrace for it.
[component_container_isolated-1] [WARN] [1790051365.856502150] [robot1.local_costmap.local_costmap]: Sensor origin at (-0.60, -5.70 0.10) is out of map bounds (-2.10, -5.70, -0.50) to (0.87, -2.73, 0.28). The costmap cannot raytrace for it.
[component_container_isolated-1] [WARN] [1790051366.056447987] [robot1.local_costmap.local_costmap]: Sensor origin at (-0.60, -5.70 0.10) is out of map bounds (-2.10, -5.70, -0.50) to (0.87, -2.73, 0.28). The costmap cannot raytrace for it.
[component_container_isolated-1] [WARN] [1790051366.256669387] [robot1.local_costmap.local_costmap]: Sensor origin at (-0.60, -5.70 0.10) is out of map bounds (-2.10, -5.70, -0.50) to (0.87, -2.73, 0.28). The costmap cannot raytrace for it.
[component_container_isolated-1] [WARN] [1790051366.456482562] [robot1.local_costmap.local_costmap]: Sensor origin at (-0.60, -5.70 0.10) is out of map bounds (-2.10, -5.70, -0.50) to (0.87, -2.73, 0.28). The costmap cannot raytrace for it.
[component_container_isolated-1] [WARN] [1790051366.656585669] [robot1.local_costmap.local_costmap]: Sensor origin at (-0.60, -5.70 0.10) is out of map bounds (-2.10, -5.70, -0.50) to (0.87, -2.73, 0.28). The costmap cannot raytrace for it.
[component_container_isolated-1] [WARN] [1790051366.856427757] [robot1.local_costmap.local_costmap]: Sensor origin at (-0.60, -5.70 0.10) is out of map bounds (-2.10, -5.70, -0.50) to (0.87, -2.73, 0.28). The costmap cannot raytrace for it.
[component_container_isolated-1] [WARN] [1790051367.056503026] [robot1.local_costmap.local_costmap]: Sensor origin at (-0.60, -5.70 0.10) is out of map bounds (-2.10, -5.70, -0.50) to (0.87, -2.73, 0.28). The costmap cannot raytrace for it.
[component_container_isolated-1] [WARN] [1790051367.256520097] [robot1.local_costmap.local_costmap]: Sensor origin at (-0.60, -5.70 0.10) is out of map bounds (-2.10, -5.70, -0.50) to (0.87, -2.73, 0.28). The costmap cannot raytrace for it.
[component_container_isolated-1] [WARN] [1790051367.456556226] [robot1.local_costmap.local_costmap]: Sensor origin at (-0.60, -5.70 0.10) is out of map bounds (-2.10, -5.70, -0.50) to (0.87, -2.73, 0.28). The costmap cannot raytrace for it.
[component_container_isolated-1] [WARN] [1790051367.656507396] [robot1.local_costmap.local_costmap]: Sensor origin at (-0.60, -5.70 0.10) is out of map bounds (-2.10, -5.70, -0.50) to (0.87, -2.73, 0.28). The costmap cannot raytrace for it.
[component_container_isolated-1] [WARN] [1790051367.856440886] [robot1.local_costmap.local_costmap]: Sensor origin at (-0.60, -5.70 0.10) is out of map bounds (-2.10, -5.70, -0.50) to (0.87, -2.73, 0.28). The costmap cannot raytrace for it.
[component_container_isolated-1] [WARN] [1790051368.056399018] [robot1.local_costmap.local_costmap]: Sensor origin at (-0.60, -5.70 0.10) is out of map bounds (-2.10, -5.70, -0.50) to (0.87, -2.73, 0.28). The costmap cannot raytrace for it.
[component_container_isolated-1] [INFO] [1790051368.189574912] [robot1.global_costmap.global_costmap]: Message Filter dropping message: frame 'rplidar_link' at time 1790051362.012 for reason 'the timestamp on the message is earlier than all the data in the transform cache'
[component_container_isolated-1] [WARN] [1790051368.256514297] [robot1.local_costmap.local_costmap]: Sensor origin at (-0.60, -5.70 0.10) is out of map bounds (-2.10, -5.70, -0.50) to (0.87, -2.73, 0.28). The costmap cannot raytrace for it.
[component_container_isolated-1] [WARN] [1790051368.456435118] [robot1.local_costmap.local_costmap]: Sensor origin at (-0.60, -5.70 0.10) is out of map bounds (-2.10, -5.70, -0.50) to (0.87, -2.73, 0.28). The costmap cannot raytrace for it.
[component_container_isolated-1] [WARN] [1790051368.656519063] [robot1.local_costmap.local_costmap]: Sensor origin at (-0.60, -5.70 0.10) is out of map bounds (-2.10, -5.70, -0.50) to (0.87, -2.73, 0.28). The costmap cannot raytrace for it.
[component_container_isolated-1] [WARN] [1790051368.856440776] [robot1.local_costmap.local_costmap]: Sensor origin at (-0.60, -5.70 0.10) is out of map bounds (-2.10, -5.70, -0.50) to (0.87, -2.73, 0.28). The costmap cannot raytrace for it.
[component_container_isolated-1] [WARN] [1790051369.056503140] [robot1.local_costmap.local_costmap]: Sensor origin at (-0.60, -5.70 0.10) is out of map bounds (-2.10, -5.70, -0.50) to (0.87, -2.73, 0.28). The costmap cannot raytrace for it.
[component_container_isolated-1] [WARN] [1790051369.256481303] [robot1.local_costmap.local_costmap]: Sensor origin at (-0.60, -5.70 0.10) is out of map bounds (-2.10, -5.70, -0.50) to (0.87, -2.73, 0.28). The costmap cannot raytrace for it.
[component_container_isolated-1] [WARN] [1790051369.456504978] [robot1.local_costmap.local_costmap]: Sensor origin at (-0.60, -5.70 0.10) is out of map bounds (-2.10, -5.70, -0.50) to (0.87, -2.73, 0.28). The costmap cannot raytrace for it.
[component_container_isolated-1] [WARN] [1790051369.656522640] [robot1.local_costmap.local_costmap]: Sensor origin at (-0.60, -5.70 0.10) is out of map bounds (-2.10, -5.70, -0.50) to (0.87, -2.73, 0.28). The costmap cannot raytrace for it.
[component_container_isolated-1] [WARN] [1790051369.856428242] [robot1.local_costmap.local_costmap]: Sensor origin at (-0.60, -5.70 0.10) is out of map bounds (-2.10, -5.70, -0.50) to (0.87, -2.73, 0.28). The costmap cannot raytrace for it.
[component_container_isolated-1] [WARN] [1790051370.056434393] [robot1.local_costmap.local_costmap]: Sensor origin at (-0.60, -5.70 0.10) is out of map bounds (-2.10, -5.70, -0.50) to (0.87, -2.73, 0.28). The costmap cannot raytrace for it.
[component_container_isolated-1] [WARN] [1790051370.256507798] [robot1.local_costmap.local_costmap]: Sensor origin at (-0.60, -5.70 0.10) is out of map bounds (-2.10, -5.70, -0.50) to (0.87, -2.73, 0.28). The costmap cannot raytrace for it.
[component_container_isolated-1] [WARN] [1790051370.456401563] [robot1.local_costmap.local_costmap]: Sensor origin at (-0.60, -5.70 0.10) is out of map bounds (-2.10, -5.70, -0.50) to (0.87, -2.73, 0.28). The costmap cannot raytrace for it.
[component_container_isolated-1] [WARN] [1790051370.656587662] [robot1.local_costmap.local_costmap]: Sensor origin at (-0.60, -5.70 0.10) is out of map bounds (-2.10, -5.70, -0.50) to (0.87, -2.73, 0.28). The costmap cannot raytrace for it.
[component_container_isolated-1] [WARN] [1790051370.856507259] [robot1.local_costmap.local_costmap]: Sensor origin at (-0.60, -5.70 0.10) is out of map bounds (-2.10, -5.70, -0.50) to (0.87, -2.73, 0.28). The costmap cannot raytrace for it.
[component_container_isolated-1] [WARN] [1790051371.056431623] [robot1.local_costmap.local_costmap]: Sensor origin at (-0.60, -5.70 0.10) is out of map bounds (-2.10, -5.70, -0.50) to (0.87, -2.73, 0.28). The costmap cannot raytrace for it.
[component_container_isolated-1] [WARN] [1790051371.256568377] [robot1.local_costmap.local_costmap]: Sensor origin at (-0.60, -5.70 0.10) is out of map bounds (-2.10, -5.70, -0.50) to (0.87, -2.73, 0.28). The costmap cannot raytrace for it.
[component_container_isolated-1] [WARN] [1790051371.456556465] [robot1.local_costmap.local_costmap]: Sensor origin at (-0.60, -5.70 0.10) is out of map bounds (-2.10, -5.70, -0.50) to (0.87, -2.73, 0.28). The costmap cannot raytrace for it.
[component_container_isolated-1] [WARN] [1790051371.656585130] [robot1.local_costmap.local_costmap]: Sensor origin at (-0.60, -5.70 0.10) is out of map bounds (-2.10, -5.70, -0.50) to (0.87, -2.73, 0.28). The costmap cannot raytrace for it.
[component_container_isolated-1] [WARN] [1790051371.856560147] [robot1.local_costmap.local_costmap]: Sensor origin at (-0.60, -5.70 0.10) is out of map bounds (-2.10, -5.70, -0.50) to (0.87, -2.73, 0.28). The costmap cannot raytrace for it.
[component_container_isolated-1] [WARN] [1790051372.056406594] [robot1.local_costmap.local_costmap]: Sensor origin at (-0.60, -5.70 0.10) is out of map bounds (-2.10, -5.70, -0.50) to (0.87, -2.73, 0.28). The costmap cannot raytrace for it.
[component_container_isolated-1] [WARN] [1790051372.256587260] [robot1.local_costmap.local_costmap]: Sensor origin at (-0.60, -5.70 0.10) is out of map bounds (-2.10, -5.70, -0.50) to (0.87, -2.73, 0.28). The costmap cannot raytrace for it.
[component_container_isolated-1] [WARN] [1790051372.456431173] [robot1.local_costmap.local_costmap]: Sensor origin at (-0.60, -5.70 0.10) is out of map bounds (-2.10, -5.70, -0.50) to (0.87, -2.73, 0.28). The costmap cannot raytrace for it.
[component_container_isolated-1] [WARN] [1790051372.656583503] [robot1.local_costmap.local_costmap]: Sensor origin at (-0.60, -5.70 0.10) is out of map bounds (-2.10, -5.70, -0.50) to (0.87, -2.73, 0.28). The costmap cannot raytrace for it.
[component_container_isolated-1] [WARN] [1790051372.856431922] [robot1.local_costmap.local_costmap]: Sensor origin at (-0.60, -5.70 0.10) is out of map bounds (-2.10, -5.70, -0.50) to (0.87, -2.73, 0.28). The costmap cannot raytrace for it.
[component_container_isolated-1] [WARN] [1790051373.056495434] [robot1.local_costmap.local_costmap]: Sensor origin at (-0.60, -5.70 0.10) is out of map bounds (-2.10, -5.70, -0.50) to (0.87, -2.73, 0.28). The costmap cannot raytrace for it.
[component_container_isolated-1] [WARN] [1790051373.256586681] [robot1.local_costmap.local_costmap]: Sensor origin at (-0.60, -5.70 0.10) is out of map bounds (-2.10, -5.70, -0.50) to (0.87, -2.73, 0.28). The costmap cannot raytrace for it.
[component_container_isolated-1] [WARN] [1790051373.456510319] [robot1.local_costmap.local_costmap]: Sensor origin at (-0.60, -5.70 0.10) is out of map bounds (-2.10, -5.70, -0.50) to (0.87, -2.73, 0.28). The costmap cannot raytrace for it.
[component_container_isolated-1] [WARN] [1790051373.656525569] [robot1.local_costmap.local_costmap]: Sensor origin at (-0.60, -5.70 0.10) is out of map bounds (-2.10, -5.70, -0.50) to (0.87, -2.73, 0.28). The costmap cannot raytrace for it.
[component_container_isolated-1] [WARN] [1790051373.856506050] [robot1.local_costmap.local_costmap]: Sensor origin at (-0.60, -5.70 0.10) is out of map bounds (-2.10, -5.70, -0.50) to (0.87, -2.73, 0.28). The costmap cannot raytrace for it.
[component_container_isolated-1] [WARN] [1790051374.056431268] [robot1.local_costmap.local_costmap]: Sensor origin at (-0.60, -5.70 0.10) is out of map bounds (-2.10, -5.70, -0.50) to (0.87, -2.73, 0.28). The costmap cannot raytrace for it.
[component_container_isolated-1] [WARN] [1790051374.256581283] [robot1.local_costmap.local_costmap]: Sensor origin at (-0.60, -5.70 0.10) is out of map bounds (-2.10, -5.70, -0.50) to (0.87, -2.73, 0.28). The costmap cannot raytrace for it.
[component_container_isolated-1] [WARN] [1790051374.456395983] [robot1.local_costmap.local_costmap]: Sensor origin at (-0.60, -5.70 0.10) is out of map bounds (-2.10, -5.70, -0.50) to (0.87, -2.73, 0.28). The costmap cannot raytrace for it.
[component_container_isolated-1] [WARN] [1790051374.656521635] [robot1.local_costmap.local_costmap]: Sensor origin at (-0.60, -5.70 0.10) is out of map bounds (-2.10, -5.70, -0.50) to (0.87, -2.73, 0.28). The costmap cannot raytrace for it.
[component_container_isolated-1] [WARN] [1790051374.856489276] [robot1.local_costmap.local_costmap]: Sensor origin at (-0.60, -5.70 0.10) is out of map bounds (-2.10, -5.70, -0.50) to (0.87, -2.73, 0.28). The costmap cannot raytrace for it.
[component_container_isolated-1] [WARN] [1790051375.056433162] [robot1.local_costmap.local_costmap]: Sensor origin at (-0.60, -5.70 0.10) is out of map bounds (-2.10, -5.70, -0.50) to (0.87, -2.73, 0.28). The costmap cannot raytrace for it.
[component_container_isolated-1] [INFO] [1790051375.120130816] [robot1.global_costmap.global_costmap]: Message Filter dropping message: frame 'rplidar_link' at time 1790051367.373 for reason 'the timestamp on the message is earlier than all the data in the transform cache'
[component_container_isolated-1] [WARN] [1790051375.256490552] [robot1.local_costmap.local_costmap]: Sensor origin at (-0.60, -5.70 0.10) is out of map bounds (-2.10, -5.70, -0.50) to (0.87, -2.73, 0.28). The costmap cannot raytrace for it.
[component_container_isolated-1] [WARN] [1790051375.456433945] [robot1.local_costmap.local_costmap]: Sensor origin at (-0.60, -5.70 0.10) is out of map bounds (-2.10, -5.70, -0.50) to (0.87, -2.73, 0.28). The costmap cannot raytrace for it.
[component_container_isolated-1] [WARN] [1790051375.656587716] [robot1.local_costmap.local_costmap]: Sensor origin at (-0.60, -5.70 0.10) is out of map bounds (-2.10, -5.70, -0.50) to (0.87, -2.73, 0.28). The costmap cannot raytrace for it.
[component_container_isolated-1] [WARN] [1790051375.856441221] [robot1.local_costmap.local_costmap]: Sensor origin at (-0.60, -5.70 0.10) is out of map bounds (-2.10, -5.70, -0.50) to (0.87, -2.73, 0.28). The costmap cannot raytrace for it.
[component_container_isolated-1] [WARN] [1790051376.056406407] [robot1.local_costmap.local_costmap]: Sensor origin at (-0.60, -5.70 0.10) is out of map bounds (-2.10, -5.70, -0.50) to (0.87, -2.73, 0.28). The costmap cannot raytrace for it.
[component_container_isolated-1] [WARN] [1790051376.256586406] [robot1.local_costmap.local_costmap]: Sensor origin at (-0.60, -5.70 0.10) is out of map bounds (-2.10, -5.70, -0.50) to (0.87, -2.73, 0.28). The costmap cannot raytrace for it.
[component_container_isolated-1] [WARN] [1790051376.456442529] [robot1.local_costmap.local_costmap]: Sensor origin at (-0.60, -5.70 0.10) is out of map bounds (-2.10, -5.70, -0.50) to (0.87, -2.73, 0.28). The costmap cannot raytrace for it.
[component_container_isolated-1] [WARN] [1790051376.656585249] [robot1.local_costmap.local_costmap]: Sensor origin at (-0.60, -5.70 0.10) is out of map bounds (-2.10, -5.70, -0.50) to (0.87, -2.73, 0.28). The costmap cannot raytrace for it.
[component_container_isolated-1] [WARN] [1790051376.856405103] [robot1.local_costmap.local_costmap]: Sensor origin at (-0.60, -5.70 0.10) is out of map bounds (-2.10, -5.70, -0.50) to (0.87, -2.73, 0.28). The costmap cannot raytrace for it.
[component_container_isolated-1] [WARN] [1790051377.056431307] [robot1.local_costmap.local_costmap]: Sensor origin at (-0.60, -5.70 0.10) is out of map bounds (-2.10, -5.70, -0.50) to (0.87, -2.73, 0.28). The costmap cannot raytrace for it.
[component_container_isolated-1] [WARN] [1790051377.256518172] [robot1.local_costmap.local_costmap]: Sensor origin at (-0.60, -5.70 0.10) is out of map bounds (-2.10, -5.70, -0.50) to (0.87, -2.73, 0.28). The costmap cannot raytrace for it.
[component_container_isolated-1] [WARN] [1790051377.456438925] [robot1.local_costmap.local_costmap]: Sensor origin at (-0.60, -5.70 0.10) is out of map bounds (-2.10, -5.70, -0.50) to (0.87, -2.73, 0.28). The costmap cannot raytrace for it.
[component_container_isolated-1] [WARN] [1790051377.656468320] [robot1.local_costmap.local_costmap]: Sensor origin at (-0.60, -5.70 0.10) is out of map bounds (-2.10, -5.70, -0.50) to (0.87, -2.73, 0.28). The costmap cannot raytrace for it.
[component_container_isolated-1] [WARN] [1790051377.856426292] [robot1.local_costmap.local_costmap]: Sensor origin at (-0.60, -5.70 0.10) is out of map bounds (-2.10, -5.70, -0.50) to (0.87, -2.73, 0.28). The costmap cannot raytrace for it.
[component_container_isolated-1] [WARN] [1790051378.056445719] [robot1.local_costmap.local_costmap]: Sensor origin at (-0.60, -5.70 0.10) is out of map bounds (-2.10, -5.70, -0.50) to (0.87, -2.73, 0.28). The costmap cannot raytrace for it.
[component_container_isolated-1] [ERROR] [1790051378.190005575] [transformPoseInTargetFrame]: Extrapolation Error looking up target frame: Lookup would require extrapolation into the past.  Requested time 1790051358.787837 but the earliest data is at time 1790051364.616082, when looking up transform from frame [base_link] to frame [map]
[component_container_isolated-1] 
[component_container_isolated-1] [WARN] [1790051378.256641458] [robot1.local_costmap.local_costmap]: Sensor origin at (-0.60, -5.70 0.10) is out of map bounds (-2.10, -5.70, -0.50) to (0.87, -2.73, 0.28). The costmap cannot raytrace for it.
[component_container_isolated-1] [WARN] [1790051378.456489465] [robot1.local_costmap.local_costmap]: Sensor origin at (-0.60, -5.70 0.10) is out of map bounds (-2.10, -5.70, -0.50) to (0.87, -2.73, 0.28). The costmap cannot raytrace for it.
[component_container_isolated-1] [WARN] [1790051378.656605566] [robot1.local_costmap.local_costmap]: Sensor origin at (-0.60, -5.70 0.10) is out of map bounds (-2.10, -5.70, -0.50) to (0.87, -2.73, 0.28). The costmap cannot raytrace for it.
[component_container_isolated-1] [WARN] [1790051378.856488264] [robot1.local_costmap.local_costmap]: Sensor origin at (-0.60, -5.70 0.10) is out of map bounds (-2.10, -5.70, -0.50) to (0.87, -2.73, 0.28). The costmap cannot raytrace for it.
[component_container_isolated-1] [INFO] [1790051378.875893834] [robot1.local_costmap.local_costmap]: Message Filter dropping message: frame 'rplidar_link' at time 1790051373.822 for reason 'the timestamp on the message is earlier than all the data in the transform cache'
[component_container_isolated-1] [WARN] [1790051379.056431363] [robot1.local_costmap.local_costmap]: Sensor origin at (-0.60, -5.70 0.10) is out of map bounds (-2.10, -5.70, -0.50) to (0.87, -2.73, 0.28). The costmap cannot raytrace for it.
[component_container_isolated-1] [ERROR] [1790051379.190193250] [transformPoseInTargetFrame]: Extrapolation Error looking up target frame: Lookup would require extrapolation at time 1790051373.864590, but only time 1790051375.822393 is in the buffer, when looking up transform from frame [base_link] to frame [map]
[component_container_isolated-1] 
[component_container_isolated-1] [WARN] [1790051379.256512134] [robot1.local_costmap.local_costmap]: Sensor origin at (-0.60, -5.70 0.10) is out of map bounds (-2.10, -5.70, -0.50) to (0.87, -2.73, 0.28). The costmap cannot raytrace for it.
[component_container_isolated-1] [WARN] [1790051379.456433008] [robot1.local_costmap.local_costmap]: Sensor origin at (-0.60, -5.70 0.10) is out of map bounds (-2.10, -5.70, -0.50) to (0.87, -2.73, 0.28). The costmap cannot raytrace for it.
[component_container_isolated-1] [WARN] [1790051379.656573881] [robot1.local_costmap.local_costmap]: Sensor origin at (-0.60, -5.70 0.10) is out of map bounds (-2.10, -5.70, -0.50) to (0.87, -2.73, 0.28). The costmap cannot raytrace for it.
[component_container_isolated-1] [WARN] [1790051379.856494209] [robot1.local_costmap.local_costmap]: Sensor origin at (-0.60, -5.70 0.10) is out of map bounds (-2.10, -5.70, -0.50) to (0.87, -2.73, 0.28). The costmap cannot raytrace for it.
[component_container_isolated-1] [WARN] [1790051380.056431526] [robot1.local_costmap.local_costmap]: Sensor origin at (-0.60, -5.70 0.10) is out of map bounds (-2.10, -5.70, -0.50) to (0.87, -2.73, 0.28). The costmap cannot raytrace for it.
[component_container_isolated-1] [ERROR] [1790051380.190773350] [transformPoseInTargetFrame]: Extrapolation Error looking up target frame: Lookup would require extrapolation at time 1790051373.864590, but only time 1790051375.822393 is in the buffer, when looking up transform from frame [base_link] to frame [map]
[component_container_isolated-1] 
[component_container_isolated-1] [WARN] [1790051380.256518730] [robot1.local_costmap.local_costmap]: Sensor origin at (-0.60, -5.70 0.10) is out of map bounds (-2.10, -5.70, -0.50) to (0.87, -2.73, 0.28). The costmap cannot raytrace for it.
[component_container_isolated-1] [WARN] [1790051380.456439135] [robot1.local_costmap.local_costmap]: Sensor origin at (-0.60, -5.70 0.10) is out of map bounds (-2.10, -5.70, -0.50) to (0.87, -2.73, 0.28). The costmap cannot raytrace for it.
[component_container_isolated-1] [WARN] [1790051380.656585162] [robot1.local_costmap.local_costmap]: Sensor origin at (-0.60, -5.70 0.10) is out of map bounds (-2.10, -5.70, -0.50) to (0.87, -2.73, 0.28). The costmap cannot raytrace for it.
[component_container_isolated-1] [WARN] [1790051380.856440171] [robot1.local_costmap.local_costmap]: Sensor origin at (-0.60, -5.70 0.10) is out of map bounds (-2.10, -5.70, -0.50) to (0.87, -2.73, 0.28). The costmap cannot raytrace for it.
[component_container_isolated-1] [WARN] [1790051381.056435487] [robot1.local_costmap.local_costmap]: Sensor origin at (-0.60, -5.70 0.10) is out of map bounds (-2.10, -5.70, -0.50) to (0.87, -2.73, 0.28). The costmap cannot raytrace for it.
[component_container_isolated-1] [ERROR] [1790051381.190626266] [transformPoseInTargetFrame]: Extrapolation Error looking up target frame: Lookup would require extrapolation at time 1790051373.864590, but only time 1790051375.822393 is in the buffer, when looking up transform from frame [base_link] to frame [map]
[component_container_isolated-1] 
[component_container_isolated-1] [WARN] [1790051381.256612386] [robot1.local_costmap.local_costmap]: Sensor origin at (-0.60, -5.70 0.10) is out of map bounds (-2.10, -5.70, -0.50) to (0.87, -2.73, 0.28). The costmap cannot raytrace for it.
[component_container_isolated-1] [WARN] [1790051381.456430965] [robot1.local_costmap.local_costmap]: Sensor origin at (-0.60, -5.70 0.10) is out of map bounds (-2.10, -5.70, -0.50) to (0.87, -2.73, 0.28). The costmap cannot raytrace for it.
[component_container_isolated-1] [WARN] [1790051381.656529374] [robot1.local_costmap.local_costmap]: Sensor origin at (-0.60, -5.70 0.10) is out of map bounds (-2.10, -5.70, -0.50) to (0.87, -2.73, 0.28). The costmap cannot raytrace for it.
[component_container_isolated-1] [WARN] [1790051381.856492402] [robot1.local_costmap.local_costmap]: Sensor origin at (-0.60, -5.70 0.10) is out of map bounds (-2.10, -5.70, -0.50) to (0.87, -2.73, 0.28). The costmap cannot raytrace for it.
[component_container_isolated-1] [WARN] [1790051382.056430944] [robot1.local_costmap.local_costmap]: Sensor origin at (-0.60, -5.70 0.10) is out of map bounds (-2.10, -5.70, -0.50) to (0.87, -2.73, 0.28). The costmap cannot raytrace for it.
[component_container_isolated-1] [WARN] [1790051382.256583311] [robot1.local_costmap.local_costmap]: Sensor origin at (-0.60, -5.70 0.10) is out of map bounds (-2.10, -5.70, -0.50) to (0.87, -2.73, 0.28). The costmap cannot raytrace for it.
[component_container_isolated-1] [WARN] [1790051382.456430412] [robot1.local_costmap.local_costmap]: Sensor origin at (-0.60, -5.70 0.10) is out of map bounds (-2.10, -5.70, -0.50) to (0.87, -2.73, 0.28). The costmap cannot raytrace for it.
[component_container_isolated-1] [INFO] [1790051382.548828037] [robot1.global_costmap.global_costmap]: Message Filter dropping message: frame 'rplidar_link' at time 1790051377.885 for reason 'the timestamp on the message is earlier than all the data in the transform cache'
[component_container_isolated-1] [WARN] [1790051382.656609422] [robot1.local_costmap.local_costmap]: Sensor origin at (-0.60, -5.70 0.10) is out of map bounds (-2.10, -5.70, -0.50) to (0.87, -2.73, 0.28). The costmap cannot raytrace for it.
[component_container_isolated-1] [WARN] [1790051382.856433876] [robot1.local_costmap.local_costmap]: Sensor origin at (-0.60, -5.70 0.10) is out of map bounds (-2.10, -5.70, -0.50) to (0.87, -2.73, 0.28). The costmap cannot raytrace for it.
[component_container_isolated-1] [WARN] [1790051383.056433985] [robot1.local_costmap.local_costmap]: Sensor origin at (-0.60, -5.70 0.10) is out of map bounds (-2.10, -5.70, -0.50) to (0.87, -2.73, 0.28). The costmap cannot raytrace for it.
[component_container_isolated-1] [WARN] [1790051383.256572317] [robot1.local_costmap.local_costmap]: Sensor origin at (-0.60, -5.70 0.10) is out of map bounds (-2.10, -5.70, -0.50) to (0.87, -2.73, 0.28). The costmap cannot raytrace for it.
[component_container_isolated-1] [WARN] [1790051383.456428802] [robot1.local_costmap.local_costmap]: Sensor origin at (-0.60, -5.70 0.10) is out of map bounds (-2.10, -5.70, -0.50) to (0.87, -2.73, 0.28). The costmap cannot raytrace for it.
[component_container_isolated-1] [ERROR] [1790051401.190006828] [transformPoseInTargetFrame]: Extrapolation Error looking up target frame: Lookup would require extrapolation into the past.  Requested time 1790051389.555688 but the earliest data is at time 1790051389.720243, when looking up transform from frame [base_link] to frame [map]
[component_container_isolated-1] 
[component_container_isolated-1] [ERROR] [1790051409.190541175] [transformPoseInTargetFrame]: Extrapolation Error looking up target frame: Lookup would require extrapolation at time 1790051407.113369, but only time 1790051407.731476 is in the buffer, when looking up transform from frame [base_link] to frame [map]
[component_container_isolated-1] 
[component_container_isolated-1] [ERROR] [1790051410.190459337] [transformPoseInTargetFrame]: Extrapolation Error looking up target frame: Lookup would require extrapolation at time 1790051407.113369, but only time 1790051407.731476 is in the buffer, when looking up transform from frame [base_link] to frame [map]
[component_container_isolated-1] 
[component_container_isolated-1] [ERROR] [1790051411.191594797] [transformPoseInTargetFrame]: Extrapolation Error looking up target frame: Lookup would require extrapolation at time 1790051407.113369, but only time 1790051407.731476 is in the buffer, when looking up transform from frame [base_link] to frame [map]
[component_container_isolated-1] 
[component_container_isolated-1] [ERROR] [1790051412.192906447] [transformPoseInTargetFrame]: Extrapolation Error looking up target frame: Lookup would require extrapolation at time 1790051407.113369, but only time 1790051407.731476 is in the buffer, when looking up transform from frame [base_link] to frame [map]
[component_container_isolated-1] 
[component_container_isolated-1] [ERROR] [1790051413.192734049] [transformPoseInTargetFrame]: Extrapolation Error looking up target frame: Lookup would require extrapolation at time 1790051407.113369, but only time 1790051407.731476 is in the buffer, when looking up transform from frame [base_link] to frame [map]
[component_container_isolated-1] 
[component_container_isolated-1] [ERROR] [1790051414.192270392] [transformPoseInTargetFrame]: Extrapolation Error looking up target frame: Lookup would require extrapolation at time 1790051407.113369, but only time 1790051407.731476 is in the buffer, when looking up transform from frame [base_link] to frame [map]
[component_container_isolated-1] 
[component_container_isolated-1] [INFO] [1790051420.176802757] [robot1.local_costmap.local_costmap]: Message Filter dropping message: frame 'rplidar_link' at time 1790051410.204 for reason 'the timestamp on the message is earlier than all the data in the transform cache'
[component_container_isolated-1] [ERROR] [1790051421.191062759] [transformPoseInTargetFrame]: Extrapolation Error looking up target frame: Lookup would require extrapolation into the past.  Requested time 1790051421.114310 but the earliest data is at time 1790051421.905827, when looking up transform from frame [base_link] to frame [map]
[component_container_isolated-1] 
[component_container_isolated-1] [INFO] [1790051447.372917592] [robot1.bt_navigator]: Begin navigating from current location (-0.55, -4.11) to (-1.69, 5.92)
[component_container_isolated-1] [INFO] [1790051447.393292036] [robot1.controller_server]: Received a goal, begin computing control effort.
[component_container_isolated-1] [INFO] [1790051448.443463011] [robot1.controller_server]: Passing new path to controller.
[component_container_isolated-1] [INFO] [1790051449.493465224] [robot1.controller_server]: Passing new path to controller.
[component_container_isolated-1] [INFO] [1790051450.493500649] [robot1.controller_server]: Passing new path to controller.
[component_container_isolated-1] [INFO] [1790051451.543494679] [robot1.controller_server]: Passing new path to controller.
[component_container_isolated-1] [INFO] [1790051452.383103234] [robot1.bt_navigator]: Received goal preemption request
[component_container_isolated-1] [INFO] [1790051452.383272592] [robot1.bt_navigator]: Begin navigating from current location (-0.61, -2.94) to (-1.30, 3.53)
[component_container_isolated-1] [INFO] [1790051452.543557157] [robot1.controller_server]: Passing new path to controller.
[component_container_isolated-1] [INFO] [1790051453.373165465] [robot1.bt_navigator]: Received goal preemption request
[component_container_isolated-1] [INFO] [1790051453.373298147] [robot1.bt_navigator]: Begin navigating from current location (-0.62, -2.71) to (-2.39, 6.26)
[component_container_isolated-1] [INFO] [1790051453.593490223] [robot1.controller_server]: Passing new path to controller.
[component_container_isolated-1] [INFO] [1790051454.383108680] [robot1.bt_navigator]: Received goal preemption request
[component_container_isolated-1] [INFO] [1790051454.383198591] [robot1.bt_navigator]: Begin navigating from current location (-0.64, -2.51) to (-1.10, 6.07)
[component_container_isolated-1] [INFO] [1790051454.643460395] [robot1.controller_server]: Passing new path to controller.
[component_container_isolated-1] [INFO] [1790051455.383144797] [robot1.bt_navigator]: Received goal preemption request
[component_container_isolated-1] [INFO] [1790051455.383370844] [robot1.bt_navigator]: Begin navigating from current location (-0.67, -2.27) to (0.65, 3.99)
[component_container_isolated-1] [INFO] [1790051455.643461271] [robot1.controller_server]: Passing new path to controller.
[component_container_isolated-1] [INFO] [1790051456.383079369] [robot1.bt_navigator]: Received goal preemption request
[component_container_isolated-1] [INFO] [1790051456.383158105] [robot1.bt_navigator]: Begin navigating from current location (-0.70, -2.05) to (-0.04, 5.96)
[component_container_isolated-1] [INFO] [1790051456.693464918] [robot1.controller_server]: Passing new path to controller.
[component_container_isolated-1] [INFO] [1790051457.383078762] [robot1.bt_navigator]: Received goal preemption request
[component_container_isolated-1] [INFO] [1790051457.383164445] [robot1.bt_navigator]: Begin navigating from current location (-0.74, -1.84) to (-0.61, 6.05)
[component_container_isolated-1] [INFO] [1790051457.693483667] [robot1.controller_server]: Passing new path to controller.
[component_container_isolated-1] [INFO] [1790051458.383079234] [robot1.bt_navigator]: Received goal preemption request
[component_container_isolated-1] [INFO] [1790051458.383163437] [robot1.bt_navigator]: Begin navigating from current location (-0.80, -1.64) to (-1.91, 6.14)
[component_container_isolated-1] [INFO] [1790051458.743465304] [robot1.controller_server]: Passing new path to controller.
[component_container_isolated-1] [INFO] [1790051459.383073284] [robot1.bt_navigator]: Received goal preemption request
[component_container_isolated-1] [INFO] [1790051459.383154459] [robot1.bt_navigator]: Begin navigating from current location (-0.87, -1.43) to (-0.29, 6.13)
[component_container_isolated-1] [INFO] [1790051459.743466238] [robot1.controller_server]: Passing new path to controller.
[component_container_isolated-1] [INFO] [1790051460.383070042] [robot1.bt_navigator]: Received goal preemption request
[component_container_isolated-1] [INFO] [1790051460.383147369] [robot1.bt_navigator]: Begin navigating from current location (-0.95, -1.21) to (0.18, 6.10)
[component_container_isolated-1] [INFO] [1790051460.793475206] [robot1.controller_server]: Passing new path to controller.
[component_container_isolated-1] [INFO] [1790051461.383075314] [robot1.bt_navigator]: Received goal preemption request
[component_container_isolated-1] [INFO] [1790051461.383155523] [robot1.bt_navigator]: Begin navigating from current location (-1.03, -1.02) to (-0.56, 6.11)
[component_container_isolated-1] [INFO] [1790051461.843464697] [robot1.controller_server]: Passing new path to controller.
[component_container_isolated-1] [INFO] [1790051462.383077848] [robot1.bt_navigator]: Received goal preemption request
[component_container_isolated-1] [INFO] [1790051462.383148960] [robot1.bt_navigator]: Begin navigating from current location (-1.06, -0.80) to (-1.53, 3.68)
[component_container_isolated-1] [INFO] [1790051462.843462899] [robot1.controller_server]: Passing new path to controller.
[component_container_isolated-1] [INFO] [1790051463.383085830] [robot1.bt_navigator]: Received goal preemption request
[component_container_isolated-1] [INFO] [1790051463.383188180] [robot1.bt_navigator]: Begin navigating from current location (-1.04, -0.59) to (-1.48, 4.08)
[component_container_isolated-1] [INFO] [1790051463.893463667] [robot1.controller_server]: Passing new path to controller.
[component_container_isolated-1] [INFO] [1790051464.383141153] [robot1.bt_navigator]: Received goal preemption request
[component_container_isolated-1] [INFO] [1790051464.383230051] [robot1.bt_navigator]: Begin navigating from current location (-1.04, -0.36) to (-1.97, 3.88)
[component_container_isolated-1] [INFO] [1790051464.893462360] [robot1.controller_server]: Passing new path to controller.
[component_container_isolated-1] [INFO] [1790051465.383082436] [robot1.bt_navigator]: Received goal preemption request
[component_container_isolated-1] [INFO] [1790051465.383170589] [robot1.bt_navigator]: Begin navigating from current location (-1.05, -0.14) to (-1.99, 3.61)
[component_container_isolated-1] [INFO] [1790051465.943481619] [robot1.controller_server]: Passing new path to controller.
[component_container_isolated-1] [INFO] [1790051466.373070439] [robot1.bt_navigator]: Received goal preemption request
[component_container_isolated-1] [INFO] [1790051466.373147253] [robot1.bt_navigator]: Begin navigating from current location (-1.04, 0.08) to (-1.69, 3.84)
[component_container_isolated-1] [INFO] [1790051466.943493918] [robot1.controller_server]: Passing new path to controller.
[component_container_isolated-1] [INFO] [1790051467.383099308] [robot1.bt_navigator]: Received goal preemption request
[component_container_isolated-1] [INFO] [1790051467.383173663] [robot1.bt_navigator]: Begin navigating from current location (-1.04, 0.21) to (-1.15, 3.95)
[component_container_isolated-1] [INFO] [1790051467.993469227] [robot1.controller_server]: Passing new path to controller.
[component_container_isolated-1] [INFO] [1790051468.373117010] [robot1.bt_navigator]: Received goal preemption request
[component_container_isolated-1] [INFO] [1790051468.373200353] [robot1.bt_navigator]: Begin navigating from current location (-1.03, 0.38) to (-2.19, 3.86)
[component_container_isolated-1] [INFO] [1790051468.993467516] [robot1.controller_server]: Passing new path to controller.
[component_container_isolated-1] [INFO] [1790051469.383069651] [robot1.bt_navigator]: Received goal preemption request
[component_container_isolated-1] [INFO] [1790051469.383138235] [robot1.bt_navigator]: Begin navigating from current location (-1.03, 0.60) to (-1.70, 3.46)
[component_container_isolated-1] [INFO] [1790051470.043461181] [robot1.controller_server]: Passing new path to controller.
[component_container_isolated-1] [INFO] [1790051470.383069109] [robot1.bt_navigator]: Received goal preemption request
[component_container_isolated-1] [INFO] [1790051470.383136569] [robot1.bt_navigator]: Begin navigating from current location (-1.03, 0.82) to (-0.96, 4.18)
[component_container_isolated-1] [INFO] [1790051471.043580536] [robot1.controller_server]: Passing new path to controller.
[component_container_isolated-1] [INFO] [1790051471.383130186] [robot1.bt_navigator]: Received goal preemption request
[component_container_isolated-1] [INFO] [1790051471.383216492] [robot1.bt_navigator]: Begin navigating from current location (-1.04, 1.06) to (-1.16, 4.39)
[component_container_isolated-1] [INFO] [1790051472.093460261] [robot1.controller_server]: Passing new path to controller.
[component_container_isolated-1] [INFO] [1790051472.383070350] [robot1.bt_navigator]: Received goal preemption request
[component_container_isolated-1] [INFO] [1790051472.383139370] [robot1.bt_navigator]: Begin navigating from current location (-1.05, 1.29) to (-1.41, 4.39)
[component_container_isolated-1] [INFO] [1790051473.143463743] [robot1.controller_server]: Passing new path to controller.
[component_container_isolated-1] [INFO] [1790051473.383067862] [robot1.bt_navigator]: Received goal preemption request
[component_container_isolated-1] [INFO] [1790051473.383174730] [robot1.bt_navigator]: Begin navigating from current location (-1.04, 1.35) to (-1.23, 4.71)
[component_container_isolated-1] [INFO] [1790051474.143461870] [robot1.controller_server]: Passing new path to controller.
[component_container_isolated-1] [INFO] [1790051474.383066563] [robot1.bt_navigator]: Received goal preemption request
[component_container_isolated-1] [INFO] [1790051474.383134265] [robot1.bt_navigator]: Begin navigating from current location (-1.04, 1.38) to (-2.37, 3.69)
[component_container_isolated-1] [INFO] [1790051475.193464265] [robot1.controller_server]: Passing new path to controller.
[component_container_isolated-1] [INFO] [1790051475.383080232] [robot1.bt_navigator]: Received goal preemption request
[component_container_isolated-1] [INFO] [1790051475.383200321] [robot1.bt_navigator]: Begin navigating from current location (-1.04, 1.41) to (-2.74, 4.25)
[component_container_isolated-1] [INFO] [1790051476.193475425] [robot1.controller_server]: Passing new path to controller.
[component_container_isolated-1] [INFO] [1790051476.373092790] [robot1.bt_navigator]: Received goal preemption request
[component_container_isolated-1] [INFO] [1790051476.373198784] [robot1.bt_navigator]: Begin navigating from current location (-1.04, 1.46) to (-2.48, 4.60)
[component_container_isolated-1] [INFO] [1790051477.243482524] [robot1.controller_server]: Passing new path to controller.
[component_container_isolated-1] [INFO] [1790051477.383154397] [robot1.bt_navigator]: Received goal preemption request
[component_container_isolated-1] [INFO] [1790051477.383238654] [robot1.bt_navigator]: Begin navigating from current location (-1.04, 1.52) to (-1.52, 5.01)
[component_container_isolated-1] [INFO] [1790051478.243462645] [robot1.controller_server]: Passing new path to controller.
[component_container_isolated-1] [INFO] [1790051478.383065234] [robot1.bt_navigator]: Received goal preemption request
[component_container_isolated-1] [INFO] [1790051478.383124869] [robot1.bt_navigator]: Begin navigating from current location (-1.04, 1.59) to (-1.30, 3.78)
[component_container_isolated-1] [INFO] [1790051479.293466756] [robot1.controller_server]: Passing new path to controller.
[component_container_isolated-1] [INFO] [1790051479.383077917] [robot1.bt_navigator]: Received goal preemption request
[component_container_isolated-1] [INFO] [1790051479.383198276] [robot1.bt_navigator]: Begin navigating from current location (-1.04, 1.69) to (-1.82, 4.99)
[component_container_isolated-1] [INFO] [1790051480.343467128] [robot1.controller_server]: Passing new path to controller.
[component_container_isolated-1] [INFO] [1790051480.383070019] [robot1.bt_navigator]: Received goal preemption request
[component_container_isolated-1] [INFO] [1790051480.383191542] [robot1.bt_navigator]: Begin navigating from current location (-1.03, 1.91) to (-2.70, 4.77)
[component_container_isolated-1] [INFO] [1790051480.656432373] [robot1.local_costmap.local_costmap]: StaticLayer: Resizing static layer to 185 X 311 at 0.050000 m/pix
[component_container_isolated-1] [INFO] [1790051480.887465438] [robot1.global_costmap.global_costmap]: StaticLayer: Resizing costmap to 185 X 311 at 0.050000 m/pix
[component_container_isolated-1] [INFO] [1790051481.343487153] [robot1.controller_server]: Passing new path to controller.
[component_container_isolated-1] [INFO] [1790051481.383047928] [robot1.bt_navigator]: Received goal preemption request
[component_container_isolated-1] [INFO] [1790051481.383106918] [robot1.bt_navigator]: Begin navigating from current location (-1.03, 2.15) to (-2.28, 4.82)
[component_container_isolated-1] [INFO] [1790051481.656477298] [robot1.local_costmap.local_costmap]: StaticLayer: Resizing static layer to 186 X 311 at 0.050000 m/pix
[component_container_isolated-1] [INFO] [1790051481.887460753] [robot1.global_costmap.global_costmap]: StaticLayer: Resizing costmap to 186 X 311 at 0.050000 m/pix
[component_container_isolated-1] [INFO] [1790051482.383076429] [robot1.bt_navigator]: Received goal preemption request
[component_container_isolated-1] [INFO] [1790051482.383165040] [robot1.bt_navigator]: Begin navigating from current location (-1.03, 2.36) to (-2.55, 3.91)
[component_container_isolated-1] [INFO] [1790051482.393492871] [robot1.controller_server]: Passing new path to controller.
[component_container_isolated-1] [INFO] [1790051482.656463027] [robot1.local_costmap.local_costmap]: StaticLayer: Resizing static layer to 186 X 311 at 0.050000 m/pix
[component_container_isolated-1] [INFO] [1790051482.887516499] [robot1.global_costmap.global_costmap]: StaticLayer: Resizing costmap to 186 X 311 at 0.050000 m/pix
[component_container_isolated-1] [INFO] [1790051483.383105720] [robot1.bt_navigator]: Received goal preemption request
[component_container_isolated-1] [INFO] [1790051483.383239121] [robot1.bt_navigator]: Begin navigating from current location (-1.04, 2.59) to (-1.95, 5.20)
[component_container_isolated-1] [INFO] [1790051483.393483576] [robot1.controller_server]: Passing new path to controller.
[component_container_isolated-1] [INFO] [1790051484.383079413] [robot1.bt_navigator]: Received goal preemption request
[component_container_isolated-1] [INFO] [1790051484.383211161] [robot1.bt_navigator]: Begin navigating from current location (-1.05, 2.78) to (-0.81, 4.54)
[component_container_isolated-1] [INFO] [1790051484.443488223] [robot1.controller_server]: Passing new path to controller.
[component_container_isolated-1] [INFO] [1790051485.383067894] [robot1.bt_navigator]: Received goal preemption request
[component_container_isolated-1] [INFO] [1790051485.383143393] [robot1.bt_navigator]: Begin navigating from current location (-1.12, 2.96) to (-2.22, 4.41)
[component_container_isolated-1] [INFO] [1790051485.493461704] [robot1.controller_server]: Passing new path to controller.
[component_container_isolated-1] [INFO] [1790051486.373132764] [robot1.bt_navigator]: Received goal preemption request
[component_container_isolated-1] [INFO] [1790051486.373272962] [robot1.bt_navigator]: Begin navigating from current location (-1.16, 3.06) to (-2.19, 5.12)
[component_container_isolated-1] [INFO] [1790051486.493476265] [robot1.controller_server]: Passing new path to controller.
[component_container_isolated-1] [INFO] [1790051487.383084564] [robot1.bt_navigator]: Received goal preemption request
[component_container_isolated-1] [INFO] [1790051487.383219783] [robot1.bt_navigator]: Begin navigating from current location (-1.17, 3.11) to (-1.46, 3.69)
[component_container_isolated-1] [INFO] [1790051487.543463908] [robot1.controller_server]: Passing new path to controller.
[component_container_isolated-1] [INFO] [1790051488.373141806] [robot1.bt_navigator]: Received goal preemption request
[component_container_isolated-1] [INFO] [1790051488.373307774] [robot1.bt_navigator]: Begin navigating from current location (-1.18, 3.15) to (-1.19, 3.93)
[component_container_isolated-1] [INFO] [1790051488.543485067] [robot1.controller_server]: Passing new path to controller.
[component_container_isolated-1] [INFO] [1790051489.383077234] [robot1.bt_navigator]: Received goal preemption request
[component_container_isolated-1] [INFO] [1790051489.383159350] [robot1.bt_navigator]: Begin navigating from current location (-1.17, 3.17) to (-1.77, 3.60)
[component_container_isolated-1] [INFO] [1790051489.593474714] [robot1.controller_server]: Passing new path to controller.
[component_container_isolated-1] [INFO] [1790051490.373084774] [robot1.bt_navigator]: Received goal preemption request
[component_container_isolated-1] [INFO] [1790051490.373223911] [robot1.bt_navigator]: Begin navigating from current location (-1.16, 3.19) to (-1.76, 3.83)
[component_container_isolated-1] [INFO] [1790051490.643463033] [robot1.controller_server]: Passing new path to controller.
[component_container_isolated-1] [INFO] [1790051491.383082941] [robot1.bt_navigator]: Received goal preemption request
[component_container_isolated-1] [INFO] [1790051491.383214415] [robot1.bt_navigator]: Begin navigating from current location (-1.17, 3.20) to (-0.95, 4.23)
[component_container_isolated-1] [INFO] [1790051491.643464011] [robot1.controller_server]: Passing new path to controller.
[component_container_isolated-1] [INFO] [1790051492.373081478] [robot1.bt_navigator]: Received goal preemption request
[component_container_isolated-1] [INFO] [1790051492.373233602] [robot1.bt_navigator]: Begin navigating from current location (-1.17, 3.22) to (-2.07, 3.72)
[component_container_isolated-1] [INFO] [1790051492.693485791] [robot1.controller_server]: Passing new path to controller.
[component_container_isolated-1] [INFO] [1790051493.693459364] [robot1.controller_server]: Passing new path to controller.
[component_container_isolated-1] [INFO] [1790051494.743463880] [robot1.controller_server]: Passing new path to controller.
[component_container_isolated-1] [INFO] [1790051495.793461944] [robot1.controller_server]: Passing new path to controller.
[component_container_isolated-1] [INFO] [1790051496.793485067] [robot1.controller_server]: Passing new path to controller.
[component_container_isolated-1] [INFO] [1790051497.843473345] [robot1.controller_server]: Passing new path to controller.
[component_container_isolated-1] [INFO] [1790051498.843519550] [robot1.controller_server]: Passing new path to controller.
[component_container_isolated-1] [INFO] [1790051499.845285723] [robot1.controller_server]: Reached the goal!
[component_container_isolated-1] [INFO] [1790051499.863169754] [robot1.controller_server]: Received a goal, begin computing control effort.
[component_container_isolated-1] [INFO] [1790051499.865590272] [robot1.controller_server]: Reached the goal!
[component_container_isolated-1] [INFO] [1790051499.903065448] [robot1.bt_navigator]: Goal succeeded
[component_container_isolated-1] [INFO] [1790051534.687133298] [robot1.bt_navigator]: Begin navigating from current location (-0.71, 3.37) to (3.01, -5.22)
[component_container_isolated-1] [INFO] [1790051534.707607714] [robot1.controller_server]: Received a goal, begin computing control effort.
[component_container_isolated-1] [INFO] [1790051535.757759972] [robot1.controller_server]: Passing new path to controller.
[component_container_isolated-1] [INFO] [1790051536.807764337] [robot1.controller_server]: Passing new path to controller.
[component_container_isolated-1] [INFO] [1790051537.807757818] [robot1.controller_server]: Passing new path to controller.
[component_container_isolated-1] [INFO] [1790051538.857758730] [robot1.controller_server]: Passing new path to controller.
[component_container_isolated-1] [INFO] [1790051539.857757210] [robot1.controller_server]: Passing new path to controller.
[component_container_isolated-1] [INFO] [1790051540.907793201] [robot1.controller_server]: Passing new path to controller.
[component_container_isolated-1] [INFO] [1790051541.957760205] [robot1.controller_server]: Passing new path to controller.
[component_container_isolated-1] [INFO] [1790051542.957760862] [robot1.controller_server]: Passing new path to controller.
[component_container_isolated-1] [INFO] [1790051544.007859919] [robot1.controller_server]: Passing new path to controller.
[component_container_isolated-1] [INFO] [1790051545.007762460] [robot1.controller_server]: Passing new path to controller.
[component_container_isolated-1] [INFO] [1790051546.057762011] [robot1.controller_server]: Passing new path to controller.
[component_container_isolated-1] [INFO] [1790051547.107775193] [robot1.controller_server]: Passing new path to controller.
[component_container_isolated-1] [INFO] [1790051548.107761919] [robot1.controller_server]: Passing new path to controller.
[component_container_isolated-1] [INFO] [1790051549.157781779] [robot1.controller_server]: Passing new path to controller.
[component_container_isolated-1] [INFO] [1790051550.157817490] [robot1.controller_server]: Passing new path to controller.
[component_container_isolated-1] [INFO] [1790051551.207760521] [robot1.controller_server]: Passing new path to controller.
[component_container_isolated-1] [INFO] [1790051552.257758143] [robot1.controller_server]: Passing new path to controller.
[component_container_isolated-1] [INFO] [1790051553.257793366] [robot1.controller_server]: Passing new path to controller.
[component_container_isolated-1] [INFO] [1790051554.307761853] [robot1.controller_server]: Passing new path to controller.
[component_container_isolated-1] [INFO] [1790051555.307779319] [robot1.controller_server]: Passing new path to controller.
[component_container_isolated-1] [INFO] [1790051556.357767787] [robot1.controller_server]: Passing new path to controller.
[component_container_isolated-1] [INFO] [1790051557.357761280] [robot1.controller_server]: Passing new path to controller.
[component_container_isolated-1] [INFO] [1790051558.407788128] [robot1.controller_server]: Passing new path to controller.
[component_container_isolated-1] [INFO] [1790051559.457776833] [robot1.controller_server]: Passing new path to controller.
[component_container_isolated-1] [INFO] [1790051560.457779255] [robot1.controller_server]: Passing new path to controller.
[component_container_isolated-1] [INFO] [1790051561.507782289] [robot1.controller_server]: Passing new path to controller.
[component_container_isolated-1] [INFO] [1790051562.507783068] [robot1.controller_server]: Passing new path to controller.
[component_container_isolated-1] [INFO] [1790051563.557773865] [robot1.controller_server]: Passing new path to controller.
[component_container_isolated-1] [INFO] [1790051564.607763453] [robot1.controller_server]: Passing new path to controller.
[component_container_isolated-1] [INFO] [1790051565.607818367] [robot1.controller_server]: Passing new path to controller.
[component_container_isolated-1] [INFO] [1790051566.657762997] [robot1.controller_server]: Passing new path to controller.
[component_container_isolated-1] [INFO] [1790051567.657760350] [robot1.controller_server]: Passing new path to controller.
[component_container_isolated-1] [INFO] [1790051568.707786457] [robot1.controller_server]: Passing new path to controller.
[component_container_isolated-1] [INFO] [1790051569.757816055] [robot1.controller_server]: Passing new path to controller.
[component_container_isolated-1] [INFO] [1790051570.757784061] [robot1.controller_server]: Passing new path to controller.
[component_container_isolated-1] [INFO] [1790051571.807781137] [robot1.controller_server]: Passing new path to controller.
[component_container_isolated-1] [INFO] [1790051572.807770206] [robot1.controller_server]: Passing new path to controller.
[component_container_isolated-1] [INFO] [1790051573.857759193] [robot1.controller_server]: Passing new path to controller.
[component_container_isolated-1] [INFO] [1790051574.857785766] [robot1.controller_server]: Passing new path to controller.
[component_container_isolated-1] [INFO] [1790051575.907758003] [robot1.controller_server]: Passing new path to controller.
[component_container_isolated-1] [INFO] [1790051576.957766896] [robot1.controller_server]: Passing new path to controller.
[component_container_isolated-1] [INFO] [1790051577.957776220] [robot1.controller_server]: Passing new path to controller.
[component_container_isolated-1] [INFO] [1790051579.007788935] [robot1.controller_server]: Passing new path to controller.
[component_container_isolated-1] [INFO] [1790051580.007758854] [robot1.controller_server]: Passing new path to controller.
[component_container_isolated-1] [INFO] [1790051581.057761812] [robot1.controller_server]: Passing new path to controller.
[component_container_isolated-1] [INFO] [1790051582.057757855] [robot1.controller_server]: Passing new path to controller.
[component_container_isolated-1] [INFO] [1790051583.107760695] [robot1.controller_server]: Passing new path to controller.
[component_container_isolated-1] [INFO] [1790051583.759489749] [robot1.controller_server]: Reached the goal!
[component_container_isolated-1] [INFO] [1790051583.797313928] [robot1.bt_navigator]: Goal succeeded
[component_container_isolated-1] [INFO] [1790051589.095058863] [robot1.bt_navigator]: Begin navigating from current location (2.80, -5.28) to (3.17, -5.29)
[component_container_isolated-1] [INFO] [1790051589.115463209] [robot1.controller_server]: Received a goal, begin computing control effort.
[component_container_isolated-1] [INFO] [1790051590.165750387] [robot1.controller_server]: Passing new path to controller.
[component_container_isolated-1] [INFO] [1790051591.215659295] [robot1.controller_server]: Passing new path to controller.
[component_container_isolated-1] [INFO] [1790051592.215748815] [robot1.controller_server]: Passing new path to controller.
[component_container_isolated-1] [INFO] [1790051593.265666762] [robot1.controller_server]: Passing new path to controller.
[component_container_isolated-1] [INFO] [1790051594.017418865] [robot1.controller_server]: Reached the goal!
[component_container_isolated-1] [INFO] [1790051594.055250601] [robot1.bt_navigator]: Goal succeeded
[component_container_isolated-1] [INFO] [1790051631.327608878] [robot1.bt_navigator]: Begin navigating from current location (2.98, -5.36) to (3.55, -3.46)
[component_container_isolated-1] [INFO] [1790051631.348136327] [robot1.controller_server]: Received a goal, begin computing control effort.
[component_container_isolated-1] [INFO] [1790051632.398296928] [robot1.controller_server]: Passing new path to controller.
[component_container_isolated-1] [INFO] [1790051633.448311918] [robot1.controller_server]: Passing new path to controller.
[component_container_isolated-1] [INFO] [1790051634.448296362] [robot1.controller_server]: Passing new path to controller.
[component_container_isolated-1] [INFO] [1790051635.498312427] [robot1.controller_server]: Passing new path to controller.
[component_container_isolated-1] [INFO] [1790051636.498295819] [robot1.controller_server]: Passing new path to controller.
[component_container_isolated-1] [INFO] [1790051637.548299270] [robot1.controller_server]: Passing new path to controller.
[component_container_isolated-1] [INFO] [1790051638.598310176] [robot1.controller_server]: Passing new path to controller.
[component_container_isolated-1] [INFO] [1790051639.549633511] [robot1.controller_server]: Reached the goal!
[component_container_isolated-1] [INFO] [1790051639.587866866] [robot1.bt_navigator]: Goal succeeded
[component_container_isolated-1] [INFO] [1790051640.325649779] [robot1.bt_navigator]: Begin navigating from current location (3.43, -3.66) to (4.34, -2.03)
[component_container_isolated-1] [INFO] [1790051640.346266490] [robot1.controller_server]: Received a goal, begin computing control effort.
[component_container_isolated-1] [INFO] [1790051641.396466206] [robot1.controller_server]: Passing new path to controller.
[component_container_isolated-1] [INFO] [1790051642.446471432] [robot1.controller_server]: Passing new path to controller.
[component_container_isolated-1] [INFO] [1790051643.446447568] [robot1.controller_server]: Passing new path to controller.
[component_container_isolated-1] [INFO] [1790051644.496471826] [robot1.controller_server]: Passing new path to controller.
[component_container_isolated-1] [INFO] [1790051645.496448381] [robot1.controller_server]: Passing new path to controller.
[component_container_isolated-1] [INFO] [1790051646.546453679] [robot1.controller_server]: Passing new path to controller.
[component_container_isolated-1] [INFO] [1790051646.548144858] [robot1.controller_server]: Reached the goal!
[component_container_isolated-1] [INFO] [1790051646.595895236] [robot1.bt_navigator]: Goal succeeded
[component_container_isolated-1] [INFO] [1790051647.325771925] [robot1.bt_navigator]: Begin navigating from current location (3.87, -2.27) to (4.40, -0.43)
[component_container_isolated-1] [INFO] [1790051647.346207227] [robot1.controller_server]: Received a goal, begin computing control effort.
[component_container_isolated-1] [INFO] [1790051648.396414802] [robot1.controller_server]: Passing new path to controller.
[component_container_isolated-1] [INFO] [1790051649.446368999] [robot1.controller_server]: Passing new path to controller.
[component_container_isolated-1] [INFO] [1790051650.446396229] [robot1.controller_server]: Passing new path to controller.
[component_container_isolated-1] [INFO] [1790051651.496402312] [robot1.controller_server]: Passing new path to controller.
[component_container_isolated-1] [INFO] [1790051652.496384400] [robot1.controller_server]: Passing new path to controller.
[component_container_isolated-1] [INFO] [1790051653.546389820] [robot1.controller_server]: Passing new path to controller.
[component_container_isolated-1] [INFO] [1790051654.596371276] [robot1.controller_server]: Passing new path to controller.
[component_container_isolated-1] [INFO] [1790051655.596391617] [robot1.controller_server]: Passing new path to controller.
[component_container_isolated-1] [INFO] [1790051656.596371893] [robot1.controller_server]: Passing new path to controller.
[component_container_isolated-1] [INFO] [1790051657.646494665] [robot1.controller_server]: Passing new path to controller.
[component_container_isolated-1] [INFO] [1790051658.696394240] [robot1.controller_server]: Passing new path to controller.
[component_container_isolated-1] [INFO] [1790051659.696406262] [robot1.controller_server]: Passing new path to controller.
[component_container_isolated-1] [INFO] [1790051660.746385619] [robot1.controller_server]: Passing new path to controller.
[component_container_isolated-1] [INFO] [1790051661.746390763] [robot1.controller_server]: Passing new path to controller.
[component_container_isolated-1] [INFO] [1790051662.796390509] [robot1.controller_server]: Passing new path to controller.
[component_container_isolated-1] [INFO] [1790051663.846457243] [robot1.controller_server]: Passing new path to controller.
[component_container_isolated-1] [INFO] [1790051664.846385858] [robot1.controller_server]: Passing new path to controller.
[component_container_isolated-1] [INFO] [1790051665.896383508] [robot1.controller_server]: Passing new path to controller.
[component_container_isolated-1] [INFO] [1790051666.896391799] [robot1.controller_server]: Passing new path to controller.
[component_container_isolated-1] [INFO] [1790051667.946367831] [robot1.controller_server]: Passing new path to controller.
[component_container_isolated-1] [INFO] [1790051668.996397884] [robot1.controller_server]: Passing new path to controller.
[component_container_isolated-1] [ERROR] [1790051669.746374112] [robot1.bt_navigator_navigate_to_pose_rclcpp_node]: Failed to get result for follow_path in node halt!
[component_container_isolated-1] [INFO] [1790051669.746504786] [robot1.bt_navigator]: [navigate_to_pose] [ActionServer] Client requested to cancel the goal. Cancelling.
[component_container_isolated-1] [INFO] [1790051669.746403812] [robot1.controller_server]: Goal was canceled. Stopping the robot.
[component_container_isolated-1] [INFO] [1790051669.746564910] [robot1.controller_server]: [follow_path] [ActionServer] Client requested to cancel the goal. Cancelling.
[component_container_isolated-1] [INFO] [1790051669.746627672] [robot1.bt_navigator]: Goal canceled
[component_container_isolated-1] [INFO] [1790051670.325568546] [robot1.bt_navigator]: Begin navigating from current location (3.65, -0.23) to (1.93, 0.05)
[component_container_isolated-1] [INFO] [1790051670.346096666] [robot1.controller_server]: Received a goal, begin computing control effort.
[component_container_isolated-1] [INFO] [1790051671.396274414] [robot1.controller_server]: Passing new path to controller.
[component_container_isolated-1] [INFO] [1790051672.446294827] [robot1.controller_server]: Passing new path to controller.
[component_container_isolated-1] [INFO] [1790051673.446273733] [robot1.controller_server]: Passing new path to controller.
[component_container_isolated-1] [INFO] [1790051674.496296011] [robot1.controller_server]: Passing new path to controller.
[component_container_isolated-1] [INFO] [1790051675.496375689] [robot1.controller_server]: Passing new path to controller.
[component_container_isolated-1] [INFO] [1790051676.546291128] [robot1.controller_server]: Passing new path to controller.
[component_container_isolated-1] [INFO] [1790051677.596310918] [robot1.controller_server]: Passing new path to controller.
[component_container_isolated-1] [INFO] [1790051678.596287168] [robot1.controller_server]: Passing new path to controller.
[component_container_isolated-1] [INFO] [1790051679.646286451] [robot1.controller_server]: Passing new path to controller.
[component_container_isolated-1] [INFO] [1790051680.646293147] [robot1.controller_server]: Passing new path to controller.
[component_container_isolated-1] [INFO] [1790051681.696309274] [robot1.controller_server]: Passing new path to controller.
[component_container_isolated-1] [INFO] [1790051682.548216717] [robot1.controller_server]: Reached the goal!
[component_container_isolated-1] [INFO] [1790051682.585838799] [robot1.bt_navigator]: Goal succeeded
[component_container_isolated-1] [INFO] [1790051683.325432956] [robot1.bt_navigator]: Begin navigating from current location (2.02, 0.43) to (0.93, -0.34)
[component_container_isolated-1] [INFO] [1790051683.346019514] [robot1.controller_server]: Received a goal, begin computing control effort.
[component_container_isolated-1] [INFO] [1790051684.396212315] [robot1.controller_server]: Passing new path to controller.
[component_container_isolated-1] [INFO] [1790051684.656423855] [robot1.local_costmap.local_costmap]: StaticLayer: Resizing static layer to 187 X 311 at 0.050000 m/pix
[component_container_isolated-1] [ERROR] [1790051684.745827831] [robot1.bt_navigator_navigate_to_pose_rclcpp_node]: Failed to get result for follow_path in node halt!
[component_container_isolated-1] [INFO] [1790051684.745880830] [robot1.bt_navigator]: [navigate_to_pose] [ActionServer] Client requested to cancel the goal. Cancelling.
[component_container_isolated-1] [INFO] [1790051684.745948394] [robot1.bt_navigator]: Goal canceled
[component_container_isolated-1] [INFO] [1790051684.746215364] [robot1.controller_server]: Goal was canceled. Stopping the robot.
[component_container_isolated-1] [INFO] [1790051684.746276010] [robot1.controller_server]: [follow_path] [ActionServer] Client requested to cancel the goal. Cancelling.
[component_container_isolated-1] [INFO] [1790051684.887470103] [robot1.global_costmap.global_costmap]: StaticLayer: Resizing costmap to 187 X 311 at 0.050000 m/pix
[component_container_isolated-1] [INFO] [1790051685.325497752] [robot1.bt_navigator]: Begin navigating from current location (1.69, 0.39) to (1.90, 1.77)
[component_container_isolated-1] [INFO] [1790051685.345894231] [robot1.controller_server]: Received a goal, begin computing control effort.
[component_container_isolated-1] [INFO] [1790051686.396101508] [robot1.controller_server]: Passing new path to controller.
[component_container_isolated-1] [INFO] [1790051687.446077860] [robot1.controller_server]: Passing new path to controller.
[component_container_isolated-1] [INFO] [1790051688.446069833] [robot1.controller_server]: Passing new path to controller.
[component_container_isolated-1] [INFO] [1790051689.496083169] [robot1.controller_server]: Passing new path to controller.
[component_container_isolated-1] [ERROR] [1790051689.845855009] [robot1.bt_navigator_navigate_to_pose_rclcpp_node]: Failed to get result for follow_path in node halt!
[component_container_isolated-1] [INFO] [1790051689.845904127] [robot1.bt_navigator]: [navigate_to_pose] [ActionServer] Client requested to cancel the goal. Cancelling.
[component_container_isolated-1] [INFO] [1790051689.845965734] [robot1.bt_navigator]: Goal canceled
[component_container_isolated-1] [INFO] [1790051689.846070218] [robot1.controller_server]: Goal was canceled. Stopping the robot.
[component_container_isolated-1] [INFO] [1790051689.846098010] [robot1.controller_server]: [follow_path] [ActionServer] Client requested to cancel the goal. Cancelling.
[component_container_isolated-1] [INFO] [1790051690.325861453] [robot1.bt_navigator]: Begin navigating from current location (1.67, 0.82) to (2.53, 2.59)
[component_container_isolated-1] [ERROR] [1790051690.327728688] [robot1.planner_server]: Failed to create a plan from potential when a legal potential was found. This shouldn't happen.
[component_container_isolated-1] [WARN] [1790051690.327776656] [robot1.planner_server]: GridBased: failed to create plan with tolerance 0.50.
[component_container_isolated-1] [WARN] [1790051690.327787879] [robot1.planner_server]: Planning algorithm GridBased failed to generate a valid path to (2.53, 2.59)
[component_container_isolated-1] [WARN] [1790051690.327798835] [robot1.planner_server]: [compute_path_to_pose] [ActionServer] Aborting handle.
[component_container_isolated-1] [INFO] [1790051690.346117848] [robot1.global_costmap.global_costmap]: Received request to clear entirely the global_costmap
[component_container_isolated-1] [ERROR] [1790051690.897763597] [robot1.planner_server]: Failed to create a plan from potential when a legal potential was found. This shouldn't happen.
[component_container_isolated-1] [WARN] [1790051690.897813423] [robot1.planner_server]: GridBased: failed to create plan with tolerance 0.50.
[component_container_isolated-1] [WARN] [1790051690.897820544] [robot1.planner_server]: Planning algorithm GridBased failed to generate a valid path to (2.53, 2.59)
[component_container_isolated-1] [WARN] [1790051690.897826085] [robot1.planner_server]: [compute_path_to_pose] [ActionServer] Aborting handle.
[component_container_isolated-1] [INFO] [1790051690.916192062] [robot1.local_costmap.local_costmap]: Received request to clear entirely the local_costmap
[component_container_isolated-1] [INFO] [1790051690.916437172] [robot1.global_costmap.global_costmap]: Received request to clear entirely the global_costmap
[component_container_isolated-1] [ERROR] [1790051691.897950636] [robot1.planner_server]: Failed to create a plan from potential when a legal potential was found. This shouldn't happen.
[component_container_isolated-1] [WARN] [1790051691.897993609] [robot1.planner_server]: GridBased: failed to create plan with tolerance 0.50.
[component_container_isolated-1] [WARN] [1790051691.897998550] [robot1.planner_server]: Planning algorithm GridBased failed to generate a valid path to (2.53, 2.59)
[component_container_isolated-1] [WARN] [1790051691.898003486] [robot1.planner_server]: [compute_path_to_pose] [ActionServer] Aborting handle.
[component_container_isolated-1] [INFO] [1790051691.916115299] [robot1.global_costmap.global_costmap]: Received request to clear entirely the global_costmap
[component_container_isolated-1] [ERROR] [1790051692.898262833] [robot1.planner_server]: Failed to create a plan from potential when a legal potential was found. This shouldn't happen.
[component_container_isolated-1] [WARN] [1790051692.898320158] [robot1.planner_server]: GridBased: failed to create plan with tolerance 0.50.
[component_container_isolated-1] [WARN] [1790051692.898332370] [robot1.planner_server]: Planning algorithm GridBased failed to generate a valid path to (2.53, 2.59)
[component_container_isolated-1] [WARN] [1790051692.898343788] [robot1.planner_server]: [compute_path_to_pose] [ActionServer] Aborting handle.
[component_container_isolated-1] [INFO] [1790051692.916178091] [robot1.behavior_server]: Running spin
[component_container_isolated-1] [INFO] [1790051692.916242821] [robot1.behavior_server]: Turning 1.57 for spin behavior.
[component_container_isolated-1] [INFO] [1790051694.716451844] [robot1.behavior_server]: spin completed successfully
[component_container_isolated-1] [ERROR] [1790051694.747875817] [robot1.planner_server]: Failed to create a plan from potential when a legal potential was found. This shouldn't happen.
[component_container_isolated-1] [WARN] [1790051694.747917031] [robot1.planner_server]: GridBased: failed to create plan with tolerance 0.50.
[component_container_isolated-1] [WARN] [1790051694.747924032] [robot1.planner_server]: Planning algorithm GridBased failed to generate a valid path to (2.53, 2.59)
[component_container_isolated-1] [WARN] [1790051694.747929322] [robot1.planner_server]: [compute_path_to_pose] [ActionServer] Aborting handle.
[component_container_isolated-1] [INFO] [1790051694.766033170] [robot1.global_costmap.global_costmap]: Received request to clear entirely the global_costmap
[component_container_isolated-1] [ERROR] [1790051694.897905488] [robot1.planner_server]: Failed to create a plan from potential when a legal potential was found. This shouldn't happen.
[component_container_isolated-1] [WARN] [1790051694.897941928] [robot1.planner_server]: GridBased: failed to create plan with tolerance 0.50.
[component_container_isolated-1] [WARN] [1790051694.897948912] [robot1.planner_server]: Planning algorithm GridBased failed to generate a valid path to (2.53, 2.59)
[component_container_isolated-1] [WARN] [1790051694.897954554] [robot1.planner_server]: [compute_path_to_pose] [ActionServer] Aborting handle.
[component_container_isolated-1] [INFO] [1790051694.916215378] [robot1.behavior_server]: Running wait
[component_container_isolated-1] [INFO] [1790051699.916357715] [robot1.behavior_server]: wait completed successfully
[component_container_isolated-1] [ERROR] [1790051699.948043566] [robot1.planner_server]: Failed to create a plan from potential when a legal potential was found. This shouldn't happen.
[component_container_isolated-1] [WARN] [1790051699.948094995] [robot1.planner_server]: GridBased: failed to create plan with tolerance 0.50.
[component_container_isolated-1] [WARN] [1790051699.948107793] [robot1.planner_server]: Planning algorithm GridBased failed to generate a valid path to (2.53, 2.59)
[component_container_isolated-1] [WARN] [1790051699.948118239] [robot1.planner_server]: [compute_path_to_pose] [ActionServer] Aborting handle.
[component_container_isolated-1] [INFO] [1790051699.966111855] [robot1.global_costmap.global_costmap]: Received request to clear entirely the global_costmap
[component_container_isolated-1] [ERROR] [1790051700.898200426] [robot1.planner_server]: Failed to create a plan from potential when a legal potential was found. This shouldn't happen.
[component_container_isolated-1] [WARN] [1790051700.898265745] [robot1.planner_server]: GridBased: failed to create plan with tolerance 0.50.
[component_container_isolated-1] [WARN] [1790051700.898278926] [robot1.planner_server]: Planning algorithm GridBased failed to generate a valid path to (2.53, 2.59)
[component_container_isolated-1] [WARN] [1790051700.898290861] [robot1.planner_server]: [compute_path_to_pose] [ActionServer] Aborting handle.
[component_container_isolated-1] [INFO] [1790051700.916184075] [robot1.behavior_server]: Running backup
[component_container_isolated-1] [INFO] [1790051700.916300473] [robot1.behavior_server]: DriveOnHeading: no acceleration or deceleration limits set
[component_container_isolated-1] [WARN] [1790051710.916460952] [robot1.behavior_server]: Exceeded time allowance before reaching the DriveOnHeading goal - Exiting DriveOnHeading
[component_container_isolated-1] [WARN] [1790051710.916495922] [robot1.behavior_server]: backup failed
[component_container_isolated-1] [WARN] [1790051710.916509951] [robot1.behavior_server]: [backup] [ActionServer] Aborting handle.
[component_container_isolated-1] [INFO] [1790051710.936118777] [robot1.local_costmap.local_costmap]: Received request to clear entirely the local_costmap
[component_container_isolated-1] [INFO] [1790051710.936228412] [robot1.global_costmap.global_costmap]: Received request to clear entirely the global_costmap
[component_container_isolated-1] [ERROR] [1790051711.816389490] [robot1.bt_navigator_navigate_to_pose_rclcpp_node]: Failed to get result for compute_path_to_pose in node halt!
[component_container_isolated-1] [INFO] [1790051711.816475597] [robot1.bt_navigator]: [navigate_to_pose] [ActionServer] Client requested to cancel the goal. Cancelling.
[component_container_isolated-1] [INFO] [1790051711.816592025] [robot1.bt_navigator]: Goal canceled
[component_container_isolated-1] [ERROR] [1790051711.898414096] [robot1.planner_server]: Failed to create a plan from potential when a legal potential was found. This shouldn't happen.
[component_container_isolated-1] [WARN] [1790051711.898469397] [robot1.planner_server]: GridBased: failed to create plan with tolerance 0.50.
[component_container_isolated-1] [WARN] [1790051711.898477331] [robot1.planner_server]: Planning algorithm GridBased failed to generate a valid path to (2.53, 2.59)
[component_container_isolated-1] [INFO] [1790051711.898483277] [robot1.planner_server]: [compute_path_to_pose] [ActionServer] Client requested to cancel the goal. Cancelling.
[component_container_isolated-1] [INFO] [1790051810.255908294] [robot1.local_costmap.local_costmap]: Message Filter dropping message: frame 'rplidar_link' at time 1790051807.925 for reason 'the timestamp on the message is earlier than all the data in the transform cache'
[component_container_isolated-1] [INFO] [1790051816.644663902] [robot1.local_costmap.local_costmap]: Message Filter dropping message: frame 'rplidar_link' at time 1790051813.216 for reason 'the timestamp on the message is earlier than all the data in the transform cache'
[component_container_isolated-1] [INFO] [1790051865.656480405] [robot1.local_costmap.local_costmap]: StaticLayer: Resizing static layer to 187 X 311 at 0.050000 m/pix
[component_container_isolated-1] [INFO] [1790051865.887495438] [robot1.global_costmap.global_costmap]: StaticLayer: Resizing costmap to 187 X 311 at 0.050000 m/pix
[component_container_isolated-1] [INFO] [1790051895.378535225] [robot1.bt_navigator]: Begin navigating from current location (0.34, 1.09) to (-1.75, 0.69)
[component_container_isolated-1] [INFO] [1790051895.398924463] [robot1.controller_server]: Received a goal, begin computing control effort.
[component_container_isolated-1] [INFO] [1790051896.449132470] [robot1.controller_server]: Passing new path to controller.
[component_container_isolated-1] [INFO] [1790051897.499116487] [robot1.controller_server]: Passing new path to controller.
[component_container_isolated-1] [INFO] [1790051898.499126758] [robot1.controller_server]: Passing new path to controller.
[component_container_isolated-1] [INFO] [1790051899.549138917] [robot1.controller_server]: Passing new path to controller.
[component_container_isolated-1] [INFO] [1790051900.549112832] [robot1.controller_server]: Passing new path to controller.
[component_container_isolated-1] [INFO] [1790051901.599133676] [robot1.controller_server]: Passing new path to controller.
[component_container_isolated-1] [INFO] [1790051902.649141336] [robot1.controller_server]: Passing new path to controller.
[component_container_isolated-1] [ERROR] [1790051903.398956491] [robot1.bt_navigator_navigate_to_pose_rclcpp_node]: Failed to get result for follow_path in node halt!
[component_container_isolated-1] [INFO] [1790051903.399027717] [robot1.bt_navigator]: [navigate_to_pose] [ActionServer] Client requested to cancel the goal. Cancelling.
[component_container_isolated-1] [INFO] [1790051903.399088906] [robot1.bt_navigator]: Goal canceled
[component_container_isolated-1] [INFO] [1790051903.399112483] [robot1.controller_server]: Goal was canceled. Stopping the robot.
[component_container_isolated-1] [INFO] [1790051903.399130070] [robot1.controller_server]: [follow_path] [ActionServer] Client requested to cancel the goal. Cancelling.
[component_container_isolated-1] [INFO] [1790051995.376665863] [robot1.bt_navigator]: Begin navigating from current location (-1.46, 0.73) to (-1.70, -0.45)
[component_container_isolated-1] [INFO] [1790051995.397158490] [robot1.controller_server]: Received a goal, begin computing control effort.
[component_container_isolated-1] [INFO] [1790051996.447335707] [robot1.controller_server]: Passing new path to controller.
[component_container_isolated-1] [INFO] [1790051997.497350162] [robot1.controller_server]: Passing new path to controller.
[component_container_isolated-1] [INFO] [1790051998.497370625] [robot1.controller_server]: Passing new path to controller.
[component_container_isolated-1] [ERROR] [1790051999.397132213] [robot1.bt_navigator_navigate_to_pose_rclcpp_node]: Failed to get result for follow_path in node halt!
[component_container_isolated-1] [INFO] [1790051999.397253156] [robot1.bt_navigator]: [navigate_to_pose] [ActionServer] Client requested to cancel the goal. Cancelling.
[component_container_isolated-1] [INFO] [1790051999.397315341] [robot1.bt_navigator]: Goal canceled
[component_container_isolated-1] [INFO] [1790051999.397355464] [robot1.controller_server]: Goal was canceled. Stopping the robot.
[component_container_isolated-1] [INFO] [1790051999.397384944] [robot1.controller_server]: [follow_path] [ActionServer] Client requested to cancel the goal. Cancelling.
[component_container_isolated-1] [INFO] [1790052075.374463455] [robot1.bt_navigator]: Begin navigating from current location (-1.23, -0.16) to (-0.53, -0.13)
[component_container_isolated-1] [INFO] [1790052075.394850010] [robot1.controller_server]: Received a goal, begin computing control effort.
[component_container_isolated-1] [INFO] [1790052076.445023175] [robot1.controller_server]: Passing new path to controller.
[component_container_isolated-1] [INFO] [1790052077.495025189] [robot1.controller_server]: Passing new path to controller.
[component_container_isolated-1] [INFO] [1790052077.896789749] [robot1.controller_server]: Reached the goal!
[component_container_isolated-1] [INFO] [1790052077.934702876] [robot1.bt_navigator]: Goal succeeded
[component_container_isolated-1] [INFO] [1790052492.823818546] [robot1.local_costmap.local_costmap]: Message Filter dropping message: frame 'rplidar_link' at time 1790052492.371 for reason 'the timestamp on the message is earlier than all the data in the transform cache'
