[INFO] [launch]: All log files can be found below /home/danyalaziz/.ros/log/2026-09-24-10-51-45-817200-Precision-3660-18138
[INFO] [launch]: Default logging verbosity is set to INFO
[INFO] [component_container_isolated-1]: process started with pid [18154]
[component_container_isolated-1] [INFO] [1790229107.373391731] [robot1.nav2_container]: Load Library: /opt/ros/humble/lib/libcontroller_server_core.so
[component_container_isolated-1] [INFO] [1790229107.526433197] [robot1.nav2_container]: Found class: rclcpp_components::NodeFactoryTemplate<nav2_controller::ControllerServer>
[component_container_isolated-1] [INFO] [1790229107.526463683] [robot1.nav2_container]: Instantiate class: rclcpp_components::NodeFactoryTemplate<nav2_controller::ControllerServer>
[component_container_isolated-1] [INFO] [1790229107.550201368] [robot1.controller_server]: 
[component_container_isolated-1] 	controller_server lifecycle node launched. 
[component_container_isolated-1] 	Waiting on external lifecycle transitions to activate
[component_container_isolated-1] 	See https://design.ros2.org/articles/node_lifecycle.html for more information.
[component_container_isolated-1] [INFO] [1790229107.727950012] [robot1.controller_server]: Creating controller server
[component_container_isolated-1] [INFO] [1790229107.778703740] [robot1.local_costmap.local_costmap]: 
[component_container_isolated-1] 	local_costmap lifecycle node launched. 
[component_container_isolated-1] 	Waiting on external lifecycle transitions to activate
[component_container_isolated-1] 	See https://design.ros2.org/articles/node_lifecycle.html for more information.
[component_container_isolated-1] [INFO] [1790229107.787927609] [robot1.local_costmap.local_costmap]: Creating Costmap
[INFO] [launch_ros.actions.load_composable_nodes]: Loaded node '/robot1/controller_server' in container '/robot1/nav2_container'
[component_container_isolated-1] [INFO] [1790229107.796463243] [robot1.nav2_container]: Load Library: /opt/ros/humble/lib/libsmoother_server_core.so
[component_container_isolated-1] [INFO] [1790229107.855461199] [robot1.nav2_container]: Found class: rclcpp_components::NodeFactoryTemplate<nav2_smoother::SmootherServer>
[component_container_isolated-1] [INFO] [1790229107.855491063] [robot1.nav2_container]: Instantiate class: rclcpp_components::NodeFactoryTemplate<nav2_smoother::SmootherServer>
[component_container_isolated-1] [INFO] [1790229107.925998902] [robot1.smoother_server]: 
[component_container_isolated-1] 	smoother_server lifecycle node launched. 
[component_container_isolated-1] 	Waiting on external lifecycle transitions to activate
[component_container_isolated-1] 	See https://design.ros2.org/articles/node_lifecycle.html for more information.
[component_container_isolated-1] [INFO] [1790229107.926580648] [robot1.smoother_server]: Creating smoother server
[INFO] [launch_ros.actions.load_composable_nodes]: Loaded node '/robot1/smoother_server' in container '/robot1/nav2_container'
[component_container_isolated-1] [INFO] [1790229107.944293676] [robot1.nav2_container]: Load Library: /opt/ros/humble/lib/libplanner_server_core.so
[component_container_isolated-1] [INFO] [1790229107.958651456] [robot1.nav2_container]: Found class: rclcpp_components::NodeFactoryTemplate<nav2_planner::PlannerServer>
[component_container_isolated-1] [INFO] [1790229107.958666383] [robot1.nav2_container]: Instantiate class: rclcpp_components::NodeFactoryTemplate<nav2_planner::PlannerServer>
[component_container_isolated-1] [INFO] [1790229108.045120688] [robot1.planner_server]: 
[component_container_isolated-1] 	planner_server lifecycle node launched. 
[component_container_isolated-1] 	Waiting on external lifecycle transitions to activate
[component_container_isolated-1] 	See https://design.ros2.org/articles/node_lifecycle.html for more information.
[component_container_isolated-1] [INFO] [1790229108.045739559] [robot1.planner_server]: Creating
[component_container_isolated-1] [INFO] [1790229108.161686874] [robot1.global_costmap.global_costmap]: 
[component_container_isolated-1] 	global_costmap lifecycle node launched. 
[component_container_isolated-1] 	Waiting on external lifecycle transitions to activate
[component_container_isolated-1] 	See https://design.ros2.org/articles/node_lifecycle.html for more information.
[component_container_isolated-1] [INFO] [1790229108.161904287] [robot1.global_costmap.global_costmap]: Creating Costmap
[INFO] [launch_ros.actions.load_composable_nodes]: Loaded node '/robot1/planner_server' in container '/robot1/nav2_container'
[component_container_isolated-1] [INFO] [1790229108.182099110] [robot1.nav2_container]: Load Library: /opt/ros/humble/lib/libbehavior_server_core.so
[component_container_isolated-1] [INFO] [1790229108.389141577] [robot1.nav2_container]: Found class: rclcpp_components::NodeFactoryTemplate<behavior_server::BehaviorServer>
[component_container_isolated-1] [INFO] [1790229108.389169967] [robot1.nav2_container]: Instantiate class: rclcpp_components::NodeFactoryTemplate<behavior_server::BehaviorServer>
[component_container_isolated-1] [INFO] [1790229108.512293373] [robot1.behavior_server]: 
[component_container_isolated-1] 	behavior_server lifecycle node launched. 
[component_container_isolated-1] 	Waiting on external lifecycle transitions to activate
[component_container_isolated-1] 	See https://design.ros2.org/articles/node_lifecycle.html for more information.
[INFO] [launch_ros.actions.load_composable_nodes]: Loaded node '/robot1/behavior_server' in container '/robot1/nav2_container'
[component_container_isolated-1] [INFO] [1790229108.523839992] [robot1.nav2_container]: Load Library: /opt/ros/humble/lib/libbt_navigator_core.so
[component_container_isolated-1] [INFO] [1790229108.569086968] [robot1.nav2_container]: Found class: rclcpp_components::NodeFactoryTemplate<nav2_bt_navigator::BtNavigator>
[component_container_isolated-1] [INFO] [1790229108.569104958] [robot1.nav2_container]: Instantiate class: rclcpp_components::NodeFactoryTemplate<nav2_bt_navigator::BtNavigator>
[component_container_isolated-1] [INFO] [1790229108.708879290] [robot1.bt_navigator]: 
[component_container_isolated-1] 	bt_navigator lifecycle node launched. 
[component_container_isolated-1] 	Waiting on external lifecycle transitions to activate
[component_container_isolated-1] 	See https://design.ros2.org/articles/node_lifecycle.html for more information.
[component_container_isolated-1] [INFO] [1790229108.708912063] [robot1.bt_navigator]: Creating
[INFO] [launch_ros.actions.load_composable_nodes]: Loaded node '/robot1/bt_navigator' in container '/robot1/nav2_container'
[component_container_isolated-1] [INFO] [1790229108.710961057] [robot1.nav2_container]: Load Library: /opt/ros/humble/lib/libwaypoint_follower_core.so
[component_container_isolated-1] [INFO] [1790229108.730947146] [robot1.nav2_container]: Found class: rclcpp_components::NodeFactoryTemplate<nav2_waypoint_follower::WaypointFollower>
[component_container_isolated-1] [INFO] [1790229108.730981988] [robot1.nav2_container]: Instantiate class: rclcpp_components::NodeFactoryTemplate<nav2_waypoint_follower::WaypointFollower>
[component_container_isolated-1] [INFO] [1790229108.892471748] [robot1.waypoint_follower]: 
[component_container_isolated-1] 	waypoint_follower lifecycle node launched. 
[component_container_isolated-1] 	Waiting on external lifecycle transitions to activate
[component_container_isolated-1] 	See https://design.ros2.org/articles/node_lifecycle.html for more information.
[component_container_isolated-1] [INFO] [1790229109.258498470] [robot1.waypoint_follower]: Creating
[INFO] [launch_ros.actions.load_composable_nodes]: Loaded node '/robot1/waypoint_follower' in container '/robot1/nav2_container'
[component_container_isolated-1] [INFO] [1790229109.285779360] [robot1.nav2_container]: Load Library: /opt/ros/humble/lib/libvelocity_smoother_core.so
[component_container_isolated-1] [INFO] [1790229109.348537762] [robot1.nav2_container]: Found class: rclcpp_components::NodeFactoryTemplate<nav2_velocity_smoother::VelocitySmoother>
[component_container_isolated-1] [INFO] [1790229109.348603780] [robot1.nav2_container]: Instantiate class: rclcpp_components::NodeFactoryTemplate<nav2_velocity_smoother::VelocitySmoother>
[component_container_isolated-1] [INFO] [1790229109.531033548] [robot1.velocity_smoother]: 
[component_container_isolated-1] 	velocity_smoother lifecycle node launched. 
[component_container_isolated-1] 	Waiting on external lifecycle transitions to activate
[component_container_isolated-1] 	See https://design.ros2.org/articles/node_lifecycle.html for more information.
[INFO] [launch_ros.actions.load_composable_nodes]: Loaded node '/robot1/velocity_smoother' in container '/robot1/nav2_container'
[component_container_isolated-1] [INFO] [1790229109.552140686] [robot1.nav2_container]: Load Library: /opt/ros/humble/lib/libnav2_lifecycle_manager_core.so
[component_container_isolated-1] [INFO] [1790229109.559556688] [robot1.nav2_container]: Found class: rclcpp_components::NodeFactoryTemplate<nav2_lifecycle_manager::LifecycleManager>
[component_container_isolated-1] [INFO] [1790229109.559587635] [robot1.nav2_container]: Instantiate class: rclcpp_components::NodeFactoryTemplate<nav2_lifecycle_manager::LifecycleManager>
[component_container_isolated-1] [INFO] [1790229109.701859611] [robot1.lifecycle_manager_navigation]: Creating
[INFO] [launch_ros.actions.load_composable_nodes]: Loaded node '/robot1/lifecycle_manager_navigation' in container '/robot1/nav2_container'
[component_container_isolated-1] [INFO] [1790229109.735914001] [robot1.lifecycle_manager_navigation]: [34m[1mCreating and initializing lifecycle service clients[0m[0m
[INFO] [nav2_startup-2]: process started with pid [18367]
[nav2_startup-2] waiting for service to become available...
[nav2_startup-2] requester: making request: nav2_msgs.srv.ManageLifecycleNodes_Request(command=0)
[nav2_startup-2] 
[component_container_isolated-1] [INFO] [1790229127.652656235] [robot1.lifecycle_manager_navigation]: [34m[1mStarting managed nodes bringup...[0m[0m
[component_container_isolated-1] [INFO] [1790229127.652709516] [robot1.lifecycle_manager_navigation]: [34m[1mConfiguring controller_server[0m[0m
[component_container_isolated-1] [INFO] [1790229127.653007808] [robot1.controller_server]: Configuring controller interface
[component_container_isolated-1] [INFO] [1790229127.653120721] [robot1.controller_server]: getting goal checker plugins..
[component_container_isolated-1] [INFO] [1790229127.653163435] [robot1.controller_server]: Controller frequency set to 20.0000Hz
[component_container_isolated-1] [INFO] [1790229127.653179735] [robot1.local_costmap.local_costmap]: Configuring
[component_container_isolated-1] [INFO] [1790229127.719522576] [robot1.local_costmap.local_costmap]: Using plugin "static_layer"
[component_container_isolated-1] [INFO] [1790229127.759165230] [robot1.local_costmap.local_costmap]: Subscribing to the map topic (/robot1/map) with transient local durability
[component_container_isolated-1] [INFO] [1790229127.765495613] [robot1.local_costmap.local_costmap]: Initialized plugin "static_layer"
[component_container_isolated-1] [INFO] [1790229127.765511904] [robot1.local_costmap.local_costmap]: Using plugin "voxel_layer"
[component_container_isolated-1] [INFO] [1790229127.765708350] [robot1.local_costmap.local_costmap]: Subscribed to Topics: scan
[component_container_isolated-1] [INFO] [1790229127.824846461] [robot1.local_costmap.local_costmap]: Initialized plugin "voxel_layer"
[component_container_isolated-1] [INFO] [1790229127.824864543] [robot1.local_costmap.local_costmap]: Using plugin "inflation_layer"
[component_container_isolated-1] [INFO] [1790229127.825096752] [robot1.local_costmap.local_costmap]: Initialized plugin "inflation_layer"
[component_container_isolated-1] [INFO] [1790229127.963071879] [robot1.local_costmap.local_costmap]: StaticLayer: Resizing static layer to 134 X 288 at 0.050000 m/pix
[component_container_isolated-1] [INFO] [1790229127.970774893] [robot1.controller_server]: Created progress_checker : progress_checker of type nav2_controller::SimpleProgressChecker
[component_container_isolated-1] [INFO] [1790229127.971578525] [robot1.controller_server]: Created goal checker : general_goal_checker of type nav2_controller::SimpleGoalChecker
[component_container_isolated-1] [INFO] [1790229127.971691799] [robot1.controller_server]: Controller Server has general_goal_checker  goal checkers available.
[component_container_isolated-1] [INFO] [1790229128.012227314] [robot1.controller_server]: Created controller : FollowPath of type dwb_core::DWBLocalPlanner
[component_container_isolated-1] [INFO] [1790229128.012566509] [robot1.controller_server]: Setting transform_tolerance to 0.200000
[component_container_isolated-1] [INFO] [1790229128.126056109] [robot1.controller_server]: Using critic "RotateToGoal" (dwb_critics::RotateToGoalCritic)
[component_container_isolated-1] [INFO] [1790229128.126244073] [robot1.controller_server]: Critic plugin initialized
[component_container_isolated-1] [INFO] [1790229128.126294197] [robot1.controller_server]: Using critic "Oscillation" (dwb_critics::OscillationCritic)
[component_container_isolated-1] [INFO] [1790229128.126408609] [robot1.controller_server]: Critic plugin initialized
[component_container_isolated-1] [INFO] [1790229128.126441639] [robot1.controller_server]: Using critic "BaseObstacle" (dwb_critics::BaseObstacleCritic)
[component_container_isolated-1] [INFO] [1790229128.126494567] [robot1.controller_server]: Critic plugin initialized
[component_container_isolated-1] [INFO] [1790229128.126525011] [robot1.controller_server]: Using critic "GoalAlign" (dwb_critics::GoalAlignCritic)
[component_container_isolated-1] [INFO] [1790229128.126624964] [robot1.controller_server]: Critic plugin initialized
[component_container_isolated-1] [INFO] [1790229128.126666858] [robot1.controller_server]: Using critic "PathAlign" (dwb_critics::PathAlignCritic)
[component_container_isolated-1] [INFO] [1790229128.126749076] [robot1.controller_server]: Critic plugin initialized
[component_container_isolated-1] [INFO] [1790229128.126781744] [robot1.controller_server]: Using critic "PathDist" (dwb_critics::PathDistCritic)
[component_container_isolated-1] [INFO] [1790229128.126842451] [robot1.controller_server]: Critic plugin initialized
[component_container_isolated-1] [INFO] [1790229128.126873353] [robot1.controller_server]: Using critic "GoalDist" (dwb_critics::GoalDistCritic)
[component_container_isolated-1] [INFO] [1790229128.126926879] [robot1.controller_server]: Critic plugin initialized
[component_container_isolated-1] [INFO] [1790229128.126933104] [robot1.controller_server]: Controller Server has FollowPath  controllers available.
[component_container_isolated-1] [INFO] [1790229128.246636879] [robot1.lifecycle_manager_navigation]: [34m[1mConfiguring smoother_server[0m[0m
[component_container_isolated-1] [INFO] [1790229128.246780241] [robot1.smoother_server]: Configuring smoother server
[component_container_isolated-1] [INFO] [1790229128.357498184] [robot1.smoother_server]: Created smoother : simple_smoother of type nav2_smoother::SimpleSmoother
[component_container_isolated-1] [INFO] [1790229128.357718910] [robot1.smoother_server]: Smoother Server has simple_smoother  smoothers available.
[component_container_isolated-1] [INFO] [1790229128.522248657] [robot1.lifecycle_manager_navigation]: [34m[1mConfiguring planner_server[0m[0m
[component_container_isolated-1] [INFO] [1790229128.522392011] [robot1.planner_server]: Configuring
[component_container_isolated-1] [INFO] [1790229128.522419983] [robot1.global_costmap.global_costmap]: Configuring
[component_container_isolated-1] [INFO] [1790229128.629571931] [robot1.global_costmap.global_costmap]: Using plugin "static_layer"
[component_container_isolated-1] [INFO] [1790229128.629875133] [robot1.global_costmap.global_costmap]: Subscribing to the map topic (/robot1/map) with transient local durability
[component_container_isolated-1] [INFO] [1790229128.649494399] [robot1.global_costmap.global_costmap]: Initialized plugin "static_layer"
[component_container_isolated-1] [INFO] [1790229128.649508087] [robot1.global_costmap.global_costmap]: Using plugin "obstacle_layer"
[component_container_isolated-1] [INFO] [1790229128.649731741] [robot1.global_costmap.global_costmap]: Subscribed to Topics: scan
[component_container_isolated-1] [INFO] [1790229128.685148212] [robot1.global_costmap.global_costmap]: Initialized plugin "obstacle_layer"
[component_container_isolated-1] [INFO] [1790229128.685168400] [robot1.global_costmap.global_costmap]: Using plugin "inflation_layer"
[component_container_isolated-1] [INFO] [1790229128.685463729] [robot1.global_costmap.global_costmap]: Initialized plugin "inflation_layer"
[component_container_isolated-1] [INFO] [1790229128.836633762] [robot1.global_costmap.global_costmap]: StaticLayer: Resizing costmap to 134 X 288 at 0.050000 m/pix
[component_container_isolated-1] [INFO] [1790229128.849406809] [robot1.planner_server]: Created global planner plugin GridBased of type nav2_navfn_planner/NavfnPlanner
[component_container_isolated-1] [INFO] [1790229128.849428899] [robot1.planner_server]: Configuring plugin GridBased of type NavfnPlanner
[component_container_isolated-1] [INFO] [1790229128.849648232] [robot1.planner_server]: Planner Server has GridBased  planners available.
[component_container_isolated-1] [INFO] [1790229129.045731585] [robot1.lifecycle_manager_navigation]: [34m[1mConfiguring behavior_server[0m[0m
[component_container_isolated-1] [INFO] [1790229129.045877231] [robot1.behavior_server]: Configuring
[component_container_isolated-1] [INFO] [1790229129.184774076] [robot1.behavior_server]: Creating behavior plugin spin of type nav2_behaviors/Spin
[component_container_isolated-1] [INFO] [1790229129.196832139] [robot1.behavior_server]: Configuring spin
[component_container_isolated-1] [INFO] [1790229129.307666745] [robot1.behavior_server]: Creating behavior plugin backup of type nav2_behaviors/BackUp
[component_container_isolated-1] [INFO] [1790229129.317012900] [robot1.behavior_server]: Configuring backup
[component_container_isolated-1] [INFO] [1790229129.422020922] [robot1.behavior_server]: Creating behavior plugin drive_on_heading of type nav2_behaviors/DriveOnHeading
[component_container_isolated-1] [INFO] [1790229129.432533179] [robot1.behavior_server]: Configuring drive_on_heading
[component_container_isolated-1] [INFO] [1790229129.552581697] [robot1.behavior_server]: Creating behavior plugin assisted_teleop of type nav2_behaviors/AssistedTeleop
[component_container_isolated-1] [INFO] [1790229129.567943978] [robot1.behavior_server]: Configuring assisted_teleop
[component_container_isolated-1] [INFO] [1790229129.716063447] [robot1.behavior_server]: Creating behavior plugin wait of type nav2_behaviors/Wait
[component_container_isolated-1] [INFO] [1790229129.724039602] [robot1.behavior_server]: Configuring wait
[component_container_isolated-1] [INFO] [1790229129.833298706] [robot1.lifecycle_manager_navigation]: [34m[1mConfiguring bt_navigator[0m[0m
[component_container_isolated-1] [INFO] [1790229129.833503932] [robot1.bt_navigator]: Configuring
[component_container_isolated-1] [INFO] [1790229131.312267535] [robot1.lifecycle_manager_navigation]: [34m[1mConfiguring waypoint_follower[0m[0m
[component_container_isolated-1] [INFO] [1790229131.312358191] [robot1.waypoint_follower]: Configuring
[component_container_isolated-1] [INFO] [1790229131.586120638] [robot1.waypoint_follower]: Created waypoint_task_executor : wait_at_waypoint of type nav2_waypoint_follower::WaitAtWaypoint
[component_container_isolated-1] [INFO] [1790229131.586519963] [robot1.lifecycle_manager_navigation]: [34m[1mConfiguring velocity_smoother[0m[0m
[component_container_isolated-1] [INFO] [1790229131.586600133] [robot1.velocity_smoother]: Configuring velocity smoother
[component_container_isolated-1] [INFO] [1790229131.628185053] [robot1.lifecycle_manager_navigation]: [34m[1mActivating controller_server[0m[0m
[component_container_isolated-1] [INFO] [1790229131.628283422] [robot1.controller_server]: Activating
[component_container_isolated-1] [INFO] [1790229131.628308295] [robot1.local_costmap.local_costmap]: Activating
[component_container_isolated-1] [INFO] [1790229131.628316371] [robot1.local_costmap.local_costmap]: Checking transform
[component_container_isolated-1] [INFO] [1790229131.628383959] [robot1.local_costmap.local_costmap]: start
[component_container_isolated-1] [INFO] [1790229131.848303490] [robot1.controller_server]: Creating bond (controller_server) to lifecycle manager.
[component_container_isolated-1] [INFO] [1790229132.006876401] [robot1.lifecycle_manager_navigation]: Server controller_server connected with bond.
[component_container_isolated-1] [INFO] [1790229132.006913634] [robot1.lifecycle_manager_navigation]: [34m[1mActivating smoother_server[0m[0m
[component_container_isolated-1] [INFO] [1790229132.007166069] [robot1.smoother_server]: Activating
[component_container_isolated-1] [INFO] [1790229132.007188191] [robot1.smoother_server]: Creating bond (smoother_server) to lifecycle manager.
[component_container_isolated-1] [INFO] [1790229132.141658697] [robot1.lifecycle_manager_navigation]: Server smoother_server connected with bond.
[component_container_isolated-1] [INFO] [1790229132.141689963] [robot1.lifecycle_manager_navigation]: [34m[1mActivating planner_server[0m[0m
[component_container_isolated-1] [INFO] [1790229132.142021341] [robot1.planner_server]: Activating
[component_container_isolated-1] [INFO] [1790229132.142063323] [robot1.global_costmap.global_costmap]: Activating
[component_container_isolated-1] [INFO] [1790229132.142074511] [robot1.global_costmap.global_costmap]: Checking transform
[component_container_isolated-1] [INFO] [1790229132.142151202] [robot1.global_costmap.global_costmap]: start
[component_container_isolated-1] [INFO] [1790229133.155238597] [robot1.planner_server]: Activating plugin GridBased of type NavfnPlanner
[component_container_isolated-1] [INFO] [1790229133.173314266] [robot1.planner_server]: Creating bond (planner_server) to lifecycle manager.
[component_container_isolated-1] [INFO] [1790229133.328264916] [robot1.lifecycle_manager_navigation]: Server planner_server connected with bond.
[component_container_isolated-1] [INFO] [1790229133.328296287] [robot1.lifecycle_manager_navigation]: [34m[1mActivating behavior_server[0m[0m
[component_container_isolated-1] [INFO] [1790229133.328523062] [robot1.behavior_server]: Activating
[component_container_isolated-1] [INFO] [1790229133.328536418] [robot1.behavior_server]: Activating spin
[component_container_isolated-1] [INFO] [1790229133.328548478] [robot1.behavior_server]: Activating backup
[component_container_isolated-1] [INFO] [1790229133.328553923] [robot1.behavior_server]: Activating drive_on_heading
[component_container_isolated-1] [INFO] [1790229133.328559439] [robot1.behavior_server]: Activating assisted_teleop
[component_container_isolated-1] [INFO] [1790229133.328589772] [robot1.behavior_server]: Activating wait
[component_container_isolated-1] [INFO] [1790229133.328596712] [robot1.behavior_server]: Creating bond (behavior_server) to lifecycle manager.
[component_container_isolated-1] [INFO] [1790229133.474205719] [robot1.lifecycle_manager_navigation]: Server behavior_server connected with bond.
[component_container_isolated-1] [INFO] [1790229133.474232975] [robot1.lifecycle_manager_navigation]: [34m[1mActivating bt_navigator[0m[0m
[component_container_isolated-1] [INFO] [1790229133.474577948] [robot1.bt_navigator]: Activating
[component_container_isolated-1] [INFO] [1790229135.100033898] [robot1.bt_navigator]: Creating bond (bt_navigator) to lifecycle manager.
[component_container_isolated-1] [INFO] [1790229135.263679771] [robot1.lifecycle_manager_navigation]: Server bt_navigator connected with bond.
[component_container_isolated-1] [INFO] [1790229135.263733270] [robot1.lifecycle_manager_navigation]: [34m[1mActivating waypoint_follower[0m[0m
[component_container_isolated-1] [INFO] [1790229135.264045894] [robot1.waypoint_follower]: Activating
[component_container_isolated-1] [INFO] [1790229135.264081152] [robot1.waypoint_follower]: Creating bond (waypoint_follower) to lifecycle manager.
[component_container_isolated-1] [INFO] [1790229135.412930967] [robot1.lifecycle_manager_navigation]: Server waypoint_follower connected with bond.
[component_container_isolated-1] [INFO] [1790229135.412955781] [robot1.lifecycle_manager_navigation]: [34m[1mActivating velocity_smoother[0m[0m
[component_container_isolated-1] [INFO] [1790229135.413169420] [robot1.velocity_smoother]: Activating
[component_container_isolated-1] [INFO] [1790229135.413218423] [robot1.velocity_smoother]: Creating bond (velocity_smoother) to lifecycle manager.
[component_container_isolated-1] [INFO] [1790229135.567136436] [robot1.lifecycle_manager_navigation]: Server velocity_smoother connected with bond.
[component_container_isolated-1] [INFO] [1790229135.567223789] [robot1.lifecycle_manager_navigation]: [34m[1mManaged nodes are active[0m[0m
[component_container_isolated-1] [INFO] [1790229135.567251176] [robot1.lifecycle_manager_navigation]: [34m[1mCreating bond timer...[0m[0m
[nav2_startup-2] response:
[nav2_startup-2] nav2_msgs.srv.ManageLifecycleNodes_Response(success=True)
[nav2_startup-2] 
[INFO] [nav2_startup-2]: process has finished cleanly [pid 18367]
[component_container_isolated-1] [INFO] [1790229184.299407477] [robot1.global_costmap.global_costmap]: Message Filter dropping message: frame 'rplidar_link' at time 1790229183.861 for reason 'the timestamp on the message is earlier than all the data in the transform cache'
[component_container_isolated-1] [INFO] [1790229184.299407431] [robot1.local_costmap.local_costmap]: Message Filter dropping message: frame 'rplidar_link' at time 1790229183.861 for reason 'the timestamp on the message is earlier than all the data in the transform cache'
[component_container_isolated-1] [INFO] [1790229644.297512751] [robot1.bt_navigator]: Begin navigating from current location (-0.14, -0.01) to (-1.06, -1.19)
[component_container_isolated-1] [INFO] [1790229644.318079065] [robot1.controller_server]: Received a goal, begin computing control effort.
[component_container_isolated-1] [WARN] [1790229644.318132741] [robot1.controller_server]: No goal checker was specified in parameter 'current_goal_checker'. Server will use only plugin loaded general_goal_checker . This warning will appear once.
[component_container_isolated-1] [INFO] [1790229645.368323772] [robot1.controller_server]: Passing new path to controller.
[component_container_isolated-1] [INFO] [1790229645.628623480] [robot1.local_costmap.local_costmap]: StaticLayer: Resizing static layer to 135 X 295 at 0.050000 m/pix
[component_container_isolated-1] [INFO] [1790229646.028625764] [robot1.local_costmap.local_costmap]: StaticLayer: Resizing static layer to 135 X 295 at 0.050000 m/pix
[component_container_isolated-1] [INFO] [1790229646.142466459] [robot1.global_costmap.global_costmap]: StaticLayer: Resizing costmap to 135 X 295 at 0.050000 m/pix
[component_container_isolated-1] [INFO] [1790229646.307729881] [robot1.bt_navigator]: Received goal preemption request
[component_container_isolated-1] [INFO] [1790229646.307833261] [robot1.bt_navigator]: Begin navigating from current location (-0.44, -0.29) to (-0.93, -0.64)
[component_container_isolated-1] [INFO] [1790229646.418324352] [robot1.controller_server]: Passing new path to controller.
[component_container_isolated-1] [INFO] [1790229647.297699974] [robot1.bt_navigator]: Received goal preemption request
[component_container_isolated-1] [INFO] [1790229647.297793362] [robot1.bt_navigator]: Begin navigating from current location (-0.60, -0.47) to (-1.16, -0.43)
[component_container_isolated-1] [INFO] [1790229647.418306147] [robot1.controller_server]: Passing new path to controller.
[component_container_isolated-1] [INFO] [1790229648.468305094] [robot1.controller_server]: Passing new path to controller.
[component_container_isolated-1] [INFO] [1790229648.628595239] [robot1.local_costmap.local_costmap]: StaticLayer: Resizing static layer to 139 X 297 at 0.050000 m/pix
[component_container_isolated-1] [INFO] [1790229649.142415776] [robot1.global_costmap.global_costmap]: StaticLayer: Resizing costmap to 139 X 297 at 0.050000 m/pix
[component_container_isolated-1] [INFO] [1790229649.468316637] [robot1.controller_server]: Passing new path to controller.
[component_container_isolated-1] [INFO] [1790229650.518323177] [robot1.controller_server]: Passing new path to controller.
[component_container_isolated-1] [INFO] [1790229651.568305285] [robot1.controller_server]: Passing new path to controller.
[component_container_isolated-1] [INFO] [1790229651.870066489] [robot1.controller_server]: Reached the goal!
[component_container_isolated-1] [INFO] [1790229651.907761200] [robot1.bt_navigator]: Goal succeeded
[component_container_isolated-1] [INFO] [1790229755.295956017] [robot1.bt_navigator]: Begin navigating from current location (-0.97, -0.54) to (-0.55, -0.52)
[component_container_isolated-1] [INFO] [1790229755.316381082] [robot1.controller_server]: Received a goal, begin computing control effort.
[component_container_isolated-1] [ERROR] [1790229756.316403254] [robot1.bt_navigator_navigate_to_pose_rclcpp_node]: Failed to get result for follow_path in node halt!
[component_container_isolated-1] [INFO] [1790229756.316525727] [robot1.bt_navigator]: [navigate_to_pose] [ActionServer] Client requested to cancel the goal. Cancelling.
[component_container_isolated-1] [INFO] [1790229756.316560729] [robot1.controller_server]: Goal was canceled. Stopping the robot.
[component_container_isolated-1] [INFO] [1790229756.316578505] [robot1.controller_server]: [follow_path] [ActionServer] Client requested to cancel the goal. Cancelling.
[component_container_isolated-1] [INFO] [1790229756.316581246] [robot1.bt_navigator]: Goal canceled
[INFO] [launch]: All log files can be found below /home/danyalaziz/.ros/log/2026-09-24-11-11-17-065390-Precision-3660-35297
[INFO] [launch]: Default logging verbosity is set to INFO
[INFO] [component_container_isolated-1]: process started with pid [35313]
[component_container_isolated-1] [INFO] [1790230279.509762194] [robot1.nav2_container]: Load Library: /opt/ros/humble/lib/libcontroller_server_core.so
[component_container_isolated-1] [INFO] [1790230279.512612085] [robot1.nav2_container]: Found class: rclcpp_components::NodeFactoryTemplate<nav2_controller::ControllerServer>
[component_container_isolated-1] [INFO] [1790230279.512629876] [robot1.nav2_container]: Instantiate class: rclcpp_components::NodeFactoryTemplate<nav2_controller::ControllerServer>
[component_container_isolated-1] [INFO] [1790230279.614233246] [robot1.controller_server]: 
[component_container_isolated-1] 	controller_server lifecycle node launched. 
[component_container_isolated-1] 	Waiting on external lifecycle transitions to activate
[component_container_isolated-1] 	See https://design.ros2.org/articles/node_lifecycle.html for more information.
[component_container_isolated-1] [INFO] [1790230279.615672520] [robot1.controller_server]: Creating controller server
[component_container_isolated-1] [INFO] [1790230279.895043733] [robot1.local_costmap.local_costmap]: 
[component_container_isolated-1] 	local_costmap lifecycle node launched. 
[component_container_isolated-1] 	Waiting on external lifecycle transitions to activate
[component_container_isolated-1] 	See https://design.ros2.org/articles/node_lifecycle.html for more information.
[component_container_isolated-1] [INFO] [1790230279.895285561] [robot1.local_costmap.local_costmap]: Creating Costmap
[INFO] [launch_ros.actions.load_composable_nodes]: Loaded node '/robot1/controller_server' in container '/robot1/nav2_container'
[component_container_isolated-1] [INFO] [1790230279.896616603] [robot1.nav2_container]: Load Library: /opt/ros/humble/lib/libsmoother_server_core.so
[component_container_isolated-1] [INFO] [1790230279.897675722] [robot1.nav2_container]: Found class: rclcpp_components::NodeFactoryTemplate<nav2_smoother::SmootherServer>
[component_container_isolated-1] [INFO] [1790230279.897694960] [robot1.nav2_container]: Instantiate class: rclcpp_components::NodeFactoryTemplate<nav2_smoother::SmootherServer>
[component_container_isolated-1] [INFO] [1790230280.020529550] [robot1.smoother_server]: 
[component_container_isolated-1] 	smoother_server lifecycle node launched. 
[component_container_isolated-1] 	Waiting on external lifecycle transitions to activate
[component_container_isolated-1] 	See https://design.ros2.org/articles/node_lifecycle.html for more information.
[component_container_isolated-1] [INFO] [1790230280.021114235] [robot1.smoother_server]: Creating smoother server
[INFO] [launch_ros.actions.load_composable_nodes]: Loaded node '/robot1/smoother_server' in container '/robot1/nav2_container'
[component_container_isolated-1] [INFO] [1790230280.022422936] [robot1.nav2_container]: Load Library: /opt/ros/humble/lib/libplanner_server_core.so
[component_container_isolated-1] [INFO] [1790230280.023024778] [robot1.nav2_container]: Found class: rclcpp_components::NodeFactoryTemplate<nav2_planner::PlannerServer>
[component_container_isolated-1] [INFO] [1790230280.023041816] [robot1.nav2_container]: Instantiate class: rclcpp_components::NodeFactoryTemplate<nav2_planner::PlannerServer>
[component_container_isolated-1] [INFO] [1790230280.343487395] [robot1.planner_server]: 
[component_container_isolated-1] 	planner_server lifecycle node launched. 
[component_container_isolated-1] 	Waiting on external lifecycle transitions to activate
[component_container_isolated-1] 	See https://design.ros2.org/articles/node_lifecycle.html for more information.
[component_container_isolated-1] [INFO] [1790230280.344567998] [robot1.planner_server]: Creating
[component_container_isolated-1] [INFO] [1790230280.718810424] [robot1.global_costmap.global_costmap]: 
[component_container_isolated-1] 	global_costmap lifecycle node launched. 
[component_container_isolated-1] 	Waiting on external lifecycle transitions to activate
[component_container_isolated-1] 	See https://design.ros2.org/articles/node_lifecycle.html for more information.
[component_container_isolated-1] [INFO] [1790230280.719027274] [robot1.global_costmap.global_costmap]: Creating Costmap
[INFO] [launch_ros.actions.load_composable_nodes]: Loaded node '/robot1/planner_server' in container '/robot1/nav2_container'
[component_container_isolated-1] [INFO] [1790230280.720624434] [robot1.nav2_container]: Load Library: /opt/ros/humble/lib/libbehavior_server_core.so
[component_container_isolated-1] [INFO] [1790230280.721900721] [robot1.nav2_container]: Found class: rclcpp_components::NodeFactoryTemplate<behavior_server::BehaviorServer>
[component_container_isolated-1] [INFO] [1790230280.721913154] [robot1.nav2_container]: Instantiate class: rclcpp_components::NodeFactoryTemplate<behavior_server::BehaviorServer>
[component_container_isolated-1] [INFO] [1790230281.112622382] [robot1.behavior_server]: 
[component_container_isolated-1] 	behavior_server lifecycle node launched. 
[component_container_isolated-1] 	Waiting on external lifecycle transitions to activate
[component_container_isolated-1] 	See https://design.ros2.org/articles/node_lifecycle.html for more information.
[INFO] [launch_ros.actions.load_composable_nodes]: Loaded node '/robot1/behavior_server' in container '/robot1/nav2_container'
[component_container_isolated-1] [INFO] [1790230281.114547434] [robot1.nav2_container]: Load Library: /opt/ros/humble/lib/libbt_navigator_core.so
[component_container_isolated-1] [INFO] [1790230281.115305158] [robot1.nav2_container]: Found class: rclcpp_components::NodeFactoryTemplate<nav2_bt_navigator::BtNavigator>
[component_container_isolated-1] [INFO] [1790230281.115314111] [robot1.nav2_container]: Instantiate class: rclcpp_components::NodeFactoryTemplate<nav2_bt_navigator::BtNavigator>
[component_container_isolated-1] [INFO] [1790230281.355539986] [robot1.bt_navigator]: 
[component_container_isolated-1] 	bt_navigator lifecycle node launched. 
[component_container_isolated-1] 	Waiting on external lifecycle transitions to activate
[component_container_isolated-1] 	See https://design.ros2.org/articles/node_lifecycle.html for more information.
[component_container_isolated-1] [INFO] [1790230281.355580594] [robot1.bt_navigator]: Creating
[INFO] [launch_ros.actions.load_composable_nodes]: Loaded node '/robot1/bt_navigator' in container '/robot1/nav2_container'
[component_container_isolated-1] [INFO] [1790230281.357178881] [robot1.nav2_container]: Load Library: /opt/ros/humble/lib/libwaypoint_follower_core.so
[component_container_isolated-1] [INFO] [1790230281.357519161] [robot1.nav2_container]: Found class: rclcpp_components::NodeFactoryTemplate<nav2_waypoint_follower::WaypointFollower>
[component_container_isolated-1] [INFO] [1790230281.357527434] [robot1.nav2_container]: Instantiate class: rclcpp_components::NodeFactoryTemplate<nav2_waypoint_follower::WaypointFollower>
[component_container_isolated-1] [INFO] [1790230281.587717614] [robot1.waypoint_follower]: 
[component_container_isolated-1] 	waypoint_follower lifecycle node launched. 
[component_container_isolated-1] 	Waiting on external lifecycle transitions to activate
[component_container_isolated-1] 	See https://design.ros2.org/articles/node_lifecycle.html for more information.
[component_container_isolated-1] [INFO] [1790230281.587926417] [robot1.waypoint_follower]: Creating
[INFO] [launch_ros.actions.load_composable_nodes]: Loaded node '/robot1/waypoint_follower' in container '/robot1/nav2_container'
[component_container_isolated-1] [INFO] [1790230281.589458149] [robot1.nav2_container]: Load Library: /opt/ros/humble/lib/libvelocity_smoother_core.so
[component_container_isolated-1] [INFO] [1790230281.589840100] [robot1.nav2_container]: Found class: rclcpp_components::NodeFactoryTemplate<nav2_velocity_smoother::VelocitySmoother>
[component_container_isolated-1] [INFO] [1790230281.589848583] [robot1.nav2_container]: Instantiate class: rclcpp_components::NodeFactoryTemplate<nav2_velocity_smoother::VelocitySmoother>
[component_container_isolated-1] [INFO] [1790230282.111612761] [robot1.velocity_smoother]: 
[component_container_isolated-1] 	velocity_smoother lifecycle node launched. 
[component_container_isolated-1] 	Waiting on external lifecycle transitions to activate
[component_container_isolated-1] 	See https://design.ros2.org/articles/node_lifecycle.html for more information.
[INFO] [launch_ros.actions.load_composable_nodes]: Loaded node '/robot1/velocity_smoother' in container '/robot1/nav2_container'
[component_container_isolated-1] [INFO] [1790230282.113079245] [robot1.nav2_container]: Load Library: /opt/ros/humble/lib/libnav2_lifecycle_manager_core.so
[component_container_isolated-1] [INFO] [1790230282.113478826] [robot1.nav2_container]: Found class: rclcpp_components::NodeFactoryTemplate<nav2_lifecycle_manager::LifecycleManager>
[component_container_isolated-1] [INFO] [1790230282.113487728] [robot1.nav2_container]: Instantiate class: rclcpp_components::NodeFactoryTemplate<nav2_lifecycle_manager::LifecycleManager>
[component_container_isolated-1] [INFO] [1790230282.675441029] [robot1.lifecycle_manager_navigation]: Creating
[INFO] [launch_ros.actions.load_composable_nodes]: Loaded node '/robot1/lifecycle_manager_navigation' in container '/robot1/nav2_container'
[component_container_isolated-1] [INFO] [1790230282.720482641] [robot1.lifecycle_manager_navigation]: [34m[1mCreating and initializing lifecycle service clients[0m[0m
[INFO] [nav2_startup-2]: process started with pid [35492]
[nav2_startup-2] waiting for service to become available...
[nav2_startup-2] requester: making request: nav2_msgs.srv.ManageLifecycleNodes_Request(command=0)
[nav2_startup-2] 
[component_container_isolated-1] [INFO] [1790230298.252070527] [robot1.lifecycle_manager_navigation]: [34m[1mStarting managed nodes bringup...[0m[0m
[component_container_isolated-1] [INFO] [1790230298.252123242] [robot1.lifecycle_manager_navigation]: [34m[1mConfiguring controller_server[0m[0m
[component_container_isolated-1] [INFO] [1790230298.252456077] [robot1.controller_server]: Configuring controller interface
[component_container_isolated-1] [INFO] [1790230298.252568980] [robot1.controller_server]: getting goal checker plugins..
[component_container_isolated-1] [INFO] [1790230298.252600851] [robot1.controller_server]: Controller frequency set to 20.0000Hz
[component_container_isolated-1] [INFO] [1790230298.252616216] [robot1.local_costmap.local_costmap]: Configuring
[component_container_isolated-1] [INFO] [1790230298.562104431] [robot1.local_costmap.local_costmap]: Using plugin "static_layer"
[component_container_isolated-1] [INFO] [1790230298.563565808] [robot1.local_costmap.local_costmap]: Subscribing to the map topic (/robot1/map) with transient local durability
[component_container_isolated-1] [INFO] [1790230298.580339074] [robot1.local_costmap.local_costmap]: Initialized plugin "static_layer"
[component_container_isolated-1] [INFO] [1790230298.580355776] [robot1.local_costmap.local_costmap]: Using plugin "voxel_layer"
[component_container_isolated-1] [INFO] [1790230298.580571714] [robot1.local_costmap.local_costmap]: Subscribed to Topics: scan
[component_container_isolated-1] [INFO] [1790230298.727628187] [robot1.local_costmap.local_costmap]: Initialized plugin "voxel_layer"
[component_container_isolated-1] [INFO] [1790230298.727655956] [robot1.local_costmap.local_costmap]: Using plugin "inflation_layer"
[component_container_isolated-1] [INFO] [1790230298.727965814] [robot1.local_costmap.local_costmap]: Initialized plugin "inflation_layer"
[component_container_isolated-1] [INFO] [1790230299.084502599] [robot1.local_costmap.local_costmap]: StaticLayer: Resizing static layer to 142 X 290 at 0.050000 m/pix
[component_container_isolated-1] [INFO] [1790230299.084504043] [robot1.controller_server]: Created progress_checker : progress_checker of type nav2_controller::SimpleProgressChecker
[component_container_isolated-1] [INFO] [1790230299.084861215] [robot1.controller_server]: Created goal checker : general_goal_checker of type nav2_controller::SimpleGoalChecker
[component_container_isolated-1] [INFO] [1790230299.084961794] [robot1.controller_server]: Controller Server has general_goal_checker  goal checkers available.
[component_container_isolated-1] [INFO] [1790230299.085626478] [robot1.controller_server]: Created controller : FollowPath of type dwb_core::DWBLocalPlanner
[component_container_isolated-1] [INFO] [1790230299.085956818] [robot1.controller_server]: Setting transform_tolerance to 0.200000
[component_container_isolated-1] [INFO] [1790230299.241563664] [robot1.controller_server]: Using critic "RotateToGoal" (dwb_critics::RotateToGoalCritic)
[component_container_isolated-1] [INFO] [1790230299.241796568] [robot1.controller_server]: Critic plugin initialized
[component_container_isolated-1] [INFO] [1790230299.241866023] [robot1.controller_server]: Using critic "Oscillation" (dwb_critics::OscillationCritic)
[component_container_isolated-1] [INFO] [1790230299.242054259] [robot1.controller_server]: Critic plugin initialized
[component_container_isolated-1] [INFO] [1790230299.242112362] [robot1.controller_server]: Using critic "BaseObstacle" (dwb_critics::BaseObstacleCritic)
[component_container_isolated-1] [INFO] [1790230299.242203922] [robot1.controller_server]: Critic plugin initialized
[component_container_isolated-1] [INFO] [1790230299.242255540] [robot1.controller_server]: Using critic "GoalAlign" (dwb_critics::GoalAlignCritic)
[component_container_isolated-1] [INFO] [1790230299.242423438] [robot1.controller_server]: Critic plugin initialized
[component_container_isolated-1] [INFO] [1790230299.242477909] [robot1.controller_server]: Using critic "PathAlign" (dwb_critics::PathAlignCritic)
[component_container_isolated-1] [INFO] [1790230299.242619719] [robot1.controller_server]: Critic plugin initialized
[component_container_isolated-1] [INFO] [1790230299.242677779] [robot1.controller_server]: Using critic "PathDist" (dwb_critics::PathDistCritic)
[component_container_isolated-1] [INFO] [1790230299.242783311] [robot1.controller_server]: Critic plugin initialized
[component_container_isolated-1] [INFO] [1790230299.242833880] [robot1.controller_server]: Using critic "GoalDist" (dwb_critics::GoalDistCritic)
[component_container_isolated-1] [INFO] [1790230299.242939004] [robot1.controller_server]: Critic plugin initialized
[component_container_isolated-1] [INFO] [1790230299.242949169] [robot1.controller_server]: Controller Server has FollowPath  controllers available.
[component_container_isolated-1] [INFO] [1790230299.428275405] [robot1.lifecycle_manager_navigation]: [34m[1mConfiguring smoother_server[0m[0m
[component_container_isolated-1] [INFO] [1790230299.428423879] [robot1.smoother_server]: Configuring smoother server
[component_container_isolated-1] [INFO] [1790230299.648455398] [robot1.smoother_server]: Created smoother : simple_smoother of type nav2_smoother::SimpleSmoother
[component_container_isolated-1] [INFO] [1790230299.648660040] [robot1.smoother_server]: Smoother Server has simple_smoother  smoothers available.
[component_container_isolated-1] [INFO] [1790230299.805975320] [robot1.lifecycle_manager_navigation]: [34m[1mConfiguring planner_server[0m[0m
[component_container_isolated-1] [INFO] [1790230299.806207839] [robot1.planner_server]: Configuring
[component_container_isolated-1] [INFO] [1790230299.806243243] [robot1.global_costmap.global_costmap]: Configuring
[component_container_isolated-1] [INFO] [1790230299.986543467] [robot1.global_costmap.global_costmap]: Using plugin "static_layer"
[component_container_isolated-1] [INFO] [1790230299.986877806] [robot1.global_costmap.global_costmap]: Subscribing to the map topic (/robot1/map) with transient local durability
[component_container_isolated-1] [INFO] [1790230300.010142411] [robot1.global_costmap.global_costmap]: Initialized plugin "static_layer"
[component_container_isolated-1] [INFO] [1790230300.010156920] [robot1.global_costmap.global_costmap]: Using plugin "obstacle_layer"
[component_container_isolated-1] [INFO] [1790230300.010392293] [robot1.global_costmap.global_costmap]: Subscribed to Topics: scan
[component_container_isolated-1] [INFO] [1790230300.078361083] [robot1.global_costmap.global_costmap]: Initialized plugin "obstacle_layer"
[component_container_isolated-1] [INFO] [1790230300.078394509] [robot1.global_costmap.global_costmap]: Using plugin "inflation_layer"
[component_container_isolated-1] [INFO] [1790230300.078685309] [robot1.global_costmap.global_costmap]: Initialized plugin "inflation_layer"
[component_container_isolated-1] [INFO] [1790230300.343171058] [robot1.global_costmap.global_costmap]: StaticLayer: Resizing costmap to 142 X 290 at 0.050000 m/pix
[component_container_isolated-1] [INFO] [1790230300.343460701] [robot1.planner_server]: Created global planner plugin GridBased of type nav2_navfn_planner/NavfnPlanner
[component_container_isolated-1] [INFO] [1790230300.343480887] [robot1.planner_server]: Configuring plugin GridBased of type NavfnPlanner
[component_container_isolated-1] [INFO] [1790230300.343715340] [robot1.planner_server]: Planner Server has GridBased  planners available.
[component_container_isolated-1] [INFO] [1790230300.659405993] [robot1.lifecycle_manager_navigation]: [34m[1mConfiguring behavior_server[0m[0m
[component_container_isolated-1] [INFO] [1790230300.659566544] [robot1.behavior_server]: Configuring
[component_container_isolated-1] [INFO] [1790230300.870590534] [robot1.behavior_server]: Creating behavior plugin spin of type nav2_behaviors/Spin
[component_container_isolated-1] [INFO] [1790230300.871001299] [robot1.behavior_server]: Configuring spin
[component_container_isolated-1] [INFO] [1790230301.048179026] [robot1.behavior_server]: Creating behavior plugin backup of type nav2_behaviors/BackUp
[component_container_isolated-1] [INFO] [1790230301.048622747] [robot1.behavior_server]: Configuring backup
[component_container_isolated-1] [INFO] [1790230301.220639225] [robot1.behavior_server]: Creating behavior plugin drive_on_heading of type nav2_behaviors/DriveOnHeading
[component_container_isolated-1] [INFO] [1790230301.221067785] [robot1.behavior_server]: Configuring drive_on_heading
[component_container_isolated-1] [INFO] [1790230301.424694114] [robot1.behavior_server]: Creating behavior plugin assisted_teleop of type nav2_behaviors/AssistedTeleop
[component_container_isolated-1] [INFO] [1790230301.425480358] [robot1.behavior_server]: Configuring assisted_teleop
[component_container_isolated-1] [INFO] [1790230301.679251635] [robot1.behavior_server]: Creating behavior plugin wait of type nav2_behaviors/Wait
[component_container_isolated-1] [INFO] [1790230301.679688780] [robot1.behavior_server]: Configuring wait
[component_container_isolated-1] [INFO] [1790230301.880849041] [robot1.lifecycle_manager_navigation]: [34m[1mConfiguring bt_navigator[0m[0m
[component_container_isolated-1] [INFO] [1790230301.880961619] [robot1.bt_navigator]: Configuring
[component_container_isolated-1] [INFO] [1790230303.247367527] [robot1.lifecycle_manager_navigation]: [34m[1mConfiguring waypoint_follower[0m[0m
[component_container_isolated-1] [INFO] [1790230303.247619420] [robot1.waypoint_follower]: Configuring
[component_container_isolated-1] [INFO] [1790230303.603011060] [robot1.waypoint_follower]: Created waypoint_task_executor : wait_at_waypoint of type nav2_waypoint_follower::WaitAtWaypoint
[component_container_isolated-1] [INFO] [1790230303.603629650] [robot1.lifecycle_manager_navigation]: [34m[1mConfiguring velocity_smoother[0m[0m
[component_container_isolated-1] [INFO] [1790230303.603883997] [robot1.velocity_smoother]: Configuring velocity smoother
[component_container_isolated-1] [INFO] [1790230303.672973840] [robot1.lifecycle_manager_navigation]: [34m[1mActivating controller_server[0m[0m
[component_container_isolated-1] [INFO] [1790230303.673069632] [robot1.controller_server]: Activating
[component_container_isolated-1] [INFO] [1790230303.673093329] [robot1.local_costmap.local_costmap]: Activating
[component_container_isolated-1] [INFO] [1790230303.673101164] [robot1.local_costmap.local_costmap]: Checking transform
[component_container_isolated-1] [INFO] [1790230303.673168046] [robot1.local_costmap.local_costmap]: start
[component_container_isolated-1] [INFO] [1790230303.900295160] [robot1.controller_server]: Creating bond (controller_server) to lifecycle manager.
[component_container_isolated-1] [INFO] [1790230304.062908537] [robot1.lifecycle_manager_navigation]: Server controller_server connected with bond.
[component_container_isolated-1] [INFO] [1790230304.062941562] [robot1.lifecycle_manager_navigation]: [34m[1mActivating smoother_server[0m[0m
[component_container_isolated-1] [INFO] [1790230304.063219904] [robot1.smoother_server]: Activating
[component_container_isolated-1] [INFO] [1790230304.063251769] [robot1.smoother_server]: Creating bond (smoother_server) to lifecycle manager.
[component_container_isolated-1] [INFO] [1790230304.217068399] [robot1.lifecycle_manager_navigation]: Server smoother_server connected with bond.
[component_container_isolated-1] [INFO] [1790230304.217112335] [robot1.lifecycle_manager_navigation]: [34m[1mActivating planner_server[0m[0m
[component_container_isolated-1] [INFO] [1790230304.217461205] [robot1.planner_server]: Activating
[component_container_isolated-1] [INFO] [1790230304.217489490] [robot1.global_costmap.global_costmap]: Activating
[component_container_isolated-1] [INFO] [1790230304.217494756] [robot1.global_costmap.global_costmap]: Checking transform
[component_container_isolated-1] [INFO] [1790230304.217550815] [robot1.global_costmap.global_costmap]: start
[component_container_isolated-1] [INFO] [1790230305.236998238] [robot1.planner_server]: Activating plugin GridBased of type NavfnPlanner
[component_container_isolated-1] [INFO] [1790230305.255418375] [robot1.planner_server]: Creating bond (planner_server) to lifecycle manager.
[component_container_isolated-1] [INFO] [1790230305.429652883] [robot1.lifecycle_manager_navigation]: Server planner_server connected with bond.
[component_container_isolated-1] [INFO] [1790230305.429730463] [robot1.lifecycle_manager_navigation]: [34m[1mActivating behavior_server[0m[0m
[component_container_isolated-1] [INFO] [1790230305.430045347] [robot1.behavior_server]: Activating
[component_container_isolated-1] [INFO] [1790230305.430066114] [robot1.behavior_server]: Activating spin
[component_container_isolated-1] [INFO] [1790230305.430085745] [robot1.behavior_server]: Activating backup
[component_container_isolated-1] [INFO] [1790230305.430095706] [robot1.behavior_server]: Activating drive_on_heading
[component_container_isolated-1] [INFO] [1790230305.430105440] [robot1.behavior_server]: Activating assisted_teleop
[component_container_isolated-1] [INFO] [1790230305.430114882] [robot1.behavior_server]: Activating wait
[component_container_isolated-1] [INFO] [1790230305.430126895] [robot1.behavior_server]: Creating bond (behavior_server) to lifecycle manager.
[component_container_isolated-1] [INFO] [1790230305.606796997] [robot1.lifecycle_manager_navigation]: Server behavior_server connected with bond.
[component_container_isolated-1] [INFO] [1790230305.606875036] [robot1.lifecycle_manager_navigation]: [34m[1mActivating bt_navigator[0m[0m
[component_container_isolated-1] [INFO] [1790230305.607102939] [robot1.bt_navigator]: Activating
[component_container_isolated-1] [INFO] [1790230308.180519284] [robot1.bt_navigator]: Creating bond (bt_navigator) to lifecycle manager.
[component_container_isolated-1] [INFO] [1790230308.396607288] [robot1.lifecycle_manager_navigation]: Server bt_navigator connected with bond.
[component_container_isolated-1] [INFO] [1790230308.396632532] [robot1.lifecycle_manager_navigation]: [34m[1mActivating waypoint_follower[0m[0m
[component_container_isolated-1] [INFO] [1790230308.396940822] [robot1.waypoint_follower]: Activating
[component_container_isolated-1] [INFO] [1790230308.396977279] [robot1.waypoint_follower]: Creating bond (waypoint_follower) to lifecycle manager.
[component_container_isolated-1] [INFO] [1790230308.594563463] [robot1.lifecycle_manager_navigation]: Server waypoint_follower connected with bond.
[component_container_isolated-1] [INFO] [1790230308.594588799] [robot1.lifecycle_manager_navigation]: [34m[1mActivating velocity_smoother[0m[0m
[component_container_isolated-1] [INFO] [1790230308.594822685] [robot1.velocity_smoother]: Activating
[component_container_isolated-1] [INFO] [1790230308.594852343] [robot1.velocity_smoother]: Creating bond (velocity_smoother) to lifecycle manager.
[component_container_isolated-1] [INFO] [1790230308.771968092] [robot1.lifecycle_manager_navigation]: Server velocity_smoother connected with bond.
[component_container_isolated-1] [INFO] [1790230308.772009729] [robot1.lifecycle_manager_navigation]: [34m[1mManaged nodes are active[0m[0m
[component_container_isolated-1] [INFO] [1790230308.772021947] [robot1.lifecycle_manager_navigation]: [34m[1mCreating bond timer...[0m[0m
[nav2_startup-2] response:
[nav2_startup-2] nav2_msgs.srv.ManageLifecycleNodes_Response(success=True)
[nav2_startup-2] 
[INFO] [nav2_startup-2]: process has finished cleanly [pid 35492]
[component_container_isolated-1] [INFO] [1790230351.920667631] [robot1.local_costmap.local_costmap]: Message Filter dropping message: frame 'rplidar_link' at time 1790230351.480 for reason 'the timestamp on the message is earlier than all the data in the transform cache'
[component_container_isolated-1] [INFO] [1790230441.122931083] [robot1.bt_navigator]: Begin navigating from current location (-0.13, -0.00) to (-1.34, -0.06)
[component_container_isolated-1] [INFO] [1790230441.143451694] [robot1.controller_server]: Received a goal, begin computing control effort.
[component_container_isolated-1] [WARN] [1790230441.143504632] [robot1.controller_server]: No goal checker was specified in parameter 'current_goal_checker'. Server will use only plugin loaded general_goal_checker . This warning will appear once.
[component_container_isolated-1] [INFO] [1790230442.073310126] [robot1.local_costmap.local_costmap]: StaticLayer: Resizing static layer to 162 X 297 at 0.050000 m/pix
[component_container_isolated-1] [INFO] [1790230442.133123122] [robot1.bt_navigator]: Received goal preemption request
[component_container_isolated-1] [INFO] [1790230442.133269396] [robot1.bt_navigator]: Begin navigating from current location (-0.30, 0.00) to (-1.15, -0.02)
[component_container_isolated-1] [INFO] [1790230442.193704169] [robot1.controller_server]: Passing new path to controller.
[component_container_isolated-1] [INFO] [1790230442.217678422] [robot1.global_costmap.global_costmap]: StaticLayer: Resizing costmap to 162 X 297 at 0.050000 m/pix
[component_container_isolated-1] [INFO] [1790230443.143173469] [robot1.bt_navigator]: Received goal preemption request
[component_container_isolated-1] [INFO] [1790230443.143348602] [robot1.bt_navigator]: Begin navigating from current location (-0.55, 0.01) to (-1.21, 0.36)
[component_container_isolated-1] [INFO] [1790230443.243684775] [robot1.controller_server]: Passing new path to controller.
[component_container_isolated-1] [INFO] [1790230443.473378450] [robot1.local_costmap.local_costmap]: StaticLayer: Resizing static layer to 172 X 301 at 0.050000 m/pix
[component_container_isolated-1] [INFO] [1790230444.133160205] [robot1.bt_navigator]: Received goal preemption request
[component_container_isolated-1] [INFO] [1790230444.134300242] [robot1.bt_navigator]: Begin navigating from current location (-0.78, 0.04) to (-1.22, -0.30)
[component_container_isolated-1] [INFO] [1790230444.217682934] [robot1.global_costmap.global_costmap]: StaticLayer: Resizing costmap to 172 X 301 at 0.050000 m/pix
[component_container_isolated-1] [INFO] [1790230444.243700746] [robot1.controller_server]: Passing new path to controller.
[component_container_isolated-1] [INFO] [1790230444.473314994] [robot1.local_costmap.local_costmap]: StaticLayer: Resizing static layer to 175 X 301 at 0.050000 m/pix
[component_container_isolated-1] [INFO] [1790230445.217709107] [robot1.global_costmap.global_costmap]: StaticLayer: Resizing costmap to 175 X 301 at 0.050000 m/pix
[component_container_isolated-1] [INFO] [1790230445.293684873] [robot1.controller_server]: Passing new path to controller.
[component_container_isolated-1] [INFO] [1790230445.473326396] [robot1.local_costmap.local_costmap]: StaticLayer: Resizing static layer to 176 X 323 at 0.050000 m/pix
[component_container_isolated-1] [INFO] [1790230446.217684264] [robot1.global_costmap.global_costmap]: StaticLayer: Resizing costmap to 176 X 323 at 0.050000 m/pix
[component_container_isolated-1] [INFO] [1790230446.293709290] [robot1.controller_server]: Passing new path to controller.
[component_container_isolated-1] [INFO] [1790230447.343689195] [robot1.controller_server]: Passing new path to controller.
[component_container_isolated-1] [INFO] [1790230448.393696936] [robot1.controller_server]: Passing new path to controller.
[component_container_isolated-1] [INFO] [1790230449.393702845] [robot1.controller_server]: Passing new path to controller.
[component_container_isolated-1] [INFO] [1790230449.795502401] [robot1.controller_server]: Reached the goal!
[component_container_isolated-1] [INFO] [1790230449.833171701] [robot1.bt_navigator]: Goal succeeded
[component_container_isolated-1] [INFO] [1790230549.132372563] [robot1.bt_navigator]: Begin navigating from current location (-1.21, -0.08) to (-0.50, -3.99)
[component_container_isolated-1] [INFO] [1790230549.152834664] [robot1.controller_server]: Received a goal, begin computing control effort.
[component_container_isolated-1] [INFO] [1790230550.132524381] [robot1.bt_navigator]: Received goal preemption request
[component_container_isolated-1] [INFO] [1790230550.132605963] [robot1.bt_navigator]: Begin navigating from current location (-1.19, -0.26) to (-1.15, -5.82)
[component_container_isolated-1] [INFO] [1790230550.203032596] [robot1.controller_server]: Passing new path to controller.
[component_container_isolated-1] [INFO] [1790230550.473365760] [robot1.local_costmap.local_costmap]: StaticLayer: Resizing static layer to 192 X 323 at 0.050000 m/pix
[component_container_isolated-1] [INFO] [1790230551.132542342] [robot1.bt_navigator]: Received goal preemption request
[component_container_isolated-1] [INFO] [1790230551.132641645] [robot1.bt_navigator]: Begin navigating from current location (-1.13, -0.50) to (-1.38, -6.89)
[component_container_isolated-1] [INFO] [1790230551.217676913] [robot1.global_costmap.global_costmap]: StaticLayer: Resizing costmap to 192 X 323 at 0.050000 m/pix
[component_container_isolated-1] [INFO] [1790230551.253037038] [robot1.controller_server]: Passing new path to controller.
[component_container_isolated-1] [INFO] [1790230552.132552636] [robot1.bt_navigator]: Received goal preemption request
[component_container_isolated-1] [INFO] [1790230552.132678206] [robot1.bt_navigator]: Begin navigating from current location (-1.06, -0.71) to (-1.40, -5.25)
[component_container_isolated-1] [INFO] [1790230552.253012080] [robot1.controller_server]: Passing new path to controller.
[component_container_isolated-1] [INFO] [1790230553.132531549] [robot1.bt_navigator]: Received goal preemption request
[component_container_isolated-1] [INFO] [1790230553.132628511] [robot1.bt_navigator]: Begin navigating from current location (-0.97, -0.94) to (-1.08, -3.69)
[component_container_isolated-1] [INFO] [1790230553.303030917] [robot1.controller_server]: Passing new path to controller.
[component_container_isolated-1] [INFO] [1790230554.132527301] [robot1.bt_navigator]: Received goal preemption request
[component_container_isolated-1] [INFO] [1790230554.132610301] [robot1.bt_navigator]: Begin navigating from current location (-0.91, -1.18) to (-1.38, -5.24)
[component_container_isolated-1] [INFO] [1790230554.303015675] [robot1.controller_server]: Passing new path to controller.
[component_container_isolated-1] [INFO] [1790230555.132553004] [robot1.bt_navigator]: Received goal preemption request
[component_container_isolated-1] [INFO] [1790230555.132620871] [robot1.bt_navigator]: Begin navigating from current location (-0.89, -1.43) to (-0.84, -5.48)
[component_container_isolated-1] [INFO] [1790230555.353015616] [robot1.controller_server]: Passing new path to controller.
[component_container_isolated-1] [INFO] [1790230556.132528386] [robot1.bt_navigator]: Received goal preemption request
[component_container_isolated-1] [INFO] [1790230556.132602949] [robot1.bt_navigator]: Begin navigating from current location (-0.89, -1.68) to (-0.94, -5.77)
[component_container_isolated-1] [INFO] [1790230556.353015642] [robot1.controller_server]: Passing new path to controller.
[component_container_isolated-1] [INFO] [1790230557.132534643] [robot1.bt_navigator]: Received goal preemption request
[component_container_isolated-1] [INFO] [1790230557.132639924] [robot1.bt_navigator]: Begin navigating from current location (-0.91, -1.93) to (-0.99, -6.30)
[component_container_isolated-1] [INFO] [1790230557.403024810] [robot1.controller_server]: Passing new path to controller.
[component_container_isolated-1] [INFO] [1790230558.132539233] [robot1.bt_navigator]: Received goal preemption request
[component_container_isolated-1] [INFO] [1790230558.132682701] [robot1.bt_navigator]: Begin navigating from current location (-0.92, -2.19) to (-1.28, -6.91)
[component_container_isolated-1] [INFO] [1790230558.403013333] [robot1.controller_server]: Passing new path to controller.
[component_container_isolated-1] [INFO] [1790230559.132544802] [robot1.bt_navigator]: Received goal preemption request
[component_container_isolated-1] [INFO] [1790230559.132681714] [robot1.bt_navigator]: Begin navigating from current location (-0.93, -2.44) to (-1.21, -6.54)
[component_container_isolated-1] [INFO] [1790230559.453034675] [robot1.controller_server]: Passing new path to controller.
[component_container_isolated-1] [INFO] [1790230560.132612641] [robot1.bt_navigator]: Received goal preemption request
[component_container_isolated-1] [INFO] [1790230560.132758756] [robot1.bt_navigator]: Begin navigating from current location (-0.93, -2.69) to (-1.21, -7.20)
[component_container_isolated-1] [INFO] [1790230560.453009658] [robot1.controller_server]: Passing new path to controller.
[component_container_isolated-1] [INFO] [1790230560.473317466] [robot1.local_costmap.local_costmap]: StaticLayer: Resizing static layer to 192 X 323 at 0.050000 m/pix
[component_container_isolated-1] [INFO] [1790230561.132531175] [robot1.bt_navigator]: Received goal preemption request
[component_container_isolated-1] [INFO] [1790230561.132616130] [robot1.bt_navigator]: Begin navigating from current location (-0.95, -2.93) to (-0.43, -6.02)
[component_container_isolated-1] [INFO] [1790230561.217686696] [robot1.global_costmap.global_costmap]: StaticLayer: Resizing costmap to 192 X 323 at 0.050000 m/pix
[component_container_isolated-1] [INFO] [1790230561.503029444] [robot1.controller_server]: Passing new path to controller.
[component_container_isolated-1] [INFO] [1790230562.132530170] [robot1.bt_navigator]: Received goal preemption request
[component_container_isolated-1] [INFO] [1790230562.132609827] [robot1.bt_navigator]: Begin navigating from current location (-0.97, -3.18) to (0.08, -6.24)
[component_container_isolated-1] [INFO] [1790230562.553031198] [robot1.controller_server]: Passing new path to controller.
[component_container_isolated-1] [INFO] [1790230563.132546144] [robot1.bt_navigator]: Received goal preemption request
[component_container_isolated-1] [INFO] [1790230563.132683470] [robot1.bt_navigator]: Begin navigating from current location (-0.96, -3.43) to (-0.79, -5.65)
[component_container_isolated-1] [INFO] [1790230563.553042402] [robot1.controller_server]: Passing new path to controller.
[component_container_isolated-1] [INFO] [1790230564.132547407] [robot1.bt_navigator]: Received goal preemption request
[component_container_isolated-1] [INFO] [1790230564.132633410] [robot1.bt_navigator]: Begin navigating from current location (-0.94, -3.69) to (-0.63, -5.83)
[component_container_isolated-1] [INFO] [1790230564.603012300] [robot1.controller_server]: Passing new path to controller.
[component_container_isolated-1] [INFO] [1790230565.132561450] [robot1.bt_navigator]: Received goal preemption request
[component_container_isolated-1] [INFO] [1790230565.132650268] [robot1.bt_navigator]: Begin navigating from current location (-0.95, -3.94) to (-0.83, -6.25)
[component_container_isolated-1] [INFO] [1790230565.603013576] [robot1.controller_server]: Passing new path to controller.
[component_container_isolated-1] [INFO] [1790230566.132528025] [robot1.bt_navigator]: Received goal preemption request
[component_container_isolated-1] [INFO] [1790230566.132609019] [robot1.bt_navigator]: Begin navigating from current location (-0.93, -4.18) to (-0.64, -5.71)
[component_container_isolated-1] [INFO] [1790230566.653024457] [robot1.controller_server]: Passing new path to controller.
[component_container_isolated-1] [INFO] [1790230567.132526834] [robot1.bt_navigator]: Received goal preemption request
[component_container_isolated-1] [INFO] [1790230567.132605631] [robot1.bt_navigator]: Begin navigating from current location (-0.94, -4.43) to (-0.56, -5.94)
[component_container_isolated-1] [INFO] [1790230567.703024781] [robot1.controller_server]: Passing new path to controller.
[component_container_isolated-1] [INFO] [1790230568.132569726] [robot1.bt_navigator]: Received goal preemption request
[component_container_isolated-1] [INFO] [1790230568.132658527] [robot1.bt_navigator]: Begin navigating from current location (-0.92, -4.67) to (-0.36, -5.75)
[component_container_isolated-1] [INFO] [1790230568.703029988] [robot1.controller_server]: Passing new path to controller.
[component_container_isolated-1] [INFO] [1790230569.132559533] [robot1.bt_navigator]: Received goal preemption request
[component_container_isolated-1] [INFO] [1790230569.132655310] [robot1.bt_navigator]: Begin navigating from current location (-0.90, -4.92) to (-1.11, -5.84)
[component_container_isolated-1] [INFO] [1790230569.473351495] [robot1.local_costmap.local_costmap]: StaticLayer: Resizing static layer to 205 X 323 at 0.050000 m/pix
[component_container_isolated-1] [INFO] [1790230569.753017643] [robot1.controller_server]: Passing new path to controller.
[component_container_isolated-1] [INFO] [1790230570.132521940] [robot1.bt_navigator]: Received goal preemption request
[component_container_isolated-1] [INFO] [1790230570.132590217] [robot1.bt_navigator]: Begin navigating from current location (-0.79, -5.15) to (-0.11, -5.95)
[component_container_isolated-1] [INFO] [1790230570.217677869] [robot1.global_costmap.global_costmap]: StaticLayer: Resizing costmap to 205 X 323 at 0.050000 m/pix
[component_container_isolated-1] [INFO] [1790230570.753015219] [robot1.controller_server]: Passing new path to controller.
[component_container_isolated-1] [INFO] [1790230571.803025503] [robot1.controller_server]: Passing new path to controller.
[component_container_isolated-1] [INFO] [1790230572.803035276] [robot1.controller_server]: Passing new path to controller.
[component_container_isolated-1] [INFO] [1790230573.853022622] [robot1.controller_server]: Passing new path to controller.
[component_container_isolated-1] [INFO] [1790230574.853015923] [robot1.controller_server]: Passing new path to controller.
[component_container_isolated-1] [INFO] [1790230575.073350283] [robot1.local_costmap.local_costmap]: StaticLayer: Resizing static layer to 207 X 323 at 0.050000 m/pix
[component_container_isolated-1] [INFO] [1790230575.217681110] [robot1.global_costmap.global_costmap]: StaticLayer: Resizing costmap to 207 X 323 at 0.050000 m/pix
[component_container_isolated-1] [INFO] [1790230575.903034902] [robot1.controller_server]: Passing new path to controller.
[component_container_isolated-1] [INFO] [1790230576.903031044] [robot1.controller_server]: Passing new path to controller.
[component_container_isolated-1] [INFO] [1790230577.904858523] [robot1.controller_server]: Reached the goal!
[component_container_isolated-1] [INFO] [1790230577.942506779] [robot1.bt_navigator]: Goal succeeded
[component_container_isolated-1] [INFO] [1790230728.126738217] [robot1.bt_navigator]: Begin navigating from current location (-0.31, -5.90) to (-1.11, -2.94)
[component_container_isolated-1] [INFO] [1790230728.147185644] [robot1.controller_server]: Received a goal, begin computing control effort.
[component_container_isolated-1] [INFO] [1790230728.147318757] [robot1.controller_server]: Passing new path to controller.
[component_container_isolated-1] [INFO] [1790230729.126965016] [robot1.bt_navigator]: Received goal preemption request
[component_container_isolated-1] [INFO] [1790230729.127100758] [robot1.bt_navigator]: Begin navigating from current location (-0.36, -5.73) to (-0.81, -1.82)
[component_container_isolated-1] [INFO] [1790230729.197428826] [robot1.controller_server]: Passing new path to controller.
[component_container_isolated-1] [INFO] [1790230730.126958134] [robot1.bt_navigator]: Received goal preemption request
[component_container_isolated-1] [INFO] [1790230730.127060467] [robot1.bt_navigator]: Begin navigating from current location (-0.46, -5.50) to (-0.49, -1.71)
[component_container_isolated-1] [INFO] [1790230730.247379674] [robot1.controller_server]: Passing new path to controller.
[component_container_isolated-1] [INFO] [1790230731.126968586] [robot1.bt_navigator]: Received goal preemption request
[component_container_isolated-1] [INFO] [1790230731.127107719] [robot1.bt_navigator]: Begin navigating from current location (-0.58, -5.29) to (-1.18, -1.78)
[component_container_isolated-1] [INFO] [1790230731.247409775] [robot1.controller_server]: Passing new path to controller.
[component_container_isolated-1] [INFO] [1790230732.126976245] [robot1.bt_navigator]: Received goal preemption request
[component_container_isolated-1] [INFO] [1790230732.127123745] [robot1.bt_navigator]: Begin navigating from current location (-0.67, -5.05) to (-0.27, -1.67)
[component_container_isolated-1] [INFO] [1790230732.297466114] [robot1.controller_server]: Passing new path to controller.
[component_container_isolated-1] [INFO] [1790230733.126991701] [robot1.bt_navigator]: Received goal preemption request
[component_container_isolated-1] [INFO] [1790230733.127131154] [robot1.bt_navigator]: Begin navigating from current location (-0.72, -4.77) to (-0.96, -2.00)
[component_container_isolated-1] [INFO] [1790230733.297363491] [robot1.controller_server]: Passing new path to controller.
[component_container_isolated-1] [INFO] [1790230734.136967483] [robot1.bt_navigator]: Received goal preemption request
[component_container_isolated-1] [INFO] [1790230734.137058995] [robot1.bt_navigator]: Begin navigating from current location (-0.75, -4.53) to (-1.06, -2.83)
[component_container_isolated-1] [INFO] [1790230734.347396157] [robot1.controller_server]: Passing new path to controller.
[component_container_isolated-1] [INFO] [1790230735.136935925] [robot1.bt_navigator]: Received goal preemption request
[component_container_isolated-1] [INFO] [1790230735.137015802] [robot1.bt_navigator]: Begin navigating from current location (-0.76, -4.29) to (-0.80, -2.70)
[component_container_isolated-1] [INFO] [1790230735.397395164] [robot1.controller_server]: Passing new path to controller.
[component_container_isolated-1] [INFO] [1790230736.126921795] [robot1.bt_navigator]: Received goal preemption request
[component_container_isolated-1] [INFO] [1790230736.127028184] [robot1.bt_navigator]: Begin navigating from current location (-0.79, -4.05) to (-1.45, -2.69)
[component_container_isolated-1] [INFO] [1790230736.397376859] [robot1.controller_server]: Passing new path to controller.
[component_container_isolated-1] [INFO] [1790230737.136949850] [robot1.bt_navigator]: Received goal preemption request
[component_container_isolated-1] [INFO] [1790230737.137049549] [robot1.bt_navigator]: Begin navigating from current location (-0.79, -3.81) to (-1.32, -1.93)
[component_container_isolated-1] [INFO] [1790230737.447385248] [robot1.controller_server]: Passing new path to controller.
[component_container_isolated-1] [INFO] [1790230738.137103225] [robot1.bt_navigator]: Received goal preemption request
[component_container_isolated-1] [INFO] [1790230738.137206715] [robot1.bt_navigator]: Begin navigating from current location (-0.84, -3.57) to (-1.36, -1.66)
[component_container_isolated-1] [INFO] [1790230738.447379334] [robot1.controller_server]: Passing new path to controller.
[component_container_isolated-1] [INFO] [1790230739.137032438] [robot1.bt_navigator]: Received goal preemption request
[component_container_isolated-1] [INFO] [1790230739.137186438] [robot1.bt_navigator]: Begin navigating from current location (-0.86, -3.33) to (-1.09, -1.74)
[component_container_isolated-1] [INFO] [1790230739.497375954] [robot1.controller_server]: Passing new path to controller.
[component_container_isolated-1] [INFO] [1790230740.126960708] [robot1.bt_navigator]: Received goal preemption request
[component_container_isolated-1] [INFO] [1790230740.127111695] [robot1.bt_navigator]: Begin navigating from current location (-0.90, -3.08) to (-0.94, -1.37)
[component_container_isolated-1] [INFO] [1790230740.497512490] [robot1.controller_server]: Passing new path to controller.
[component_container_isolated-1] [INFO] [1790230741.126920723] [robot1.bt_navigator]: Received goal preemption request
[component_container_isolated-1] [INFO] [1790230741.127010032] [robot1.bt_navigator]: Begin navigating from current location (-0.90, -2.84) to (-0.99, -1.06)
[component_container_isolated-1] [INFO] [1790230741.547376491] [robot1.controller_server]: Passing new path to controller.
[component_container_isolated-1] [INFO] [1790230742.126937721] [robot1.bt_navigator]: Received goal preemption request
[component_container_isolated-1] [INFO] [1790230742.127020775] [robot1.bt_navigator]: Begin navigating from current location (-0.89, -2.61) to (-1.13, -1.52)
[component_container_isolated-1] [INFO] [1790230742.547396705] [robot1.controller_server]: Passing new path to controller.
[component_container_isolated-1] [INFO] [1790230743.136941451] [robot1.bt_navigator]: Received goal preemption request
[component_container_isolated-1] [INFO] [1790230743.137037122] [robot1.bt_navigator]: Begin navigating from current location (-0.90, -2.37) to (-1.12, -0.76)
[component_container_isolated-1] [INFO] [1790230743.597394257] [robot1.controller_server]: Passing new path to controller.
[component_container_isolated-1] [INFO] [1790230744.127036090] [robot1.bt_navigator]: Received goal preemption request
[component_container_isolated-1] [INFO] [1790230744.127178588] [robot1.bt_navigator]: Begin navigating from current location (-0.92, -2.13) to (-0.83, -0.88)
[component_container_isolated-1] [INFO] [1790230744.647401258] [robot1.controller_server]: Passing new path to controller.
[component_container_isolated-1] [INFO] [1790230745.647409285] [robot1.controller_server]: Passing new path to controller.
[component_container_isolated-1] [INFO] [1790230746.697378858] [robot1.controller_server]: Passing new path to controller.
[component_container_isolated-1] [INFO] [1790230747.697379707] [robot1.controller_server]: Passing new path to controller.
[component_container_isolated-1] [INFO] [1790230748.747403161] [robot1.controller_server]: Passing new path to controller.
[component_container_isolated-1] [INFO] [1790230749.797378797] [robot1.controller_server]: Passing new path to controller.
[component_container_isolated-1] [INFO] [1790230750.797378659] [robot1.controller_server]: Passing new path to controller.
[component_container_isolated-1] [INFO] [1790230751.847378586] [robot1.controller_server]: Passing new path to controller.
[component_container_isolated-1] [INFO] [1790230751.949178613] [robot1.controller_server]: Reached the goal!
[component_container_isolated-1] [INFO] [1790230751.986977672] [robot1.bt_navigator]: Goal succeeded
[component_container_isolated-1] [INFO] [1790230796.123604721] [robot1.bt_navigator]: Begin navigating from current location (-0.84, -1.10) to (-1.00, 5.91)
[component_container_isolated-1] [INFO] [1790230796.144096181] [robot1.controller_server]: Received a goal, begin computing control effort.
[component_container_isolated-1] [INFO] [1790230797.133827315] [robot1.bt_navigator]: Received goal preemption request
[component_container_isolated-1] [INFO] [1790230797.133952361] [robot1.bt_navigator]: Begin navigating from current location (-0.83, -0.91) to (-1.00, 4.51)
[component_container_isolated-1] [INFO] [1790230797.194320398] [robot1.controller_server]: Passing new path to controller.
[component_container_isolated-1] [INFO] [1790230798.133787741] [robot1.bt_navigator]: Received goal preemption request
[component_container_isolated-1] [INFO] [1790230798.133898247] [robot1.bt_navigator]: Begin navigating from current location (-0.82, -0.66) to (-0.94, 4.78)
[component_container_isolated-1] [INFO] [1790230798.244298134] [robot1.controller_server]: Passing new path to controller.
[component_container_isolated-1] [INFO] [1790230799.133813538] [robot1.bt_navigator]: Received goal preemption request
[component_container_isolated-1] [INFO] [1790230799.133911035] [robot1.bt_navigator]: Begin navigating from current location (-0.82, -0.38) to (-1.47, 4.60)
[component_container_isolated-1] [INFO] [1790230799.244313860] [robot1.controller_server]: Passing new path to controller.
[component_container_isolated-1] [INFO] [1790230800.133807022] [robot1.bt_navigator]: Received goal preemption request
[component_container_isolated-1] [INFO] [1790230800.133974070] [robot1.bt_navigator]: Begin navigating from current location (-0.81, -0.13) to (-0.71, 4.64)
[component_container_isolated-1] [INFO] [1790230800.294332906] [robot1.controller_server]: Passing new path to controller.
[component_container_isolated-1] [INFO] [1790230801.133828605] [robot1.bt_navigator]: Received goal preemption request
[component_container_isolated-1] [INFO] [1790230801.133931295] [robot1.bt_navigator]: Begin navigating from current location (-0.80, 0.11) to (-1.31, 4.76)
[component_container_isolated-1] [INFO] [1790230801.294296808] [robot1.controller_server]: Passing new path to controller.
[component_container_isolated-1] [INFO] [1790230802.073315494] [robot1.local_costmap.local_costmap]: StaticLayer: Resizing static layer to 208 X 323 at 0.050000 m/pix
[component_container_isolated-1] [INFO] [1790230802.133790881] [robot1.bt_navigator]: Received goal preemption request
[component_container_isolated-1] [INFO] [1790230802.133895505] [robot1.bt_navigator]: Begin navigating from current location (-0.79, 0.36) to (-0.64, 4.86)
[component_container_isolated-1] [INFO] [1790230802.217680977] [robot1.global_costmap.global_costmap]: StaticLayer: Resizing costmap to 208 X 323 at 0.050000 m/pix
[component_container_isolated-1] [INFO] [1790230802.344296411] [robot1.controller_server]: Passing new path to controller.
[component_container_isolated-1] [INFO] [1790230803.133793012] [robot1.bt_navigator]: Received goal preemption request
[component_container_isolated-1] [INFO] [1790230803.133912183] [robot1.bt_navigator]: Begin navigating from current location (-0.79, 0.61) to (-0.41, 4.97)
[component_container_isolated-1] [INFO] [1790230803.344310496] [robot1.controller_server]: Passing new path to controller.
[component_container_isolated-1] [INFO] [1790230804.133795807] [robot1.bt_navigator]: Received goal preemption request
[component_container_isolated-1] [INFO] [1790230804.133962070] [robot1.bt_navigator]: Begin navigating from current location (-0.78, 0.86) to (-1.64, 4.93)
[component_container_isolated-1] [INFO] [1790230804.394322437] [robot1.controller_server]: Passing new path to controller.
[component_container_isolated-1] [INFO] [1790230805.133820682] [robot1.bt_navigator]: Received goal preemption request
[component_container_isolated-1] [INFO] [1790230805.133961670] [robot1.bt_navigator]: Begin navigating from current location (-0.78, 1.11) to (-1.04, 5.05)
[component_container_isolated-1] [INFO] [1790230805.444294821] [robot1.controller_server]: Passing new path to controller.
[component_container_isolated-1] [INFO] [1790230805.473350930] [robot1.local_costmap.local_costmap]: StaticLayer: Resizing static layer to 208 X 330 at 0.050000 m/pix
[component_container_isolated-1] [INFO] [1790230806.133786611] [robot1.bt_navigator]: Received goal preemption request
[component_container_isolated-1] [INFO] [1790230806.133898092] [robot1.bt_navigator]: Begin navigating from current location (-0.81, 1.36) to (-1.34, 5.11)
[component_container_isolated-1] [INFO] [1790230806.217710643] [robot1.global_costmap.global_costmap]: StaticLayer: Resizing costmap to 208 X 330 at 0.050000 m/pix
[component_container_isolated-1] [INFO] [1790230806.444296422] [robot1.controller_server]: Passing new path to controller.
[component_container_isolated-1] [INFO] [1790230807.073416839] [robot1.local_costmap.local_costmap]: StaticLayer: Resizing static layer to 208 X 331 at 0.050000 m/pix
[component_container_isolated-1] [INFO] [1790230807.133802269] [robot1.bt_navigator]: Received goal preemption request
[component_container_isolated-1] [INFO] [1790230807.133917721] [robot1.bt_navigator]: Begin navigating from current location (-0.83, 1.61) to (-0.34, 5.23)
[component_container_isolated-1] [INFO] [1790230807.217719963] [robot1.global_costmap.global_costmap]: StaticLayer: Resizing costmap to 208 X 331 at 0.050000 m/pix
[component_container_isolated-1] [INFO] [1790230807.494318025] [robot1.controller_server]: Passing new path to controller.
[component_container_isolated-1] [INFO] [1790230808.133797202] [robot1.bt_navigator]: Received goal preemption request
[component_container_isolated-1] [INFO] [1790230808.133916275] [robot1.bt_navigator]: Begin navigating from current location (-0.83, 1.86) to (-1.89, 5.11)
[component_container_isolated-1] [INFO] [1790230808.494317720] [robot1.controller_server]: Passing new path to controller.
[component_container_isolated-1] [INFO] [1790230809.133805725] [robot1.bt_navigator]: Received goal preemption request
[component_container_isolated-1] [INFO] [1790230809.133892004] [robot1.bt_navigator]: Begin navigating from current location (-0.82, 2.12) to (-1.72, 5.30)
[component_container_isolated-1] [INFO] [1790230809.544294511] [robot1.controller_server]: Passing new path to controller.
[component_container_isolated-1] [INFO] [1790230810.123827220] [robot1.bt_navigator]: Received goal preemption request
[component_container_isolated-1] [INFO] [1790230810.123939986] [robot1.bt_navigator]: Begin navigating from current location (-0.87, 2.35) to (-0.63, 6.04)
[component_container_isolated-1] [INFO] [1790230810.594316286] [robot1.controller_server]: Passing new path to controller.
[component_container_isolated-1] [INFO] [1790230811.133794574] [robot1.bt_navigator]: Received goal preemption request
[component_container_isolated-1] [INFO] [1790230811.133943580] [robot1.bt_navigator]: Begin navigating from current location (-0.91, 2.61) to (-0.85, 4.70)
[component_container_isolated-1] [INFO] [1790230811.594308781] [robot1.controller_server]: Passing new path to controller.
[component_container_isolated-1] [INFO] [1790230812.133810277] [robot1.bt_navigator]: Received goal preemption request
[component_container_isolated-1] [INFO] [1790230812.133904544] [robot1.bt_navigator]: Begin navigating from current location (-0.94, 2.85) to (-1.13, 4.68)
[component_container_isolated-1] [INFO] [1790230812.644295270] [robot1.controller_server]: Passing new path to controller.
[component_container_isolated-1] [INFO] [1790230813.133792540] [robot1.bt_navigator]: Received goal preemption request
[component_container_isolated-1] [INFO] [1790230813.133949809] [robot1.bt_navigator]: Begin navigating from current location (-0.92, 3.12) to (-1.18, 4.90)
[component_container_isolated-1] [INFO] [1790230813.644301481] [robot1.controller_server]: Passing new path to controller.
[component_container_isolated-1] [INFO] [1790230814.133783872] [robot1.bt_navigator]: Received goal preemption request
[component_container_isolated-1] [INFO] [1790230814.133904463] [robot1.bt_navigator]: Begin navigating from current location (-0.92, 3.36) to (-1.48, 4.76)
[component_container_isolated-1] [INFO] [1790230814.694300521] [robot1.controller_server]: Passing new path to controller.
[component_container_isolated-1] [INFO] [1790230815.133796965] [robot1.bt_navigator]: Received goal preemption request
[component_container_isolated-1] [INFO] [1790230815.133932472] [robot1.bt_navigator]: Begin navigating from current location (-0.94, 3.59) to (-0.86, 5.02)
[component_container_isolated-1] [INFO] [1790230815.744294942] [robot1.controller_server]: Passing new path to controller.
[component_container_isolated-1] [INFO] [1790230816.123821107] [robot1.bt_navigator]: Received goal preemption request
[component_container_isolated-1] [INFO] [1790230816.123930174] [robot1.bt_navigator]: Begin navigating from current location (-0.99, 3.82) to (-1.73, 4.95)
[component_container_isolated-1] [INFO] [1790230816.744319151] [robot1.controller_server]: Passing new path to controller.
[component_container_isolated-1] [INFO] [1790230817.133805544] [robot1.bt_navigator]: Received goal preemption request
[component_container_isolated-1] [INFO] [1790230817.133884520] [robot1.bt_navigator]: Begin navigating from current location (-1.04, 4.08) to (-0.52, 5.07)
[component_container_isolated-1] [INFO] [1790230817.794320189] [robot1.controller_server]: Passing new path to controller.
[component_container_isolated-1] [INFO] [1790230818.133787950] [robot1.bt_navigator]: Received goal preemption request
[component_container_isolated-1] [INFO] [1790230818.133895335] [robot1.bt_navigator]: Begin navigating from current location (-1.10, 4.28) to (-0.59, 5.41)
[component_container_isolated-1] [INFO] [1790230818.794293657] [robot1.controller_server]: Passing new path to controller.
[component_container_isolated-1] [INFO] [1790230819.844294503] [robot1.controller_server]: Passing new path to controller.
[component_container_isolated-1] [INFO] [1790230820.894300453] [robot1.controller_server]: Passing new path to controller.
[component_container_isolated-1] [INFO] [1790230821.894315179] [robot1.controller_server]: Passing new path to controller.
[component_container_isolated-1] [INFO] [1790230822.944296006] [robot1.controller_server]: Passing new path to controller.
[component_container_isolated-1] [INFO] [1790230823.944297949] [robot1.controller_server]: Passing new path to controller.
[component_container_isolated-1] [INFO] [1790230824.994315137] [robot1.controller_server]: Passing new path to controller.
[component_container_isolated-1] [INFO] [1790230825.994308221] [robot1.controller_server]: Passing new path to controller.
[component_container_isolated-1] [INFO] [1790230826.446203460] [robot1.controller_server]: Reached the goal!
[component_container_isolated-1] [INFO] [1790230826.483796637] [robot1.bt_navigator]: Goal succeeded
[component_container_isolated-1] [INFO] [1790230883.132111681] [robot1.bt_navigator]: Begin navigating from current location (-1.00, 4.21) to (-1.55, 0.80)
[component_container_isolated-1] [INFO] [1790230883.152591537] [robot1.controller_server]: Received a goal, begin computing control effort.
[component_container_isolated-1] [INFO] [1790230884.202795439] [robot1.controller_server]: Passing new path to controller.
[component_container_isolated-1] [INFO] [1790230885.252774912] [robot1.controller_server]: Passing new path to controller.
[component_container_isolated-1] [INFO] [1790230886.252777989] [robot1.controller_server]: Passing new path to controller.
[component_container_isolated-1] [INFO] [1790230887.302792206] [robot1.controller_server]: Passing new path to controller.
[component_container_isolated-1] [INFO] [1790230888.302778215] [robot1.controller_server]: Passing new path to controller.
[component_container_isolated-1] [INFO] [1790230889.352778988] [robot1.controller_server]: Passing new path to controller.
[component_container_isolated-1] [INFO] [1790230890.402778245] [robot1.controller_server]: Passing new path to controller.
[component_container_isolated-1] [INFO] [1790230891.402794476] [robot1.controller_server]: Passing new path to controller.
[component_container_isolated-1] [INFO] [1790230892.452802353] [robot1.controller_server]: Passing new path to controller.
[component_container_isolated-1] [INFO] [1790230893.452792577] [robot1.controller_server]: Passing new path to controller.
[component_container_isolated-1] [INFO] [1790230894.502788344] [robot1.controller_server]: Passing new path to controller.
[component_container_isolated-1] [ERROR] [1790230895.152443035] [robot1.bt_navigator_navigate_to_pose_rclcpp_node]: Failed to get result for follow_path in node halt!
[component_container_isolated-1] [INFO] [1790230895.152502473] [robot1.bt_navigator]: [navigate_to_pose] [ActionServer] Client requested to cancel the goal. Cancelling.
[component_container_isolated-1] [INFO] [1790230895.152567803] [robot1.bt_navigator]: Goal canceled
[component_container_isolated-1] [INFO] [1790230895.152778636] [robot1.controller_server]: Goal was canceled. Stopping the robot.
[component_container_isolated-1] [INFO] [1790230895.152800962] [robot1.controller_server]: [follow_path] [ActionServer] Client requested to cancel the goal. Cancelling.
[component_container_isolated-1] [INFO] [1790230910.127139654] [robot1.bt_navigator]: Begin navigating from current location (-1.41, 1.16) to (-1.73, 1.02)
[component_container_isolated-1] [INFO] [1790230910.147549884] [robot1.controller_server]: Received a goal, begin computing control effort.
[component_container_isolated-1] [ERROR] [1790230910.150024227] [tf_help]: Transform data too old when converting from map to odom
[component_container_isolated-1] [ERROR] [1790230910.150047721] [tf_help]: Data time: 1790230910s 127448264ns, Transform time: 1790230907s 847223747ns
[component_container_isolated-1] [ERROR] [1790230910.199049066] [tf_help]: Transform data too old when converting from map to odom
[component_container_isolated-1] [ERROR] [1790230910.199086628] [tf_help]: Data time: 1790230910s 127448264ns, Transform time: 1790230907s 847223747ns
[component_container_isolated-1] [ERROR] [1790230910.249106117] [tf_help]: Transform data too old when converting from map to odom
[component_container_isolated-1] [ERROR] [1790230910.249133734] [tf_help]: Data time: 1790230910s 127448264ns, Transform time: 1790230907s 847223747ns
[component_container_isolated-1] [ERROR] [1790230910.299161437] [tf_help]: Transform data too old when converting from map to odom
[component_container_isolated-1] [ERROR] [1790230910.299188006] [tf_help]: Data time: 1790230910s 127448264ns, Transform time: 1790230907s 847223747ns
[component_container_isolated-1] [ERROR] [1790230910.349049770] [tf_help]: Transform data too old when converting from map to odom
[component_container_isolated-1] [ERROR] [1790230910.349073990] [tf_help]: Data time: 1790230910s 127448264ns, Transform time: 1790230907s 847223747ns
[component_container_isolated-1] [ERROR] [1790230910.399023207] [tf_help]: Transform data too old when converting from map to odom
[component_container_isolated-1] [ERROR] [1790230910.399047108] [tf_help]: Data time: 1790230910s 127448264ns, Transform time: 1790230907s 847223747ns
[component_container_isolated-1] [ERROR] [1790230910.448981818] [tf_help]: Transform data too old when converting from map to odom
[component_container_isolated-1] [ERROR] [1790230910.449006838] [tf_help]: Data time: 1790230910s 127448264ns, Transform time: 1790230907s 847223747ns
[component_container_isolated-1] [ERROR] [1790230910.498986423] [tf_help]: Transform data too old when converting from map to odom
[component_container_isolated-1] [ERROR] [1790230910.499011802] [tf_help]: Data time: 1790230910s 127448264ns, Transform time: 1790230907s 847223747ns
[component_container_isolated-1] [ERROR] [1790230910.549009277] [tf_help]: Transform data too old when converting from map to odom
[component_container_isolated-1] [ERROR] [1790230910.549032961] [tf_help]: Data time: 1790230910s 127448264ns, Transform time: 1790230907s 847223747ns
[component_container_isolated-1] [ERROR] [1790230910.598978300] [tf_help]: Transform data too old when converting from map to odom
[component_container_isolated-1] [ERROR] [1790230910.599002607] [tf_help]: Data time: 1790230910s 127448264ns, Transform time: 1790230907s 847223747ns
[component_container_isolated-1] [ERROR] [1790230910.649003449] [tf_help]: Transform data too old when converting from map to odom
[component_container_isolated-1] [ERROR] [1790230910.649026647] [tf_help]: Data time: 1790230910s 127448264ns, Transform time: 1790230907s 847223747ns
[component_container_isolated-1] [ERROR] [1790230910.699013577] [tf_help]: Transform data too old when converting from map to odom
[component_container_isolated-1] [ERROR] [1790230910.699038560] [tf_help]: Data time: 1790230910s 127448264ns, Transform time: 1790230907s 847223747ns
[component_container_isolated-1] [ERROR] [1790230910.748923610] [tf_help]: Transform data too old when converting from map to odom
[component_container_isolated-1] [ERROR] [1790230910.748948456] [tf_help]: Data time: 1790230910s 127448264ns, Transform time: 1790230907s 847223747ns
[component_container_isolated-1] [ERROR] [1790230910.798997291] [tf_help]: Transform data too old when converting from map to odom
[component_container_isolated-1] [ERROR] [1790230910.799022399] [tf_help]: Data time: 1790230910s 127448264ns, Transform time: 1790230907s 847223747ns
[component_container_isolated-1] [ERROR] [1790230910.848945618] [tf_help]: Transform data too old when converting from map to odom
[component_container_isolated-1] [ERROR] [1790230910.848971597] [tf_help]: Data time: 1790230910s 127448264ns, Transform time: 1790230907s 847223747ns
[component_container_isolated-1] [ERROR] [1790230910.899020289] [tf_help]: Transform data too old when converting from map to odom
[component_container_isolated-1] [ERROR] [1790230910.899044447] [tf_help]: Data time: 1790230910s 127448264ns, Transform time: 1790230907s 847223747ns
[component_container_isolated-1] [ERROR] [1790230910.948990465] [tf_help]: Transform data too old when converting from map to odom
[component_container_isolated-1] [ERROR] [1790230910.949014805] [tf_help]: Data time: 1790230910s 127448264ns, Transform time: 1790230907s 847223747ns
[component_container_isolated-1] [ERROR] [1790230910.998987615] [tf_help]: Transform data too old when converting from map to odom
[component_container_isolated-1] [ERROR] [1790230910.999011274] [tf_help]: Data time: 1790230910s 127448264ns, Transform time: 1790230907s 847223747ns
[component_container_isolated-1] [ERROR] [1790230911.049122650] [tf_help]: Transform data too old when converting from map to odom
[component_container_isolated-1] [ERROR] [1790230911.049147648] [tf_help]: Data time: 1790230910s 127448264ns, Transform time: 1790230907s 847223747ns
[component_container_isolated-1] [ERROR] [1790230911.098978573] [tf_help]: Transform data too old when converting from map to odom
[component_container_isolated-1] [ERROR] [1790230911.099005295] [tf_help]: Data time: 1790230910s 127448264ns, Transform time: 1790230907s 847223747ns
[component_container_isolated-1] [ERROR] [1790230911.148994522] [tf_help]: Transform data too old when converting from map to odom
[component_container_isolated-1] [ERROR] [1790230911.149020519] [tf_help]: Data time: 1790230910s 127448264ns, Transform time: 1790230907s 847223747ns
[component_container_isolated-1] [INFO] [1790230911.197778593] [robot1.controller_server]: Passing new path to controller.
[component_container_isolated-1] [ERROR] [1790230911.199080586] [tf_help]: Transform data too old when converting from map to odom
[component_container_isolated-1] [ERROR] [1790230911.199099076] [tf_help]: Data time: 1790230911s 157553296ns, Transform time: 1790230907s 847223747ns
[component_container_isolated-1] [ERROR] [1790230911.248960776] [tf_help]: Transform data too old when converting from map to odom
[component_container_isolated-1] [ERROR] [1790230911.249007847] [tf_help]: Data time: 1790230911s 157553296ns, Transform time: 1790230907s 847223747ns
[component_container_isolated-1] [ERROR] [1790230911.299010955] [tf_help]: Transform data too old when converting from map to odom
[component_container_isolated-1] [ERROR] [1790230911.299034805] [tf_help]: Data time: 1790230911s 157553296ns, Transform time: 1790230907s 847223747ns
[component_container_isolated-1] [ERROR] [1790230911.348948658] [tf_help]: Transform data too old when converting from map to odom
[component_container_isolated-1] [ERROR] [1790230911.348994765] [tf_help]: Data time: 1790230911s 157553296ns, Transform time: 1790230907s 847223747ns
[component_container_isolated-1] [ERROR] [1790230911.399079056] [tf_help]: Transform data too old when converting from map to odom
[component_container_isolated-1] [ERROR] [1790230911.399105783] [tf_help]: Data time: 1790230911s 157553296ns, Transform time: 1790230907s 847223747ns
[component_container_isolated-1] [ERROR] [1790230911.448969640] [tf_help]: Transform data too old when converting from map to odom
[component_container_isolated-1] [ERROR] [1790230911.448993963] [tf_help]: Data time: 1790230911s 157553296ns, Transform time: 1790230907s 847223747ns
[component_container_isolated-1] [ERROR] [1790230911.498988062] [tf_help]: Transform data too old when converting from map to odom
[component_container_isolated-1] [ERROR] [1790230911.499014353] [tf_help]: Data time: 1790230911s 157553296ns, Transform time: 1790230907s 847223747ns
[component_container_isolated-1] [ERROR] [1790230911.548989826] [tf_help]: Transform data too old when converting from map to odom
[component_container_isolated-1] [ERROR] [1790230911.549016165] [tf_help]: Data time: 1790230911s 157553296ns, Transform time: 1790230907s 847223747ns
[component_container_isolated-1] [ERROR] [1790230911.598983886] [tf_help]: Transform data too old when converting from map to odom
[component_container_isolated-1] [ERROR] [1790230911.599033214] [tf_help]: Data time: 1790230911s 157553296ns, Transform time: 1790230907s 847223747ns
[component_container_isolated-1] [ERROR] [1790230911.649083522] [tf_help]: Transform data too old when converting from map to odom
[component_container_isolated-1] [ERROR] [1790230911.649132128] [tf_help]: Data time: 1790230911s 157553296ns, Transform time: 1790230907s 847223747ns
[component_container_isolated-1] [ERROR] [1790230911.699057683] [tf_help]: Transform data too old when converting from map to odom
[component_container_isolated-1] [ERROR] [1790230911.699093613] [tf_help]: Data time: 1790230911s 157553296ns, Transform time: 1790230907s 847223747ns
[component_container_isolated-1] [ERROR] [1790230911.749073210] [tf_help]: Transform data too old when converting from map to odom
[component_container_isolated-1] [ERROR] [1790230911.749099198] [tf_help]: Data time: 1790230911s 157553296ns, Transform time: 1790230907s 847223747ns
[component_container_isolated-1] [ERROR] [1790230911.799081733] [tf_help]: Transform data too old when converting from map to odom
[component_container_isolated-1] [ERROR] [1790230911.799107783] [tf_help]: Data time: 1790230911s 157553296ns, Transform time: 1790230907s 847223747ns
[component_container_isolated-1] [ERROR] [1790230911.849502133] [tf_help]: Transform data too old when converting from map to odom
[component_container_isolated-1] [ERROR] [1790230911.849528037] [tf_help]: Data time: 1790230911s 157553296ns, Transform time: 1790230907s 847223747ns
[component_container_isolated-1] [ERROR] [1790230911.899084720] [tf_help]: Transform data too old when converting from map to odom
[component_container_isolated-1] [ERROR] [1790230911.899109709] [tf_help]: Data time: 1790230911s 157553296ns, Transform time: 1790230907s 847223747ns
[component_container_isolated-1] [ERROR] [1790230911.949170163] [tf_help]: Transform data too old when converting from map to odom
[component_container_isolated-1] [ERROR] [1790230911.949196518] [tf_help]: Data time: 1790230911s 157553296ns, Transform time: 1790230907s 847223747ns
[component_container_isolated-1] [ERROR] [1790230911.998976398] [tf_help]: Transform data too old when converting from map to odom
[component_container_isolated-1] [ERROR] [1790230911.999000754] [tf_help]: Data time: 1790230911s 157553296ns, Transform time: 1790230907s 847223747ns
[component_container_isolated-1] [ERROR] [1790230912.048987254] [tf_help]: Transform data too old when converting from map to odom
[component_container_isolated-1] [ERROR] [1790230912.049016905] [tf_help]: Data time: 1790230911s 157553296ns, Transform time: 1790230907s 847223747ns
[component_container_isolated-1] [ERROR] [1790230912.098938049] [tf_help]: Transform data too old when converting from map to odom
[component_container_isolated-1] [ERROR] [1790230912.098965640] [tf_help]: Data time: 1790230911s 157553296ns, Transform time: 1790230907s 847223747ns
[component_container_isolated-1] [ERROR] [1790230912.148968038] [tf_help]: Transform data too old when converting from map to odom
[component_container_isolated-1] [ERROR] [1790230912.148991831] [tf_help]: Data time: 1790230911s 157553296ns, Transform time: 1790230907s 847223747ns
[component_container_isolated-1] [ERROR] [1790230912.198958307] [tf_help]: Transform data too old when converting from map to odom
[component_container_isolated-1] [ERROR] [1790230912.198981919] [tf_help]: Data time: 1790230911s 157553296ns, Transform time: 1790230907s 847223747ns
[component_container_isolated-1] [INFO] [1790230912.247771506] [robot1.controller_server]: Passing new path to controller.
[component_container_isolated-1] [ERROR] [1790230912.249096958] [tf_help]: Transform data too old when converting from map to odom
[component_container_isolated-1] [ERROR] [1790230912.249108929] [tf_help]: Data time: 1790230912s 187543058ns, Transform time: 1790230907s 847223747ns
[component_container_isolated-1] [ERROR] [1790230912.298966016] [tf_help]: Transform data too old when converting from map to odom
[component_container_isolated-1] [ERROR] [1790230912.298990258] [tf_help]: Data time: 1790230912s 187543058ns, Transform time: 1790230907s 847223747ns
[component_container_isolated-1] [ERROR] [1790230912.349574771] [tf_help]: Transform data too old when converting from map to odom
[component_container_isolated-1] [ERROR] [1790230912.349609023] [tf_help]: Data time: 1790230912s 187543058ns, Transform time: 1790230907s 847223747ns
[component_container_isolated-1] [ERROR] [1790230912.398994993] [tf_help]: Transform data too old when converting from map to odom
[component_container_isolated-1] [ERROR] [1790230912.399019940] [tf_help]: Data time: 1790230912s 187543058ns, Transform time: 1790230907s 847223747ns
[component_container_isolated-1] [ERROR] [1790230912.448908872] [tf_help]: Transform data too old when converting from map to odom
[component_container_isolated-1] [ERROR] [1790230912.448934417] [tf_help]: Data time: 1790230912s 187543058ns, Transform time: 1790230907s 847223747ns
[component_container_isolated-1] [ERROR] [1790230912.499125185] [tf_help]: Transform data too old when converting from map to odom
[component_container_isolated-1] [ERROR] [1790230912.499150307] [tf_help]: Data time: 1790230912s 187543058ns, Transform time: 1790230907s 847223747ns
[component_container_isolated-1] [ERROR] [1790230912.548967696] [tf_help]: Transform data too old when converting from map to odom
[component_container_isolated-1] [ERROR] [1790230912.548993374] [tf_help]: Data time: 1790230912s 187543058ns, Transform time: 1790230907s 847223747ns
[component_container_isolated-1] [ERROR] [1790230912.599140110] [tf_help]: Transform data too old when converting from map to odom
[component_container_isolated-1] [ERROR] [1790230912.599162804] [tf_help]: Data time: 1790230912s 187543058ns, Transform time: 1790230907s 847223747ns
[component_container_isolated-1] [ERROR] [1790230912.649011976] [tf_help]: Transform data too old when converting from map to odom
[component_container_isolated-1] [ERROR] [1790230912.649038038] [tf_help]: Data time: 1790230912s 187543058ns, Transform time: 1790230907s 847223747ns
[component_container_isolated-1] [ERROR] [1790230912.699012376] [tf_help]: Transform data too old when converting from map to odom
[component_container_isolated-1] [ERROR] [1790230912.699035856] [tf_help]: Data time: 1790230912s 187543058ns, Transform time: 1790230907s 847223747ns
[component_container_isolated-1] [ERROR] [1790230912.749005743] [tf_help]: Transform data too old when converting from map to odom
[component_container_isolated-1] [ERROR] [1790230912.749031778] [tf_help]: Data time: 1790230912s 187543058ns, Transform time: 1790230907s 847223747ns
[component_container_isolated-1] [ERROR] [1790230912.799073171] [tf_help]: Transform data too old when converting from map to odom
[component_container_isolated-1] [ERROR] [1790230912.799107499] [tf_help]: Data time: 1790230912s 187543058ns, Transform time: 1790230907s 847223747ns
[component_container_isolated-1] [ERROR] [1790230912.848983095] [tf_help]: Transform data too old when converting from map to odom
[component_container_isolated-1] [ERROR] [1790230912.849007829] [tf_help]: Data time: 1790230912s 187543058ns, Transform time: 1790230907s 847223747ns
[component_container_isolated-1] [ERROR] [1790230912.899008491] [tf_help]: Transform data too old when converting from map to odom
[component_container_isolated-1] [ERROR] [1790230912.899032658] [tf_help]: Data time: 1790230912s 187543058ns, Transform time: 1790230907s 847223747ns
[component_container_isolated-1] [ERROR] [1790230912.948999952] [tf_help]: Transform data too old when converting from map to odom
[component_container_isolated-1] [ERROR] [1790230912.949026637] [tf_help]: Data time: 1790230912s 187543058ns, Transform time: 1790230907s 847223747ns
[component_container_isolated-1] [ERROR] [1790230912.999015820] [tf_help]: Transform data too old when converting from map to odom
[component_container_isolated-1] [ERROR] [1790230912.999039975] [tf_help]: Data time: 1790230912s 187543058ns, Transform time: 1790230907s 847223747ns
[component_container_isolated-1] [ERROR] [1790230913.048976500] [tf_help]: Transform data too old when converting from map to odom
[component_container_isolated-1] [ERROR] [1790230913.049001923] [tf_help]: Data time: 1790230912s 187543058ns, Transform time: 1790230907s 847223747ns
[component_container_isolated-1] [ERROR] [1790230913.099000186] [tf_help]: Transform data too old when converting from map to odom
[component_container_isolated-1] [ERROR] [1790230913.099027121] [tf_help]: Data time: 1790230912s 187543058ns, Transform time: 1790230907s 847223747ns
[component_container_isolated-1] [ERROR] [1790230913.149006826] [tf_help]: Transform data too old when converting from map to odom
[component_container_isolated-1] [ERROR] [1790230913.149031252] [tf_help]: Data time: 1790230912s 187543058ns, Transform time: 1790230907s 847223747ns
[component_container_isolated-1] [ERROR] [1790230913.198997685] [tf_help]: Transform data too old when converting from map to odom
[component_container_isolated-1] [ERROR] [1790230913.199021853] [tf_help]: Data time: 1790230912s 187543058ns, Transform time: 1790230907s 847223747ns
[component_container_isolated-1] [INFO] [1790230913.247754894] [robot1.controller_server]: Passing new path to controller.
[component_container_isolated-1] [ERROR] [1790230913.249026096] [tf_help]: Transform data too old when converting from map to odom
[component_container_isolated-1] [ERROR] [1790230913.249039531] [tf_help]: Data time: 1790230913s 217747176ns, Transform time: 1790230907s 847223747ns
[component_container_isolated-1] [ERROR] [1790230913.298984304] [tf_help]: Transform data too old when converting from map to odom
[component_container_isolated-1] [ERROR] [1790230913.299031402] [tf_help]: Data time: 1790230913s 217747176ns, Transform time: 1790230907s 847223747ns
[component_container_isolated-1] [ERROR] [1790230913.348964039] [tf_help]: Transform data too old when converting from map to odom
[component_container_isolated-1] [ERROR] [1790230913.349012384] [tf_help]: Data time: 1790230913s 217747176ns, Transform time: 1790230907s 847223747ns
[component_container_isolated-1] [ERROR] [1790230913.397828634] [tf_help]: Transform data too old when converting from odom to map
[component_container_isolated-1] [ERROR] [1790230913.397856062] [tf_help]: Data time: 1790230909s 684017931ns, Transform time: 1790230907s 847223747ns
[component_container_isolated-1] [WARN] [1790230913.397885783] [robot1.controller_server]: Unable to transform robot pose into global plan's frame
[component_container_isolated-1] [ERROR] [1790230913.397937094] [tf_help]: Transform data too old when converting from map to odom
[component_container_isolated-1] [ERROR] [1790230913.397939566] [tf_help]: Data time: 1790230913s 217747176ns, Transform time: 1790230907s 847223747ns
[component_container_isolated-1] [ERROR] [1790230913.447791848] [tf_help]: Transform data too old when converting from odom to map
[component_container_isolated-1] [ERROR] [1790230913.447816253] [tf_help]: Data time: 1790230909s 684017931ns, Transform time: 1790230907s 847223747ns
[component_container_isolated-1] [WARN] [1790230913.447832846] [robot1.controller_server]: Unable to transform robot pose into global plan's frame
[component_container_isolated-1] [ERROR] [1790230913.447880327] [tf_help]: Transform data too old when converting from map to odom
[component_container_isolated-1] [ERROR] [1790230913.447882842] [tf_help]: Data time: 1790230913s 217747176ns, Transform time: 1790230907s 847223747ns
[component_container_isolated-1] [ERROR] [1790230913.497794336] [tf_help]: Transform data too old when converting from odom to map
[component_container_isolated-1] [ERROR] [1790230913.497817753] [tf_help]: Data time: 1790230909s 940173403ns, Transform time: 1790230907s 847223747ns
[component_container_isolated-1] [WARN] [1790230913.497834053] [robot1.controller_server]: Unable to transform robot pose into global plan's frame
[component_container_isolated-1] [ERROR] [1790230913.497883196] [tf_help]: Transform data too old when converting from map to odom
[component_container_isolated-1] [ERROR] [1790230913.497892294] [tf_help]: Data time: 1790230913s 217747176ns, Transform time: 1790230907s 847223747ns
[component_container_isolated-1] [ERROR] [1790230913.547833689] [tf_help]: Transform data too old when converting from odom to map
[component_container_isolated-1] [ERROR] [1790230913.547857819] [tf_help]: Data time: 1790230910s 132169718ns, Transform time: 1790230907s 847223747ns
[component_container_isolated-1] [WARN] [1790230913.547875351] [robot1.controller_server]: Unable to transform robot pose into global plan's frame
[component_container_isolated-1] [ERROR] [1790230913.547926143] [tf_help]: Transform data too old when converting from map to odom
[component_container_isolated-1] [ERROR] [1790230913.547928975] [tf_help]: Data time: 1790230913s 217747176ns, Transform time: 1790230907s 847223747ns
[component_container_isolated-1] [ERROR] [1790230913.597802820] [tf_help]: Transform data too old when converting from odom to map
[component_container_isolated-1] [ERROR] [1790230913.597831853] [tf_help]: Data time: 1790230910s 132169718ns, Transform time: 1790230907s 847223747ns
[component_container_isolated-1] [WARN] [1790230913.597852521] [robot1.controller_server]: Unable to transform robot pose into global plan's frame
[component_container_isolated-1] [ERROR] [1790230913.597915927] [tf_help]: Transform data too old when converting from map to odom
[component_container_isolated-1] [ERROR] [1790230913.597919433] [tf_help]: Data time: 1790230913s 217747176ns, Transform time: 1790230907s 847223747ns
[component_container_isolated-1] [ERROR] [1790230913.647816898] [tf_help]: Transform data too old when converting from odom to map
[component_container_isolated-1] [ERROR] [1790230913.647841135] [tf_help]: Data time: 1790230910s 132169718ns, Transform time: 1790230907s 847223747ns
[component_container_isolated-1] [WARN] [1790230913.647857387] [robot1.controller_server]: Unable to transform robot pose into global plan's frame
[component_container_isolated-1] [ERROR] [1790230913.647898649] [tf_help]: Transform data too old when converting from map to odom
[component_container_isolated-1] [ERROR] [1790230913.647909729] [tf_help]: Data time: 1790230913s 217747176ns, Transform time: 1790230907s 847223747ns
[component_container_isolated-1] [ERROR] [1790230913.697816946] [tf_help]: Transform data too old when converting from odom to map
[component_container_isolated-1] [ERROR] [1790230913.697839877] [tf_help]: Data time: 1790230910s 132169718ns, Transform time: 1790230907s 847223747ns
[component_container_isolated-1] [WARN] [1790230913.697855749] [robot1.controller_server]: Unable to transform robot pose into global plan's frame
[component_container_isolated-1] [ERROR] [1790230913.697874583] [robot1.controller_server]: Controller patience exceeded
[component_container_isolated-1] [WARN] [1790230913.697885749] [robot1.controller_server]: [follow_path] [ActionServer] Aborting handle.
[component_container_isolated-1] [INFO] [1790230913.717422765] [robot1.local_costmap.local_costmap]: Received request to clear entirely the local_costmap
[component_container_isolated-1] [INFO] [1790230913.717688557] [robot1.controller_server]: Received a goal, begin computing control effort.
[component_container_isolated-1] [ERROR] [1790230913.877924506] [tf_help]: Transform data too old when converting from odom to map
[component_container_isolated-1] [ERROR] [1790230913.877967035] [tf_help]: Data time: 1790230910s 132169718ns, Transform time: 1790230907s 847223747ns
[component_container_isolated-1] [WARN] [1790230913.877993395] [robot1.controller_server]: Unable to transform robot pose into global plan's frame
[component_container_isolated-1] [ERROR] [1790230913.878092114] [tf_help]: Transform data too old when converting from map to odom
[component_container_isolated-1] [ERROR] [1790230913.878100389] [tf_help]: Data time: 1790230913s 217747176ns, Transform time: 1790230907s 847223747ns
[component_container_isolated-1] [WARN] [1790230913.878106263] [robot1.controller_server]: Control loop missed its desired rate of 20.0000Hz
[component_container_isolated-1] [ERROR] [1790230913.878147955] [tf_help]: Transform data too old when converting from odom to map
[component_container_isolated-1] [ERROR] [1790230913.878153945] [tf_help]: Data time: 1790230910s 132169718ns, Transform time: 1790230907s 847223747ns
[component_container_isolated-1] [WARN] [1790230913.878168734] [robot1.controller_server]: Unable to transform robot pose into global plan's frame
[component_container_isolated-1] [ERROR] [1790230913.878225247] [tf_help]: Transform data too old when converting from map to odom
[component_container_isolated-1] [ERROR] [1790230913.878231600] [tf_help]: Data time: 1790230913s 217747176ns, Transform time: 1790230907s 847223747ns
[component_container_isolated-1] [ERROR] [1790230913.928352295] [tf_help]: Transform data too old when converting from odom to map
[component_container_isolated-1] [ERROR] [1790230913.928390607] [tf_help]: Data time: 1790230910s 132169718ns, Transform time: 1790230907s 847223747ns
[component_container_isolated-1] [WARN] [1790230913.928413259] [robot1.controller_server]: Unable to transform robot pose into global plan's frame
[component_container_isolated-1] [ERROR] [1790230913.928505978] [tf_help]: Transform data too old when converting from map to odom
[component_container_isolated-1] [ERROR] [1790230913.928524316] [tf_help]: Data time: 1790230913s 217747176ns, Transform time: 1790230907s 847223747ns
[component_container_isolated-1] [ERROR] [1790230913.978651024] [tf_help]: Transform data too old when converting from odom to map
[component_container_isolated-1] [ERROR] [1790230913.978686084] [tf_help]: Data time: 1790230910s 132169718ns, Transform time: 1790230907s 847223747ns
[component_container_isolated-1] [WARN] [1790230913.978709889] [robot1.controller_server]: Unable to transform robot pose into global plan's frame
[component_container_isolated-1] [ERROR] [1790230913.978800829] [tf_help]: Transform data too old when converting from map to odom
[component_container_isolated-1] [ERROR] [1790230913.978808174] [tf_help]: Data time: 1790230913s 217747176ns, Transform time: 1790230907s 847223747ns
[component_container_isolated-1] [ERROR] [1790230914.028958080] [tf_help]: Transform data too old when converting from odom to map
[component_container_isolated-1] [ERROR] [1790230914.028993233] [tf_help]: Data time: 1790230910s 132169718ns, Transform time: 1790230907s 847223747ns
[component_container_isolated-1] [WARN] [1790230914.029015672] [robot1.controller_server]: Unable to transform robot pose into global plan's frame
[component_container_isolated-1] [ERROR] [1790230914.029088658] [robot1.controller_server]: Controller patience exceeded
[component_container_isolated-1] [WARN] [1790230914.029123646] [robot1.controller_server]: [follow_path] [ActionServer] Aborting handle.
[component_container_isolated-1] [INFO] [1790230914.047365995] [robot1.local_costmap.local_costmap]: Received request to clear entirely the local_costmap
[component_container_isolated-1] [INFO] [1790230914.047503396] [robot1.global_costmap.global_costmap]: Received request to clear entirely the global_costmap
[component_container_isolated-1] [WARN] [1790230914.228492648] [robot1.planner_server]: Planner loop missed its desired rate of 20.0000 Hz. Current loop rate is 5.5362 Hz
[component_container_isolated-1] [INFO] [1790230914.247613928] [robot1.controller_server]: Received a goal, begin computing control effort.
[component_container_isolated-1] [ERROR] [1790230914.247729726] [tf_help]: Transform data too old when converting from odom to map
[component_container_isolated-1] [ERROR] [1790230914.247756798] [tf_help]: Data time: 1790230910s 132169718ns, Transform time: 1790230907s 847223747ns
[component_container_isolated-1] [WARN] [1790230914.247780353] [robot1.controller_server]: Unable to transform robot pose into global plan's frame
[component_container_isolated-1] [ERROR] [1790230914.247864590] [tf_help]: Transform data too old when converting from map to odom
[component_container_isolated-1] [ERROR] [1790230914.247872221] [tf_help]: Data time: 1790230914s 228103286ns, Transform time: 1790230907s 847223747ns
[component_container_isolated-1] [ERROR] [1790230914.297914529] [tf_help]: Transform data too old when converting from odom to map
[component_container_isolated-1] [ERROR] [1790230914.297946137] [tf_help]: Data time: 1790230910s 132169718ns, Transform time: 1790230907s 847223747ns
[component_container_isolated-1] [WARN] [1790230914.297969827] [robot1.controller_server]: Unable to transform robot pose into global plan's frame
[component_container_isolated-1] [ERROR] [1790230914.298061313] [tf_help]: Transform data too old when converting from map to odom
[component_container_isolated-1] [ERROR] [1790230914.298068643] [tf_help]: Data time: 1790230914s 228103286ns, Transform time: 1790230907s 847223747ns
[component_container_isolated-1] [ERROR] [1790230914.347907767] [tf_help]: Transform data too old when converting from odom to map
[component_container_isolated-1] [ERROR] [1790230914.347939149] [tf_help]: Data time: 1790230910s 132169718ns, Transform time: 1790230907s 847223747ns
[component_container_isolated-1] [WARN] [1790230914.347961983] [robot1.controller_server]: Unable to transform robot pose into global plan's frame
[component_container_isolated-1] [ERROR] [1790230914.348050996] [tf_help]: Transform data too old when converting from map to odom
[component_container_isolated-1] [ERROR] [1790230914.348058221] [tf_help]: Data time: 1790230914s 228103286ns, Transform time: 1790230907s 847223747ns
[component_container_isolated-1] [ERROR] [1790230914.397913993] [tf_help]: Transform data too old when converting from odom to map
[component_container_isolated-1] [ERROR] [1790230914.397949750] [tf_help]: Data time: 1790230910s 132169718ns, Transform time: 1790230907s 847223747ns
[component_container_isolated-1] [WARN] [1790230914.397974292] [robot1.controller_server]: Unable to transform robot pose into global plan's frame
[component_container_isolated-1] [ERROR] [1790230914.398068149] [tf_help]: Transform data too old when converting from map to odom
[component_container_isolated-1] [ERROR] [1790230914.398075306] [tf_help]: Data time: 1790230914s 228103286ns, Transform time: 1790230907s 847223747ns
[component_container_isolated-1] [ERROR] [1790230914.447924670] [tf_help]: Transform data too old when converting from odom to map
[component_container_isolated-1] [ERROR] [1790230914.447958624] [tf_help]: Data time: 1790230910s 132169718ns, Transform time: 1790230907s 847223747ns
[component_container_isolated-1] [WARN] [1790230914.447993840] [robot1.controller_server]: Unable to transform robot pose into global plan's frame
[component_container_isolated-1] [ERROR] [1790230914.448086885] [tf_help]: Transform data too old when converting from map to odom
[component_container_isolated-1] [ERROR] [1790230914.448094320] [tf_help]: Data time: 1790230914s 228103286ns, Transform time: 1790230907s 847223747ns
[component_container_isolated-1] [ERROR] [1790230914.497912233] [tf_help]: Transform data too old when converting from odom to map
[component_container_isolated-1] [ERROR] [1790230914.497946552] [tf_help]: Data time: 1790230910s 132169718ns, Transform time: 1790230907s 847223747ns
[component_container_isolated-1] [WARN] [1790230914.497969309] [robot1.controller_server]: Unable to transform robot pose into global plan's frame
[component_container_isolated-1] [ERROR] [1790230914.498058712] [tf_help]: Transform data too old when converting from map to odom
[component_container_isolated-1] [ERROR] [1790230914.498065657] [tf_help]: Data time: 1790230914s 228103286ns, Transform time: 1790230907s 847223747ns
[component_container_isolated-1] [ERROR] [1790230914.547919392] [tf_help]: Transform data too old when converting from odom to map
[component_container_isolated-1] [ERROR] [1790230914.547952399] [tf_help]: Data time: 1790230910s 132169718ns, Transform time: 1790230907s 847223747ns
[component_container_isolated-1] [WARN] [1790230914.547974936] [robot1.controller_server]: Unable to transform robot pose into global plan's frame
[component_container_isolated-1] [ERROR] [1790230914.547998606] [robot1.controller_server]: Controller patience exceeded
[component_container_isolated-1] [WARN] [1790230914.548030396] [robot1.controller_server]: [follow_path] [ActionServer] Aborting handle.
[component_container_isolated-1] [INFO] [1790230914.567511574] [robot1.local_costmap.local_costmap]: Received request to clear entirely the local_costmap
[component_container_isolated-1] [INFO] [1790230914.567818803] [robot1.controller_server]: Received a goal, begin computing control effort.
[component_container_isolated-1] [ERROR] [1790230914.678026172] [tf_help]: Transform data too old when converting from odom to map
[component_container_isolated-1] [ERROR] [1790230914.678078909] [tf_help]: Data time: 1790230910s 132169718ns, Transform time: 1790230907s 847223747ns
[component_container_isolated-1] [WARN] [1790230914.678102402] [robot1.controller_server]: Unable to transform robot pose into global plan's frame
[component_container_isolated-1] [ERROR] [1790230914.678191441] [tf_help]: Transform data too old when converting from map to odom
[component_container_isolated-1] [ERROR] [1790230914.678198786] [tf_help]: Data time: 1790230914s 228103286ns, Transform time: 1790230907s 847223747ns
[component_container_isolated-1] [WARN] [1790230914.678204382] [robot1.controller_server]: Control loop missed its desired rate of 20.0000Hz
[component_container_isolated-1] [ERROR] [1790230914.678244093] [tf_help]: Transform data too old when converting from odom to map
[component_container_isolated-1] [ERROR] [1790230914.678249813] [tf_help]: Data time: 1790230910s 132169718ns, Transform time: 1790230907s 847223747ns
[component_container_isolated-1] [WARN] [1790230914.678263300] [robot1.controller_server]: Unable to transform robot pose into global plan's frame
[component_container_isolated-1] [ERROR] [1790230914.678317855] [tf_help]: Transform data too old when converting from map to odom
[component_container_isolated-1] [ERROR] [1790230914.678324073] [tf_help]: Data time: 1790230914s 228103286ns, Transform time: 1790230907s 847223747ns
[component_container_isolated-1] [ERROR] [1790230914.728560465] [tf_help]: Transform data too old when converting from odom to map
[component_container_isolated-1] [ERROR] [1790230914.728595873] [tf_help]: Data time: 1790230910s 132169718ns, Transform time: 1790230907s 847223747ns
[component_container_isolated-1] [WARN] [1790230914.728619271] [robot1.controller_server]: Unable to transform robot pose into global plan's frame
[component_container_isolated-1] [ERROR] [1790230914.728710830] [tf_help]: Transform data too old when converting from map to odom
[component_container_isolated-1] [ERROR] [1790230914.728717914] [tf_help]: Data time: 1790230914s 228103286ns, Transform time: 1790230907s 847223747ns
[component_container_isolated-1] [ERROR] [1790230914.778972245] [tf_help]: Transform data too old when converting from odom to map
[component_container_isolated-1] [ERROR] [1790230914.779008953] [tf_help]: Data time: 1790230910s 132169718ns, Transform time: 1790230907s 847223747ns
[component_container_isolated-1] [WARN] [1790230914.779032717] [robot1.controller_server]: Unable to transform robot pose into global plan's frame
[component_container_isolated-1] [ERROR] [1790230914.779126913] [tf_help]: Transform data too old when converting from map to odom
[component_container_isolated-1] [ERROR] [1790230914.779134753] [tf_help]: Data time: 1790230914s 228103286ns, Transform time: 1790230907s 847223747ns
[component_container_isolated-1] [ERROR] [1790230914.829272483] [tf_help]: Transform data too old when converting from odom to map
[component_container_isolated-1] [ERROR] [1790230914.829319525] [tf_help]: Data time: 1790230910s 132169718ns, Transform time: 1790230907s 847223747ns
[component_container_isolated-1] [WARN] [1790230914.829344063] [robot1.controller_server]: Unable to transform robot pose into global plan's frame
[component_container_isolated-1] [ERROR] [1790230914.829442612] [tf_help]: Transform data too old when converting from map to odom
[component_container_isolated-1] [ERROR] [1790230914.829452950] [tf_help]: Data time: 1790230914s 228103286ns, Transform time: 1790230907s 847223747ns
[component_container_isolated-1] [ERROR] [1790230914.879577420] [tf_help]: Transform data too old when converting from odom to map
[component_container_isolated-1] [ERROR] [1790230914.879609681] [tf_help]: Data time: 1790230910s 132169718ns, Transform time: 1790230907s 847223747ns
[component_container_isolated-1] [WARN] [1790230914.879631590] [robot1.controller_server]: Unable to transform robot pose into global plan's frame
[component_container_isolated-1] [ERROR] [1790230914.879656121] [robot1.controller_server]: Controller patience exceeded
[component_container_isolated-1] [WARN] [1790230914.879687209] [robot1.controller_server]: [follow_path] [ActionServer] Aborting handle.
[component_container_isolated-1] [INFO] [1790230914.897518132] [robot1.behavior_server]: Running spin
[component_container_isolated-1] [INFO] [1790230914.897587868] [robot1.behavior_server]: Turning 1.57 for spin behavior.
[component_container_isolated-1] [INFO] [1790230917.697848876] [robot1.behavior_server]: spin completed successfully
[component_container_isolated-1] [INFO] [1790230917.747581297] [robot1.controller_server]: Received a goal, begin computing control effort.
[component_container_isolated-1] [INFO] [1790230918.797714816] [robot1.controller_server]: Passing new path to controller.
[component_container_isolated-1] [INFO] [1790230919.847721965] [robot1.controller_server]: Passing new path to controller.
[component_container_isolated-1] [INFO] [1790230920.847699726] [robot1.controller_server]: Passing new path to controller.
[component_container_isolated-1] [ERROR] [1790230921.147444623] [robot1.bt_navigator_navigate_to_pose_rclcpp_node]: Failed to get result for follow_path in node halt!
[component_container_isolated-1] [INFO] [1790230921.147497784] [robot1.bt_navigator]: [navigate_to_pose] [ActionServer] Client requested to cancel the goal. Cancelling.
[component_container_isolated-1] [INFO] [1790230921.147583340] [robot1.bt_navigator]: Goal canceled
[component_container_isolated-1] [INFO] [1790230921.147698840] [robot1.controller_server]: Goal was canceled. Stopping the robot.
[component_container_isolated-1] [INFO] [1790230921.147715982] [robot1.controller_server]: [follow_path] [ActionServer] Client requested to cancel the goal. Cancelling.
[component_container_isolated-1] [INFO] [1790230921.473425444] [robot1.local_costmap.local_costmap]: StaticLayer: Resizing static layer to 208 X 331 at 0.050000 m/pix
[component_container_isolated-1] [INFO] [1790230922.217720840] [robot1.global_costmap.global_costmap]: StaticLayer: Resizing costmap to 208 X 331 at 0.050000 m/pix
[INFO] [launch]: All log files can be found below /home/danyalaziz/.ros/log/2026-09-24-13-11-12-797455-Precision-3660-91534
[INFO] [launch]: Default logging verbosity is set to INFO
[INFO] [component_container_isolated-1]: process started with pid [91550]
[component_container_isolated-1] [INFO] [1790237474.989067201] [robot1.nav2_container]: Load Library: /opt/ros/humble/lib/libcontroller_server_core.so
[component_container_isolated-1] [INFO] [1790237474.991957397] [robot1.nav2_container]: Found class: rclcpp_components::NodeFactoryTemplate<nav2_controller::ControllerServer>
[component_container_isolated-1] [INFO] [1790237474.991980249] [robot1.nav2_container]: Instantiate class: rclcpp_components::NodeFactoryTemplate<nav2_controller::ControllerServer>
[component_container_isolated-1] [INFO] [1790237475.010071268] [robot1.controller_server]: 
[component_container_isolated-1] 	controller_server lifecycle node launched. 
[component_container_isolated-1] 	Waiting on external lifecycle transitions to activate
[component_container_isolated-1] 	See https://design.ros2.org/articles/node_lifecycle.html for more information.
[component_container_isolated-1] [INFO] [1790237475.011812952] [robot1.controller_server]: Creating controller server
[component_container_isolated-1] [INFO] [1790237475.080030089] [robot1.local_costmap.local_costmap]: 
[component_container_isolated-1] 	local_costmap lifecycle node launched. 
[component_container_isolated-1] 	Waiting on external lifecycle transitions to activate
[component_container_isolated-1] 	See https://design.ros2.org/articles/node_lifecycle.html for more information.
[component_container_isolated-1] [INFO] [1790237475.080296006] [robot1.local_costmap.local_costmap]: Creating Costmap
[INFO] [launch_ros.actions.load_composable_nodes]: Loaded node '/robot1/controller_server' in container '/robot1/nav2_container'
[component_container_isolated-1] [INFO] [1790237475.081747109] [robot1.nav2_container]: Load Library: /opt/ros/humble/lib/libsmoother_server_core.so
[component_container_isolated-1] [INFO] [1790237475.082776034] [robot1.nav2_container]: Found class: rclcpp_components::NodeFactoryTemplate<nav2_smoother::SmootherServer>
[component_container_isolated-1] [INFO] [1790237475.082794642] [robot1.nav2_container]: Instantiate class: rclcpp_components::NodeFactoryTemplate<nav2_smoother::SmootherServer>
[component_container_isolated-1] [INFO] [1790237475.232558268] [robot1.smoother_server]: 
[component_container_isolated-1] 	smoother_server lifecycle node launched. 
[component_container_isolated-1] 	Waiting on external lifecycle transitions to activate
[component_container_isolated-1] 	See https://design.ros2.org/articles/node_lifecycle.html for more information.
[component_container_isolated-1] [INFO] [1790237475.233166893] [robot1.smoother_server]: Creating smoother server
[INFO] [launch_ros.actions.load_composable_nodes]: Loaded node '/robot1/smoother_server' in container '/robot1/nav2_container'
[component_container_isolated-1] [INFO] [1790237475.234381401] [robot1.nav2_container]: Load Library: /opt/ros/humble/lib/libplanner_server_core.so
[component_container_isolated-1] [INFO] [1790237475.234778584] [robot1.nav2_container]: Found class: rclcpp_components::NodeFactoryTemplate<nav2_planner::PlannerServer>
[component_container_isolated-1] [INFO] [1790237475.234787431] [robot1.nav2_container]: Instantiate class: rclcpp_components::NodeFactoryTemplate<nav2_planner::PlannerServer>
[component_container_isolated-1] [INFO] [1790237475.521965515] [robot1.planner_server]: 
[component_container_isolated-1] 	planner_server lifecycle node launched. 
[component_container_isolated-1] 	Waiting on external lifecycle transitions to activate
[component_container_isolated-1] 	See https://design.ros2.org/articles/node_lifecycle.html for more information.
[component_container_isolated-1] [INFO] [1790237475.522597784] [robot1.planner_server]: Creating
[component_container_isolated-1] [INFO] [1790237475.798334777] [robot1.global_costmap.global_costmap]: 
[component_container_isolated-1] 	global_costmap lifecycle node launched. 
[component_container_isolated-1] 	Waiting on external lifecycle transitions to activate
[component_container_isolated-1] 	See https://design.ros2.org/articles/node_lifecycle.html for more information.
[component_container_isolated-1] [INFO] [1790237475.798580633] [robot1.global_costmap.global_costmap]: Creating Costmap
[INFO] [launch_ros.actions.load_composable_nodes]: Loaded node '/robot1/planner_server' in container '/robot1/nav2_container'
[component_container_isolated-1] [INFO] [1790237475.800269855] [robot1.nav2_container]: Load Library: /opt/ros/humble/lib/libbehavior_server_core.so
[component_container_isolated-1] [INFO] [1790237475.801503799] [robot1.nav2_container]: Found class: rclcpp_components::NodeFactoryTemplate<behavior_server::BehaviorServer>
[component_container_isolated-1] [INFO] [1790237475.801516282] [robot1.nav2_container]: Instantiate class: rclcpp_components::NodeFactoryTemplate<behavior_server::BehaviorServer>
[component_container_isolated-1] [INFO] [1790237476.300613741] [robot1.behavior_server]: 
[component_container_isolated-1] 	behavior_server lifecycle node launched. 
[component_container_isolated-1] 	Waiting on external lifecycle transitions to activate
[component_container_isolated-1] 	See https://design.ros2.org/articles/node_lifecycle.html for more information.
[INFO] [launch_ros.actions.load_composable_nodes]: Loaded node '/robot1/behavior_server' in container '/robot1/nav2_container'
[component_container_isolated-1] [INFO] [1790237476.302712839] [robot1.nav2_container]: Load Library: /opt/ros/humble/lib/libbt_navigator_core.so
[component_container_isolated-1] [INFO] [1790237476.303571905] [robot1.nav2_container]: Found class: rclcpp_components::NodeFactoryTemplate<nav2_bt_navigator::BtNavigator>
[component_container_isolated-1] [INFO] [1790237476.303582148] [robot1.nav2_container]: Instantiate class: rclcpp_components::NodeFactoryTemplate<nav2_bt_navigator::BtNavigator>
[component_container_isolated-1] [INFO] [1790237476.523997642] [robot1.bt_navigator]: 
[component_container_isolated-1] 	bt_navigator lifecycle node launched. 
[component_container_isolated-1] 	Waiting on external lifecycle transitions to activate
[component_container_isolated-1] 	See https://design.ros2.org/articles/node_lifecycle.html for more information.
[component_container_isolated-1] [INFO] [1790237476.524033261] [robot1.bt_navigator]: Creating
[INFO] [launch_ros.actions.load_composable_nodes]: Loaded node '/robot1/bt_navigator' in container '/robot1/nav2_container'
[component_container_isolated-1] [INFO] [1790237476.525473568] [robot1.nav2_container]: Load Library: /opt/ros/humble/lib/libwaypoint_follower_core.so
[component_container_isolated-1] [INFO] [1790237476.525782760] [robot1.nav2_container]: Found class: rclcpp_components::NodeFactoryTemplate<nav2_waypoint_follower::WaypointFollower>
[component_container_isolated-1] [INFO] [1790237476.525789754] [robot1.nav2_container]: Instantiate class: rclcpp_components::NodeFactoryTemplate<nav2_waypoint_follower::WaypointFollower>
[component_container_isolated-1] [INFO] [1790237476.854652662] [robot1.waypoint_follower]: 
[component_container_isolated-1] 	waypoint_follower lifecycle node launched. 
[component_container_isolated-1] 	Waiting on external lifecycle transitions to activate
[component_container_isolated-1] 	See https://design.ros2.org/articles/node_lifecycle.html for more information.
[component_container_isolated-1] [INFO] [1790237476.854853471] [robot1.waypoint_follower]: Creating
[INFO] [launch_ros.actions.load_composable_nodes]: Loaded node '/robot1/waypoint_follower' in container '/robot1/nav2_container'
[component_container_isolated-1] [INFO] [1790237476.856138650] [robot1.nav2_container]: Load Library: /opt/ros/humble/lib/libvelocity_smoother_core.so
[component_container_isolated-1] [INFO] [1790237476.856535047] [robot1.nav2_container]: Found class: rclcpp_components::NodeFactoryTemplate<nav2_velocity_smoother::VelocitySmoother>
[component_container_isolated-1] [INFO] [1790237476.856541833] [robot1.nav2_container]: Instantiate class: rclcpp_components::NodeFactoryTemplate<nav2_velocity_smoother::VelocitySmoother>
[component_container_isolated-1] [INFO] [1790237477.024535695] [robot1.velocity_smoother]: 
[component_container_isolated-1] 	velocity_smoother lifecycle node launched. 
[component_container_isolated-1] 	Waiting on external lifecycle transitions to activate
[component_container_isolated-1] 	See https://design.ros2.org/articles/node_lifecycle.html for more information.
[INFO] [launch_ros.actions.load_composable_nodes]: Loaded node '/robot1/velocity_smoother' in container '/robot1/nav2_container'
[component_container_isolated-1] [INFO] [1790237477.025871813] [robot1.nav2_container]: Load Library: /opt/ros/humble/lib/libnav2_lifecycle_manager_core.so
[component_container_isolated-1] [INFO] [1790237477.026190066] [robot1.nav2_container]: Found class: rclcpp_components::NodeFactoryTemplate<nav2_lifecycle_manager::LifecycleManager>
[component_container_isolated-1] [INFO] [1790237477.026198465] [robot1.nav2_container]: Instantiate class: rclcpp_components::NodeFactoryTemplate<nav2_lifecycle_manager::LifecycleManager>
[component_container_isolated-1] [INFO] [1790237477.940809767] [robot1.lifecycle_manager_navigation]: Creating
[INFO] [launch_ros.actions.load_composable_nodes]: Loaded node '/robot1/lifecycle_manager_navigation' in container '/robot1/nav2_container'
[component_container_isolated-1] [INFO] [1790237478.039913141] [robot1.lifecycle_manager_navigation]: [34m[1mCreating and initializing lifecycle service clients[0m[0m
[INFO] [nav2_startup-2]: process started with pid [91821]
[nav2_startup-2] waiting for service to become available...
[nav2_startup-2] requester: making request: nav2_msgs.srv.ManageLifecycleNodes_Request(command=0)
[nav2_startup-2] 
[component_container_isolated-1] [INFO] [1790237494.482647088] [robot1.lifecycle_manager_navigation]: [34m[1mStarting managed nodes bringup...[0m[0m
[component_container_isolated-1] [INFO] [1790237494.482707188] [robot1.lifecycle_manager_navigation]: [34m[1mConfiguring controller_server[0m[0m
[component_container_isolated-1] [INFO] [1790237494.482968316] [robot1.controller_server]: Configuring controller interface
[component_container_isolated-1] [INFO] [1790237494.483082007] [robot1.controller_server]: getting goal checker plugins..
[component_container_isolated-1] [INFO] [1790237494.483137495] [robot1.controller_server]: Controller frequency set to 20.0000Hz
[component_container_isolated-1] [INFO] [1790237494.483154062] [robot1.local_costmap.local_costmap]: Configuring
[component_container_isolated-1] [INFO] [1790237494.789747780] [robot1.local_costmap.local_costmap]: Using plugin "static_layer"
[component_container_isolated-1] [INFO] [1790237494.791266816] [robot1.local_costmap.local_costmap]: Subscribing to the map topic (/robot1/map) with transient local durability
[component_container_isolated-1] [INFO] [1790237494.827230679] [robot1.local_costmap.local_costmap]: Initialized plugin "static_layer"
[component_container_isolated-1] [INFO] [1790237494.827257640] [robot1.local_costmap.local_costmap]: Using plugin "voxel_layer"
[component_container_isolated-1] [INFO] [1790237494.827499965] [robot1.local_costmap.local_costmap]: Subscribed to Topics: scan
[component_container_isolated-1] [INFO] [1790237495.097229189] [robot1.local_costmap.local_costmap]: Initialized plugin "voxel_layer"
[component_container_isolated-1] [INFO] [1790237495.097261209] [robot1.local_costmap.local_costmap]: Using plugin "inflation_layer"
[component_container_isolated-1] [INFO] [1790237495.097571337] [robot1.local_costmap.local_costmap]: Initialized plugin "inflation_layer"
[component_container_isolated-1] [INFO] [1790237495.365996920] [robot1.controller_server]: Created progress_checker : progress_checker of type nav2_controller::SimpleProgressChecker
[component_container_isolated-1] [INFO] [1790237495.366354678] [robot1.controller_server]: Created goal checker : general_goal_checker of type nav2_controller::SimpleGoalChecker
[component_container_isolated-1] [INFO] [1790237495.366483093] [robot1.controller_server]: Controller Server has general_goal_checker  goal checkers available.
[component_container_isolated-1] [INFO] [1790237495.367124915] [robot1.controller_server]: Created controller : FollowPath of type dwb_core::DWBLocalPlanner
[component_container_isolated-1] [INFO] [1790237495.367627882] [robot1.controller_server]: Setting transform_tolerance to 0.200000
[component_container_isolated-1] [INFO] [1790237495.514555924] [robot1.controller_server]: Using critic "RotateToGoal" (dwb_critics::RotateToGoalCritic)
[component_container_isolated-1] [INFO] [1790237495.514829387] [robot1.controller_server]: Critic plugin initialized
[component_container_isolated-1] [INFO] [1790237495.514890951] [robot1.controller_server]: Using critic "Oscillation" (dwb_critics::OscillationCritic)
[component_container_isolated-1] [INFO] [1790237495.515065725] [robot1.controller_server]: Critic plugin initialized
[component_container_isolated-1] [INFO] [1790237495.515123329] [robot1.controller_server]: Using critic "BaseObstacle" (dwb_critics::BaseObstacleCritic)
[component_container_isolated-1] [INFO] [1790237495.515204694] [robot1.controller_server]: Critic plugin initialized
[component_container_isolated-1] [INFO] [1790237495.515252004] [robot1.controller_server]: Using critic "GoalAlign" (dwb_critics::GoalAlignCritic)
[component_container_isolated-1] [INFO] [1790237495.515402064] [robot1.controller_server]: Critic plugin initialized
[component_container_isolated-1] [INFO] [1790237495.515451216] [robot1.controller_server]: Using critic "PathAlign" (dwb_critics::PathAlignCritic)
[component_container_isolated-1] [INFO] [1790237495.515578405] [robot1.controller_server]: Critic plugin initialized
[component_container_isolated-1] [INFO] [1790237495.515627561] [robot1.controller_server]: Using critic "PathDist" (dwb_critics::PathDistCritic)
[component_container_isolated-1] [INFO] [1790237495.515728102] [robot1.controller_server]: Critic plugin initialized
[component_container_isolated-1] [INFO] [1790237495.515774920] [robot1.controller_server]: Using critic "GoalDist" (dwb_critics::GoalDistCritic)
[component_container_isolated-1] [INFO] [1790237495.515844381] [robot1.controller_server]: Critic plugin initialized
[component_container_isolated-1] [INFO] [1790237495.515851543] [robot1.controller_server]: Controller Server has FollowPath  controllers available.
[component_container_isolated-1] [INFO] [1790237495.765398945] [robot1.lifecycle_manager_navigation]: [34m[1mConfiguring smoother_server[0m[0m
[component_container_isolated-1] [INFO] [1790237495.765547288] [robot1.smoother_server]: Configuring smoother server
[component_container_isolated-1] [INFO] [1790237495.870785072] [robot1.local_costmap.local_costmap]: StaticLayer: Resizing static layer to 146 X 282 at 0.050000 m/pix
[component_container_isolated-1] [INFO] [1790237496.003581836] [robot1.smoother_server]: Created smoother : simple_smoother of type nav2_smoother::SimpleSmoother
[component_container_isolated-1] [INFO] [1790237496.003818655] [robot1.smoother_server]: Smoother Server has simple_smoother  smoothers available.
[component_container_isolated-1] [INFO] [1790237496.150933743] [robot1.lifecycle_manager_navigation]: [34m[1mConfiguring planner_server[0m[0m
[component_container_isolated-1] [INFO] [1790237496.151081825] [robot1.planner_server]: Configuring
[component_container_isolated-1] [INFO] [1790237496.151124658] [robot1.global_costmap.global_costmap]: Configuring
[component_container_isolated-1] [INFO] [1790237496.308140498] [robot1.global_costmap.global_costmap]: Using plugin "static_layer"
[component_container_isolated-1] [INFO] [1790237496.308469779] [robot1.global_costmap.global_costmap]: Subscribing to the map topic (/robot1/map) with transient local durability
[component_container_isolated-1] [INFO] [1790237496.348244830] [robot1.global_costmap.global_costmap]: Initialized plugin "static_layer"
[component_container_isolated-1] [INFO] [1790237496.348269434] [robot1.global_costmap.global_costmap]: Using plugin "obstacle_layer"
[component_container_isolated-1] [INFO] [1790237496.348790545] [robot1.global_costmap.global_costmap]: Subscribed to Topics: scan
[component_container_isolated-1] [INFO] [1790237496.412854816] [robot1.global_costmap.global_costmap]: Initialized plugin "obstacle_layer"
[component_container_isolated-1] [INFO] [1790237496.412878192] [robot1.global_costmap.global_costmap]: Using plugin "inflation_layer"
[component_container_isolated-1] [INFO] [1790237496.413152022] [robot1.global_costmap.global_costmap]: Initialized plugin "inflation_layer"
[component_container_isolated-1] [INFO] [1790237496.673544256] [robot1.global_costmap.global_costmap]: StaticLayer: Resizing costmap to 146 X 282 at 0.050000 m/pix
[component_container_isolated-1] [INFO] [1790237496.673835773] [robot1.planner_server]: Created global planner plugin GridBased of type nav2_navfn_planner/NavfnPlanner
[component_container_isolated-1] [INFO] [1790237496.673854332] [robot1.planner_server]: Configuring plugin GridBased of type NavfnPlanner
[component_container_isolated-1] [INFO] [1790237496.674110917] [robot1.planner_server]: Planner Server has GridBased  planners available.
[component_container_isolated-1] [INFO] [1790237497.016060839] [robot1.lifecycle_manager_navigation]: [34m[1mConfiguring behavior_server[0m[0m
[component_container_isolated-1] [INFO] [1790237497.016238425] [robot1.behavior_server]: Configuring
[component_container_isolated-1] [INFO] [1790237497.205613515] [robot1.behavior_server]: Creating behavior plugin spin of type nav2_behaviors/Spin
[component_container_isolated-1] [INFO] [1790237497.206013782] [robot1.behavior_server]: Configuring spin
[component_container_isolated-1] [INFO] [1790237497.386799649] [robot1.behavior_server]: Creating behavior plugin backup of type nav2_behaviors/BackUp
[component_container_isolated-1] [INFO] [1790237497.387204085] [robot1.behavior_server]: Configuring backup
[component_container_isolated-1] [INFO] [1790237497.544131707] [robot1.behavior_server]: Creating behavior plugin drive_on_heading of type nav2_behaviors/DriveOnHeading
[component_container_isolated-1] [INFO] [1790237497.544544339] [robot1.behavior_server]: Configuring drive_on_heading
[component_container_isolated-1] [INFO] [1790237497.740420916] [robot1.behavior_server]: Creating behavior plugin assisted_teleop of type nav2_behaviors/AssistedTeleop
[component_container_isolated-1] [INFO] [1790237497.741203228] [robot1.behavior_server]: Configuring assisted_teleop
[component_container_isolated-1] [INFO] [1790237497.992297914] [robot1.behavior_server]: Creating behavior plugin wait of type nav2_behaviors/Wait
[component_container_isolated-1] [INFO] [1790237497.992657941] [robot1.behavior_server]: Configuring wait
[component_container_isolated-1] [INFO] [1790237498.164989566] [robot1.lifecycle_manager_navigation]: [34m[1mConfiguring bt_navigator[0m[0m
[component_container_isolated-1] [INFO] [1790237498.165106092] [robot1.bt_navigator]: Configuring
[component_container_isolated-1] [INFO] [1790237499.523759979] [robot1.lifecycle_manager_navigation]: [34m[1mConfiguring waypoint_follower[0m[0m
[component_container_isolated-1] [INFO] [1790237499.523906201] [robot1.waypoint_follower]: Configuring
[component_container_isolated-1] [INFO] [1790237499.855917919] [robot1.waypoint_follower]: Created waypoint_task_executor : wait_at_waypoint of type nav2_waypoint_follower::WaitAtWaypoint
[component_container_isolated-1] [INFO] [1790237499.856425972] [robot1.lifecycle_manager_navigation]: [34m[1mConfiguring velocity_smoother[0m[0m
[component_container_isolated-1] [INFO] [1790237499.856530489] [robot1.velocity_smoother]: Configuring velocity smoother
[component_container_isolated-1] [INFO] [1790237499.937703161] [robot1.lifecycle_manager_navigation]: [34m[1mActivating controller_server[0m[0m
[component_container_isolated-1] [INFO] [1790237499.937800231] [robot1.controller_server]: Activating
[component_container_isolated-1] [INFO] [1790237499.937825956] [robot1.local_costmap.local_costmap]: Activating
[component_container_isolated-1] [INFO] [1790237499.937833966] [robot1.local_costmap.local_costmap]: Checking transform
[component_container_isolated-1] [INFO] [1790237499.937900973] [robot1.local_costmap.local_costmap]: start
[component_container_isolated-1] [INFO] [1790237500.167377579] [robot1.controller_server]: Creating bond (controller_server) to lifecycle manager.
[component_container_isolated-1] [INFO] [1790237500.366260609] [robot1.lifecycle_manager_navigation]: Server controller_server connected with bond.
[component_container_isolated-1] [INFO] [1790237500.366358343] [robot1.lifecycle_manager_navigation]: [34m[1mActivating smoother_server[0m[0m
[component_container_isolated-1] [INFO] [1790237500.366618559] [robot1.smoother_server]: Activating
[component_container_isolated-1] [INFO] [1790237500.366640001] [robot1.smoother_server]: Creating bond (smoother_server) to lifecycle manager.
[component_container_isolated-1] [INFO] [1790237500.547200614] [robot1.lifecycle_manager_navigation]: Server smoother_server connected with bond.
[component_container_isolated-1] [INFO] [1790237500.547245248] [robot1.lifecycle_manager_navigation]: [34m[1mActivating planner_server[0m[0m
[component_container_isolated-1] [INFO] [1790237500.547457631] [robot1.planner_server]: Activating
[component_container_isolated-1] [INFO] [1790237500.547484237] [robot1.global_costmap.global_costmap]: Activating
[component_container_isolated-1] [INFO] [1790237500.547489697] [robot1.global_costmap.global_costmap]: Checking transform
[component_container_isolated-1] [INFO] [1790237500.547549693] [robot1.global_costmap.global_costmap]: start
[component_container_isolated-1] [INFO] [1790237501.564677337] [robot1.planner_server]: Activating plugin GridBased of type NavfnPlanner
[component_container_isolated-1] [INFO] [1790237501.585070796] [robot1.planner_server]: Creating bond (planner_server) to lifecycle manager.
[component_container_isolated-1] [INFO] [1790237501.761145744] [robot1.lifecycle_manager_navigation]: Server planner_server connected with bond.
[component_container_isolated-1] [INFO] [1790237501.761187899] [robot1.lifecycle_manager_navigation]: [34m[1mActivating behavior_server[0m[0m
[component_container_isolated-1] [INFO] [1790237501.761536668] [robot1.behavior_server]: Activating
[component_container_isolated-1] [INFO] [1790237501.761552438] [robot1.behavior_server]: Activating spin
[component_container_isolated-1] [INFO] [1790237501.761564065] [robot1.behavior_server]: Activating backup
[component_container_isolated-1] [INFO] [1790237501.761569539] [robot1.behavior_server]: Activating drive_on_heading
[component_container_isolated-1] [INFO] [1790237501.761574471] [robot1.behavior_server]: Activating assisted_teleop
[component_container_isolated-1] [INFO] [1790237501.761590708] [robot1.behavior_server]: Activating wait
[component_container_isolated-1] [INFO] [1790237501.761597819] [robot1.behavior_server]: Creating bond (behavior_server) to lifecycle manager.
[component_container_isolated-1] [INFO] [1790237501.932470139] [robot1.lifecycle_manager_navigation]: Server behavior_server connected with bond.
[component_container_isolated-1] [INFO] [1790237501.932494925] [robot1.lifecycle_manager_navigation]: [34m[1mActivating bt_navigator[0m[0m
[component_container_isolated-1] [INFO] [1790237501.932848307] [robot1.bt_navigator]: Activating
[component_container_isolated-1] [INFO] [1790237504.470934110] [robot1.bt_navigator]: Creating bond (bt_navigator) to lifecycle manager.
[component_container_isolated-1] [INFO] [1790237504.673332755] [robot1.lifecycle_manager_navigation]: Server bt_navigator connected with bond.
[component_container_isolated-1] [INFO] [1790237504.673382169] [robot1.lifecycle_manager_navigation]: [34m[1mActivating waypoint_follower[0m[0m
[component_container_isolated-1] [INFO] [1790237504.673677566] [robot1.waypoint_follower]: Activating
[component_container_isolated-1] [INFO] [1790237504.673715224] [robot1.waypoint_follower]: Creating bond (waypoint_follower) to lifecycle manager.
[component_container_isolated-1] [INFO] [1790237504.879781033] [robot1.lifecycle_manager_navigation]: Server waypoint_follower connected with bond.
[component_container_isolated-1] [INFO] [1790237504.879827052] [robot1.lifecycle_manager_navigation]: [34m[1mActivating velocity_smoother[0m[0m
[component_container_isolated-1] [INFO] [1790237504.880089694] [robot1.velocity_smoother]: Activating
[component_container_isolated-1] [INFO] [1790237504.880123229] [robot1.velocity_smoother]: Creating bond (velocity_smoother) to lifecycle manager.
[component_container_isolated-1] [INFO] [1790237505.080928179] [robot1.lifecycle_manager_navigation]: Server velocity_smoother connected with bond.
[component_container_isolated-1] [INFO] [1790237505.080965477] [robot1.lifecycle_manager_navigation]: [34m[1mManaged nodes are active[0m[0m
[component_container_isolated-1] [INFO] [1790237505.080981140] [robot1.lifecycle_manager_navigation]: [34m[1mCreating bond timer...[0m[0m
[nav2_startup-2] response:
[nav2_startup-2] nav2_msgs.srv.ManageLifecycleNodes_Response(success=True)
[nav2_startup-2] 
[INFO] [nav2_startup-2]: process has finished cleanly [pid 91821]
[component_container_isolated-1] [WARN] [1790237509.906479451] [robot1.lifecycle_manager_navigation.rclcpp]: failed to send response to /robot1/lifecycle_manager_navigation/is_active (timeout): client will not receive response, at ./src/rmw_response.cpp:154, at ./src/rcl/service.c:314
[component_container_isolated-1] [INFO] [1790238245.911141496] [robot1.bt_navigator]: Begin navigating from current location (-0.20, 0.09) to (-1.06, 0.68)
[component_container_isolated-1] [INFO] [1790238245.931649944] [robot1.controller_server]: Received a goal, begin computing control effort.
[component_container_isolated-1] [WARN] [1790238245.931701818] [robot1.controller_server]: No goal checker was specified in parameter 'current_goal_checker'. Server will use only plugin loaded general_goal_checker . This warning will appear once.
[component_container_isolated-1] [INFO] [1790238246.981884549] [robot1.controller_server]: Passing new path to controller.
[component_container_isolated-1] [INFO] [1790238247.738171894] [robot1.local_costmap.local_costmap]: StaticLayer: Resizing static layer to 181 X 300 at 0.050000 m/pix
[component_container_isolated-1] [INFO] [1790238248.031883633] [robot1.controller_server]: Passing new path to controller.
[component_container_isolated-1] [INFO] [1790238248.138101313] [robot1.local_costmap.local_costmap]: StaticLayer: Resizing static layer to 183 X 300 at 0.050000 m/pix
[component_container_isolated-1] [INFO] [1790238248.547767401] [robot1.global_costmap.global_costmap]: StaticLayer: Resizing costmap to 183 X 300 at 0.050000 m/pix
[component_container_isolated-1] [INFO] [1790238249.031903125] [robot1.controller_server]: Passing new path to controller.
[component_container_isolated-1] [INFO] [1790238249.138141611] [robot1.local_costmap.local_costmap]: StaticLayer: Resizing static layer to 183 X 300 at 0.050000 m/pix
[component_container_isolated-1] [INFO] [1790238249.547732988] [robot1.global_costmap.global_costmap]: StaticLayer: Resizing costmap to 183 X 300 at 0.050000 m/pix
[component_container_isolated-1] [INFO] [1790238249.931899328] [robot1.controller_server]: Goal was canceled. Stopping the robot.
[component_container_isolated-1] [INFO] [1790238249.931943134] [robot1.controller_server]: [follow_path] [ActionServer] Client requested to cancel the goal. Cancelling.
[component_container_isolated-1] [INFO] [1790238249.932013712] [robot1.bt_navigator]: [navigate_to_pose] [ActionServer] Client requested to cancel the goal. Cancelling.
[component_container_isolated-1] [INFO] [1790238249.932121970] [robot1.bt_navigator]: Goal canceled
[component_container_isolated-1] [INFO] [1790238298.912487874] [robot1.bt_navigator]: Begin navigating from current location (-0.92, 0.47) to (-1.79, -0.70)
[component_container_isolated-1] [INFO] [1790238298.932910134] [robot1.controller_server]: Received a goal, begin computing control effort.
[component_container_isolated-1] [INFO] [1790238299.983130576] [robot1.controller_server]: Passing new path to controller.
[component_container_isolated-1] [INFO] [1790238300.138127796] [robot1.local_costmap.local_costmap]: StaticLayer: Resizing static layer to 186 X 301 at 0.050000 m/pix
[component_container_isolated-1] [INFO] [1790238300.547764296] [robot1.global_costmap.global_costmap]: StaticLayer: Resizing costmap to 186 X 301 at 0.050000 m/pix
[component_container_isolated-1] [INFO] [1790238301.033107701] [robot1.controller_server]: Passing new path to controller.
[component_container_isolated-1] [INFO] [1790238302.033093755] [robot1.controller_server]: Passing new path to controller.
[component_container_isolated-1] [INFO] [1790238302.138180067] [robot1.local_costmap.local_costmap]: StaticLayer: Resizing static layer to 197 X 301 at 0.050000 m/pix
[component_container_isolated-1] [INFO] [1790238302.547751908] [robot1.global_costmap.global_costmap]: StaticLayer: Resizing costmap to 197 X 301 at 0.050000 m/pix
[component_container_isolated-1] [INFO] [1790238303.083118345] [robot1.controller_server]: Passing new path to controller.
[component_container_isolated-1] [INFO] [1790238303.738118539] [robot1.local_costmap.local_costmap]: StaticLayer: Resizing static layer to 198 X 301 at 0.050000 m/pix
[component_container_isolated-1] [INFO] [1790238304.083093933] [robot1.controller_server]: Passing new path to controller.
[component_container_isolated-1] [INFO] [1790238304.484316726] [robot1.controller_server]: Reached the goal!
[component_container_isolated-1] [INFO] [1790238304.522677365] [robot1.bt_navigator]: Goal succeeded
[component_container_isolated-1] [INFO] [1790238304.547778779] [robot1.global_costmap.global_costmap]: StaticLayer: Resizing costmap to 198 X 301 at 0.050000 m/pix
[component_container_isolated-1] [INFO] [1790238304.911753045] [robot1.bt_navigator]: Begin navigating from current location (-1.64, -0.53) to (-1.32, -1.12)
[component_container_isolated-1] [INFO] [1790238304.932201407] [robot1.controller_server]: Received a goal, begin computing control effort.
[component_container_isolated-1] [INFO] [1790238305.982377074] [robot1.controller_server]: Passing new path to controller.
[component_container_isolated-1] [INFO] [1790238306.738135549] [robot1.local_costmap.local_costmap]: StaticLayer: Resizing static layer to 198 X 305 at 0.050000 m/pix
[component_container_isolated-1] [ERROR] [1790238306.932197492] [robot1.bt_navigator_navigate_to_pose_rclcpp_node]: Failed to get result for follow_path in node halt!
[component_container_isolated-1] [INFO] [1790238306.932266678] [robot1.bt_navigator]: [navigate_to_pose] [ActionServer] Client requested to cancel the goal. Cancelling.
[component_container_isolated-1] [INFO] [1790238306.932341032] [robot1.bt_navigator]: Goal canceled
[component_container_isolated-1] [INFO] [1790238306.932382021] [robot1.controller_server]: Goal was canceled. Stopping the robot.
[component_container_isolated-1] [INFO] [1790238306.932404244] [robot1.controller_server]: [follow_path] [ActionServer] Client requested to cancel the goal. Cancelling.
[component_container_isolated-1] [INFO] [1790238307.547780168] [robot1.global_costmap.global_costmap]: StaticLayer: Resizing costmap to 198 X 305 at 0.050000 m/pix
[component_container_isolated-1] [INFO] [1790239119.138148614] [robot1.local_costmap.local_costmap]: StaticLayer: Resizing static layer to 199 X 305 at 0.050000 m/pix
[component_container_isolated-1] [INFO] [1790239119.547775106] [robot1.global_costmap.global_costmap]: StaticLayer: Resizing costmap to 199 X 305 at 0.050000 m/pix
[component_container_isolated-1] [INFO] [1790243277.881126307] [robot1.bt_navigator]: Begin navigating from current location (-0.19, 0.07) to (-1.91, -1.57)
[component_container_isolated-1] [INFO] [1790243277.901606614] [robot1.controller_server]: Received a goal, begin computing control effort.
[component_container_isolated-1] [INFO] [1790243278.951772387] [robot1.controller_server]: Passing new path to controller.
[component_container_isolated-1] [INFO] [1790243279.951773773] [robot1.controller_server]: Passing new path to controller.
[component_container_isolated-1] [INFO] [1790243281.001792905] [robot1.controller_server]: Passing new path to controller.
[component_container_isolated-1] [INFO] [1790243281.738130963] [robot1.local_costmap.local_costmap]: StaticLayer: Resizing static layer to 199 X 305 at 0.050000 m/pix
[component_container_isolated-1] [INFO] [1790243282.051775162] [robot1.controller_server]: Passing new path to controller.
[component_container_isolated-1] [INFO] [1790243282.547731327] [robot1.global_costmap.global_costmap]: StaticLayer: Resizing costmap to 199 X 305 at 0.050000 m/pix
[component_container_isolated-1] [INFO] [1790243283.051774999] [robot1.controller_server]: Passing new path to controller.
[component_container_isolated-1] [INFO] [1790243284.101774249] [robot1.controller_server]: Passing new path to controller.
[component_container_isolated-1] [INFO] [1790243285.101778946] [robot1.controller_server]: Passing new path to controller.
[component_container_isolated-1] [INFO] [1790243286.151802309] [robot1.controller_server]: Passing new path to controller.
[component_container_isolated-1] [INFO] [1790243287.201778313] [robot1.controller_server]: Passing new path to controller.
[component_container_isolated-1] [INFO] [1790243288.201806613] [robot1.controller_server]: Passing new path to controller.
[component_container_isolated-1] [INFO] [1790243289.251793371] [robot1.controller_server]: Passing new path to controller.
[component_container_isolated-1] [INFO] [1790243290.251773665] [robot1.controller_server]: Passing new path to controller.
[component_container_isolated-1] [INFO] [1790243291.301776239] [robot1.controller_server]: Passing new path to controller.
[component_container_isolated-1] [INFO] [1790243292.301795801] [robot1.controller_server]: Passing new path to controller.
[component_container_isolated-1] [INFO] [1790243292.603575611] [robot1.controller_server]: Reached the goal!
[component_container_isolated-1] [INFO] [1790243292.641288295] [robot1.bt_navigator]: Goal succeeded
[component_container_isolated-1] [INFO] [1790243292.880448285] [robot1.bt_navigator]: Begin navigating from current location (-1.54, -1.69) to (-1.84, -2.57)
[component_container_isolated-1] [INFO] [1790243292.900762323] [robot1.controller_server]: Received a goal, begin computing control effort.
[component_container_isolated-1] [INFO] [1790243293.950949592] [robot1.controller_server]: Passing new path to controller.
[component_container_isolated-1] [INFO] [1790243294.950944418] [robot1.controller_server]: Passing new path to controller.
[component_container_isolated-1] [INFO] [1790243296.000945864] [robot1.controller_server]: Passing new path to controller.
[component_container_isolated-1] [INFO] [1790243297.000960030] [robot1.controller_server]: Passing new path to controller.
[component_container_isolated-1] [INFO] [1790243298.050961266] [robot1.controller_server]: Passing new path to controller.
[component_container_isolated-1] [INFO] [1790243299.100947990] [robot1.controller_server]: Passing new path to controller.
[component_container_isolated-1] [INFO] [1790243300.100964696] [robot1.controller_server]: Passing new path to controller.
[component_container_isolated-1] [INFO] [1790243301.150967759] [robot1.controller_server]: Passing new path to controller.
[component_container_isolated-1] [INFO] [1790243302.150967803] [robot1.controller_server]: Passing new path to controller.
[component_container_isolated-1] [ERROR] [1790243302.900985080] [robot1.controller_server]: Failed to make progress
[component_container_isolated-1] [WARN] [1790243302.901037543] [robot1.controller_server]: [follow_path] [ActionServer] Aborting handle.
[component_container_isolated-1] [INFO] [1790243302.920636204] [robot1.local_costmap.local_costmap]: Received request to clear entirely the local_costmap
[component_container_isolated-1] [INFO] [1790243302.921019660] [robot1.controller_server]: Received a goal, begin computing control effort.
[component_container_isolated-1] [INFO] [1790243303.221183604] [robot1.controller_server]: Passing new path to controller.
[component_container_isolated-1] [INFO] [1790243304.221209289] [robot1.controller_server]: Passing new path to controller.
[component_container_isolated-1] [INFO] [1790243305.271188798] [robot1.controller_server]: Passing new path to controller.
[component_container_isolated-1] [INFO] [1790243306.271183082] [robot1.controller_server]: Passing new path to controller.
[component_container_isolated-1] [INFO] [1790243307.321212863] [robot1.controller_server]: Passing new path to controller.
[component_container_isolated-1] [INFO] [1790243308.321203307] [robot1.controller_server]: Passing new path to controller.
[component_container_isolated-1] [INFO] [1790243309.371183482] [robot1.controller_server]: Passing new path to controller.
[component_container_isolated-1] [ERROR] [1790243309.900720318] [robot1.bt_navigator_navigate_to_pose_rclcpp_node]: Failed to get result for follow_path in node halt!
[component_container_isolated-1] [INFO] [1790243309.900835088] [robot1.bt_navigator]: [navigate_to_pose] [ActionServer] Client requested to cancel the goal. Cancelling.
[component_container_isolated-1] [WARN] [1790243309.900886449] [robot1.bt_navigator]: [navigate_to_pose] [ActionServer] Aborting handle.
[component_container_isolated-1] [INFO] [1790243309.900910075] [robot1.bt_navigator]: Goal canceled
[component_container_isolated-1] [INFO] [1790243309.921199134] [robot1.controller_server]: Goal was canceled. Stopping the robot.
[component_container_isolated-1] [INFO] [1790243309.921244705] [robot1.controller_server]: [follow_path] [ActionServer] Client requested to cancel the goal. Cancelling.
[component_container_isolated-1] [INFO] [1790243310.880977561] [robot1.bt_navigator]: Begin navigating from current location (-1.56, -1.69) to (-2.12, -3.39)
[component_container_isolated-1] [INFO] [1790243310.901398202] [robot1.controller_server]: Received a goal, begin computing control effort.
[component_container_isolated-1] [INFO] [1790243311.951582398] [robot1.controller_server]: Passing new path to controller.
[component_container_isolated-1] [INFO] [1790243313.001583902] [robot1.controller_server]: Passing new path to controller.
[component_container_isolated-1] [INFO] [1790243314.001594099] [robot1.controller_server]: Passing new path to controller.
[component_container_isolated-1] [INFO] [1790243315.051594307] [robot1.controller_server]: Passing new path to controller.
[component_container_isolated-1] [INFO] [1790243316.051578867] [robot1.controller_server]: Passing new path to controller.
[component_container_isolated-1] [INFO] [1790243317.101582145] [robot1.controller_server]: Passing new path to controller.
[component_container_isolated-1] [INFO] [1790243317.138128499] [robot1.local_costmap.local_costmap]: StaticLayer: Resizing static layer to 199 X 305 at 0.050000 m/pix
[component_container_isolated-1] [INFO] [1790243317.547785018] [robot1.global_costmap.global_costmap]: StaticLayer: Resizing costmap to 199 X 305 at 0.050000 m/pix
[component_container_isolated-1] [INFO] [1790243318.151580213] [robot1.controller_server]: Passing new path to controller.
[component_container_isolated-1] [INFO] [1790243318.738097633] [robot1.local_costmap.local_costmap]: StaticLayer: Resizing static layer to 199 X 313 at 0.050000 m/pix
[component_container_isolated-1] [INFO] [1790243319.151579531] [robot1.controller_server]: Passing new path to controller.
[component_container_isolated-1] [INFO] [1790243319.547728872] [robot1.global_costmap.global_costmap]: StaticLayer: Resizing costmap to 199 X 313 at 0.050000 m/pix
[component_container_isolated-1] [INFO] [1790243320.201600769] [robot1.controller_server]: Passing new path to controller.
[component_container_isolated-1] [INFO] [1790243321.201580742] [robot1.controller_server]: Passing new path to controller.
[component_container_isolated-1] [INFO] [1790243322.251581905] [robot1.controller_server]: Passing new path to controller.
[component_container_isolated-1] [INFO] [1790243323.251596316] [robot1.controller_server]: Passing new path to controller.
[component_container_isolated-1] [INFO] [1790243324.301581546] [robot1.controller_server]: Passing new path to controller.
[component_container_isolated-1] [INFO] [1790243325.351581598] [robot1.controller_server]: Passing new path to controller.
[component_container_isolated-1] [INFO] [1790243326.351580542] [robot1.controller_server]: Passing new path to controller.
[component_container_isolated-1] [INFO] [1790243327.401581024] [robot1.controller_server]: Passing new path to controller.
[component_container_isolated-1] [INFO] [1790243328.401581614] [robot1.controller_server]: Passing new path to controller.
[component_container_isolated-1] [INFO] [1790243329.451600371] [robot1.controller_server]: Passing new path to controller.
[component_container_isolated-1] [ERROR] [1790243329.901611637] [robot1.controller_server]: Failed to make progress
[component_container_isolated-1] [WARN] [1790243329.901657560] [robot1.controller_server]: [follow_path] [ActionServer] Aborting handle.
[component_container_isolated-1] [INFO] [1790243329.921214998] [robot1.local_costmap.local_costmap]: Received request to clear entirely the local_costmap
[component_container_isolated-1] [INFO] [1790243329.921515532] [robot1.controller_server]: Received a goal, begin computing control effort.
[component_container_isolated-1] [INFO] [1790243330.471673253] [robot1.controller_server]: Passing new path to controller.
[component_container_isolated-1] [INFO] [1790243331.521670171] [robot1.controller_server]: Passing new path to controller.
[component_container_isolated-1] [INFO] [1790243332.521671410] [robot1.controller_server]: Passing new path to controller.
[component_container_isolated-1] [INFO] [1790243333.571688497] [robot1.controller_server]: Passing new path to controller.
[component_container_isolated-1] [INFO] [1790243334.621671462] [robot1.controller_server]: Passing new path to controller.
[component_container_isolated-1] [INFO] [1790243335.621672025] [robot1.controller_server]: Passing new path to controller.
[component_container_isolated-1] [INFO] [1790243336.671673185] [robot1.controller_server]: Passing new path to controller.
[component_container_isolated-1] [INFO] [1790243337.671671886] [robot1.controller_server]: Passing new path to controller.
[component_container_isolated-1] [ERROR] [1790243337.901330798] [robot1.bt_navigator_navigate_to_pose_rclcpp_node]: Failed to get result for follow_path in node halt!
[component_container_isolated-1] [INFO] [1790243337.901410964] [robot1.bt_navigator]: [navigate_to_pose] [ActionServer] Client requested to cancel the goal. Cancelling.
[component_container_isolated-1] [WARN] [1790243337.901589704] [robot1.bt_navigator]: [navigate_to_pose] [ActionServer] Aborting handle.
[component_container_isolated-1] [INFO] [1790243337.901640598] [robot1.bt_navigator]: Goal canceled
[component_container_isolated-1] [INFO] [1790243337.921690212] [robot1.controller_server]: Goal was canceled. Stopping the robot.
[component_container_isolated-1] [INFO] [1790243337.921730246] [robot1.controller_server]: [follow_path] [ActionServer] Client requested to cancel the goal. Cancelling.
[component_container_isolated-1] [INFO] [1790243338.879796699] [robot1.bt_navigator]: Begin navigating from current location (-0.69, -3.35) to (-1.76, -6.49)
[component_container_isolated-1] [INFO] [1790243338.900207125] [robot1.controller_server]: Received a goal, begin computing control effort.
[component_container_isolated-1] [INFO] [1790243339.950431331] [robot1.controller_server]: Passing new path to controller.
[component_container_isolated-1] [INFO] [1790243341.000433778] [robot1.controller_server]: Passing new path to controller.
[component_container_isolated-1] [INFO] [1790243342.000376645] [robot1.controller_server]: Passing new path to controller.
[component_container_isolated-1] [INFO] [1790243343.050378576] [robot1.controller_server]: Passing new path to controller.
[component_container_isolated-1] [INFO] [1790243343.738137159] [robot1.local_costmap.local_costmap]: StaticLayer: Resizing static layer to 199 X 314 at 0.050000 m/pix
[component_container_isolated-1] [INFO] [1790243344.050378449] [robot1.controller_server]: Passing new path to controller.
[component_container_isolated-1] [INFO] [1790243344.547769628] [robot1.global_costmap.global_costmap]: StaticLayer: Resizing costmap to 199 X 314 at 0.050000 m/pix
[component_container_isolated-1] [INFO] [1790243345.100391632] [robot1.controller_server]: Passing new path to controller.
[component_container_isolated-1] [INFO] [1790243345.138124471] [robot1.local_costmap.local_costmap]: StaticLayer: Resizing static layer to 201 X 314 at 0.050000 m/pix
[component_container_isolated-1] [INFO] [1790243345.547729809] [robot1.global_costmap.global_costmap]: StaticLayer: Resizing costmap to 201 X 314 at 0.050000 m/pix
[component_container_isolated-1] [INFO] [1790243346.138099920] [robot1.local_costmap.local_costmap]: StaticLayer: Resizing static layer to 203 X 314 at 0.050000 m/pix
[component_container_isolated-1] [INFO] [1790243346.150404650] [robot1.controller_server]: Passing new path to controller.
[component_container_isolated-1] [INFO] [1790243346.547786446] [robot1.global_costmap.global_costmap]: StaticLayer: Resizing costmap to 203 X 314 at 0.050000 m/pix
[component_container_isolated-1] [INFO] [1790243347.150376780] [robot1.controller_server]: Passing new path to controller.
[component_container_isolated-1] [INFO] [1790243347.738165067] [robot1.local_costmap.local_costmap]: StaticLayer: Resizing static layer to 209 X 314 at 0.050000 m/pix
[component_container_isolated-1] [INFO] [1790243348.200395545] [robot1.controller_server]: Passing new path to controller.
[component_container_isolated-1] [INFO] [1790243348.547785915] [robot1.global_costmap.global_costmap]: StaticLayer: Resizing costmap to 209 X 314 at 0.050000 m/pix
[component_container_isolated-1] [INFO] [1790243349.200384528] [robot1.controller_server]: Passing new path to controller.
[component_container_isolated-1] [INFO] [1790243350.250377777] [robot1.controller_server]: Passing new path to controller.
[component_container_isolated-1] [INFO] [1790243350.738139908] [robot1.local_costmap.local_costmap]: StaticLayer: Resizing static layer to 219 X 314 at 0.050000 m/pix
[component_container_isolated-1] [INFO] [1790243351.250442086] [robot1.controller_server]: Passing new path to controller.
[component_container_isolated-1] [INFO] [1790243351.547775413] [robot1.global_costmap.global_costmap]: StaticLayer: Resizing costmap to 219 X 314 at 0.050000 m/pix
[component_container_isolated-1] [INFO] [1790243352.300417768] [robot1.controller_server]: Passing new path to controller.
[component_container_isolated-1] [INFO] [1790243353.350403196] [robot1.controller_server]: Passing new path to controller.
[component_container_isolated-1] [INFO] [1790243354.350401060] [robot1.controller_server]: Passing new path to controller.
[component_container_isolated-1] [INFO] [1790243355.400397651] [robot1.controller_server]: Passing new path to controller.
[component_container_isolated-1] [INFO] [1790243356.400424104] [robot1.controller_server]: Passing new path to controller.
[component_container_isolated-1] [INFO] [1790243357.450397621] [robot1.controller_server]: Passing new path to controller.
[component_container_isolated-1] [INFO] [1790243358.500378549] [robot1.controller_server]: Passing new path to controller.
[component_container_isolated-1] [INFO] [1790243359.500398040] [robot1.controller_server]: Passing new path to controller.
[component_container_isolated-1] [INFO] [1790243360.550376296] [robot1.controller_server]: Passing new path to controller.
[component_container_isolated-1] [INFO] [1790243361.550374605] [robot1.controller_server]: Passing new path to controller.
[component_container_isolated-1] [INFO] [1790243362.600405615] [robot1.controller_server]: Passing new path to controller.
[component_container_isolated-1] [INFO] [1790243363.650398868] [robot1.controller_server]: Passing new path to controller.
[component_container_isolated-1] [INFO] [1790243364.650434728] [robot1.controller_server]: Passing new path to controller.
[component_container_isolated-1] [ERROR] [1790243365.100165942] [robot1.bt_navigator_navigate_to_pose_rclcpp_node]: Failed to get result for follow_path in node halt!
[component_container_isolated-1] [INFO] [1790243365.100227971] [robot1.bt_navigator]: [navigate_to_pose] [ActionServer] Client requested to cancel the goal. Cancelling.
[component_container_isolated-1] [INFO] [1790243365.100285286] [robot1.bt_navigator]: Goal canceled
[component_container_isolated-1] [INFO] [1790243365.100379427] [robot1.controller_server]: Goal was canceled. Stopping the robot.
[component_container_isolated-1] [INFO] [1790243365.100400860] [robot1.controller_server]: [follow_path] [ActionServer] Client requested to cancel the goal. Cancelling.
[component_container_isolated-1] [INFO] [1790243365.879926696] [robot1.bt_navigator]: Begin navigating from current location (3.80, -5.56) to (4.60, -5.01)
[component_container_isolated-1] [INFO] [1790243365.900339616] [robot1.controller_server]: Received a goal, begin computing control effort.
[component_container_isolated-1] [INFO] [1790243366.950530560] [robot1.controller_server]: Passing new path to controller.
[component_container_isolated-1] [INFO] [1790243368.000530596] [robot1.controller_server]: Passing new path to controller.
[component_container_isolated-1] [INFO] [1790243369.000551426] [robot1.controller_server]: Passing new path to controller.
[component_container_isolated-1] [ERROR] [1790243369.402416834] [DWBLocalPlanner]: No valid trajectories out of 419! 
[component_container_isolated-1] [ERROR] [1790243369.402457442] [DWBLocalPlanner]: 1.00: BaseObstacle/Trajectory Hits Obstacle.
[component_container_isolated-1] [WARN] [1790243369.402541913] [robot1.controller_server]: No valid trajectories out of 419! 
[component_container_isolated-1] [ERROR] [1790243369.452416700] [DWBLocalPlanner]: No valid trajectories out of 419! 
[component_container_isolated-1] [ERROR] [1790243369.452442073] [DWBLocalPlanner]: 1.00: BaseObstacle/Trajectory Hits Obstacle.
[component_container_isolated-1] [WARN] [1790243369.452505234] [robot1.controller_server]: No valid trajectories out of 419! 
[component_container_isolated-1] [ERROR] [1790243369.502397067] [DWBLocalPlanner]: No valid trajectories out of 419! 
[component_container_isolated-1] [ERROR] [1790243369.502423426] [DWBLocalPlanner]: 1.00: BaseObstacle/Trajectory Hits Obstacle.
[component_container_isolated-1] [WARN] [1790243369.502487592] [robot1.controller_server]: No valid trajectories out of 419! 
[component_container_isolated-1] [ERROR] [1790243369.552470269] [DWBLocalPlanner]: No valid trajectories out of 419! 
[component_container_isolated-1] [ERROR] [1790243369.552500172] [DWBLocalPlanner]: 1.00: BaseObstacle/Trajectory Hits Obstacle.
[component_container_isolated-1] [WARN] [1790243369.552574491] [robot1.controller_server]: No valid trajectories out of 419! 
[component_container_isolated-1] [ERROR] [1790243369.602380564] [DWBLocalPlanner]: No valid trajectories out of 419! 
[component_container_isolated-1] [ERROR] [1790243369.602407248] [DWBLocalPlanner]: 1.00: BaseObstacle/Trajectory Hits Obstacle.
[component_container_isolated-1] [WARN] [1790243369.602470257] [robot1.controller_server]: No valid trajectories out of 419! 
[component_container_isolated-1] [ERROR] [1790243369.652571552] [DWBLocalPlanner]: No valid trajectories out of 419! 
[component_container_isolated-1] [ERROR] [1790243369.652599240] [DWBLocalPlanner]: 1.00: BaseObstacle/Trajectory Hits Obstacle.
[component_container_isolated-1] [WARN] [1790243369.652669259] [robot1.controller_server]: No valid trajectories out of 419! 
[component_container_isolated-1] [ERROR] [1790243369.652685835] [robot1.controller_server]: Controller patience exceeded
[component_container_isolated-1] [WARN] [1790243369.652701864] [robot1.controller_server]: [follow_path] [ActionServer] Aborting handle.
[component_container_isolated-1] [INFO] [1790243369.670208186] [robot1.local_costmap.local_costmap]: Received request to clear entirely the local_costmap
[component_container_isolated-1] [INFO] [1790243369.670555306] [robot1.controller_server]: Received a goal, begin computing control effort.
[component_container_isolated-1] [ERROR] [1790243369.743215584] [DWBLocalPlanner]: No valid trajectories out of 419! 
[component_container_isolated-1] [ERROR] [1790243369.743246613] [DWBLocalPlanner]: 1.00: BaseObstacle/Trajectory Hits Obstacle.
[component_container_isolated-1] [WARN] [1790243369.743302532] [robot1.controller_server]: No valid trajectories out of 419! 
[component_container_isolated-1] [WARN] [1790243369.743348554] [robot1.controller_server]: Control loop missed its desired rate of 20.0000Hz
[component_container_isolated-1] [ERROR] [1790243369.745139798] [DWBLocalPlanner]: No valid trajectories out of 419! 
[component_container_isolated-1] [ERROR] [1790243369.745148146] [DWBLocalPlanner]: 1.00: BaseObstacle/Trajectory Hits Obstacle.
[component_container_isolated-1] [WARN] [1790243369.745184478] [robot1.controller_server]: No valid trajectories out of 419! 
[component_container_isolated-1] [ERROR] [1790243369.772526873] [DWBLocalPlanner]: No valid trajectories out of 419! 
[component_container_isolated-1] [ERROR] [1790243369.772544580] [DWBLocalPlanner]: 1.00: BaseObstacle/Trajectory Hits Obstacle.
[component_container_isolated-1] [WARN] [1790243369.772596488] [robot1.controller_server]: No valid trajectories out of 419! 
[component_container_isolated-1] [ERROR] [1790243369.822563890] [DWBLocalPlanner]: No valid trajectories out of 419! 
[component_container_isolated-1] [ERROR] [1790243369.822590548] [DWBLocalPlanner]: 1.00: BaseObstacle/Trajectory Hits Obstacle.
[component_container_isolated-1] [WARN] [1790243369.822655173] [robot1.controller_server]: No valid trajectories out of 419! 
[component_container_isolated-1] [ERROR] [1790243369.872618049] [DWBLocalPlanner]: No valid trajectories out of 419! 
[component_container_isolated-1] [ERROR] [1790243369.872643979] [DWBLocalPlanner]: 1.00: BaseObstacle/Trajectory Hits Obstacle.
[component_container_isolated-1] [WARN] [1790243369.872705178] [robot1.controller_server]: No valid trajectories out of 419! 
[component_container_isolated-1] [ERROR] [1790243369.922597660] [DWBLocalPlanner]: No valid trajectories out of 419! 
[component_container_isolated-1] [ERROR] [1790243369.922623912] [DWBLocalPlanner]: 1.00: BaseObstacle/Trajectory Hits Obstacle.
[component_container_isolated-1] [WARN] [1790243369.922686964] [robot1.controller_server]: No valid trajectories out of 419! 
[component_container_isolated-1] [ERROR] [1790243369.972577128] [DWBLocalPlanner]: No valid trajectories out of 419! 
[component_container_isolated-1] [ERROR] [1790243369.972601483] [DWBLocalPlanner]: 1.00: BaseObstacle/Trajectory Hits Obstacle.
[component_container_isolated-1] [WARN] [1790243369.972665851] [robot1.controller_server]: No valid trajectories out of 419! 
[component_container_isolated-1] [ERROR] [1790243369.972681434] [robot1.controller_server]: Controller patience exceeded
[component_container_isolated-1] [WARN] [1790243369.972697504] [robot1.controller_server]: [follow_path] [ActionServer] Aborting handle.
[component_container_isolated-1] [INFO] [1790243369.990141674] [robot1.local_costmap.local_costmap]: Received request to clear entirely the local_costmap
[component_container_isolated-1] [INFO] [1790243369.990310336] [robot1.global_costmap.global_costmap]: Received request to clear entirely the global_costmap
[component_container_isolated-1] [WARN] [1790243370.550995828] [robot1.planner_server]: Planner loop missed its desired rate of 20.0000 Hz. Current loop rate is 1.7845 Hz
[component_container_isolated-1] [INFO] [1790243370.570283610] [robot1.controller_server]: Received a goal, begin computing control effort.
[component_container_isolated-1] [ERROR] [1790243370.573345429] [DWBLocalPlanner]: No valid trajectories out of 419! 
[component_container_isolated-1] [ERROR] [1790243370.573389232] [DWBLocalPlanner]: 1.00: BaseObstacle/Trajectory Hits Obstacle.
[component_container_isolated-1] [WARN] [1790243370.573482217] [robot1.controller_server]: No valid trajectories out of 419! 
[component_container_isolated-1] [ERROR] [1790243370.623490054] [DWBLocalPlanner]: No valid trajectories out of 419! 
[component_container_isolated-1] [ERROR] [1790243370.623523764] [DWBLocalPlanner]: 1.00: BaseObstacle/Trajectory Hits Obstacle.
[component_container_isolated-1] [WARN] [1790243370.623608322] [robot1.controller_server]: No valid trajectories out of 419! 
[component_container_isolated-1] [ERROR] [1790243370.672712449] [DWBLocalPlanner]: No valid trajectories out of 419! 
[component_container_isolated-1] [ERROR] [1790243370.672740022] [DWBLocalPlanner]: 1.00: BaseObstacle/Trajectory Hits Obstacle.
[component_container_isolated-1] [WARN] [1790243370.672797733] [robot1.controller_server]: No valid trajectories out of 419! 
[component_container_isolated-1] [ERROR] [1790243370.722314987] [DWBLocalPlanner]: No valid trajectories out of 419! 
[component_container_isolated-1] [ERROR] [1790243370.722340473] [DWBLocalPlanner]: 1.00: BaseObstacle/Trajectory Hits Obstacle.
[component_container_isolated-1] [WARN] [1790243370.722406722] [robot1.controller_server]: No valid trajectories out of 419! 
[component_container_isolated-1] [ERROR] [1790243370.772341617] [DWBLocalPlanner]: No valid trajectories out of 419! 
[component_container_isolated-1] [ERROR] [1790243370.772374531] [DWBLocalPlanner]: 1.00: BaseObstacle/Trajectory Hits Obstacle.
[component_container_isolated-1] [WARN] [1790243370.772449901] [robot1.controller_server]: No valid trajectories out of 419! 
[component_container_isolated-1] [ERROR] [1790243370.822347610] [DWBLocalPlanner]: No valid trajectories out of 419! 
[component_container_isolated-1] [ERROR] [1790243370.822376956] [DWBLocalPlanner]: 1.00: BaseObstacle/Trajectory Hits Obstacle.
[component_container_isolated-1] [WARN] [1790243370.822445958] [robot1.controller_server]: No valid trajectories out of 419! 
[component_container_isolated-1] [ERROR] [1790243370.872243522] [DWBLocalPlanner]: No valid trajectories out of 419! 
[component_container_isolated-1] [ERROR] [1790243370.872269015] [DWBLocalPlanner]: 1.00: BaseObstacle/Trajectory Hits Obstacle.
[component_container_isolated-1] [WARN] [1790243370.872332298] [robot1.controller_server]: No valid trajectories out of 419! 
[component_container_isolated-1] [ERROR] [1790243370.872346665] [robot1.controller_server]: Controller patience exceeded
[component_container_isolated-1] [WARN] [1790243370.872363049] [robot1.controller_server]: [follow_path] [ActionServer] Aborting handle.
[component_container_isolated-1] [INFO] [1790243370.890202665] [robot1.local_costmap.local_costmap]: Received request to clear entirely the local_costmap
[component_container_isolated-1] [INFO] [1790243370.890616468] [robot1.controller_server]: Received a goal, begin computing control effort.
[component_container_isolated-1] [ERROR] [1790243370.943737683] [DWBLocalPlanner]: No valid trajectories out of 419! 
[component_container_isolated-1] [ERROR] [1790243370.943781044] [DWBLocalPlanner]: 1.00: BaseObstacle/Trajectory Hits Obstacle.
[component_container_isolated-1] [WARN] [1790243370.943866828] [robot1.controller_server]: No valid trajectories out of 419! 
[component_container_isolated-1] [WARN] [1790243370.943946627] [robot1.controller_server]: Control loop missed its desired rate of 20.0000Hz
[component_container_isolated-1] [ERROR] [1790243370.946882369] [DWBLocalPlanner]: No valid trajectories out of 419! 
[component_container_isolated-1] [ERROR] [1790243370.946900580] [DWBLocalPlanner]: 1.00: BaseObstacle/Trajectory Hits Obstacle.
[component_container_isolated-1] [WARN] [1790243370.946949482] [robot1.controller_server]: No valid trajectories out of 419! 
[component_container_isolated-1] [ERROR] [1790243370.992725173] [DWBLocalPlanner]: No valid trajectories out of 419! 
[component_container_isolated-1] [ERROR] [1790243370.992750092] [DWBLocalPlanner]: 1.00: BaseObstacle/Trajectory Hits Obstacle.
[component_container_isolated-1] [WARN] [1790243370.992819653] [robot1.controller_server]: No valid trajectories out of 419! 
[component_container_isolated-1] [ERROR] [1790243371.042612125] [DWBLocalPlanner]: No valid trajectories out of 419! 
[component_container_isolated-1] [ERROR] [1790243371.042641711] [DWBLocalPlanner]: 1.00: BaseObstacle/Trajectory Hits Obstacle.
[component_container_isolated-1] [WARN] [1790243371.042716184] [robot1.controller_server]: No valid trajectories out of 419! 
[component_container_isolated-1] [ERROR] [1790243371.092651342] [DWBLocalPlanner]: No valid trajectories out of 419! 
[component_container_isolated-1] [ERROR] [1790243371.092687049] [DWBLocalPlanner]: 1.00: BaseObstacle/Trajectory Hits Obstacle.
[component_container_isolated-1] [WARN] [1790243371.092758912] [robot1.controller_server]: No valid trajectories out of 419! 
[component_container_isolated-1] [ERROR] [1790243371.142635958] [DWBLocalPlanner]: No valid trajectories out of 419! 
[component_container_isolated-1] [ERROR] [1790243371.142661386] [DWBLocalPlanner]: 1.00: BaseObstacle/Trajectory Hits Obstacle.
[component_container_isolated-1] [WARN] [1790243371.142728778] [robot1.controller_server]: No valid trajectories out of 419! 
[component_container_isolated-1] [ERROR] [1790243371.192653355] [DWBLocalPlanner]: No valid trajectories out of 419! 
[component_container_isolated-1] [ERROR] [1790243371.192681604] [DWBLocalPlanner]: 1.00: BaseObstacle/Trajectory Hits Obstacle.
[component_container_isolated-1] [WARN] [1790243371.192757967] [robot1.controller_server]: No valid trajectories out of 419! 
[component_container_isolated-1] [ERROR] [1790243371.192774614] [robot1.controller_server]: Controller patience exceeded
[component_container_isolated-1] [WARN] [1790243371.192790715] [robot1.controller_server]: [follow_path] [ActionServer] Aborting handle.
[component_container_isolated-1] [INFO] [1790243371.210367183] [robot1.behavior_server]: Running spin
[component_container_isolated-1] [INFO] [1790243371.210443313] [robot1.behavior_server]: Turning 1.57 for spin behavior.
[component_container_isolated-1] [WARN] [1790243371.310835873] [robot1.behavior_server]: Collision Ahead - Exiting Spin
[component_container_isolated-1] [WARN] [1790243371.310865301] [robot1.behavior_server]: spin failed
[component_container_isolated-1] [WARN] [1790243371.310876689] [robot1.behavior_server]: [spin] [ActionServer] Aborting handle.
[component_container_isolated-1] [INFO] [1790243371.340401417] [robot1.behavior_server]: Running wait
[component_container_isolated-1] [INFO] [1790243376.340537488] [robot1.behavior_server]: wait completed successfully
[component_container_isolated-1] [INFO] [1790243376.390324331] [robot1.controller_server]: Received a goal, begin computing control effort.
[component_container_isolated-1] [ERROR] [1790243376.393574274] [DWBLocalPlanner]: No valid trajectories out of 419! 
[component_container_isolated-1] [ERROR] [1790243376.393602923] [DWBLocalPlanner]: 1.00: BaseObstacle/Trajectory Hits Obstacle.
[component_container_isolated-1] [WARN] [1790243376.393700391] [robot1.controller_server]: No valid trajectories out of 419! 
[component_container_isolated-1] [ERROR] [1790243376.442806376] [DWBLocalPlanner]: No valid trajectories out of 419! 
[component_container_isolated-1] [ERROR] [1790243376.442838178] [DWBLocalPlanner]: 1.00: BaseObstacle/Trajectory Hits Obstacle.
[component_container_isolated-1] [WARN] [1790243376.442911903] [robot1.controller_server]: No valid trajectories out of 419! 
[component_container_isolated-1] [ERROR] [1790243376.492376340] [DWBLocalPlanner]: No valid trajectories out of 419! 
[component_container_isolated-1] [ERROR] [1790243376.492402038] [DWBLocalPlanner]: 1.00: BaseObstacle/Trajectory Hits Obstacle.
[component_container_isolated-1] [WARN] [1790243376.492470120] [robot1.controller_server]: No valid trajectories out of 419! 
[component_container_isolated-1] [ERROR] [1790243376.542367071] [DWBLocalPlanner]: No valid trajectories out of 419! 
[component_container_isolated-1] [ERROR] [1790243376.542395405] [DWBLocalPlanner]: 1.00: BaseObstacle/Trajectory Hits Obstacle.
[component_container_isolated-1] [WARN] [1790243376.542462532] [robot1.controller_server]: No valid trajectories out of 419! 
[component_container_isolated-1] [ERROR] [1790243376.592438606] [DWBLocalPlanner]: No valid trajectories out of 419! 
[component_container_isolated-1] [ERROR] [1790243376.592465422] [DWBLocalPlanner]: 1.00: BaseObstacle/Trajectory Hits Obstacle.
[component_container_isolated-1] [WARN] [1790243376.592539692] [robot1.controller_server]: No valid trajectories out of 419! 
[component_container_isolated-1] [ERROR] [1790243376.642536573] [DWBLocalPlanner]: No valid trajectories out of 419! 
[component_container_isolated-1] [ERROR] [1790243376.642560424] [DWBLocalPlanner]: 1.00: BaseObstacle/Trajectory Hits Obstacle.
[component_container_isolated-1] [WARN] [1790243376.642629100] [robot1.controller_server]: No valid trajectories out of 419! 
[component_container_isolated-1] [ERROR] [1790243376.692363052] [DWBLocalPlanner]: No valid trajectories out of 419! 
[component_container_isolated-1] [ERROR] [1790243376.692394625] [DWBLocalPlanner]: 1.00: BaseObstacle/Trajectory Hits Obstacle.
[component_container_isolated-1] [WARN] [1790243376.692470341] [robot1.controller_server]: No valid trajectories out of 419! 
[component_container_isolated-1] [ERROR] [1790243376.692487808] [robot1.controller_server]: Controller patience exceeded
[component_container_isolated-1] [WARN] [1790243376.692504251] [robot1.controller_server]: [follow_path] [ActionServer] Aborting handle.
[component_container_isolated-1] [INFO] [1790243376.710186988] [robot1.local_costmap.local_costmap]: Received request to clear entirely the local_costmap
[component_container_isolated-1] [INFO] [1790243376.710539362] [robot1.controller_server]: Received a goal, begin computing control effort.
[component_container_isolated-1] [ERROR] [1790243376.743696742] [DWBLocalPlanner]: No valid trajectories out of 419! 
[component_container_isolated-1] [ERROR] [1790243376.743748718] [DWBLocalPlanner]: 1.00: BaseObstacle/Trajectory Hits Obstacle.
[component_container_isolated-1] [WARN] [1790243376.743857522] [robot1.controller_server]: No valid trajectories out of 419! 
[component_container_isolated-1] [ERROR] [1790243376.762872062] [DWBLocalPlanner]: No valid trajectories out of 419! 
[component_container_isolated-1] [ERROR] [1790243376.762899576] [DWBLocalPlanner]: 1.00: BaseObstacle/Trajectory Hits Obstacle.
[component_container_isolated-1] [WARN] [1790243376.762967669] [robot1.controller_server]: No valid trajectories out of 419! 
[component_container_isolated-1] [ERROR] [1790243376.812556993] [DWBLocalPlanner]: No valid trajectories out of 419! 
[component_container_isolated-1] [ERROR] [1790243376.812590805] [DWBLocalPlanner]: 1.00: BaseObstacle/Trajectory Hits Obstacle.
[component_container_isolated-1] [WARN] [1790243376.812691253] [robot1.controller_server]: No valid trajectories out of 419! 
[component_container_isolated-1] [ERROR] [1790243376.862531899] [DWBLocalPlanner]: No valid trajectories out of 419! 
[component_container_isolated-1] [ERROR] [1790243376.862556717] [DWBLocalPlanner]: 1.00: BaseObstacle/Trajectory Hits Obstacle.
[component_container_isolated-1] [WARN] [1790243376.862622676] [robot1.controller_server]: No valid trajectories out of 419! 
[component_container_isolated-1] [ERROR] [1790243376.913063367] [DWBLocalPlanner]: No valid trajectories out of 419! 
[component_container_isolated-1] [ERROR] [1790243376.913088796] [DWBLocalPlanner]: 1.00: BaseObstacle/Trajectory Hits Obstacle.
[component_container_isolated-1] [WARN] [1790243376.913170243] [robot1.controller_server]: No valid trajectories out of 419! 
[component_container_isolated-1] [ERROR] [1790243376.962573923] [DWBLocalPlanner]: No valid trajectories out of 419! 
[component_container_isolated-1] [ERROR] [1790243376.962598773] [DWBLocalPlanner]: 1.00: BaseObstacle/Trajectory Hits Obstacle.
[component_container_isolated-1] [WARN] [1790243376.962670627] [robot1.controller_server]: No valid trajectories out of 419! 
[component_container_isolated-1] [ERROR] [1790243377.012580319] [DWBLocalPlanner]: No valid trajectories out of 419! 
[component_container_isolated-1] [ERROR] [1790243377.012610078] [DWBLocalPlanner]: 1.00: BaseObstacle/Trajectory Hits Obstacle.
[component_container_isolated-1] [WARN] [1790243377.012685637] [robot1.controller_server]: No valid trajectories out of 419! 
[component_container_isolated-1] [ERROR] [1790243377.012702959] [robot1.controller_server]: Controller patience exceeded
[component_container_isolated-1] [WARN] [1790243377.012720116] [robot1.controller_server]: [follow_path] [ActionServer] Aborting handle.
[component_container_isolated-1] [INFO] [1790243377.030284512] [robot1.behavior_server]: Running backup
[component_container_isolated-1] [INFO] [1790243377.030452007] [robot1.behavior_server]: DriveOnHeading: no acceleration or deceleration limits set
[component_container_isolated-1] [WARN] [1790243377.030602672] [robot1.behavior_server]: Collision Ahead - Exiting DriveOnHeading
[component_container_isolated-1] [WARN] [1790243377.030635275] [robot1.behavior_server]: backup failed
[component_container_isolated-1] [WARN] [1790243377.030643883] [robot1.behavior_server]: [backup] [ActionServer] Aborting handle.
[component_container_isolated-1] [INFO] [1790243377.060190917] [robot1.local_costmap.local_costmap]: Received request to clear entirely the local_costmap
[component_container_isolated-1] [INFO] [1790243377.060312653] [robot1.global_costmap.global_costmap]: Received request to clear entirely the global_costmap
[component_container_isolated-1] [WARN] [1790243377.551014496] [robot1.planner_server]: Planner loop missed its desired rate of 20.0000 Hz. Current loop rate is 2.0393 Hz
[component_container_isolated-1] [INFO] [1790243377.570439358] [robot1.controller_server]: Received a goal, begin computing control effort.
[component_container_isolated-1] [ERROR] [1790243377.573645519] [DWBLocalPlanner]: No valid trajectories out of 419! 
[component_container_isolated-1] [ERROR] [1790243377.573675958] [DWBLocalPlanner]: 1.00: BaseObstacle/Trajectory Hits Obstacle.
[component_container_isolated-1] [WARN] [1790243377.573770135] [robot1.controller_server]: No valid trajectories out of 419! 
[component_container_isolated-1] [ERROR] [1790243377.623285095] [DWBLocalPlanner]: No valid trajectories out of 419! 
[component_container_isolated-1] [ERROR] [1790243377.623314861] [DWBLocalPlanner]: 1.00: BaseObstacle/Trajectory Hits Obstacle.
[component_container_isolated-1] [WARN] [1790243377.623377827] [robot1.controller_server]: No valid trajectories out of 419! 
[component_container_isolated-1] [ERROR] [1790243377.672591506] [DWBLocalPlanner]: No valid trajectories out of 419! 
[component_container_isolated-1] [ERROR] [1790243377.672617732] [DWBLocalPlanner]: 1.00: BaseObstacle/Trajectory Hits Obstacle.
[component_container_isolated-1] [WARN] [1790243377.672685622] [robot1.controller_server]: No valid trajectories out of 419! 
[component_container_isolated-1] [ERROR] [1790243377.722455363] [DWBLocalPlanner]: No valid trajectories out of 419! 
[component_container_isolated-1] [ERROR] [1790243377.722480194] [DWBLocalPlanner]: 1.00: BaseObstacle/Trajectory Hits Obstacle.
[component_container_isolated-1] [WARN] [1790243377.722549443] [robot1.controller_server]: No valid trajectories out of 419! 
[component_container_isolated-1] [ERROR] [1790243377.772461238] [DWBLocalPlanner]: No valid trajectories out of 419! 
[component_container_isolated-1] [ERROR] [1790243377.772487749] [DWBLocalPlanner]: 1.00: BaseObstacle/Trajectory Hits Obstacle.
[component_container_isolated-1] [WARN] [1790243377.772566702] [robot1.controller_server]: No valid trajectories out of 419! 
[component_container_isolated-1] [ERROR] [1790243377.822463875] [DWBLocalPlanner]: No valid trajectories out of 419! 
[component_container_isolated-1] [ERROR] [1790243377.822488027] [DWBLocalPlanner]: 1.00: BaseObstacle/Trajectory Hits Obstacle.
[component_container_isolated-1] [WARN] [1790243377.822555464] [robot1.controller_server]: No valid trajectories out of 419! 
[component_container_isolated-1] [ERROR] [1790243377.872471076] [DWBLocalPlanner]: No valid trajectories out of 419! 
[component_container_isolated-1] [ERROR] [1790243377.872496913] [DWBLocalPlanner]: 1.00: BaseObstacle/Trajectory Hits Obstacle.
[component_container_isolated-1] [WARN] [1790243377.872565016] [robot1.controller_server]: No valid trajectories out of 419! 
[component_container_isolated-1] [ERROR] [1790243377.872581635] [robot1.controller_server]: Controller patience exceeded
[component_container_isolated-1] [WARN] [1790243377.872596706] [robot1.controller_server]: [follow_path] [ActionServer] Aborting handle.
[component_container_isolated-1] [INFO] [1790243377.890148388] [robot1.local_costmap.local_costmap]: Received request to clear entirely the local_costmap
[component_container_isolated-1] [INFO] [1790243377.890365594] [robot1.controller_server]: Received a goal, begin computing control effort.
[component_container_isolated-1] [ERROR] [1790243377.942717576] [DWBLocalPlanner]: No valid trajectories out of 419! 
[component_container_isolated-1] [ERROR] [1790243377.942755069] [DWBLocalPlanner]: 1.00: BaseObstacle/Trajectory Hits Obstacle.
[component_container_isolated-1] [WARN] [1790243377.942822560] [robot1.controller_server]: No valid trajectories out of 419! 
[component_container_isolated-1] [WARN] [1790243377.942882158] [robot1.controller_server]: Control loop missed its desired rate of 20.0000Hz
[component_container_isolated-1] [ERROR] [1790243377.944660787] [DWBLocalPlanner]: No valid trajectories out of 419! 
[component_container_isolated-1] [ERROR] [1790243377.944668760] [DWBLocalPlanner]: 1.00: BaseObstacle/Trajectory Hits Obstacle.
[component_container_isolated-1] [WARN] [1790243377.944706007] [robot1.controller_server]: No valid trajectories out of 419! 
[component_container_isolated-1] [ERROR] [1790243377.992374161] [DWBLocalPlanner]: No valid trajectories out of 419! 
[component_container_isolated-1] [ERROR] [1790243377.992398937] [DWBLocalPlanner]: 1.00: BaseObstacle/Trajectory Hits Obstacle.
[component_container_isolated-1] [WARN] [1790243377.992467228] [robot1.controller_server]: No valid trajectories out of 419! 
[component_container_isolated-1] [ERROR] [1790243378.042417879] [DWBLocalPlanner]: No valid trajectories out of 419! 
[component_container_isolated-1] [ERROR] [1790243378.042445259] [DWBLocalPlanner]: 1.00: BaseObstacle/Trajectory Hits Obstacle.
[component_container_isolated-1] [WARN] [1790243378.042516304] [robot1.controller_server]: No valid trajectories out of 419! 
[component_container_isolated-1] [ERROR] [1790243378.092385190] [DWBLocalPlanner]: No valid trajectories out of 419! 
[component_container_isolated-1] [ERROR] [1790243378.092448105] [DWBLocalPlanner]: 1.00: BaseObstacle/Trajectory Hits Obstacle.
[component_container_isolated-1] [WARN] [1790243378.092535340] [robot1.controller_server]: No valid trajectories out of 419! 
[component_container_isolated-1] [ERROR] [1790243378.142446202] [DWBLocalPlanner]: No valid trajectories out of 419! 
[component_container_isolated-1] [ERROR] [1790243378.142472851] [DWBLocalPlanner]: 1.00: BaseObstacle/Trajectory Hits Obstacle.
[component_container_isolated-1] [WARN] [1790243378.142543291] [robot1.controller_server]: No valid trajectories out of 419! 
[component_container_isolated-1] [ERROR] [1790243378.192394259] [DWBLocalPlanner]: No valid trajectories out of 419! 
[component_container_isolated-1] [ERROR] [1790243378.192417824] [DWBLocalPlanner]: 1.00: BaseObstacle/Trajectory Hits Obstacle.
[component_container_isolated-1] [WARN] [1790243378.192485704] [robot1.controller_server]: No valid trajectories out of 419! 
[component_container_isolated-1] [ERROR] [1790243378.192501208] [robot1.controller_server]: Controller patience exceeded
[component_container_isolated-1] [WARN] [1790243378.192517346] [robot1.controller_server]: [follow_path] [ActionServer] Aborting handle.
[component_container_isolated-1] [INFO] [1790243378.210403889] [robot1.behavior_server]: Running spin
[component_container_isolated-1] [INFO] [1790243378.210465028] [robot1.behavior_server]: Turning 1.57 for spin behavior.
[component_container_isolated-1] [WARN] [1790243378.610668833] [robot1.behavior_server]: Collision Ahead - Exiting Spin
[component_container_isolated-1] [WARN] [1790243378.610697645] [robot1.behavior_server]: spin failed
[component_container_isolated-1] [WARN] [1790243378.610708454] [robot1.behavior_server]: [spin] [ActionServer] Aborting handle.
[component_container_isolated-1] [INFO] [1790243378.640306248] [robot1.behavior_server]: Running wait
[component_container_isolated-1] [INFO] [1790243379.690101318] [robot1.bt_navigator]: Received goal preemption request
[component_container_isolated-1] [INFO] [1790243379.690280270] [robot1.bt_navigator]: Begin navigating from current location (4.41, -5.50) to (3.91, -1.84)
[component_container_isolated-1] [INFO] [1790243379.890101376] [robot1.bt_navigator]: Received goal preemption request
[component_container_isolated-1] [INFO] [1790243379.890267411] [robot1.bt_navigator]: Begin navigating from current location (4.41, -5.50) to (5.11, -3.77)
[component_container_isolated-1] [INFO] [1790243382.560082136] [robot1.bt_navigator]: Received goal preemption request
[component_container_isolated-1] [INFO] [1790243382.560218024] [robot1.bt_navigator]: Begin navigating from current location (4.41, -5.50) to (3.61, -3.74)
[component_container_isolated-1] [INFO] [1790243382.890151615] [robot1.bt_navigator]: Received goal preemption request
[component_container_isolated-1] [INFO] [1790243382.890274714] [robot1.bt_navigator]: Begin navigating from current location (4.41, -5.50) to (5.86, -3.43)
[component_container_isolated-1] [INFO] [1790243383.640505654] [robot1.behavior_server]: wait completed successfully
[component_container_isolated-1] [ERROR] [1790243383.671520556] [robot1.planner_server]: worldToMap failed: mx,my: 219,81, size_x,size_y: 219,314
[component_container_isolated-1] [ERROR] [1790243383.671575187] [robot1.planner_server]: worldToMap failed: mx,my: 220,81, size_x,size_y: 219,314
[component_container_isolated-1] [ERROR] [1790243383.671579227] [robot1.planner_server]: worldToMap failed: mx,my: 221,81, size_x,size_y: 219,314
[component_container_isolated-1] [ERROR] [1790243383.671582782] [robot1.planner_server]: worldToMap failed: mx,my: 219,82, size_x,size_y: 219,314
[component_container_isolated-1] [ERROR] [1790243383.671585486] [robot1.planner_server]: worldToMap failed: mx,my: 220,82, size_x,size_y: 219,314
[component_container_isolated-1] [ERROR] [1790243383.671588035] [robot1.planner_server]: worldToMap failed: mx,my: 221,82, size_x,size_y: 219,314
[component_container_isolated-1] [ERROR] [1790243383.671590981] [robot1.planner_server]: worldToMap failed: mx,my: 219,83, size_x,size_y: 219,314
[component_container_isolated-1] [ERROR] [1790243383.671593541] [robot1.planner_server]: worldToMap failed: mx,my: 220,83, size_x,size_y: 219,314
[component_container_isolated-1] [ERROR] [1790243383.671596057] [robot1.planner_server]: worldToMap failed: mx,my: 221,83, size_x,size_y: 219,314
[component_container_isolated-1] [ERROR] [1790243383.671598943] [robot1.planner_server]: worldToMap failed: mx,my: 219,84, size_x,size_y: 219,314
[component_container_isolated-1] [ERROR] [1790243383.671601446] [robot1.planner_server]: worldToMap failed: mx,my: 220,84, size_x,size_y: 219,314
[component_container_isolated-1] [ERROR] [1790243383.671603808] [robot1.planner_server]: worldToMap failed: mx,my: 221,84, size_x,size_y: 219,314
[component_container_isolated-1] [ERROR] [1790243383.671606702] [robot1.planner_server]: worldToMap failed: mx,my: 219,85, size_x,size_y: 219,314
[component_container_isolated-1] [ERROR] [1790243383.671609187] [robot1.planner_server]: worldToMap failed: mx,my: 220,85, size_x,size_y: 219,314
[component_container_isolated-1] [ERROR] [1790243383.671611775] [robot1.planner_server]: worldToMap failed: mx,my: 221,85, size_x,size_y: 219,314
[component_container_isolated-1] [ERROR] [1790243383.671615123] [robot1.planner_server]: worldToMap failed: mx,my: 219,86, size_x,size_y: 219,314
[component_container_isolated-1] [ERROR] [1790243383.671617558] [robot1.planner_server]: worldToMap failed: mx,my: 220,86, size_x,size_y: 219,314
[component_container_isolated-1] [ERROR] [1790243383.671620257] [robot1.planner_server]: worldToMap failed: mx,my: 221,86, size_x,size_y: 219,314
[component_container_isolated-1] [ERROR] [1790243383.671623057] [robot1.planner_server]: worldToMap failed: mx,my: 219,87, size_x,size_y: 219,314
[component_container_isolated-1] [ERROR] [1790243383.671625655] [robot1.planner_server]: worldToMap failed: mx,my: 220,87, size_x,size_y: 219,314
[component_container_isolated-1] [ERROR] [1790243383.671628045] [robot1.planner_server]: worldToMap failed: mx,my: 221,87, size_x,size_y: 219,314
[component_container_isolated-1] [ERROR] [1790243383.671630968] [robot1.planner_server]: worldToMap failed: mx,my: 219,88, size_x,size_y: 219,314
[component_container_isolated-1] [ERROR] [1790243383.671633460] [robot1.planner_server]: worldToMap failed: mx,my: 220,88, size_x,size_y: 219,314
[component_container_isolated-1] [ERROR] [1790243383.671636025] [robot1.planner_server]: worldToMap failed: mx,my: 221,88, size_x,size_y: 219,314
[component_container_isolated-1] [ERROR] [1790243383.671639076] [robot1.planner_server]: worldToMap failed: mx,my: 219,89, size_x,size_y: 219,314
[component_container_isolated-1] [ERROR] [1790243383.671641483] [robot1.planner_server]: worldToMap failed: mx,my: 220,89, size_x,size_y: 219,314
[component_container_isolated-1] [ERROR] [1790243383.671643928] [robot1.planner_server]: worldToMap failed: mx,my: 221,89, size_x,size_y: 219,314
[component_container_isolated-1] [ERROR] [1790243383.671646831] [robot1.planner_server]: worldToMap failed: mx,my: 219,90, size_x,size_y: 219,314
[component_container_isolated-1] [ERROR] [1790243383.671649470] [robot1.planner_server]: worldToMap failed: mx,my: 220,90, size_x,size_y: 219,314
[component_container_isolated-1] [ERROR] [1790243383.671651919] [robot1.planner_server]: worldToMap failed: mx,my: 221,90, size_x,size_y: 219,314
[component_container_isolated-1] [ERROR] [1790243383.671654793] [robot1.planner_server]: worldToMap failed: mx,my: 219,91, size_x,size_y: 219,314
[component_container_isolated-1] [ERROR] [1790243383.671669886] [robot1.planner_server]: worldToMap failed: mx,my: 220,91, size_x,size_y: 219,314
[component_container_isolated-1] [ERROR] [1790243383.671672447] [robot1.planner_server]: worldToMap failed: mx,my: 221,91, size_x,size_y: 219,314
[component_container_isolated-1] [ERROR] [1790243383.671675255] [robot1.planner_server]: worldToMap failed: mx,my: 219,92, size_x,size_y: 219,314
[component_container_isolated-1] [ERROR] [1790243383.671677759] [robot1.planner_server]: worldToMap failed: mx,my: 220,92, size_x,size_y: 219,314
[component_container_isolated-1] [ERROR] [1790243383.671680179] [robot1.planner_server]: worldToMap failed: mx,my: 221,92, size_x,size_y: 219,314
[component_container_isolated-1] [ERROR] [1790243383.671683308] [robot1.planner_server]: worldToMap failed: mx,my: 219,93, size_x,size_y: 219,314
[component_container_isolated-1] [ERROR] [1790243383.671685728] [robot1.planner_server]: worldToMap failed: mx,my: 220,93, size_x,size_y: 219,314
[component_container_isolated-1] [ERROR] [1790243383.671688148] [robot1.planner_server]: worldToMap failed: mx,my: 221,93, size_x,size_y: 219,314
[component_container_isolated-1] [ERROR] [1790243383.671691345] [robot1.planner_server]: worldToMap failed: mx,my: 219,94, size_x,size_y: 219,314
[component_container_isolated-1] [ERROR] [1790243383.671693784] [robot1.planner_server]: worldToMap failed: mx,my: 220,94, size_x,size_y: 219,314
[component_container_isolated-1] [ERROR] [1790243383.671696646] [robot1.planner_server]: worldToMap failed: mx,my: 221,94, size_x,size_y: 219,314
[component_container_isolated-1] [ERROR] [1790243383.671699551] [robot1.planner_server]: worldToMap failed: mx,my: 219,95, size_x,size_y: 219,314
[component_container_isolated-1] [ERROR] [1790243383.671702089] [robot1.planner_server]: worldToMap failed: mx,my: 220,95, size_x,size_y: 219,314
[component_container_isolated-1] [ERROR] [1790243383.671704697] [robot1.planner_server]: worldToMap failed: mx,my: 221,95, size_x,size_y: 219,314
[component_container_isolated-1] [ERROR] [1790243383.671707823] [robot1.planner_server]: worldToMap failed: mx,my: 219,96, size_x,size_y: 219,314
[component_container_isolated-1] [ERROR] [1790243383.671710478] [robot1.planner_server]: worldToMap failed: mx,my: 220,96, size_x,size_y: 219,314
[component_container_isolated-1] [ERROR] [1790243383.671713331] [robot1.planner_server]: worldToMap failed: mx,my: 221,96, size_x,size_y: 219,314
[component_container_isolated-1] [ERROR] [1790243383.671716220] [robot1.planner_server]: worldToMap failed: mx,my: 219,97, size_x,size_y: 219,314
[component_container_isolated-1] [ERROR] [1790243383.671718615] [robot1.planner_server]: worldToMap failed: mx,my: 220,97, size_x,size_y: 219,314
[component_container_isolated-1] [ERROR] [1790243383.671721005] [robot1.planner_server]: worldToMap failed: mx,my: 221,97, size_x,size_y: 219,314
[component_container_isolated-1] [ERROR] [1790243383.671723828] [robot1.planner_server]: worldToMap failed: mx,my: 219,98, size_x,size_y: 219,314
[component_container_isolated-1] [ERROR] [1790243383.671726599] [robot1.planner_server]: worldToMap failed: mx,my: 220,98, size_x,size_y: 219,314
[component_container_isolated-1] [ERROR] [1790243383.671729134] [robot1.planner_server]: worldToMap failed: mx,my: 221,98, size_x,size_y: 219,314
[component_container_isolated-1] [ERROR] [1790243383.671731960] [robot1.planner_server]: worldToMap failed: mx,my: 219,99, size_x,size_y: 219,314
[component_container_isolated-1] [ERROR] [1790243383.671734356] [robot1.planner_server]: worldToMap failed: mx,my: 220,99, size_x,size_y: 219,314
[component_container_isolated-1] [ERROR] [1790243383.671736759] [robot1.planner_server]: worldToMap failed: mx,my: 221,99, size_x,size_y: 219,314
[component_container_isolated-1] [ERROR] [1790243383.671739540] [robot1.planner_server]: worldToMap failed: mx,my: 219,100, size_x,size_y: 219,314
[component_container_isolated-1] [ERROR] [1790243383.671742812] [robot1.planner_server]: worldToMap failed: mx,my: 220,100, size_x,size_y: 219,314
[component_container_isolated-1] [ERROR] [1790243383.671745240] [robot1.planner_server]: worldToMap failed: mx,my: 221,100, size_x,size_y: 219,314
[component_container_isolated-1] [INFO] [1790243383.690312677] [robot1.controller_server]: Received a goal, begin computing control effort.
[component_container_isolated-1] [ERROR] [1790243383.693660626] [DWBLocalPlanner]: No valid trajectories out of 419! 
[component_container_isolated-1] [ERROR] [1790243383.693684717] [DWBLocalPlanner]: 1.00: BaseObstacle/Trajectory Hits Obstacle.
[component_container_isolated-1] [WARN] [1790243383.693737157] [robot1.controller_server]: No valid trajectories out of 419! 
[component_container_isolated-1] [ERROR] [1790243383.693791728] [tf_help]: Transform data too old when converting from map to odom
[component_container_isolated-1] [ERROR] [1790243383.693794955] [tf_help]: Data time: 1790243383s 670311407ns, Transform time: 1790243377s 408168331ns
[component_container_isolated-1] [ERROR] [1790243383.742503627] [DWBLocalPlanner]: No valid trajectories out of 419! 
[component_container_isolated-1] [ERROR] [1790243383.742529140] [DWBLocalPlanner]: 1.00: BaseObstacle/Trajectory Hits Obstacle.
[component_container_isolated-1] [WARN] [1790243383.742586459] [robot1.controller_server]: No valid trajectories out of 419! 
[component_container_isolated-1] [ERROR] [1790243383.742634548] [tf_help]: Transform data too old when converting from map to odom
[component_container_isolated-1] [ERROR] [1790243383.742645614] [tf_help]: Data time: 1790243383s 670311407ns, Transform time: 1790243377s 408168331ns
[component_container_isolated-1] [ERROR] [1790243383.792453440] [DWBLocalPlanner]: No valid trajectories out of 419! 
[component_container_isolated-1] [ERROR] [1790243383.792479317] [DWBLocalPlanner]: 1.00: BaseObstacle/Trajectory Hits Obstacle.
[component_container_isolated-1] [WARN] [1790243383.792547008] [robot1.controller_server]: No valid trajectories out of 419! 
[component_container_isolated-1] [ERROR] [1790243383.792601260] [tf_help]: Transform data too old when converting from map to odom
[component_container_isolated-1] [ERROR] [1790243383.792605033] [tf_help]: Data time: 1790243383s 670311407ns, Transform time: 1790243377s 408168331ns
[component_container_isolated-1] [ERROR] [1790243383.842508873] [DWBLocalPlanner]: No valid trajectories out of 419! 
[component_container_isolated-1] [ERROR] [1790243383.842530215] [DWBLocalPlanner]: 1.00: BaseObstacle/Trajectory Hits Obstacle.
[component_container_isolated-1] [WARN] [1790243383.842606318] [robot1.controller_server]: No valid trajectories out of 419! 
[component_container_isolated-1] [ERROR] [1790243383.842663975] [tf_help]: Transform data too old when converting from map to odom
[component_container_isolated-1] [ERROR] [1790243383.842667088] [tf_help]: Data time: 1790243383s 670311407ns, Transform time: 1790243377s 408168331ns
[component_container_isolated-1] [ERROR] [1790243383.892423575] [DWBLocalPlanner]: No valid trajectories out of 419! 
[component_container_isolated-1] [ERROR] [1790243383.892448511] [DWBLocalPlanner]: 1.00: BaseObstacle/Trajectory Hits Obstacle.
[component_container_isolated-1] [WARN] [1790243383.892518586] [robot1.controller_server]: No valid trajectories out of 419! 
[component_container_isolated-1] [ERROR] [1790243383.892573691] [tf_help]: Transform data too old when converting from map to odom
[component_container_isolated-1] [ERROR] [1790243383.892577195] [tf_help]: Data time: 1790243383s 670311407ns, Transform time: 1790243377s 408168331ns
[component_container_isolated-1] [ERROR] [1790243383.942575020] [DWBLocalPlanner]: No valid trajectories out of 419! 
[component_container_isolated-1] [ERROR] [1790243383.942603970] [DWBLocalPlanner]: 1.00: BaseObstacle/Trajectory Hits Obstacle.
[component_container_isolated-1] [WARN] [1790243383.942677543] [robot1.controller_server]: No valid trajectories out of 419! 
[component_container_isolated-1] [ERROR] [1790243383.942743311] [tf_help]: Transform data too old when converting from map to odom
[component_container_isolated-1] [ERROR] [1790243383.942747632] [tf_help]: Data time: 1790243383s 670311407ns, Transform time: 1790243377s 408168331ns
[component_container_isolated-1] [ERROR] [1790243383.992474773] [DWBLocalPlanner]: No valid trajectories out of 419! 
[component_container_isolated-1] [ERROR] [1790243383.992501702] [DWBLocalPlanner]: 1.00: BaseObstacle/Trajectory Hits Obstacle.
[component_container_isolated-1] [WARN] [1790243383.992568769] [robot1.controller_server]: No valid trajectories out of 419! 
[component_container_isolated-1] [ERROR] [1790243383.992585493] [robot1.controller_server]: Controller patience exceeded
[component_container_isolated-1] [WARN] [1790243383.992600703] [robot1.controller_server]: [follow_path] [ActionServer] Aborting handle.
[component_container_isolated-1] [INFO] [1790243384.010260586] [robot1.local_costmap.local_costmap]: Received request to clear entirely the local_costmap
[component_container_isolated-1] [INFO] [1790243384.010549781] [robot1.controller_server]: Received a goal, begin computing control effort.
[component_container_isolated-1] [ERROR] [1790243384.143117926] [DWBLocalPlanner]: No valid trajectories out of 419! 
[component_container_isolated-1] [ERROR] [1790243384.143149227] [DWBLocalPlanner]: 1.00: BaseObstacle/Trajectory Hits Obstacle.
[component_container_isolated-1] [WARN] [1790243384.143209727] [robot1.controller_server]: No valid trajectories out of 419! 
[component_container_isolated-1] [ERROR] [1790243384.143269094] [tf_help]: Transform data too old when converting from map to odom
[component_container_isolated-1] [ERROR] [1790243384.143272897] [tf_help]: Data time: 1790243383s 670311407ns, Transform time: 1790243377s 408168331ns
[component_container_isolated-1] [WARN] [1790243384.143276851] [robot1.controller_server]: Control loop missed its desired rate of 20.0000Hz
[component_container_isolated-1] [ERROR] [1790243384.145145646] [DWBLocalPlanner]: No valid trajectories out of 419! 
[component_container_isolated-1] [ERROR] [1790243384.145153041] [DWBLocalPlanner]: 1.00: BaseObstacle/Trajectory Hits Obstacle.
[component_container_isolated-1] [WARN] [1790243384.145190339] [robot1.controller_server]: No valid trajectories out of 419! 
[component_container_isolated-1] [ERROR] [1790243384.145221971] [tf_help]: Transform data too old when converting from map to odom
[component_container_isolated-1] [ERROR] [1790243384.145224387] [tf_help]: Data time: 1790243383s 670311407ns, Transform time: 1790243377s 408168331ns
[component_container_isolated-1] [ERROR] [1790243384.197256696] [DWBLocalPlanner]: No valid trajectories out of 419! 
[component_container_isolated-1] [ERROR] [1790243384.197294941] [DWBLocalPlanner]: 1.00: BaseObstacle/Trajectory Hits Obstacle.
[component_container_isolated-1] [WARN] [1790243384.197364998] [robot1.controller_server]: No valid trajectories out of 419! 
[component_container_isolated-1] [ERROR] [1790243384.197418754] [tf_help]: Transform data too old when converting from map to odom
[component_container_isolated-1] [ERROR] [1790243384.197423962] [tf_help]: Data time: 1790243383s 670311407ns, Transform time: 1790243377s 408168331ns
[component_container_isolated-1] [ERROR] [1790243384.249423442] [DWBLocalPlanner]: No valid trajectories out of 419! 
[component_container_isolated-1] [ERROR] [1790243384.249450477] [DWBLocalPlanner]: 1.00: BaseObstacle/Trajectory Hits Obstacle.
[component_container_isolated-1] [WARN] [1790243384.249511256] [robot1.controller_server]: No valid trajectories out of 419! 
[component_container_isolated-1] [ERROR] [1790243384.249564746] [tf_help]: Transform data too old when converting from map to odom
[component_container_isolated-1] [ERROR] [1790243384.249568400] [tf_help]: Data time: 1790243383s 670311407ns, Transform time: 1790243377s 408168331ns
[component_container_isolated-1] [ERROR] [1790243384.301595804] [DWBLocalPlanner]: No valid trajectories out of 419! 
[component_container_isolated-1] [ERROR] [1790243384.301619324] [DWBLocalPlanner]: 1.00: BaseObstacle/Trajectory Hits Obstacle.
[component_container_isolated-1] [WARN] [1790243384.301682985] [robot1.controller_server]: No valid trajectories out of 419! 
[component_container_isolated-1] [ERROR] [1790243384.301734764] [tf_help]: Transform data too old when converting from map to odom
[component_container_isolated-1] [ERROR] [1790243384.301738565] [tf_help]: Data time: 1790243383s 670311407ns, Transform time: 1790243377s 408168331ns
[component_container_isolated-1] [ERROR] [1790243384.353814809] [DWBLocalPlanner]: No valid trajectories out of 419! 
[component_container_isolated-1] [ERROR] [1790243384.353841020] [DWBLocalPlanner]: 1.00: BaseObstacle/Trajectory Hits Obstacle.
[component_container_isolated-1] [WARN] [1790243384.353905723] [robot1.controller_server]: No valid trajectories out of 419! 
[component_container_isolated-1] [ERROR] [1790243384.353921175] [robot1.controller_server]: Controller patience exceeded
[component_container_isolated-1] [WARN] [1790243384.353937099] [robot1.controller_server]: [follow_path] [ActionServer] Aborting handle.
[component_container_isolated-1] [INFO] [1790243384.370325783] [robot1.behavior_server]: Running backup
[component_container_isolated-1] [WARN] [1790243384.370533813] [robot1.behavior_server]: Collision Ahead - Exiting DriveOnHeading
[component_container_isolated-1] [WARN] [1790243384.370551455] [robot1.behavior_server]: backup failed
[component_container_isolated-1] [WARN] [1790243384.370560707] [robot1.behavior_server]: [backup] [ActionServer] Aborting handle.
[component_container_isolated-1] [INFO] [1790243384.400227312] [robot1.local_costmap.local_costmap]: Received request to clear entirely the local_costmap
[component_container_isolated-1] [INFO] [1790243384.400382014] [robot1.global_costmap.global_costmap]: Received request to clear entirely the global_costmap
[component_container_isolated-1] [ERROR] [1790243384.552347278] [robot1.planner_server]: worldToMap failed: mx,my: 219,81, size_x,size_y: 219,314
[component_container_isolated-1] [ERROR] [1790243384.552410919] [robot1.planner_server]: worldToMap failed: mx,my: 220,81, size_x,size_y: 219,314
[component_container_isolated-1] [ERROR] [1790243384.552422181] [robot1.planner_server]: worldToMap failed: mx,my: 221,81, size_x,size_y: 219,314
[component_container_isolated-1] [ERROR] [1790243384.552431112] [robot1.planner_server]: worldToMap failed: mx,my: 219,82, size_x,size_y: 219,314
[component_container_isolated-1] [ERROR] [1790243384.552438497] [robot1.planner_server]: worldToMap failed: mx,my: 220,82, size_x,size_y: 219,314
[component_container_isolated-1] [ERROR] [1790243384.552445764] [robot1.planner_server]: worldToMap failed: mx,my: 221,82, size_x,size_y: 219,314
[component_container_isolated-1] [ERROR] [1790243384.552453534] [robot1.planner_server]: worldToMap failed: mx,my: 219,83, size_x,size_y: 219,314
[component_container_isolated-1] [ERROR] [1790243384.552460822] [robot1.planner_server]: worldToMap failed: mx,my: 220,83, size_x,size_y: 219,314
[component_container_isolated-1] [ERROR] [1790243384.552468128] [robot1.planner_server]: worldToMap failed: mx,my: 221,83, size_x,size_y: 219,314
[component_container_isolated-1] [ERROR] [1790243384.552475676] [robot1.planner_server]: worldToMap failed: mx,my: 219,84, size_x,size_y: 219,314
[component_container_isolated-1] [ERROR] [1790243384.552482771] [robot1.planner_server]: worldToMap failed: mx,my: 220,84, size_x,size_y: 219,314
[component_container_isolated-1] [ERROR] [1790243384.552489909] [robot1.planner_server]: worldToMap failed: mx,my: 221,84, size_x,size_y: 219,314
[component_container_isolated-1] [ERROR] [1790243384.552497511] [robot1.planner_server]: worldToMap failed: mx,my: 219,85, size_x,size_y: 219,314
[component_container_isolated-1] [ERROR] [1790243384.552504690] [robot1.planner_server]: worldToMap failed: mx,my: 220,85, size_x,size_y: 219,314
[component_container_isolated-1] [ERROR] [1790243384.552511723] [robot1.planner_server]: worldToMap failed: mx,my: 221,85, size_x,size_y: 219,314
[component_container_isolated-1] [ERROR] [1790243384.552529186] [robot1.planner_server]: worldToMap failed: mx,my: 219,86, size_x,size_y: 219,314
[component_container_isolated-1] [ERROR] [1790243384.552537469] [robot1.planner_server]: worldToMap failed: mx,my: 220,86, size_x,size_y: 219,314
[component_container_isolated-1] [ERROR] [1790243384.552544677] [robot1.planner_server]: worldToMap failed: mx,my: 221,86, size_x,size_y: 219,314
[component_container_isolated-1] [ERROR] [1790243384.552552302] [robot1.planner_server]: worldToMap failed: mx,my: 219,87, size_x,size_y: 219,314
[component_container_isolated-1] [ERROR] [1790243384.552561719] [robot1.planner_server]: worldToMap failed: mx,my: 220,87, size_x,size_y: 219,314
[component_container_isolated-1] [ERROR] [1790243384.552568909] [robot1.planner_server]: worldToMap failed: mx,my: 221,87, size_x,size_y: 219,314
[component_container_isolated-1] [ERROR] [1790243384.552576640] [robot1.planner_server]: worldToMap failed: mx,my: 219,88, size_x,size_y: 219,314
[component_container_isolated-1] [ERROR] [1790243384.552583781] [robot1.planner_server]: worldToMap failed: mx,my: 220,88, size_x,size_y: 219,314
[component_container_isolated-1] [ERROR] [1790243384.552591003] [robot1.planner_server]: worldToMap failed: mx,my: 221,88, size_x,size_y: 219,314
[component_container_isolated-1] [ERROR] [1790243384.552598823] [robot1.planner_server]: worldToMap failed: mx,my: 219,89, size_x,size_y: 219,314
[component_container_isolated-1] [ERROR] [1790243384.552605956] [robot1.planner_server]: worldToMap failed: mx,my: 220,89, size_x,size_y: 219,314
[component_container_isolated-1] [ERROR] [1790243384.552612948] [robot1.planner_server]: worldToMap failed: mx,my: 221,89, size_x,size_y: 219,314
[component_container_isolated-1] [ERROR] [1790243384.552620616] [robot1.planner_server]: worldToMap failed: mx,my: 219,90, size_x,size_y: 219,314
[component_container_isolated-1] [ERROR] [1790243384.552627803] [robot1.planner_server]: worldToMap failed: mx,my: 220,90, size_x,size_y: 219,314
[component_container_isolated-1] [ERROR] [1790243384.552634895] [robot1.planner_server]: worldToMap failed: mx,my: 221,90, size_x,size_y: 219,314
[component_container_isolated-1] [ERROR] [1790243384.552642451] [robot1.planner_server]: worldToMap failed: mx,my: 219,91, size_x,size_y: 219,314
[component_container_isolated-1] [ERROR] [1790243384.552649593] [robot1.planner_server]: worldToMap failed: mx,my: 220,91, size_x,size_y: 219,314
[component_container_isolated-1] [ERROR] [1790243384.552656628] [robot1.planner_server]: worldToMap failed: mx,my: 221,91, size_x,size_y: 219,314
[component_container_isolated-1] [ERROR] [1790243384.552664176] [robot1.planner_server]: worldToMap failed: mx,my: 219,92, size_x,size_y: 219,314
[component_container_isolated-1] [ERROR] [1790243384.552671288] [robot1.planner_server]: worldToMap failed: mx,my: 220,92, size_x,size_y: 219,314
[component_container_isolated-1] [ERROR] [1790243384.552678346] [robot1.planner_server]: worldToMap failed: mx,my: 221,92, size_x,size_y: 219,314
[component_container_isolated-1] [ERROR] [1790243384.552685900] [robot1.planner_server]: worldToMap failed: mx,my: 219,93, size_x,size_y: 219,314
[component_container_isolated-1] [ERROR] [1790243384.552692896] [robot1.planner_server]: worldToMap failed: mx,my: 220,93, size_x,size_y: 219,314
[component_container_isolated-1] [ERROR] [1790243384.552700010] [robot1.planner_server]: worldToMap failed: mx,my: 221,93, size_x,size_y: 219,314
[component_container_isolated-1] [ERROR] [1790243384.552707748] [robot1.planner_server]: worldToMap failed: mx,my: 219,94, size_x,size_y: 219,314
[component_container_isolated-1] [ERROR] [1790243384.552716364] [robot1.planner_server]: worldToMap failed: mx,my: 220,94, size_x,size_y: 219,314
[component_container_isolated-1] [ERROR] [1790243384.552729129] [robot1.planner_server]: worldToMap failed: mx,my: 221,94, size_x,size_y: 219,314
[component_container_isolated-1] [ERROR] [1790243384.552737045] [robot1.planner_server]: worldToMap failed: mx,my: 219,95, size_x,size_y: 219,314
[component_container_isolated-1] [ERROR] [1790243384.552744133] [robot1.planner_server]: worldToMap failed: mx,my: 220,95, size_x,size_y: 219,314
[component_container_isolated-1] [ERROR] [1790243384.552751213] [robot1.planner_server]: worldToMap failed: mx,my: 221,95, size_x,size_y: 219,314
[component_container_isolated-1] [ERROR] [1790243384.552758823] [robot1.planner_server]: worldToMap failed: mx,my: 219,96, size_x,size_y: 219,314
[component_container_isolated-1] [ERROR] [1790243384.552765925] [robot1.planner_server]: worldToMap failed: mx,my: 220,96, size_x,size_y: 219,314
[component_container_isolated-1] [ERROR] [1790243384.552772951] [robot1.planner_server]: worldToMap failed: mx,my: 221,96, size_x,size_y: 219,314
[component_container_isolated-1] [ERROR] [1790243384.552780528] [robot1.planner_server]: worldToMap failed: mx,my: 219,97, size_x,size_y: 219,314
[component_container_isolated-1] [ERROR] [1790243384.552787443] [robot1.planner_server]: worldToMap failed: mx,my: 220,97, size_x,size_y: 219,314
[component_container_isolated-1] [ERROR] [1790243384.552794417] [robot1.planner_server]: worldToMap failed: mx,my: 221,97, size_x,size_y: 219,314
[component_container_isolated-1] [ERROR] [1790243384.552806169] [robot1.planner_server]: worldToMap failed: mx,my: 219,98, size_x,size_y: 219,314
[component_container_isolated-1] [ERROR] [1790243384.552814272] [robot1.planner_server]: worldToMap failed: mx,my: 220,98, size_x,size_y: 219,314
[component_container_isolated-1] [ERROR] [1790243384.552821289] [robot1.planner_server]: worldToMap failed: mx,my: 221,98, size_x,size_y: 219,314
[component_container_isolated-1] [ERROR] [1790243384.552828875] [robot1.planner_server]: worldToMap failed: mx,my: 219,99, size_x,size_y: 219,314
[component_container_isolated-1] [ERROR] [1790243384.552835925] [robot1.planner_server]: worldToMap failed: mx,my: 220,99, size_x,size_y: 219,314
[component_container_isolated-1] [ERROR] [1790243384.552842968] [robot1.planner_server]: worldToMap failed: mx,my: 221,99, size_x,size_y: 219,314
[component_container_isolated-1] [ERROR] [1790243384.552850326] [robot1.planner_server]: worldToMap failed: mx,my: 219,100, size_x,size_y: 219,314
[component_container_isolated-1] [ERROR] [1790243384.552857614] [robot1.planner_server]: worldToMap failed: mx,my: 220,100, size_x,size_y: 219,314
[component_container_isolated-1] [ERROR] [1790243384.552864733] [robot1.planner_server]: worldToMap failed: mx,my: 221,100, size_x,size_y: 219,314
[component_container_isolated-1] [WARN] [1790243384.552932691] [robot1.planner_server]: Planner loop missed its desired rate of 20.0000 Hz. Current loop rate is 6.5655 Hz
[component_container_isolated-1] [INFO] [1790243384.570325595] [robot1.controller_server]: Received a goal, begin computing control effort.
[component_container_isolated-1] [ERROR] [1790243384.573714575] [DWBLocalPlanner]: No valid trajectories out of 419! 
[component_container_isolated-1] [ERROR] [1790243384.573746915] [DWBLocalPlanner]: 1.00: BaseObstacle/Trajectory Hits Obstacle.
[component_container_isolated-1] [WARN] [1790243384.573854959] [robot1.controller_server]: No valid trajectories out of 419! 
[component_container_isolated-1] [ERROR] [1790243384.573964133] [tf_help]: Transform data too old when converting from map to odom
[component_container_isolated-1] [ERROR] [1790243384.573973918] [tf_help]: Data time: 1790243384s 550744217ns, Transform time: 1790243377s 408168331ns
[component_container_isolated-1] [ERROR] [1790243384.623795451] [DWBLocalPlanner]: No valid trajectories out of 419! 
[component_container_isolated-1] [ERROR] [1790243384.623834837] [DWBLocalPlanner]: 1.00: BaseObstacle/Trajectory Hits Obstacle.
[component_container_isolated-1] [WARN] [1790243384.623935270] [robot1.controller_server]: No valid trajectories out of 419! 
[component_container_isolated-1] [ERROR] [1790243384.624050372] [tf_help]: Transform data too old when converting from map to odom
[component_container_isolated-1] [ERROR] [1790243384.624059940] [tf_help]: Data time: 1790243384s 550744217ns, Transform time: 1790243377s 408168331ns
[component_container_isolated-1] [ERROR] [1790243384.673732002] [DWBLocalPlanner]: No valid trajectories out of 419! 
[component_container_isolated-1] [ERROR] [1790243384.673768056] [DWBLocalPlanner]: 1.00: BaseObstacle/Trajectory Hits Obstacle.
[component_container_isolated-1] [WARN] [1790243384.673863568] [robot1.controller_server]: No valid trajectories out of 419! 
[component_container_isolated-1] [ERROR] [1790243384.673967189] [tf_help]: Transform data too old when converting from map to odom
[component_container_isolated-1] [ERROR] [1790243384.673977216] [tf_help]: Data time: 1790243384s 550744217ns, Transform time: 1790243377s 408168331ns
[component_container_isolated-1] [ERROR] [1790243384.723298554] [DWBLocalPlanner]: No valid trajectories out of 419! 
[component_container_isolated-1] [ERROR] [1790243384.723327952] [DWBLocalPlanner]: 1.00: BaseObstacle/Trajectory Hits Obstacle.
[component_container_isolated-1] [WARN] [1790243384.723398881] [robot1.controller_server]: No valid trajectories out of 419! 
[component_container_isolated-1] [ERROR] [1790243384.723461545] [tf_help]: Transform data too old when converting from map to odom
[component_container_isolated-1] [ERROR] [1790243384.723466423] [tf_help]: Data time: 1790243384s 550744217ns, Transform time: 1790243377s 408168331ns
[component_container_isolated-1] [ERROR] [1790243384.772460353] [DWBLocalPlanner]: No valid trajectories out of 419! 
[component_container_isolated-1] [ERROR] [1790243384.772486747] [DWBLocalPlanner]: 1.00: BaseObstacle/Trajectory Hits Obstacle.
[component_container_isolated-1] [WARN] [1790243384.772551526] [robot1.controller_server]: No valid trajectories out of 419! 
[component_container_isolated-1] [ERROR] [1790243384.772601700] [tf_help]: Transform data too old when converting from map to odom
[component_container_isolated-1] [ERROR] [1790243384.772604946] [tf_help]: Data time: 1790243384s 550744217ns, Transform time: 1790243377s 408168331ns
[component_container_isolated-1] [ERROR] [1790243384.822444971] [DWBLocalPlanner]: No valid trajectories out of 419! 
[component_container_isolated-1] [ERROR] [1790243384.822470720] [DWBLocalPlanner]: 1.00: BaseObstacle/Trajectory Hits Obstacle.
[component_container_isolated-1] [WARN] [1790243384.822537211] [robot1.controller_server]: No valid trajectories out of 419! 
[component_container_isolated-1] [ERROR] [1790243384.822588925] [tf_help]: Transform data too old when converting from map to odom
[component_container_isolated-1] [ERROR] [1790243384.822599774] [tf_help]: Data time: 1790243384s 550744217ns, Transform time: 1790243377s 408168331ns
[component_container_isolated-1] [ERROR] [1790243384.872680881] [DWBLocalPlanner]: No valid trajectories out of 419! 
[component_container_isolated-1] [ERROR] [1790243384.872706950] [DWBLocalPlanner]: 1.00: BaseObstacle/Trajectory Hits Obstacle.
[component_container_isolated-1] [WARN] [1790243384.872774101] [robot1.controller_server]: No valid trajectories out of 419! 
[component_container_isolated-1] [ERROR] [1790243384.872790012] [robot1.controller_server]: Controller patience exceeded
[component_container_isolated-1] [WARN] [1790243384.872806332] [robot1.controller_server]: [follow_path] [ActionServer] Aborting handle.
[component_container_isolated-1] [INFO] [1790243384.890167203] [robot1.local_costmap.local_costmap]: Received request to clear entirely the local_costmap
[component_container_isolated-1] [INFO] [1790243384.890466319] [robot1.controller_server]: Received a goal, begin computing control effort.
[component_container_isolated-1] [ERROR] [1790243384.943885104] [DWBLocalPlanner]: No valid trajectories out of 419! 
[component_container_isolated-1] [ERROR] [1790243384.943932847] [DWBLocalPlanner]: 1.00: BaseObstacle/Trajectory Hits Obstacle.
[component_container_isolated-1] [WARN] [1790243384.944028102] [robot1.controller_server]: No valid trajectories out of 419! 
[component_container_isolated-1] [ERROR] [1790243384.944126869] [tf_help]: Transform data too old when converting from map to odom
[component_container_isolated-1] [ERROR] [1790243384.944136659] [tf_help]: Data time: 1790243384s 550744217ns, Transform time: 1790243377s 408168331ns
[component_container_isolated-1] [WARN] [1790243384.944143177] [robot1.controller_server]: Control loop missed its desired rate of 20.0000Hz
[component_container_isolated-1] [ERROR] [1790243384.947304757] [DWBLocalPlanner]: No valid trajectories out of 419! 
[component_container_isolated-1] [ERROR] [1790243384.947322131] [DWBLocalPlanner]: 1.00: BaseObstacle/Trajectory Hits Obstacle.
[component_container_isolated-1] [WARN] [1790243384.947410917] [robot1.controller_server]: No valid trajectories out of 419! 
[component_container_isolated-1] [ERROR] [1790243384.947488062] [tf_help]: Transform data too old when converting from map to odom
[component_container_isolated-1] [ERROR] [1790243384.947499494] [tf_help]: Data time: 1790243384s 550744217ns, Transform time: 1790243377s 408168331ns
[component_container_isolated-1] [ERROR] [1790243384.993813701] [DWBLocalPlanner]: No valid trajectories out of 419! 
[component_container_isolated-1] [ERROR] [1790243384.993846844] [DWBLocalPlanner]: 1.00: BaseObstacle/Trajectory Hits Obstacle.
[component_container_isolated-1] [WARN] [1790243384.993948306] [robot1.controller_server]: No valid trajectories out of 419! 
[component_container_isolated-1] [ERROR] [1790243384.994048338] [tf_help]: Transform data too old when converting from map to odom
[component_container_isolated-1] [ERROR] [1790243384.994058025] [tf_help]: Data time: 1790243384s 550744217ns, Transform time: 1790243377s 408168331ns
[component_container_isolated-1] [ERROR] [1790243385.043886574] [DWBLocalPlanner]: No valid trajectories out of 419! 
[component_container_isolated-1] [ERROR] [1790243385.043928278] [DWBLocalPlanner]: 1.00: BaseObstacle/Trajectory Hits Obstacle.
[component_container_isolated-1] [WARN] [1790243385.044026510] [robot1.controller_server]: No valid trajectories out of 419! 
[component_container_isolated-1] [ERROR] [1790243385.044124514] [tf_help]: Transform data too old when converting from map to odom
[component_container_isolated-1] [ERROR] [1790243385.044134951] [tf_help]: Data time: 1790243384s 550744217ns, Transform time: 1790243377s 408168331ns
[component_container_isolated-1] [ERROR] [1790243385.093815036] [DWBLocalPlanner]: No valid trajectories out of 419! 
[component_container_isolated-1] [ERROR] [1790243385.093854104] [DWBLocalPlanner]: 1.00: BaseObstacle/Trajectory Hits Obstacle.
[component_container_isolated-1] [WARN] [1790243385.093952477] [robot1.controller_server]: No valid trajectories out of 419! 
[component_container_isolated-1] [ERROR] [1790243385.094050197] [tf_help]: Transform data too old when converting from map to odom
[component_container_isolated-1] [ERROR] [1790243385.094060157] [tf_help]: Data time: 1790243384s 550744217ns, Transform time: 1790243377s 408168331ns
[component_container_isolated-1] [ERROR] [1790243385.143833017] [DWBLocalPlanner]: No valid trajectories out of 419! 
[component_container_isolated-1] [ERROR] [1790243385.143870291] [DWBLocalPlanner]: 1.00: BaseObstacle/Trajectory Hits Obstacle.
[component_container_isolated-1] [WARN] [1790243385.143965662] [robot1.controller_server]: No valid trajectories out of 419! 
[component_container_isolated-1] [ERROR] [1790243385.144064848] [tf_help]: Transform data too old when converting from map to odom
[component_container_isolated-1] [ERROR] [1790243385.144075133] [tf_help]: Data time: 1790243384s 550744217ns, Transform time: 1790243377s 408168331ns
[component_container_isolated-1] [ERROR] [1790243385.193327079] [DWBLocalPlanner]: No valid trajectories out of 419! 
[component_container_isolated-1] [ERROR] [1790243385.193354898] [DWBLocalPlanner]: 1.00: BaseObstacle/Trajectory Hits Obstacle.
[component_container_isolated-1] [WARN] [1790243385.193421094] [robot1.controller_server]: No valid trajectories out of 419! 
[component_container_isolated-1] [ERROR] [1790243385.193437510] [robot1.controller_server]: Controller patience exceeded
[component_container_isolated-1] [WARN] [1790243385.193462330] [robot1.controller_server]: [follow_path] [ActionServer] Aborting handle.
[component_container_isolated-1] [INFO] [1790243385.210365158] [robot1.behavior_server]: Running spin
[component_container_isolated-1] [INFO] [1790243385.210433719] [robot1.behavior_server]: Turning 1.57 for spin behavior.
[component_container_isolated-1] [WARN] [1790243385.910720648] [robot1.behavior_server]: Collision Ahead - Exiting Spin
[component_container_isolated-1] [WARN] [1790243385.910751022] [robot1.behavior_server]: spin failed
[component_container_isolated-1] [WARN] [1790243385.910760843] [robot1.behavior_server]: [spin] [ActionServer] Aborting handle.
[component_container_isolated-1] [INFO] [1790243385.940273328] [robot1.behavior_server]: Running wait
[component_container_isolated-1] [INFO] [1790243390.940444988] [robot1.behavior_server]: wait completed successfully
[component_container_isolated-1] [ERROR] [1790243390.972005250] [robot1.planner_server]: worldToMap failed: mx,my: 219,81, size_x,size_y: 219,314
[component_container_isolated-1] [ERROR] [1790243390.972061901] [robot1.planner_server]: worldToMap failed: mx,my: 220,81, size_x,size_y: 219,314
[component_container_isolated-1] [ERROR] [1790243390.972079857] [robot1.planner_server]: worldToMap failed: mx,my: 221,81, size_x,size_y: 219,314
[component_container_isolated-1] [ERROR] [1790243390.972088764] [robot1.planner_server]: worldToMap failed: mx,my: 219,82, size_x,size_y: 219,314
[component_container_isolated-1] [ERROR] [1790243390.972097200] [robot1.planner_server]: worldToMap failed: mx,my: 220,82, size_x,size_y: 219,314
[component_container_isolated-1] [ERROR] [1790243390.972104851] [robot1.planner_server]: worldToMap failed: mx,my: 221,82, size_x,size_y: 219,314
[component_container_isolated-1] [ERROR] [1790243390.972113544] [robot1.planner_server]: worldToMap failed: mx,my: 219,83, size_x,size_y: 219,314
[component_container_isolated-1] [ERROR] [1790243390.972121307] [robot1.planner_server]: worldToMap failed: mx,my: 220,83, size_x,size_y: 219,314
[component_container_isolated-1] [ERROR] [1790243390.972128984] [robot1.planner_server]: worldToMap failed: mx,my: 221,83, size_x,size_y: 219,314
[component_container_isolated-1] [ERROR] [1790243390.972137443] [robot1.planner_server]: worldToMap failed: mx,my: 219,84, size_x,size_y: 219,314
[component_container_isolated-1] [ERROR] [1790243390.972145046] [robot1.planner_server]: worldToMap failed: mx,my: 220,84, size_x,size_y: 219,314
[component_container_isolated-1] [ERROR] [1790243390.972152897] [robot1.planner_server]: worldToMap failed: mx,my: 221,84, size_x,size_y: 219,314
[component_container_isolated-1] [ERROR] [1790243390.972161148] [robot1.planner_server]: worldToMap failed: mx,my: 219,85, size_x,size_y: 219,314
[component_container_isolated-1] [ERROR] [1790243390.972168577] [robot1.planner_server]: worldToMap failed: mx,my: 220,85, size_x,size_y: 219,314
[component_container_isolated-1] [ERROR] [1790243390.972176068] [robot1.planner_server]: worldToMap failed: mx,my: 221,85, size_x,size_y: 219,314
[component_container_isolated-1] [ERROR] [1790243390.972184248] [robot1.planner_server]: worldToMap failed: mx,my: 219,86, size_x,size_y: 219,314
[component_container_isolated-1] [ERROR] [1790243390.972191813] [robot1.planner_server]: worldToMap failed: mx,my: 220,86, size_x,size_y: 219,314
[component_container_isolated-1] [ERROR] [1790243390.972199368] [robot1.planner_server]: worldToMap failed: mx,my: 221,86, size_x,size_y: 219,314
[component_container_isolated-1] [ERROR] [1790243390.972207349] [robot1.planner_server]: worldToMap failed: mx,my: 219,87, size_x,size_y: 219,314
[component_container_isolated-1] [ERROR] [1790243390.972214746] [robot1.planner_server]: worldToMap failed: mx,my: 220,87, size_x,size_y: 219,314
[component_container_isolated-1] [ERROR] [1790243390.972222187] [robot1.planner_server]: worldToMap failed: mx,my: 221,87, size_x,size_y: 219,314
[component_container_isolated-1] [ERROR] [1790243390.972230344] [robot1.planner_server]: worldToMap failed: mx,my: 219,88, size_x,size_y: 219,314
[component_container_isolated-1] [ERROR] [1790243390.972237621] [robot1.planner_server]: worldToMap failed: mx,my: 220,88, size_x,size_y: 219,314
[component_container_isolated-1] [ERROR] [1790243390.972245006] [robot1.planner_server]: worldToMap failed: mx,my: 221,88, size_x,size_y: 219,314
[component_container_isolated-1] [ERROR] [1790243390.972253091] [robot1.planner_server]: worldToMap failed: mx,my: 219,89, size_x,size_y: 219,314
[component_container_isolated-1] [ERROR] [1790243390.972264574] [robot1.planner_server]: worldToMap failed: mx,my: 220,89, size_x,size_y: 219,314
[component_container_isolated-1] [ERROR] [1790243390.972272086] [robot1.planner_server]: worldToMap failed: mx,my: 221,89, size_x,size_y: 219,314
[component_container_isolated-1] [ERROR] [1790243390.972280134] [robot1.planner_server]: worldToMap failed: mx,my: 219,90, size_x,size_y: 219,314
[component_container_isolated-1] [ERROR] [1790243390.972287612] [robot1.planner_server]: worldToMap failed: mx,my: 220,90, size_x,size_y: 219,314
[component_container_isolated-1] [ERROR] [1790243390.972294993] [robot1.planner_server]: worldToMap failed: mx,my: 221,90, size_x,size_y: 219,314
[component_container_isolated-1] [ERROR] [1790243390.972320946] [robot1.planner_server]: worldToMap failed: mx,my: 219,91, size_x,size_y: 219,314
[component_container_isolated-1] [ERROR] [1790243390.972329934] [robot1.planner_server]: worldToMap failed: mx,my: 220,91, size_x,size_y: 219,314
[component_container_isolated-1] [ERROR] [1790243390.972337571] [robot1.planner_server]: worldToMap failed: mx,my: 221,91, size_x,size_y: 219,314
[component_container_isolated-1] [ERROR] [1790243390.972345811] [robot1.planner_server]: worldToMap failed: mx,my: 219,92, size_x,size_y: 219,314
[component_container_isolated-1] [ERROR] [1790243390.972353395] [robot1.planner_server]: worldToMap failed: mx,my: 220,92, size_x,size_y: 219,314
[component_container_isolated-1] [ERROR] [1790243390.972361037] [robot1.planner_server]: worldToMap failed: mx,my: 221,92, size_x,size_y: 219,314
[component_container_isolated-1] [ERROR] [1790243390.972374460] [robot1.planner_server]: worldToMap failed: mx,my: 219,93, size_x,size_y: 219,314
[component_container_isolated-1] [ERROR] [1790243390.972384739] [robot1.planner_server]: worldToMap failed: mx,my: 220,93, size_x,size_y: 219,314
[component_container_isolated-1] [ERROR] [1790243390.972392703] [robot1.planner_server]: worldToMap failed: mx,my: 221,93, size_x,size_y: 219,314
[component_container_isolated-1] [ERROR] [1790243390.972401070] [robot1.planner_server]: worldToMap failed: mx,my: 219,94, size_x,size_y: 219,314
[component_container_isolated-1] [ERROR] [1790243390.972408612] [robot1.planner_server]: worldToMap failed: mx,my: 220,94, size_x,size_y: 219,314
[component_container_isolated-1] [ERROR] [1790243390.972416369] [robot1.planner_server]: worldToMap failed: mx,my: 221,94, size_x,size_y: 219,314
[component_container_isolated-1] [ERROR] [1790243390.972424576] [robot1.planner_server]: worldToMap failed: mx,my: 219,95, size_x,size_y: 219,314
[component_container_isolated-1] [ERROR] [1790243390.972431903] [robot1.planner_server]: worldToMap failed: mx,my: 220,95, size_x,size_y: 219,314
[component_container_isolated-1] [ERROR] [1790243390.972439213] [robot1.planner_server]: worldToMap failed: mx,my: 221,95, size_x,size_y: 219,314
[component_container_isolated-1] [ERROR] [1790243390.972447209] [robot1.planner_server]: worldToMap failed: mx,my: 219,96, size_x,size_y: 219,314
[component_container_isolated-1] [ERROR] [1790243390.972454428] [robot1.planner_server]: worldToMap failed: mx,my: 220,96, size_x,size_y: 219,314
[component_container_isolated-1] [ERROR] [1790243390.972462009] [robot1.planner_server]: worldToMap failed: mx,my: 221,96, size_x,size_y: 219,314
[component_container_isolated-1] [ERROR] [1790243390.972470011] [robot1.planner_server]: worldToMap failed: mx,my: 219,97, size_x,size_y: 219,314
[component_container_isolated-1] [ERROR] [1790243390.972477561] [robot1.planner_server]: worldToMap failed: mx,my: 220,97, size_x,size_y: 219,314
[component_container_isolated-1] [ERROR] [1790243390.972489282] [robot1.planner_server]: worldToMap failed: mx,my: 221,97, size_x,size_y: 219,314
[component_container_isolated-1] [ERROR] [1790243390.972498005] [robot1.planner_server]: worldToMap failed: mx,my: 219,98, size_x,size_y: 219,314
[component_container_isolated-1] [ERROR] [1790243390.972505420] [robot1.planner_server]: worldToMap failed: mx,my: 220,98, size_x,size_y: 219,314
[component_container_isolated-1] [ERROR] [1790243390.972513021] [robot1.planner_server]: worldToMap failed: mx,my: 221,98, size_x,size_y: 219,314
[component_container_isolated-1] [ERROR] [1790243390.972521156] [robot1.planner_server]: worldToMap failed: mx,my: 219,99, size_x,size_y: 219,314
[component_container_isolated-1] [ERROR] [1790243390.972528695] [robot1.planner_server]: worldToMap failed: mx,my: 220,99, size_x,size_y: 219,314
[component_container_isolated-1] [ERROR] [1790243390.972535931] [robot1.planner_server]: worldToMap failed: mx,my: 221,99, size_x,size_y: 219,314
[component_container_isolated-1] [ERROR] [1790243390.972543945] [robot1.planner_server]: worldToMap failed: mx,my: 219,100, size_x,size_y: 219,314
[component_container_isolated-1] [ERROR] [1790243390.972551701] [robot1.planner_server]: worldToMap failed: mx,my: 220,100, size_x,size_y: 219,314
[component_container_isolated-1] [ERROR] [1790243390.972559114] [robot1.planner_server]: worldToMap failed: mx,my: 221,100, size_x,size_y: 219,314
[component_container_isolated-1] [INFO] [1790243390.990255220] [robot1.controller_server]: Received a goal, begin computing control effort.
[component_container_isolated-1] [ERROR] [1790243390.990440340] [tf_help]: Transform data too old when converting from odom to map
[component_container_isolated-1] [ERROR] [1790243390.990461951] [tf_help]: Data time: 1790243383s 393411ns, Transform time: 1790243378s 514378211ns
[component_container_isolated-1] [WARN] [1790243390.990488398] [robot1.controller_server]: Unable to transform robot pose into global plan's frame
[component_container_isolated-1] [ERROR] [1790243390.990587818] [tf_help]: Transform data too old when converting from map to odom
[component_container_isolated-1] [ERROR] [1790243390.990596821] [tf_help]: Data time: 1790243390s 970440267ns, Transform time: 1790243378s 514378211ns
[component_container_isolated-1] [ERROR] [1790243391.040570701] [tf_help]: Transform data too old when converting from odom to map
[component_container_isolated-1] [ERROR] [1790243391.040607562] [tf_help]: Data time: 1790243383s 393411ns, Transform time: 1790243378s 514378211ns
[component_container_isolated-1] [WARN] [1790243391.040631863] [robot1.controller_server]: Unable to transform robot pose into global plan's frame
[component_container_isolated-1] [ERROR] [1790243391.040729799] [tf_help]: Transform data too old when converting from map to odom
[component_container_isolated-1] [ERROR] [1790243391.040737832] [tf_help]: Data time: 1790243390s 970440267ns, Transform time: 1790243378s 514378211ns
[component_container_isolated-1] [ERROR] [1790243391.090550668] [tf_help]: Transform data too old when converting from odom to map
[component_container_isolated-1] [ERROR] [1790243391.090586377] [tf_help]: Data time: 1790243383s 393411ns, Transform time: 1790243378s 514378211ns
[component_container_isolated-1] [WARN] [1790243391.090611414] [robot1.controller_server]: Unable to transform robot pose into global plan's frame
[component_container_isolated-1] [ERROR] [1790243391.090709001] [tf_help]: Transform data too old when converting from map to odom
[component_container_isolated-1] [ERROR] [1790243391.090716892] [tf_help]: Data time: 1790243390s 970440267ns, Transform time: 1790243378s 514378211ns
[component_container_isolated-1] [ERROR] [1790243391.140568617] [tf_help]: Transform data too old when converting from odom to map
[component_container_isolated-1] [ERROR] [1790243391.140603152] [tf_help]: Data time: 1790243383s 393411ns, Transform time: 1790243378s 514378211ns
[component_container_isolated-1] [WARN] [1790243391.140628174] [robot1.controller_server]: Unable to transform robot pose into global plan's frame
[component_container_isolated-1] [ERROR] [1790243391.140726222] [tf_help]: Transform data too old when converting from map to odom
[component_container_isolated-1] [ERROR] [1790243391.140733678] [tf_help]: Data time: 1790243390s 970440267ns, Transform time: 1790243378s 514378211ns
[component_container_isolated-1] [ERROR] [1790243391.190545687] [tf_help]: Transform data too old when converting from odom to map
[component_container_isolated-1] [ERROR] [1790243391.190582251] [tf_help]: Data time: 1790243383s 393411ns, Transform time: 1790243378s 514378211ns
[component_container_isolated-1] [WARN] [1790243391.190606833] [robot1.controller_server]: Unable to transform robot pose into global plan's frame
[component_container_isolated-1] [ERROR] [1790243391.190706393] [tf_help]: Transform data too old when converting from map to odom
[component_container_isolated-1] [ERROR] [1790243391.190713832] [tf_help]: Data time: 1790243390s 970440267ns, Transform time: 1790243378s 514378211ns
[component_container_isolated-1] [ERROR] [1790243391.240551150] [tf_help]: Transform data too old when converting from odom to map
[component_container_isolated-1] [ERROR] [1790243391.240585854] [tf_help]: Data time: 1790243383s 393411ns, Transform time: 1790243378s 514378211ns
[component_container_isolated-1] [WARN] [1790243391.240610092] [robot1.controller_server]: Unable to transform robot pose into global plan's frame
[component_container_isolated-1] [ERROR] [1790243391.240703362] [tf_help]: Transform data too old when converting from map to odom
[component_container_isolated-1] [ERROR] [1790243391.240710965] [tf_help]: Data time: 1790243390s 970440267ns, Transform time: 1790243378s 514378211ns
[component_container_isolated-1] [ERROR] [1790243391.290568573] [tf_help]: Transform data too old when converting from odom to map
[component_container_isolated-1] [ERROR] [1790243391.290601856] [tf_help]: Data time: 1790243383s 393411ns, Transform time: 1790243378s 514378211ns
[component_container_isolated-1] [WARN] [1790243391.290625751] [robot1.controller_server]: Unable to transform robot pose into global plan's frame
[component_container_isolated-1] [ERROR] [1790243391.290651116] [robot1.controller_server]: Controller patience exceeded
[component_container_isolated-1] [WARN] [1790243391.290683284] [robot1.controller_server]: [follow_path] [ActionServer] Aborting handle.
[component_container_isolated-1] [INFO] [1790243391.310243355] [robot1.local_costmap.local_costmap]: Received request to clear entirely the local_costmap
[component_container_isolated-1] [INFO] [1790243391.310616101] [robot1.controller_server]: Received a goal, begin computing control effort.
[component_container_isolated-1] [ERROR] [1790243391.340793118] [tf_help]: Transform data too old when converting from odom to map
[component_container_isolated-1] [ERROR] [1790243391.340833760] [tf_help]: Data time: 1790243383s 393411ns, Transform time: 1790243378s 514378211ns
[component_container_isolated-1] [WARN] [1790243391.340859192] [robot1.controller_server]: Unable to transform robot pose into global plan's frame
[component_container_isolated-1] [ERROR] [1790243391.340954386] [tf_help]: Transform data too old when converting from map to odom
[component_container_isolated-1] [ERROR] [1790243391.340962887] [tf_help]: Data time: 1790243390s 970440267ns, Transform time: 1790243378s 514378211ns
[component_container_isolated-1] [ERROR] [1790243391.360781198] [tf_help]: Transform data too old when converting from odom to map
[component_container_isolated-1] [ERROR] [1790243391.360814613] [tf_help]: Data time: 1790243383s 393411ns, Transform time: 1790243378s 514378211ns
[component_container_isolated-1] [WARN] [1790243391.360835138] [robot1.controller_server]: Unable to transform robot pose into global plan's frame
[component_container_isolated-1] [ERROR] [1790243391.360922262] [tf_help]: Transform data too old when converting from map to odom
[component_container_isolated-1] [ERROR] [1790243391.360929871] [tf_help]: Data time: 1790243390s 970440267ns, Transform time: 1790243378s 514378211ns
[component_container_isolated-1] [ERROR] [1790243391.410837146] [tf_help]: Transform data too old when converting from odom to map
[component_container_isolated-1] [ERROR] [1790243391.410870353] [tf_help]: Data time: 1790243383s 393411ns, Transform time: 1790243378s 514378211ns
[component_container_isolated-1] [WARN] [1790243391.410894377] [robot1.controller_server]: Unable to transform robot pose into global plan's frame
[component_container_isolated-1] [ERROR] [1790243391.410999821] [tf_help]: Transform data too old when converting from map to odom
[component_container_isolated-1] [ERROR] [1790243391.411008470] [tf_help]: Data time: 1790243390s 970440267ns, Transform time: 1790243378s 514378211ns
[component_container_isolated-1] [ERROR] [1790243391.460835185] [tf_help]: Transform data too old when converting from odom to map
[component_container_isolated-1] [ERROR] [1790243391.460869277] [tf_help]: Data time: 1790243383s 393411ns, Transform time: 1790243378s 514378211ns
[component_container_isolated-1] [WARN] [1790243391.460893611] [robot1.controller_server]: Unable to transform robot pose into global plan's frame
[component_container_isolated-1] [ERROR] [1790243391.460988872] [tf_help]: Transform data too old when converting from map to odom
[component_container_isolated-1] [ERROR] [1790243391.460996289] [tf_help]: Data time: 1790243390s 970440267ns, Transform time: 1790243378s 514378211ns
[component_container_isolated-1] [ERROR] [1790243391.510837033] [tf_help]: Transform data too old when converting from odom to map
[component_container_isolated-1] [ERROR] [1790243391.510870428] [tf_help]: Data time: 1790243383s 393411ns, Transform time: 1790243378s 514378211ns
[component_container_isolated-1] [WARN] [1790243391.510895092] [robot1.controller_server]: Unable to transform robot pose into global plan's frame
[component_container_isolated-1] [ERROR] [1790243391.510989221] [tf_help]: Transform data too old when converting from map to odom
[component_container_isolated-1] [ERROR] [1790243391.510996589] [tf_help]: Data time: 1790243390s 970440267ns, Transform time: 1790243378s 514378211ns
[component_container_isolated-1] [ERROR] [1790243391.560831995] [tf_help]: Transform data too old when converting from odom to map
[component_container_isolated-1] [ERROR] [1790243391.560864980] [tf_help]: Data time: 1790243383s 393411ns, Transform time: 1790243378s 514378211ns
[component_container_isolated-1] [WARN] [1790243391.560889568] [robot1.controller_server]: Unable to transform robot pose into global plan's frame
[component_container_isolated-1] [ERROR] [1790243391.560987841] [tf_help]: Transform data too old when converting from map to odom
[component_container_isolated-1] [ERROR] [1790243391.560995759] [tf_help]: Data time: 1790243390s 970440267ns, Transform time: 1790243378s 514378211ns
[component_container_isolated-1] [ERROR] [1790243391.610888950] [tf_help]: Transform data too old when converting from odom to map
[component_container_isolated-1] [ERROR] [1790243391.610922499] [tf_help]: Data time: 1790243383s 393411ns, Transform time: 1790243378s 514378211ns
[component_container_isolated-1] [WARN] [1790243391.610945662] [robot1.controller_server]: Unable to transform robot pose into global plan's frame
[component_container_isolated-1] [ERROR] [1790243391.610971404] [robot1.controller_server]: Controller patience exceeded
[component_container_isolated-1] [WARN] [1790243391.611003839] [robot1.controller_server]: [follow_path] [ActionServer] Aborting handle.
[component_container_isolated-1] [WARN] [1790243391.640062493] [robot1.bt_navigator]: [navigate_to_pose] [ActionServer] Aborting handle.
[component_container_isolated-1] [ERROR] [1790243391.640142118] [robot1.bt_navigator]: Goal failed
[component_container_isolated-1] [INFO] [1790243391.880478041] [robot1.bt_navigator]: Begin navigating from current location (4.41, -5.50) to (5.53, -2.51)
[component_container_isolated-1] [INFO] [1790243391.900944055] [robot1.controller_server]: Received a goal, begin computing control effort.
[component_container_isolated-1] [ERROR] [1790243391.901051486] [tf_help]: Transform data too old when converting from odom to map
[component_container_isolated-1] [ERROR] [1790243391.901066535] [tf_help]: Data time: 1790243383s 393411ns, Transform time: 1790243378s 514378211ns
[component_container_isolated-1] [WARN] [1790243391.901083599] [robot1.controller_server]: Unable to transform robot pose into global plan's frame
[component_container_isolated-1] [ERROR] [1790243391.901131596] [tf_help]: Transform data too old when converting from map to odom
[component_container_isolated-1] [ERROR] [1790243391.901134195] [tf_help]: Data time: 1790243391s 880842417ns, Transform time: 1790243378s 514378211ns
[component_container_isolated-1] [ERROR] [1790243391.951229452] [tf_help]: Transform data too old when converting from odom to map
[component_container_isolated-1] [ERROR] [1790243391.951251002] [tf_help]: Data time: 1790243383s 393411ns, Transform time: 1790243378s 514378211ns
[component_container_isolated-1] [WARN] [1790243391.951268251] [robot1.controller_server]: Unable to transform robot pose into global plan's frame
[component_container_isolated-1] [ERROR] [1790243391.951325518] [tf_help]: Transform data too old when converting from map to odom
[component_container_isolated-1] [ERROR] [1790243391.951328158] [tf_help]: Data time: 1790243391s 880842417ns, Transform time: 1790243378s 514378211ns
[component_container_isolated-1] [ERROR] [1790243392.001117444] [tf_help]: Transform data too old when converting from odom to map
[component_container_isolated-1] [ERROR] [1790243392.001145484] [tf_help]: Data time: 1790243383s 393411ns, Transform time: 1790243378s 514378211ns
[component_container_isolated-1] [WARN] [1790243392.001162859] [robot1.controller_server]: Unable to transform robot pose into global plan's frame
[component_container_isolated-1] [ERROR] [1790243392.001218604] [tf_help]: Transform data too old when converting from map to odom
[component_container_isolated-1] [ERROR] [1790243392.001221393] [tf_help]: Data time: 1790243391s 880842417ns, Transform time: 1790243378s 514378211ns
[component_container_isolated-1] [ERROR] [1790243392.051146576] [tf_help]: Transform data too old when converting from odom to map
[component_container_isolated-1] [ERROR] [1790243392.051170837] [tf_help]: Data time: 1790243383s 393411ns, Transform time: 1790243378s 514378211ns
[component_container_isolated-1] [WARN] [1790243392.051187594] [robot1.controller_server]: Unable to transform robot pose into global plan's frame
[component_container_isolated-1] [ERROR] [1790243392.051240829] [tf_help]: Transform data too old when converting from map to odom
[component_container_isolated-1] [ERROR] [1790243392.051243629] [tf_help]: Data time: 1790243391s 880842417ns, Transform time: 1790243378s 514378211ns
[component_container_isolated-1] [ERROR] [1790243392.101145119] [tf_help]: Transform data too old when converting from odom to map
[component_container_isolated-1] [ERROR] [1790243392.101168864] [tf_help]: Data time: 1790243383s 393411ns, Transform time: 1790243378s 514378211ns
[component_container_isolated-1] [WARN] [1790243392.101185427] [robot1.controller_server]: Unable to transform robot pose into global plan's frame
[component_container_isolated-1] [ERROR] [1790243392.101241769] [tf_help]: Transform data too old when converting from map to odom
[component_container_isolated-1] [ERROR] [1790243392.101244326] [tf_help]: Data time: 1790243391s 880842417ns, Transform time: 1790243378s 514378211ns
[component_container_isolated-1] [ERROR] [1790243392.151106337] [tf_help]: Transform data too old when converting from odom to map
[component_container_isolated-1] [ERROR] [1790243392.151129367] [tf_help]: Data time: 1790243383s 393411ns, Transform time: 1790243378s 514378211ns
[component_container_isolated-1] [WARN] [1790243392.151144701] [robot1.controller_server]: Unable to transform robot pose into global plan's frame
[component_container_isolated-1] [ERROR] [1790243392.151194435] [tf_help]: Transform data too old when converting from map to odom
[component_container_isolated-1] [ERROR] [1790243392.151197135] [tf_help]: Data time: 1790243391s 880842417ns, Transform time: 1790243378s 514378211ns
[component_container_isolated-1] [ERROR] [1790243392.201129145] [tf_help]: Transform data too old when converting from odom to map
[component_container_isolated-1] [ERROR] [1790243392.201156052] [tf_help]: Data time: 1790243383s 393411ns, Transform time: 1790243378s 514378211ns
[component_container_isolated-1] [WARN] [1790243392.201177645] [robot1.controller_server]: Unable to transform robot pose into global plan's frame
[component_container_isolated-1] [ERROR] [1790243392.201193777] [robot1.controller_server]: Controller patience exceeded
[component_container_isolated-1] [WARN] [1790243392.201209776] [robot1.controller_server]: [follow_path] [ActionServer] Aborting handle.
[component_container_isolated-1] [INFO] [1790243392.220844617] [robot1.local_costmap.local_costmap]: Received request to clear entirely the local_costmap
[component_container_isolated-1] [INFO] [1790243392.221293894] [robot1.controller_server]: Received a goal, begin computing control effort.
[component_container_isolated-1] [ERROR] [1790243392.341517043] [tf_help]: Transform data too old when converting from odom to map
[component_container_isolated-1] [ERROR] [1790243392.341556869] [tf_help]: Data time: 1790243383s 393411ns, Transform time: 1790243378s 514378211ns
[component_container_isolated-1] [WARN] [1790243392.341581443] [robot1.controller_server]: Unable to transform robot pose into global plan's frame
[component_container_isolated-1] [ERROR] [1790243392.341686663] [tf_help]: Transform data too old when converting from map to odom
[component_container_isolated-1] [ERROR] [1790243392.341694911] [tf_help]: Data time: 1790243391s 880842417ns, Transform time: 1790243378s 514378211ns
[component_container_isolated-1] [WARN] [1790243392.341700950] [robot1.controller_server]: Control loop missed its desired rate of 20.0000Hz
[component_container_isolated-1] [ERROR] [1790243392.341742435] [tf_help]: Transform data too old when converting from odom to map
[component_container_isolated-1] [ERROR] [1790243392.341758000] [tf_help]: Data time: 1790243383s 393411ns, Transform time: 1790243378s 514378211ns
[component_container_isolated-1] [WARN] [1790243392.341773166] [robot1.controller_server]: Unable to transform robot pose into global plan's frame
[component_container_isolated-1] [ERROR] [1790243392.341836089] [tf_help]: Transform data too old when converting from map to odom
[component_container_isolated-1] [ERROR] [1790243392.341842846] [tf_help]: Data time: 1790243391s 880842417ns, Transform time: 1790243378s 514378211ns
[component_container_isolated-1] [ERROR] [1790243392.392011820] [tf_help]: Transform data too old when converting from odom to map
[component_container_isolated-1] [ERROR] [1790243392.392044620] [tf_help]: Data time: 1790243383s 393411ns, Transform time: 1790243378s 514378211ns
[component_container_isolated-1] [WARN] [1790243392.392068378] [robot1.controller_server]: Unable to transform robot pose into global plan's frame
[component_container_isolated-1] [ERROR] [1790243392.392169692] [tf_help]: Transform data too old when converting from map to odom
[component_container_isolated-1] [ERROR] [1790243392.392178136] [tf_help]: Data time: 1790243391s 880842417ns, Transform time: 1790243378s 514378211ns
[component_container_isolated-1] [ERROR] [1790243392.442313345] [tf_help]: Transform data too old when converting from odom to map
[component_container_isolated-1] [ERROR] [1790243392.442348582] [tf_help]: Data time: 1790243383s 48773990ns, Transform time: 1790243378s 514378211ns
[component_container_isolated-1] [WARN] [1790243392.442378751] [robot1.controller_server]: Unable to transform robot pose into global plan's frame
[component_container_isolated-1] [ERROR] [1790243392.442509679] [tf_help]: Transform data too old when converting from map to odom
[component_container_isolated-1] [ERROR] [1790243392.442523106] [tf_help]: Data time: 1790243391s 880842417ns, Transform time: 1790243378s 514378211ns
[component_container_isolated-1] [ERROR] [1790243392.492663854] [tf_help]: Transform data too old when converting from odom to map
[component_container_isolated-1] [ERROR] [1790243392.492686495] [tf_help]: Data time: 1790243383s 48773990ns, Transform time: 1790243378s 514378211ns
[component_container_isolated-1] [WARN] [1790243392.492702074] [robot1.controller_server]: Unable to transform robot pose into global plan's frame
[component_container_isolated-1] [ERROR] [1790243392.492758329] [tf_help]: Transform data too old when converting from map to odom
[component_container_isolated-1] [ERROR] [1790243392.492761190] [tf_help]: Data time: 1790243391s 880842417ns, Transform time: 1790243378s 514378211ns
[component_container_isolated-1] [ERROR] [1790243392.542898636] [tf_help]: Transform data too old when converting from odom to map
[component_container_isolated-1] [ERROR] [1790243392.542922392] [tf_help]: Data time: 1790243383s 48773990ns, Transform time: 1790243378s 514378211ns
[component_container_isolated-1] [WARN] [1790243392.542938377] [robot1.controller_server]: Unable to transform robot pose into global plan's frame
[component_container_isolated-1] [ERROR] [1790243392.542955469] [robot1.controller_server]: Controller patience exceeded
[component_container_isolated-1] [WARN] [1790243392.542972005] [robot1.controller_server]: [follow_path] [ActionServer] Aborting handle.
[component_container_isolated-1] [INFO] [1790243392.560768869] [robot1.behavior_server]: Running backup
[component_container_isolated-1] [WARN] [1790243392.560952103] [robot1.behavior_server]: Collision Ahead - Exiting DriveOnHeading
[component_container_isolated-1] [WARN] [1790243392.560970945] [robot1.behavior_server]: backup failed
[component_container_isolated-1] [WARN] [1790243392.560980506] [robot1.behavior_server]: [backup] [ActionServer] Aborting handle.
[component_container_isolated-1] [INFO] [1790243392.590666792] [robot1.local_costmap.local_costmap]: Received request to clear entirely the local_costmap
[component_container_isolated-1] [INFO] [1790243392.590918340] [robot1.global_costmap.global_costmap]: Received request to clear entirely the global_costmap
[component_container_isolated-1] [WARN] [1790243393.552007689] [robot1.planner_server]: Planner loop missed its desired rate of 20.0000 Hz. Current loop rate is 1.0408 Hz
[component_container_isolated-1] [INFO] [1790243393.570990764] [robot1.controller_server]: Received a goal, begin computing control effort.
[component_container_isolated-1] [ERROR] [1790243393.571128423] [tf_help]: Transform data too old when converting from odom to map
[component_container_isolated-1] [ERROR] [1790243393.571152875] [tf_help]: Data time: 1790243383s 48773990ns, Transform time: 1790243378s 514378211ns
[component_container_isolated-1] [WARN] [1790243393.571176247] [robot1.controller_server]: Unable to transform robot pose into global plan's frame
[component_container_isolated-1] [ERROR] [1790243393.571264876] [tf_help]: Transform data too old when converting from map to odom
[component_container_isolated-1] [ERROR] [1790243393.571272423] [tf_help]: Data time: 1790243393s 551332924ns, Transform time: 1790243378s 514378211ns
[component_container_isolated-1] [ERROR] [1790243393.621320539] [tf_help]: Transform data too old when converting from odom to map
[component_container_isolated-1] [ERROR] [1790243393.621354462] [tf_help]: Data time: 1790243383s 48773990ns, Transform time: 1790243378s 514378211ns
[component_container_isolated-1] [WARN] [1790243393.621385097] [robot1.controller_server]: Unable to transform robot pose into global plan's frame
[component_container_isolated-1] [ERROR] [1790243393.621485142] [tf_help]: Transform data too old when converting from map to odom
[component_container_isolated-1] [ERROR] [1790243393.621494221] [tf_help]: Data time: 1790243393s 551332924ns, Transform time: 1790243378s 514378211ns
[component_container_isolated-1] [ERROR] [1790243393.671314022] [tf_help]: Transform data too old when converting from odom to map
[component_container_isolated-1] [ERROR] [1790243393.671344609] [tf_help]: Data time: 1790243383s 48773990ns, Transform time: 1790243378s 514378211ns
[component_container_isolated-1] [WARN] [1790243393.671367423] [robot1.controller_server]: Unable to transform robot pose into global plan's frame
[component_container_isolated-1] [ERROR] [1790243393.671488851] [tf_help]: Transform data too old when converting from map to odom
[component_container_isolated-1] [ERROR] [1790243393.671502238] [tf_help]: Data time: 1790243393s 551332924ns, Transform time: 1790243378s 514378211ns
[component_container_isolated-1] [ERROR] [1790243393.721196810] [tf_help]: Transform data too old when converting from odom to map
[component_container_isolated-1] [ERROR] [1790243393.721218545] [tf_help]: Data time: 1790243383s 48773990ns, Transform time: 1790243378s 514378211ns
[component_container_isolated-1] [WARN] [1790243393.721234773] [robot1.controller_server]: Unable to transform robot pose into global plan's frame
[component_container_isolated-1] [ERROR] [1790243393.721289014] [tf_help]: Transform data too old when converting from map to odom
[component_container_isolated-1] [ERROR] [1790243393.721291680] [tf_help]: Data time: 1790243393s 551332924ns, Transform time: 1790243378s 514378211ns
[component_container_isolated-1] [INFO] [1790243393.771150474] [robot1.controller_server]: Goal was canceled. Stopping the robot.
[component_container_isolated-1] [INFO] [1790243393.771191367] [robot1.controller_server]: [follow_path] [ActionServer] Client requested to cancel the goal. Cancelling.
[component_container_isolated-1] [INFO] [1790243393.771296564] [robot1.bt_navigator]: [navigate_to_pose] [ActionServer] Client requested to cancel the goal. Cancelling.
[component_container_isolated-1] [INFO] [1790243393.771356565] [robot1.bt_navigator]: Goal canceled
[component_container_isolated-1] [ERROR] [1790243395.850506270] [transformPoseInTargetFrame]: Extrapolation Error looking up target frame: Lookup would require extrapolation into the past.  Requested time 1790243378.514378 but the earliest data is at time 1790243382.840605, when looking up transform from frame [base_link] to frame [map]
[component_container_isolated-1] 
[component_container_isolated-1] [ERROR] [1790243396.850225697] [transformPoseInTargetFrame]: Extrapolation Error looking up target frame: Lookup would require extrapolation into the past.  Requested time 1790243378.514378 but the earliest data is at time 1790243382.840605, when looking up transform from frame [base_link] to frame [map]
[component_container_isolated-1] 
[component_container_isolated-1] [ERROR] [1790243397.850198125] [transformPoseInTargetFrame]: Extrapolation Error looking up target frame: Lookup would require extrapolation into the past.  Requested time 1790243378.514378 but the earliest data is at time 1790243382.840605, when looking up transform from frame [base_link] to frame [map]
[component_container_isolated-1] 
[component_container_isolated-1] [ERROR] [1790243398.850265815] [transformPoseInTargetFrame]: Extrapolation Error looking up target frame: Lookup would require extrapolation into the past.  Requested time 1790243378.514378 but the earliest data is at time 1790243382.840605, when looking up transform from frame [base_link] to frame [map]
[component_container_isolated-1] 
[component_container_isolated-1] [ERROR] [1790243399.850498007] [transformPoseInTargetFrame]: Extrapolation Error looking up target frame: Lookup would require extrapolation into the past.  Requested time 1790243378.514378 but the earliest data is at time 1790243382.840605, when looking up transform from frame [base_link] to frame [map]
[component_container_isolated-1] 
[component_container_isolated-1] [INFO] [1790243401.598046347] [robot1.global_costmap.global_costmap]: Message Filter dropping message: frame 'rplidar_link' at time 1790243397.234 for reason 'the timestamp on the message is earlier than all the data in the transform cache'
[component_container_isolated-1] [ERROR] [1790243401.850468748] [transformPoseInTargetFrame]: Extrapolation Error looking up target frame: Lookup would require extrapolation into the past.  Requested time 1790243397.801520 but the earliest data is at time 1790243399.110784, when looking up transform from frame [base_link] to frame [map]
[component_container_isolated-1] 
[component_container_isolated-1] [ERROR] [1790243402.850943400] [transformPoseInTargetFrame]: Extrapolation Error looking up target frame: Lookup would require extrapolation into the past.  Requested time 1790243397.801520 but the earliest data is at time 1790243399.110784, when looking up transform from frame [base_link] to frame [map]
[component_container_isolated-1] 
[component_container_isolated-1] [INFO] [1790243409.966750469] [robot1.global_costmap.global_costmap]: Message Filter dropping message: frame 'rplidar_link' at time 1790243406.972 for reason 'the timestamp on the message is earlier than all the data in the transform cache'
[component_container_isolated-1] [INFO] [1790243419.886805275] [robot1.bt_navigator]: Begin navigating from current location (4.41, -5.49) to (3.92, -3.21)
[component_container_isolated-1] [INFO] [1790243419.907173871] [robot1.controller_server]: Received a goal, begin computing control effort.
[component_container_isolated-1] [ERROR] [1790243419.910424213] [DWBLocalPlanner]: No valid trajectories out of 419! 
[component_container_isolated-1] [ERROR] [1790243419.910448177] [DWBLocalPlanner]: 1.00: BaseObstacle/Trajectory Hits Obstacle.
[component_container_isolated-1] [WARN] [1790243419.910516240] [robot1.controller_server]: No valid trajectories out of 419! 
[component_container_isolated-1] [ERROR] [1790243419.959329874] [DWBLocalPlanner]: No valid trajectories out of 419! 
[component_container_isolated-1] [ERROR] [1790243419.959359326] [DWBLocalPlanner]: 1.00: BaseObstacle/Trajectory Hits Obstacle.
[component_container_isolated-1] [WARN] [1790243419.959437155] [robot1.controller_server]: No valid trajectories out of 419! 
[component_container_isolated-1] [ERROR] [1790243420.009461068] [DWBLocalPlanner]: No valid trajectories out of 419! 
[component_container_isolated-1] [ERROR] [1790243420.009490836] [DWBLocalPlanner]: 1.00: BaseObstacle/Trajectory Hits Obstacle.
[component_container_isolated-1] [WARN] [1790243420.009569925] [robot1.controller_server]: No valid trajectories out of 419! 
[component_container_isolated-1] [ERROR] [1790243420.059291213] [DWBLocalPlanner]: No valid trajectories out of 419! 
[component_container_isolated-1] [ERROR] [1790243420.059319330] [DWBLocalPlanner]: 1.00: BaseObstacle/Trajectory Hits Obstacle.
[component_container_isolated-1] [WARN] [1790243420.059385990] [robot1.controller_server]: No valid trajectories out of 419! 
[component_container_isolated-1] [ERROR] [1790243420.109789039] [DWBLocalPlanner]: No valid trajectories out of 419! 
[component_container_isolated-1] [ERROR] [1790243420.109821034] [DWBLocalPlanner]: 1.00: BaseObstacle/Trajectory Hits Obstacle.
[component_container_isolated-1] [WARN] [1790243420.109922509] [robot1.controller_server]: No valid trajectories out of 419! 
[component_container_isolated-1] [ERROR] [1790243420.159307013] [DWBLocalPlanner]: No valid trajectories out of 419! 
[component_container_isolated-1] [ERROR] [1790243420.159333595] [DWBLocalPlanner]: 1.00: BaseObstacle/Trajectory Hits Obstacle.
[component_container_isolated-1] [WARN] [1790243420.159410289] [robot1.controller_server]: No valid trajectories out of 419! 
[component_container_isolated-1] [ERROR] [1790243420.209263737] [DWBLocalPlanner]: No valid trajectories out of 419! 
[component_container_isolated-1] [ERROR] [1790243420.209292941] [DWBLocalPlanner]: 1.00: BaseObstacle/Trajectory Hits Obstacle.
[component_container_isolated-1] [WARN] [1790243420.209367341] [robot1.controller_server]: No valid trajectories out of 419! 
[component_container_isolated-1] [ERROR] [1790243420.209386446] [robot1.controller_server]: Controller patience exceeded
[component_container_isolated-1] [WARN] [1790243420.209404271] [robot1.controller_server]: [follow_path] [ActionServer] Aborting handle.
[component_container_isolated-1] [INFO] [1790243420.227148942] [robot1.local_costmap.local_costmap]: Received request to clear entirely the local_costmap
[component_container_isolated-1] [INFO] [1790243420.227484354] [robot1.controller_server]: Received a goal, begin computing control effort.
[component_container_isolated-1] [ERROR] [1790243420.350929016] [DWBLocalPlanner]: No valid trajectories out of 419! 
[component_container_isolated-1] [ERROR] [1790243420.350967356] [DWBLocalPlanner]: 1.00: BaseObstacle/Trajectory Hits Obstacle.
[component_container_isolated-1] [WARN] [1790243420.351035932] [robot1.controller_server]: No valid trajectories out of 419! 
[component_container_isolated-1] [WARN] [1790243420.351080231] [robot1.controller_server]: Control loop missed its desired rate of 20.0000Hz
[component_container_isolated-1] [ERROR] [1790243420.352976118] [DWBLocalPlanner]: No valid trajectories out of 419! 
[component_container_isolated-1] [ERROR] [1790243420.352985590] [DWBLocalPlanner]: 1.00: BaseObstacle/Trajectory Hits Obstacle.
[component_container_isolated-1] [WARN] [1790243420.353031183] [robot1.controller_server]: No valid trajectories out of 419! 
[component_container_isolated-1] [ERROR] [1790243420.405273843] [DWBLocalPlanner]: No valid trajectories out of 419! 
[component_container_isolated-1] [ERROR] [1790243420.405303312] [DWBLocalPlanner]: 1.00: BaseObstacle/Trajectory Hits Obstacle.
[component_container_isolated-1] [WARN] [1790243420.405394467] [robot1.controller_server]: No valid trajectories out of 419! 
[component_container_isolated-1] [ERROR] [1790243420.457463870] [DWBLocalPlanner]: No valid trajectories out of 419! 
[component_container_isolated-1] [ERROR] [1790243420.457494378] [DWBLocalPlanner]: 1.00: BaseObstacle/Trajectory Hits Obstacle.
[component_container_isolated-1] [WARN] [1790243420.457578580] [robot1.controller_server]: No valid trajectories out of 419! 
[component_container_isolated-1] [ERROR] [1790243420.509656435] [DWBLocalPlanner]: No valid trajectories out of 419! 
[component_container_isolated-1] [ERROR] [1790243420.509685589] [DWBLocalPlanner]: 1.00: BaseObstacle/Trajectory Hits Obstacle.
[component_container_isolated-1] [WARN] [1790243420.509775181] [robot1.controller_server]: No valid trajectories out of 419! 
[component_container_isolated-1] [ERROR] [1790243420.561878151] [DWBLocalPlanner]: No valid trajectories out of 419! 
[component_container_isolated-1] [ERROR] [1790243420.561903239] [DWBLocalPlanner]: 1.00: BaseObstacle/Trajectory Hits Obstacle.
[component_container_isolated-1] [WARN] [1790243420.561973331] [robot1.controller_server]: No valid trajectories out of 419! 
[component_container_isolated-1] [ERROR] [1790243420.561989380] [robot1.controller_server]: Controller patience exceeded
[component_container_isolated-1] [WARN] [1790243420.562005109] [robot1.controller_server]: [follow_path] [ActionServer] Aborting handle.
[component_container_isolated-1] [INFO] [1790243420.577049851] [robot1.behavior_server]: Running spin
[component_container_isolated-1] [INFO] [1790243420.577118759] [robot1.behavior_server]: Turning 1.57 for spin behavior.
[component_container_isolated-1] [WARN] [1790243421.777300282] [robot1.behavior_server]: Collision Ahead - Exiting Spin
[component_container_isolated-1] [WARN] [1790243421.777335165] [robot1.behavior_server]: spin failed
[component_container_isolated-1] [WARN] [1790243421.777346187] [robot1.behavior_server]: [spin] [ActionServer] Aborting handle.
[component_container_isolated-1] [INFO] [1790243421.807084547] [robot1.behavior_server]: Running wait
[component_container_isolated-1] [INFO] [1790243426.807270588] [robot1.behavior_server]: wait completed successfully
[component_container_isolated-1] [INFO] [1790243426.857167479] [robot1.controller_server]: Received a goal, begin computing control effort.
[component_container_isolated-1] [ERROR] [1790243426.859682437] [DWBLocalPlanner]: No valid trajectories out of 419! 
[component_container_isolated-1] [ERROR] [1790243426.859709229] [DWBLocalPlanner]: 1.00: BaseObstacle/Trajectory Hits Obstacle.
[component_container_isolated-1] [WARN] [1790243426.859776586] [robot1.controller_server]: No valid trajectories out of 419! 
[component_container_isolated-1] [ERROR] [1790243426.909487239] [DWBLocalPlanner]: No valid trajectories out of 419! 
[component_container_isolated-1] [ERROR] [1790243426.909513308] [DWBLocalPlanner]: 1.00: BaseObstacle/Trajectory Hits Obstacle.
[component_container_isolated-1] [WARN] [1790243426.909587397] [robot1.controller_server]: No valid trajectories out of 419! 
[component_container_isolated-1] [ERROR] [1790243426.959747446] [DWBLocalPlanner]: No valid trajectories out of 419! 
[component_container_isolated-1] [ERROR] [1790243426.959772817] [DWBLocalPlanner]: 1.00: BaseObstacle/Trajectory Hits Obstacle.
[component_container_isolated-1] [WARN] [1790243426.959840507] [robot1.controller_server]: No valid trajectories out of 419! 
[component_container_isolated-1] [ERROR] [1790243427.009484535] [DWBLocalPlanner]: No valid trajectories out of 419! 
[component_container_isolated-1] [ERROR] [1790243427.009514069] [DWBLocalPlanner]: 1.00: BaseObstacle/Trajectory Hits Obstacle.
[component_container_isolated-1] [WARN] [1790243427.009585213] [robot1.controller_server]: No valid trajectories out of 419! 
[component_container_isolated-1] [ERROR] [1790243427.059574127] [DWBLocalPlanner]: No valid trajectories out of 419! 
[component_container_isolated-1] [ERROR] [1790243427.059599941] [DWBLocalPlanner]: 1.00: BaseObstacle/Trajectory Hits Obstacle.
[component_container_isolated-1] [WARN] [1790243427.059684066] [robot1.controller_server]: No valid trajectories out of 419! 
[component_container_isolated-1] [ERROR] [1790243427.109320683] [DWBLocalPlanner]: No valid trajectories out of 419! 
[component_container_isolated-1] [ERROR] [1790243427.109346965] [DWBLocalPlanner]: 1.00: BaseObstacle/Trajectory Hits Obstacle.
[component_container_isolated-1] [WARN] [1790243427.109429533] [robot1.controller_server]: No valid trajectories out of 419! 
[component_container_isolated-1] [ERROR] [1790243427.159356751] [DWBLocalPlanner]: No valid trajectories out of 419! 
[component_container_isolated-1] [ERROR] [1790243427.159389501] [DWBLocalPlanner]: 1.00: BaseObstacle/Trajectory Hits Obstacle.
[component_container_isolated-1] [WARN] [1790243427.159470230] [robot1.controller_server]: No valid trajectories out of 419! 
[component_container_isolated-1] [ERROR] [1790243427.159486255] [robot1.controller_server]: Controller patience exceeded
[component_container_isolated-1] [WARN] [1790243427.159503096] [robot1.controller_server]: [follow_path] [ActionServer] Aborting handle.
[component_container_isolated-1] [INFO] [1790243427.177125882] [robot1.local_costmap.local_costmap]: Received request to clear entirely the local_costmap
[component_container_isolated-1] [INFO] [1790243427.177464616] [robot1.controller_server]: Received a goal, begin computing control effort.
[component_container_isolated-1] [ERROR] [1790243427.350762869] [DWBLocalPlanner]: No valid trajectories out of 419! 
[component_container_isolated-1] [ERROR] [1790243427.350817379] [DWBLocalPlanner]: 1.00: BaseObstacle/Trajectory Hits Obstacle.
[component_container_isolated-1] [WARN] [1790243427.350907224] [robot1.controller_server]: No valid trajectories out of 419! 
[component_container_isolated-1] [WARN] [1790243427.350992185] [robot1.controller_server]: Control loop missed its desired rate of 20.0000Hz
[component_container_isolated-1] [ERROR] [1790243427.354314366] [DWBLocalPlanner]: No valid trajectories out of 419! 
[component_container_isolated-1] [ERROR] [1790243427.354333744] [DWBLocalPlanner]: 1.00: BaseObstacle/Trajectory Hits Obstacle.
[component_container_isolated-1] [WARN] [1790243427.354436348] [robot1.controller_server]: No valid trajectories out of 419! 
[component_container_isolated-1] [ERROR] [1790243427.406894090] [DWBLocalPlanner]: No valid trajectories out of 419! 
[component_container_isolated-1] [ERROR] [1790243427.406923356] [DWBLocalPlanner]: 1.00: BaseObstacle/Trajectory Hits Obstacle.
[component_container_isolated-1] [WARN] [1790243427.406986048] [robot1.controller_server]: No valid trajectories out of 419! 
[component_container_isolated-1] [ERROR] [1790243427.459103135] [DWBLocalPlanner]: No valid trajectories out of 419! 
[component_container_isolated-1] [ERROR] [1790243427.459131097] [DWBLocalPlanner]: 1.00: BaseObstacle/Trajectory Hits Obstacle.
[component_container_isolated-1] [WARN] [1790243427.459199729] [robot1.controller_server]: No valid trajectories out of 419! 
[component_container_isolated-1] [ERROR] [1790243427.511324116] [DWBLocalPlanner]: No valid trajectories out of 419! 
[component_container_isolated-1] [ERROR] [1790243427.511354775] [DWBLocalPlanner]: 1.00: BaseObstacle/Trajectory Hits Obstacle.
[component_container_isolated-1] [WARN] [1790243427.511439000] [robot1.controller_server]: No valid trajectories out of 419! 
[component_container_isolated-1] [ERROR] [1790243427.511456732] [robot1.controller_server]: Controller patience exceeded
[component_container_isolated-1] [WARN] [1790243427.511478157] [robot1.controller_server]: [follow_path] [ActionServer] Aborting handle.
[component_container_isolated-1] [INFO] [1790243427.527200100] [robot1.behavior_server]: Running backup
[component_container_isolated-1] [WARN] [1790243427.527384592] [robot1.behavior_server]: Collision Ahead - Exiting DriveOnHeading
[component_container_isolated-1] [WARN] [1790243427.527402052] [robot1.behavior_server]: backup failed
[component_container_isolated-1] [WARN] [1790243427.527411005] [robot1.behavior_server]: [backup] [ActionServer] Aborting handle.
[component_container_isolated-1] [INFO] [1790243427.557002859] [robot1.local_costmap.local_costmap]: Received request to clear entirely the local_costmap
[component_container_isolated-1] [INFO] [1790243427.557163507] [robot1.global_costmap.global_costmap]: Received request to clear entirely the global_costmap
[component_container_isolated-1] [WARN] [1790243428.557909666] [robot1.planner_server]: Planner loop missed its desired rate of 20.0000 Hz. Current loop rate is 0.9995 Hz
[component_container_isolated-1] [INFO] [1790243428.577272128] [robot1.controller_server]: Received a goal, begin computing control effort.
[component_container_isolated-1] [ERROR] [1790243428.579353838] [DWBLocalPlanner]: No valid trajectories out of 419! 
[component_container_isolated-1] [ERROR] [1790243428.579386412] [DWBLocalPlanner]: 1.00: BaseObstacle/Trajectory Hits Obstacle.
[component_container_isolated-1] [WARN] [1790243428.579447629] [robot1.controller_server]: No valid trajectories out of 419! 
[component_container_isolated-1] [ERROR] [1790243428.629588390] [DWBLocalPlanner]: No valid trajectories out of 419! 
[component_container_isolated-1] [ERROR] [1790243428.629620094] [DWBLocalPlanner]: 1.00: BaseObstacle/Trajectory Hits Obstacle.
[component_container_isolated-1] [WARN] [1790243428.629694507] [robot1.controller_server]: No valid trajectories out of 419! 
[component_container_isolated-1] [ERROR] [1790243428.679482139] [DWBLocalPlanner]: No valid trajectories out of 419! 
[component_container_isolated-1] [ERROR] [1790243428.679508704] [DWBLocalPlanner]: 1.00: BaseObstacle/Trajectory Hits Obstacle.
[component_container_isolated-1] [WARN] [1790243428.679571072] [robot1.controller_server]: No valid trajectories out of 419! 
[component_container_isolated-1] [ERROR] [1790243428.729541698] [DWBLocalPlanner]: No valid trajectories out of 419! 
[component_container_isolated-1] [ERROR] [1790243428.729568287] [DWBLocalPlanner]: 1.00: BaseObstacle/Trajectory Hits Obstacle.
[component_container_isolated-1] [WARN] [1790243428.729638427] [robot1.controller_server]: No valid trajectories out of 419! 
[component_container_isolated-1] [ERROR] [1790243428.779473416] [DWBLocalPlanner]: No valid trajectories out of 419! 
[component_container_isolated-1] [ERROR] [1790243428.779499781] [DWBLocalPlanner]: 1.00: BaseObstacle/Trajectory Hits Obstacle.
[component_container_isolated-1] [WARN] [1790243428.779572535] [robot1.controller_server]: No valid trajectories out of 419! 
[component_container_isolated-1] [ERROR] [1790243428.829486805] [DWBLocalPlanner]: No valid trajectories out of 419! 
[component_container_isolated-1] [ERROR] [1790243428.829513232] [DWBLocalPlanner]: 1.00: BaseObstacle/Trajectory Hits Obstacle.
[component_container_isolated-1] [WARN] [1790243428.829588172] [robot1.controller_server]: No valid trajectories out of 419! 
[component_container_isolated-1] [ERROR] [1790243428.879459077] [DWBLocalPlanner]: No valid trajectories out of 419! 
[component_container_isolated-1] [ERROR] [1790243428.879490815] [DWBLocalPlanner]: 1.00: BaseObstacle/Trajectory Hits Obstacle.
[component_container_isolated-1] [WARN] [1790243428.879560949] [robot1.controller_server]: No valid trajectories out of 419! 
[component_container_isolated-1] [ERROR] [1790243428.879577340] [robot1.controller_server]: Controller patience exceeded
[component_container_isolated-1] [WARN] [1790243428.879594391] [robot1.controller_server]: [follow_path] [ActionServer] Aborting handle.
[component_container_isolated-1] [INFO] [1790243428.897209804] [robot1.local_costmap.local_costmap]: Received request to clear entirely the local_costmap
[component_container_isolated-1] [INFO] [1790243428.897574167] [robot1.controller_server]: Received a goal, begin computing control effort.
[component_container_isolated-1] [ERROR] [1790243428.949694289] [DWBLocalPlanner]: No valid trajectories out of 419! 
[component_container_isolated-1] [ERROR] [1790243428.949729690] [DWBLocalPlanner]: 1.00: BaseObstacle/Trajectory Hits Obstacle.
[component_container_isolated-1] [WARN] [1790243428.949791589] [robot1.controller_server]: No valid trajectories out of 419! 
[component_container_isolated-1] [WARN] [1790243428.949833126] [robot1.controller_server]: Control loop missed its desired rate of 20.0000Hz
[component_container_isolated-1] [ERROR] [1790243428.951705517] [DWBLocalPlanner]: No valid trajectories out of 419! 
[component_container_isolated-1] [ERROR] [1790243428.951712461] [DWBLocalPlanner]: 1.00: BaseObstacle/Trajectory Hits Obstacle.
[component_container_isolated-1] [WARN] [1790243428.951749613] [robot1.controller_server]: No valid trajectories out of 419! 
[component_container_isolated-1] [ERROR] [1790243428.999732485] [DWBLocalPlanner]: No valid trajectories out of 419! 
[component_container_isolated-1] [ERROR] [1790243428.999758643] [DWBLocalPlanner]: 1.00: BaseObstacle/Trajectory Hits Obstacle.
[component_container_isolated-1] [WARN] [1790243428.999825324] [robot1.controller_server]: No valid trajectories out of 419! 
[component_container_isolated-1] [ERROR] [1790243429.049696389] [DWBLocalPlanner]: No valid trajectories out of 419! 
[component_container_isolated-1] [ERROR] [1790243429.049724745] [DWBLocalPlanner]: 1.00: BaseObstacle/Trajectory Hits Obstacle.
[component_container_isolated-1] [WARN] [1790243429.049792815] [robot1.controller_server]: No valid trajectories out of 419! 
[component_container_isolated-1] [ERROR] [1790243429.099714097] [DWBLocalPlanner]: No valid trajectories out of 419! 
[component_container_isolated-1] [ERROR] [1790243429.099740465] [DWBLocalPlanner]: 1.00: BaseObstacle/Trajectory Hits Obstacle.
[component_container_isolated-1] [WARN] [1790243429.099805871] [robot1.controller_server]: No valid trajectories out of 419! 
[component_container_isolated-1] [ERROR] [1790243429.149706583] [DWBLocalPlanner]: No valid trajectories out of 419! 
[component_container_isolated-1] [ERROR] [1790243429.149733477] [DWBLocalPlanner]: 1.00: BaseObstacle/Trajectory Hits Obstacle.
[component_container_isolated-1] [WARN] [1790243429.149797905] [robot1.controller_server]: No valid trajectories out of 419! 
[component_container_isolated-1] [ERROR] [1790243429.199737966] [DWBLocalPlanner]: No valid trajectories out of 419! 
[component_container_isolated-1] [ERROR] [1790243429.199766051] [DWBLocalPlanner]: 1.00: BaseObstacle/Trajectory Hits Obstacle.
[component_container_isolated-1] [WARN] [1790243429.199838598] [robot1.controller_server]: No valid trajectories out of 419! 
[component_container_isolated-1] [ERROR] [1790243429.199853631] [robot1.controller_server]: Controller patience exceeded
[component_container_isolated-1] [WARN] [1790243429.199868874] [robot1.controller_server]: [follow_path] [ActionServer] Aborting handle.
[component_container_isolated-1] [INFO] [1790243429.217171301] [robot1.behavior_server]: Running spin
[component_container_isolated-1] [INFO] [1790243429.217229832] [robot1.behavior_server]: Turning 1.57 for spin behavior.
[component_container_isolated-1] [WARN] [1790243429.517465601] [robot1.behavior_server]: Collision Ahead - Exiting Spin
[component_container_isolated-1] [WARN] [1790243429.517495368] [robot1.behavior_server]: spin failed
[component_container_isolated-1] [WARN] [1790243429.517505355] [robot1.behavior_server]: [spin] [ActionServer] Aborting handle.
[component_container_isolated-1] [INFO] [1790243429.547083844] [robot1.behavior_server]: Running wait
[component_container_isolated-1] [INFO] [1790243429.806965535] [robot1.bt_navigator]: Received goal preemption request
[component_container_isolated-1] [INFO] [1790243429.807025989] [robot1.bt_navigator]: Begin navigating from current location (4.41, -5.49) to (3.24, -5.09)
[component_container_isolated-1] [INFO] [1790243434.547233175] [robot1.behavior_server]: wait completed successfully
[component_container_isolated-1] [INFO] [1790243434.597300929] [robot1.controller_server]: Received a goal, begin computing control effort.
[component_container_isolated-1] [ERROR] [1790243434.599472095] [DWBLocalPlanner]: No valid trajectories out of 419! 
[component_container_isolated-1] [ERROR] [1790243434.599495635] [DWBLocalPlanner]: 1.00: BaseObstacle/Trajectory Hits Obstacle.
[component_container_isolated-1] [WARN] [1790243434.599562360] [robot1.controller_server]: No valid trajectories out of 419! 
[component_container_isolated-1] [ERROR] [1790243434.649428050] [DWBLocalPlanner]: No valid trajectories out of 419! 
[component_container_isolated-1] [ERROR] [1790243434.649454501] [DWBLocalPlanner]: 1.00: BaseObstacle/Trajectory Hits Obstacle.
[component_container_isolated-1] [WARN] [1790243434.649536826] [robot1.controller_server]: No valid trajectories out of 419! 
[component_container_isolated-1] [ERROR] [1790243434.699443526] [DWBLocalPlanner]: No valid trajectories out of 419! 
[component_container_isolated-1] [ERROR] [1790243434.699470532] [DWBLocalPlanner]: 1.00: BaseObstacle/Trajectory Hits Obstacle.
[component_container_isolated-1] [WARN] [1790243434.699542902] [robot1.controller_server]: No valid trajectories out of 419! 
[component_container_isolated-1] [ERROR] [1790243434.749400433] [DWBLocalPlanner]: No valid trajectories out of 419! 
[component_container_isolated-1] [ERROR] [1790243434.749475739] [DWBLocalPlanner]: 1.00: BaseObstacle/Trajectory Hits Obstacle.
[component_container_isolated-1] [WARN] [1790243434.749556018] [robot1.controller_server]: No valid trajectories out of 419! 
[component_container_isolated-1] [ERROR] [1790243434.799422708] [DWBLocalPlanner]: No valid trajectories out of 419! 
[component_container_isolated-1] [ERROR] [1790243434.799448800] [DWBLocalPlanner]: 1.00: BaseObstacle/Trajectory Hits Obstacle.
[component_container_isolated-1] [WARN] [1790243434.799519253] [robot1.controller_server]: No valid trajectories out of 419! 
[component_container_isolated-1] [INFO] [1790243435.647497969] [robot1.controller_server]: Passing new path to controller.
[component_container_isolated-1] [ERROR] [1790243436.499435637] [DWBLocalPlanner]: No valid trajectories out of 419! 
[component_container_isolated-1] [ERROR] [1790243436.499468689] [DWBLocalPlanner]: 1.00: BaseObstacle/Trajectory Hits Obstacle.
[component_container_isolated-1] [WARN] [1790243436.499531826] [robot1.controller_server]: No valid trajectories out of 419! 
[component_container_isolated-1] [INFO] [1790243436.647495729] [robot1.controller_server]: Passing new path to controller.
[component_container_isolated-1] [INFO] [1790243436.904348231] [robot1.global_costmap.global_costmap]: Message Filter dropping message: frame 'rplidar_link' at time 1790243436.450 for reason 'the timestamp on the message is earlier than all the data in the transform cache'
[component_container_isolated-1] [INFO] [1790243437.697494560] [robot1.controller_server]: Passing new path to controller.
[component_container_isolated-1] [INFO] [1790243438.747519191] [robot1.controller_server]: Passing new path to controller.
[component_container_isolated-1] [WARN] [1790243439.707567666] [robot1.planner_server]: GridBased: failed to create plan with tolerance 0.50.
[component_container_isolated-1] [WARN] [1790243439.707611120] [robot1.planner_server]: Planning algorithm GridBased failed to generate a valid path to (3.24, -5.09)
[component_container_isolated-1] [WARN] [1790243439.707622418] [robot1.planner_server]: [compute_path_to_pose] [ActionServer] Aborting handle.
[component_container_isolated-1] [INFO] [1790243439.727225150] [robot1.global_costmap.global_costmap]: Received request to clear entirely the global_costmap
[component_container_isolated-1] [WARN] [1790243440.557997898] [robot1.planner_server]: GridBased: failed to create plan with tolerance 0.50.
[component_container_isolated-1] [WARN] [1790243440.558043467] [robot1.planner_server]: Planning algorithm GridBased failed to generate a valid path to (3.24, -5.09)
[component_container_isolated-1] [WARN] [1790243440.558057060] [robot1.planner_server]: [compute_path_to_pose] [ActionServer] Aborting handle.
[component_container_isolated-1] [ERROR] [1790243440.597188161] [robot1.bt_navigator_navigate_to_pose_rclcpp_node]: Failed to get result for follow_path in node halt!
[component_container_isolated-1] [INFO] [1790243440.597335739] [robot1.behavior_server]: Running backup
[component_container_isolated-1] [WARN] [1790243440.597361917] [BehaviorTreeEngine]: Behavior Tree tick rate 100.00 was exceeded!
[component_container_isolated-1] [WARN] [1790243440.597519382] [robot1.behavior_server]: Collision Ahead - Exiting DriveOnHeading
[component_container_isolated-1] [WARN] [1790243440.597538505] [robot1.behavior_server]: backup failed
[component_container_isolated-1] [WARN] [1790243440.597549155] [robot1.behavior_server]: [backup] [ActionServer] Aborting handle.
[component_container_isolated-1] [INFO] [1790243440.597539197] [robot1.controller_server]: Goal was canceled. Stopping the robot.
[component_container_isolated-1] [INFO] [1790243440.597582930] [robot1.controller_server]: [follow_path] [ActionServer] Client requested to cancel the goal. Cancelling.
[component_container_isolated-1] [INFO] [1790243440.628031932] [robot1.local_costmap.local_costmap]: Received request to clear entirely the local_costmap
[component_container_isolated-1] [INFO] [1790243440.628247965] [robot1.global_costmap.global_costmap]: Received request to clear entirely the global_costmap
[component_container_isolated-1] [WARN] [1790243441.558926971] [robot1.planner_server]: GridBased: failed to create plan with tolerance 0.50.
[component_container_isolated-1] [WARN] [1790243441.558963390] [robot1.planner_server]: Planning algorithm GridBased failed to generate a valid path to (3.24, -5.09)
[component_container_isolated-1] [WARN] [1790243441.558971815] [robot1.planner_server]: [compute_path_to_pose] [ActionServer] Aborting handle.
[component_container_isolated-1] [INFO] [1790243441.577581987] [robot1.global_costmap.global_costmap]: Received request to clear entirely the global_costmap
[component_container_isolated-1] [WARN] [1790243442.558120171] [robot1.planner_server]: GridBased: failed to create plan with tolerance 0.50.
[component_container_isolated-1] [WARN] [1790243442.558155406] [robot1.planner_server]: Planning algorithm GridBased failed to generate a valid path to (3.24, -5.09)
[component_container_isolated-1] [WARN] [1790243442.558162614] [robot1.planner_server]: [compute_path_to_pose] [ActionServer] Aborting handle.
[component_container_isolated-1] [INFO] [1790243442.577724527] [robot1.behavior_server]: Running spin
[component_container_isolated-1] [INFO] [1790243442.577782300] [robot1.behavior_server]: Turning 1.57 for spin behavior.
[component_container_isolated-1] [WARN] [1790243442.778016708] [robot1.behavior_server]: Collision Ahead - Exiting Spin
[component_container_isolated-1] [WARN] [1790243442.778045656] [robot1.behavior_server]: spin failed
[component_container_isolated-1] [WARN] [1790243442.778055895] [robot1.behavior_server]: [spin] [ActionServer] Aborting handle.
[component_container_isolated-1] [INFO] [1790243442.807629180] [robot1.behavior_server]: Running wait
[component_container_isolated-1] [INFO] [1790243447.807839657] [robot1.behavior_server]: wait completed successfully
[component_container_isolated-1] [WARN] [1790243447.838011104] [robot1.planner_server]: GridBased: failed to create plan with tolerance 0.50.
[component_container_isolated-1] [WARN] [1790243447.838037875] [robot1.planner_server]: Planning algorithm GridBased failed to generate a valid path to (3.24, -5.09)
[component_container_isolated-1] [WARN] [1790243447.838044613] [robot1.planner_server]: [compute_path_to_pose] [ActionServer] Aborting handle.
[component_container_isolated-1] [INFO] [1790243447.857594590] [robot1.global_costmap.global_costmap]: Received request to clear entirely the global_costmap
[component_container_isolated-1] [WARN] [1790243448.558121605] [robot1.planner_server]: GridBased: failed to create plan with tolerance 0.50.
[component_container_isolated-1] [WARN] [1790243448.558159243] [robot1.planner_server]: Planning algorithm GridBased failed to generate a valid path to (3.24, -5.09)
[component_container_isolated-1] [WARN] [1790243448.558166610] [robot1.planner_server]: [compute_path_to_pose] [ActionServer] Aborting handle.
[component_container_isolated-1] [INFO] [1790243448.577721229] [robot1.behavior_server]: Running backup
[component_container_isolated-1] [WARN] [1790243448.577912726] [robot1.behavior_server]: Collision Ahead - Exiting DriveOnHeading
[component_container_isolated-1] [WARN] [1790243448.577930353] [robot1.behavior_server]: backup failed
[component_container_isolated-1] [WARN] [1790243448.577939232] [robot1.behavior_server]: [backup] [ActionServer] Aborting handle.
[component_container_isolated-1] [INFO] [1790243448.607607625] [robot1.local_costmap.local_costmap]: Received request to clear entirely the local_costmap
[component_container_isolated-1] [INFO] [1790243448.607794371] [robot1.global_costmap.global_costmap]: Received request to clear entirely the global_costmap
[component_container_isolated-1] [WARN] [1790243449.558530393] [robot1.planner_server]: GridBased: failed to create plan with tolerance 0.50.
[component_container_isolated-1] [WARN] [1790243449.558574915] [robot1.planner_server]: Planning algorithm GridBased failed to generate a valid path to (3.24, -5.09)
[component_container_isolated-1] [WARN] [1790243449.558588897] [robot1.planner_server]: [compute_path_to_pose] [ActionServer] Aborting handle.
[component_container_isolated-1] [INFO] [1790243449.577506124] [robot1.global_costmap.global_costmap]: Received request to clear entirely the global_costmap
[component_container_isolated-1] [WARN] [1790243450.558319889] [robot1.planner_server]: GridBased: failed to create plan with tolerance 0.50.
[component_container_isolated-1] [WARN] [1790243450.558351865] [robot1.planner_server]: Planning algorithm GridBased failed to generate a valid path to (3.24, -5.09)
[component_container_isolated-1] [WARN] [1790243450.558358629] [robot1.planner_server]: [compute_path_to_pose] [ActionServer] Aborting handle.
[component_container_isolated-1] [WARN] [1790243450.587389995] [robot1.bt_navigator]: [navigate_to_pose] [ActionServer] Aborting handle.
[component_container_isolated-1] [ERROR] [1790243450.587513434] [robot1.bt_navigator]: Goal failed
[component_container_isolated-1] [INFO] [1790243454.999625204] [robot1.bt_navigator]: Begin navigating from current location (4.57, -5.18) to (2.54, -5.28)
[component_container_isolated-1] [INFO] [1790243455.020044809] [robot1.controller_server]: Received a goal, begin computing control effort.
[component_container_isolated-1] [ERROR] [1790243455.022266138] [DWBLocalPlanner]: No valid trajectories out of 419! 
[component_container_isolated-1] [ERROR] [1790243455.022293375] [DWBLocalPlanner]: 1.00: BaseObstacle/Trajectory Hits Obstacle.
[component_container_isolated-1] [WARN] [1790243455.022463370] [robot1.controller_server]: No valid trajectories out of 419! 
[component_container_isolated-1] [ERROR] [1790243455.072207652] [DWBLocalPlanner]: No valid trajectories out of 419! 
[component_container_isolated-1] [ERROR] [1790243455.072235254] [DWBLocalPlanner]: 1.00: BaseObstacle/Trajectory Hits Obstacle.
[component_container_isolated-1] [WARN] [1790243455.072317845] [robot1.controller_server]: No valid trajectories out of 419! 
[component_container_isolated-1] [ERROR] [1790243455.122354337] [DWBLocalPlanner]: No valid trajectories out of 419! 
[component_container_isolated-1] [ERROR] [1790243455.122385050] [DWBLocalPlanner]: 1.00: BaseObstacle/Trajectory Hits Obstacle.
[component_container_isolated-1] [WARN] [1790243455.122453043] [robot1.controller_server]: No valid trajectories out of 419! 
[component_container_isolated-1] [ERROR] [1790243455.172151015] [DWBLocalPlanner]: No valid trajectories out of 419! 
[component_container_isolated-1] [ERROR] [1790243455.172177911] [DWBLocalPlanner]: 1.00: BaseObstacle/Trajectory Hits Obstacle.
[component_container_isolated-1] [WARN] [1790243455.172245143] [robot1.controller_server]: No valid trajectories out of 419! 
[component_container_isolated-1] [ERROR] [1790243455.222237231] [DWBLocalPlanner]: No valid trajectories out of 419! 
[component_container_isolated-1] [ERROR] [1790243455.222265855] [DWBLocalPlanner]: 1.00: BaseObstacle/Trajectory Hits Obstacle.
[component_container_isolated-1] [WARN] [1790243455.222342936] [robot1.controller_server]: No valid trajectories out of 419! 
[component_container_isolated-1] [ERROR] [1790243455.272404297] [DWBLocalPlanner]: No valid trajectories out of 419! 
[component_container_isolated-1] [ERROR] [1790243455.272435164] [DWBLocalPlanner]: 1.00: BaseObstacle/Trajectory Hits Obstacle.
[component_container_isolated-1] [WARN] [1790243455.272530849] [robot1.controller_server]: No valid trajectories out of 419! 
[component_container_isolated-1] [ERROR] [1790243455.322172826] [DWBLocalPlanner]: No valid trajectories out of 419! 
[component_container_isolated-1] [ERROR] [1790243455.322200916] [DWBLocalPlanner]: 1.00: BaseObstacle/Trajectory Hits Obstacle.
[component_container_isolated-1] [WARN] [1790243455.322270181] [robot1.controller_server]: No valid trajectories out of 419! 
[component_container_isolated-1] [ERROR] [1790243455.322285959] [robot1.controller_server]: Controller patience exceeded
[component_container_isolated-1] [WARN] [1790243455.322302844] [robot1.controller_server]: [follow_path] [ActionServer] Aborting handle.
[component_container_isolated-1] [INFO] [1790243455.339848257] [robot1.local_costmap.local_costmap]: Received request to clear entirely the local_costmap
[component_container_isolated-1] [INFO] [1790243455.340187761] [robot1.controller_server]: Received a goal, begin computing control effort.
[component_container_isolated-1] [ERROR] [1790243455.543540093] [DWBLocalPlanner]: No valid trajectories out of 419! 
[component_container_isolated-1] [ERROR] [1790243455.543588656] [DWBLocalPlanner]: 1.00: BaseObstacle/Trajectory Hits Obstacle.
[component_container_isolated-1] [WARN] [1790243455.543691506] [robot1.controller_server]: No valid trajectories out of 419! 
[component_container_isolated-1] [WARN] [1790243455.543777906] [robot1.controller_server]: Control loop missed its desired rate of 20.0000Hz
[component_container_isolated-1] [ERROR] [1790243455.547001987] [DWBLocalPlanner]: No valid trajectories out of 419! 
[component_container_isolated-1] [ERROR] [1790243455.547022725] [DWBLocalPlanner]: 1.00: BaseObstacle/Trajectory Hits Obstacle.
[component_container_isolated-1] [WARN] [1790243455.547105506] [robot1.controller_server]: No valid trajectories out of 419! 
[component_container_isolated-1] [ERROR] [1790243455.599772279] [DWBLocalPlanner]: No valid trajectories out of 419! 
[component_container_isolated-1] [ERROR] [1790243455.599800364] [DWBLocalPlanner]: 1.00: BaseObstacle/Trajectory Hits Obstacle.
[component_container_isolated-1] [WARN] [1790243455.599863905] [robot1.controller_server]: No valid trajectories out of 419! 
[component_container_isolated-1] [ERROR] [1790243455.651917610] [DWBLocalPlanner]: No valid trajectories out of 419! 
[component_container_isolated-1] [ERROR] [1790243455.651944182] [DWBLocalPlanner]: 1.00: BaseObstacle/Trajectory Hits Obstacle.
[component_container_isolated-1] [WARN] [1790243455.652019435] [robot1.controller_server]: No valid trajectories out of 419! 
[component_container_isolated-1] [ERROR] [1790243455.652035613] [robot1.controller_server]: Controller patience exceeded
[component_container_isolated-1] [WARN] [1790243455.652052546] [robot1.controller_server]: [follow_path] [ActionServer] Aborting handle.
[component_container_isolated-1] [INFO] [1790243455.670030640] [robot1.behavior_server]: Running spin
[component_container_isolated-1] [INFO] [1790243455.670093186] [robot1.behavior_server]: Turning 1.57 for spin behavior.
[component_container_isolated-1] [WARN] [1790243455.970298013] [robot1.behavior_server]: Collision Ahead - Exiting Spin
[component_container_isolated-1] [WARN] [1790243455.970327182] [robot1.behavior_server]: spin failed
[component_container_isolated-1] [WARN] [1790243455.970337182] [robot1.behavior_server]: [spin] [ActionServer] Aborting handle.
[component_container_isolated-1] [INFO] [1790243455.999947396] [robot1.behavior_server]: Running wait
[component_container_isolated-1] [INFO] [1790243461.000096344] [robot1.behavior_server]: wait completed successfully
[component_container_isolated-1] [INFO] [1790243461.049985327] [robot1.controller_server]: Received a goal, begin computing control effort.
[component_container_isolated-1] [ERROR] [1790243461.053319067] [DWBLocalPlanner]: No valid trajectories out of 419! 
[component_container_isolated-1] [ERROR] [1790243461.053350254] [DWBLocalPlanner]: 1.00: BaseObstacle/Trajectory Hits Obstacle.
[component_container_isolated-1] [WARN] [1790243461.053467811] [robot1.controller_server]: No valid trajectories out of 419! 
[component_container_isolated-1] [ERROR] [1790243461.103498534] [DWBLocalPlanner]: No valid trajectories out of 419! 
[component_container_isolated-1] [ERROR] [1790243461.103534420] [DWBLocalPlanner]: 1.00: BaseObstacle/Trajectory Hits Obstacle.
[component_container_isolated-1] [WARN] [1790243461.103630676] [robot1.controller_server]: No valid trajectories out of 419! 
[component_container_isolated-1] [ERROR] [1790243461.153346445] [DWBLocalPlanner]: No valid trajectories out of 419! 
[component_container_isolated-1] [ERROR] [1790243461.153386818] [DWBLocalPlanner]: 1.00: BaseObstacle/Trajectory Hits Obstacle.
[component_container_isolated-1] [WARN] [1790243461.153523178] [robot1.controller_server]: No valid trajectories out of 419! 
[component_container_isolated-1] [ERROR] [1790243461.202131126] [DWBLocalPlanner]: No valid trajectories out of 419! 
[component_container_isolated-1] [ERROR] [1790243461.202160940] [DWBLocalPlanner]: 1.00: BaseObstacle/Trajectory Hits Obstacle.
[component_container_isolated-1] [WARN] [1790243461.202232571] [robot1.controller_server]: No valid trajectories out of 419! 
[component_container_isolated-1] [ERROR] [1790243461.252095374] [DWBLocalPlanner]: No valid trajectories out of 419! 
[component_container_isolated-1] [ERROR] [1790243461.252121979] [DWBLocalPlanner]: 1.00: BaseObstacle/Trajectory Hits Obstacle.
[component_container_isolated-1] [WARN] [1790243461.252189649] [robot1.controller_server]: No valid trajectories out of 419! 
[component_container_isolated-1] [ERROR] [1790243461.302124212] [DWBLocalPlanner]: No valid trajectories out of 419! 
[component_container_isolated-1] [ERROR] [1790243461.302155876] [DWBLocalPlanner]: 1.00: BaseObstacle/Trajectory Hits Obstacle.
[component_container_isolated-1] [WARN] [1790243461.302236305] [robot1.controller_server]: No valid trajectories out of 419! 
[component_container_isolated-1] [ERROR] [1790243461.352110457] [DWBLocalPlanner]: No valid trajectories out of 419! 
[component_container_isolated-1] [ERROR] [1790243461.352137479] [DWBLocalPlanner]: 1.00: BaseObstacle/Trajectory Hits Obstacle.
[component_container_isolated-1] [WARN] [1790243461.352207039] [robot1.controller_server]: No valid trajectories out of 419! 
[component_container_isolated-1] [ERROR] [1790243461.352223453] [robot1.controller_server]: Controller patience exceeded
[component_container_isolated-1] [WARN] [1790243461.352238982] [robot1.controller_server]: [follow_path] [ActionServer] Aborting handle.
[component_container_isolated-1] [INFO] [1790243461.369873932] [robot1.local_costmap.local_costmap]: Received request to clear entirely the local_costmap
[component_container_isolated-1] [INFO] [1790243461.370135084] [robot1.controller_server]: Received a goal, begin computing control effort.
[component_container_isolated-1] [ERROR] [1790243461.542308187] [DWBLocalPlanner]: No valid trajectories out of 419! 
[component_container_isolated-1] [ERROR] [1790243461.542340230] [DWBLocalPlanner]: 1.00: BaseObstacle/Trajectory Hits Obstacle.
[component_container_isolated-1] [WARN] [1790243461.542429480] [robot1.controller_server]: No valid trajectories out of 419! 
[component_container_isolated-1] [WARN] [1790243461.542476437] [robot1.controller_server]: Control loop missed its desired rate of 20.0000Hz
[component_container_isolated-1] [ERROR] [1790243461.544347819] [DWBLocalPlanner]: No valid trajectories out of 419! 
[component_container_isolated-1] [ERROR] [1790243461.544356997] [DWBLocalPlanner]: 1.00: BaseObstacle/Trajectory Hits Obstacle.
[component_container_isolated-1] [WARN] [1790243461.544415999] [robot1.controller_server]: No valid trajectories out of 419! 
[component_container_isolated-1] [ERROR] [1790243461.596434565] [DWBLocalPlanner]: No valid trajectories out of 419! 
[component_container_isolated-1] [ERROR] [1790243461.596462762] [DWBLocalPlanner]: 1.00: BaseObstacle/Trajectory Hits Obstacle.
[component_container_isolated-1] [WARN] [1790243461.596536247] [robot1.controller_server]: No valid trajectories out of 419! 
[component_container_isolated-1] [ERROR] [1790243461.648617965] [DWBLocalPlanner]: No valid trajectories out of 419! 
[component_container_isolated-1] [ERROR] [1790243461.648645147] [DWBLocalPlanner]: 1.00: BaseObstacle/Trajectory Hits Obstacle.
[component_container_isolated-1] [WARN] [1790243461.648719153] [robot1.controller_server]: No valid trajectories out of 419! 
[component_container_isolated-1] [ERROR] [1790243461.700938269] [DWBLocalPlanner]: No valid trajectories out of 419! 
[component_container_isolated-1] [ERROR] [1790243461.700963928] [DWBLocalPlanner]: 1.00: BaseObstacle/Trajectory Hits Obstacle.
[component_container_isolated-1] [WARN] [1790243461.701039394] [robot1.controller_server]: No valid trajectories out of 419! 
[component_container_isolated-1] [ERROR] [1790243461.701056513] [robot1.controller_server]: Controller patience exceeded
[component_container_isolated-1] [WARN] [1790243461.701073485] [robot1.controller_server]: [follow_path] [ActionServer] Aborting handle.
[component_container_isolated-1] [INFO] [1790243461.719913272] [robot1.behavior_server]: Running backup
[component_container_isolated-1] [WARN] [1790243461.720063120] [robot1.behavior_server]: Collision Ahead - Exiting DriveOnHeading
[component_container_isolated-1] [WARN] [1790243461.720086001] [robot1.behavior_server]: backup failed
[component_container_isolated-1] [WARN] [1790243461.720095928] [robot1.behavior_server]: [backup] [ActionServer] Aborting handle.
[component_container_isolated-1] [INFO] [1790243461.749853702] [robot1.local_costmap.local_costmap]: Received request to clear entirely the local_costmap
[component_container_isolated-1] [INFO] [1790243461.750019962] [robot1.global_costmap.global_costmap]: Received request to clear entirely the global_costmap
[component_container_isolated-1] [WARN] [1790243462.550725518] [robot1.planner_server]: Planner loop missed its desired rate of 20.0000 Hz. Current loop rate is 1.2493 Hz
[component_container_isolated-1] [INFO] [1790243462.569972011] [robot1.controller_server]: Received a goal, begin computing control effort.
[component_container_isolated-1] [ERROR] [1790243462.572568498] [DWBLocalPlanner]: No valid trajectories out of 419! 
[component_container_isolated-1] [ERROR] [1790243462.572600442] [DWBLocalPlanner]: 1.00: BaseObstacle/Trajectory Hits Obstacle.
[component_container_isolated-1] [WARN] [1790243462.572676213] [robot1.controller_server]: No valid trajectories out of 419! 
[component_container_isolated-1] [ERROR] [1790243462.622305248] [DWBLocalPlanner]: No valid trajectories out of 419! 
[component_container_isolated-1] [ERROR] [1790243462.622331367] [DWBLocalPlanner]: 1.00: BaseObstacle/Trajectory Hits Obstacle.
[component_container_isolated-1] [WARN] [1790243462.622407858] [robot1.controller_server]: No valid trajectories out of 419! 
[component_container_isolated-1] [ERROR] [1790243462.672190554] [DWBLocalPlanner]: No valid trajectories out of 419! 
[component_container_isolated-1] [ERROR] [1790243462.672216783] [DWBLocalPlanner]: 1.00: BaseObstacle/Trajectory Hits Obstacle.
[component_container_isolated-1] [WARN] [1790243462.672285604] [robot1.controller_server]: No valid trajectories out of 419! 
[component_container_isolated-1] [ERROR] [1790243462.722123189] [DWBLocalPlanner]: No valid trajectories out of 419! 
[component_container_isolated-1] [ERROR] [1790243462.722148247] [DWBLocalPlanner]: 1.00: BaseObstacle/Trajectory Hits Obstacle.
[component_container_isolated-1] [WARN] [1790243462.722221605] [robot1.controller_server]: No valid trajectories out of 419! 
[component_container_isolated-1] [ERROR] [1790243462.772096665] [DWBLocalPlanner]: No valid trajectories out of 419! 
[component_container_isolated-1] [ERROR] [1790243462.772122500] [DWBLocalPlanner]: 1.00: BaseObstacle/Trajectory Hits Obstacle.
[component_container_isolated-1] [WARN] [1790243462.772192414] [robot1.controller_server]: No valid trajectories out of 419! 
[component_container_isolated-1] [ERROR] [1790243462.822119586] [DWBLocalPlanner]: No valid trajectories out of 419! 
[component_container_isolated-1] [ERROR] [1790243462.822144787] [DWBLocalPlanner]: 1.00: BaseObstacle/Trajectory Hits Obstacle.
[component_container_isolated-1] [WARN] [1790243462.822214720] [robot1.controller_server]: No valid trajectories out of 419! 
[component_container_isolated-1] [ERROR] [1790243462.872159429] [DWBLocalPlanner]: No valid trajectories out of 419! 
[component_container_isolated-1] [ERROR] [1790243462.872185326] [DWBLocalPlanner]: 1.00: BaseObstacle/Trajectory Hits Obstacle.
[component_container_isolated-1] [WARN] [1790243462.872268499] [robot1.controller_server]: No valid trajectories out of 419! 
[component_container_isolated-1] [ERROR] [1790243462.872284618] [robot1.controller_server]: Controller patience exceeded
[component_container_isolated-1] [WARN] [1790243462.872297558] [robot1.controller_server]: [follow_path] [ActionServer] Aborting handle.
[component_container_isolated-1] [INFO] [1790243462.889941661] [robot1.local_costmap.local_costmap]: Received request to clear entirely the local_costmap
[component_container_isolated-1] [INFO] [1790243462.890218765] [robot1.controller_server]: Received a goal, begin computing control effort.
[component_container_isolated-1] [ERROR] [1790243462.943650963] [DWBLocalPlanner]: No valid trajectories out of 419! 
[component_container_isolated-1] [ERROR] [1790243462.943700370] [DWBLocalPlanner]: 1.00: BaseObstacle/Trajectory Hits Obstacle.
[component_container_isolated-1] [WARN] [1790243462.943810049] [robot1.controller_server]: No valid trajectories out of 419! 
[component_container_isolated-1] [WARN] [1790243462.943896132] [robot1.controller_server]: Control loop missed its desired rate of 20.0000Hz
[component_container_isolated-1] [ERROR] [1790243462.947055381] [DWBLocalPlanner]: No valid trajectories out of 419! 
[component_container_isolated-1] [ERROR] [1790243462.947072506] [DWBLocalPlanner]: 1.00: BaseObstacle/Trajectory Hits Obstacle.
[component_container_isolated-1] [WARN] [1790243462.947164921] [robot1.controller_server]: No valid trajectories out of 419! 
[component_container_isolated-1] [ERROR] [1790243462.993594264] [DWBLocalPlanner]: No valid trajectories out of 419! 
[component_container_isolated-1] [ERROR] [1790243462.993621705] [DWBLocalPlanner]: 1.00: BaseObstacle/Trajectory Hits Obstacle.
[component_container_isolated-1] [WARN] [1790243462.993684713] [robot1.controller_server]: No valid trajectories out of 419! 
[component_container_isolated-1] [ERROR] [1790243463.042632870] [DWBLocalPlanner]: No valid trajectories out of 419! 
[component_container_isolated-1] [ERROR] [1790243463.042666687] [DWBLocalPlanner]: 1.00: BaseObstacle/Trajectory Hits Obstacle.
[component_container_isolated-1] [WARN] [1790243463.042741032] [robot1.controller_server]: No valid trajectories out of 419! 
[component_container_isolated-1] [ERROR] [1790243463.092457349] [DWBLocalPlanner]: No valid trajectories out of 419! 
[component_container_isolated-1] [ERROR] [1790243463.092482225] [DWBLocalPlanner]: 1.00: BaseObstacle/Trajectory Hits Obstacle.
[component_container_isolated-1] [WARN] [1790243463.092555128] [robot1.controller_server]: No valid trajectories out of 419! 
[component_container_isolated-1] [ERROR] [1790243463.142838292] [DWBLocalPlanner]: No valid trajectories out of 419! 
[component_container_isolated-1] [ERROR] [1790243463.142864979] [DWBLocalPlanner]: 1.00: BaseObstacle/Trajectory Hits Obstacle.
[component_container_isolated-1] [WARN] [1790243463.142933484] [robot1.controller_server]: No valid trajectories out of 419! 
[component_container_isolated-1] [ERROR] [1790243463.192337076] [DWBLocalPlanner]: No valid trajectories out of 419! 
[component_container_isolated-1] [ERROR] [1790243463.192363305] [DWBLocalPlanner]: 1.00: BaseObstacle/Trajectory Hits Obstacle.
[component_container_isolated-1] [WARN] [1790243463.192436428] [robot1.controller_server]: No valid trajectories out of 419! 
[component_container_isolated-1] [ERROR] [1790243463.192453257] [robot1.controller_server]: Controller patience exceeded
[component_container_isolated-1] [WARN] [1790243463.192469509] [robot1.controller_server]: [follow_path] [ActionServer] Aborting handle.
[component_container_isolated-1] [INFO] [1790243463.210105745] [robot1.behavior_server]: Running spin
[component_container_isolated-1] [INFO] [1790243463.210177574] [robot1.behavior_server]: Turning 1.57 for spin behavior.
[component_container_isolated-1] [WARN] [1790243463.410508678] [robot1.behavior_server]: Collision Ahead - Exiting Spin
[component_container_isolated-1] [WARN] [1790243463.410541994] [robot1.behavior_server]: spin failed
[component_container_isolated-1] [WARN] [1790243463.410552437] [robot1.behavior_server]: [spin] [ActionServer] Aborting handle.
[component_container_isolated-1] [INFO] [1790243463.439985953] [robot1.behavior_server]: Running wait
[component_container_isolated-1] [INFO] [1790243468.440187866] [robot1.behavior_server]: wait completed successfully
[component_container_isolated-1] [INFO] [1790243468.490005728] [robot1.controller_server]: Received a goal, begin computing control effort.
[component_container_isolated-1] [ERROR] [1790243468.492337380] [DWBLocalPlanner]: No valid trajectories out of 419! 
[component_container_isolated-1] [ERROR] [1790243468.492367709] [DWBLocalPlanner]: 1.00: BaseObstacle/Trajectory Hits Obstacle.
[component_container_isolated-1] [WARN] [1790243468.492437421] [robot1.controller_server]: No valid trajectories out of 419! 
[component_container_isolated-1] [ERROR] [1790243468.542162304] [DWBLocalPlanner]: No valid trajectories out of 419! 
[component_container_isolated-1] [ERROR] [1790243468.542191106] [DWBLocalPlanner]: 1.00: BaseObstacle/Trajectory Hits Obstacle.
[component_container_isolated-1] [WARN] [1790243468.542261164] [robot1.controller_server]: No valid trajectories out of 419! 
[component_container_isolated-1] [ERROR] [1790243468.592142288] [DWBLocalPlanner]: No valid trajectories out of 419! 
[component_container_isolated-1] [ERROR] [1790243468.592169924] [DWBLocalPlanner]: 1.00: BaseObstacle/Trajectory Hits Obstacle.
[component_container_isolated-1] [WARN] [1790243468.592232973] [robot1.controller_server]: No valid trajectories out of 419! 
[component_container_isolated-1] [ERROR] [1790243468.642118417] [DWBLocalPlanner]: No valid trajectories out of 419! 
[component_container_isolated-1] [ERROR] [1790243468.642143684] [DWBLocalPlanner]: 1.00: BaseObstacle/Trajectory Hits Obstacle.
[component_container_isolated-1] [WARN] [1790243468.642207702] [robot1.controller_server]: No valid trajectories out of 419! 
[component_container_isolated-1] [ERROR] [1790243468.692146887] [DWBLocalPlanner]: No valid trajectories out of 419! 
[component_container_isolated-1] [ERROR] [1790243468.692179322] [DWBLocalPlanner]: 1.00: BaseObstacle/Trajectory Hits Obstacle.
[component_container_isolated-1] [WARN] [1790243468.692257873] [robot1.controller_server]: No valid trajectories out of 419! 
[component_container_isolated-1] [ERROR] [1790243468.742167010] [DWBLocalPlanner]: No valid trajectories out of 419! 
[component_container_isolated-1] [ERROR] [1790243468.742193233] [DWBLocalPlanner]: 1.00: BaseObstacle/Trajectory Hits Obstacle.
[component_container_isolated-1] [WARN] [1790243468.742260403] [robot1.controller_server]: No valid trajectories out of 419! 
[component_container_isolated-1] [ERROR] [1790243468.792182483] [DWBLocalPlanner]: No valid trajectories out of 419! 
[component_container_isolated-1] [ERROR] [1790243468.792209945] [DWBLocalPlanner]: 1.00: BaseObstacle/Trajectory Hits Obstacle.
[component_container_isolated-1] [WARN] [1790243468.792283902] [robot1.controller_server]: No valid trajectories out of 419! 
[component_container_isolated-1] [ERROR] [1790243468.792300855] [robot1.controller_server]: Controller patience exceeded
[component_container_isolated-1] [WARN] [1790243468.792318187] [robot1.controller_server]: [follow_path] [ActionServer] Aborting handle.
[component_container_isolated-1] [INFO] [1790243468.809888180] [robot1.local_costmap.local_costmap]: Received request to clear entirely the local_costmap
[component_container_isolated-1] [INFO] [1790243468.810241625] [robot1.controller_server]: Received a goal, begin computing control effort.
[component_container_isolated-1] [ERROR] [1790243468.943531923] [DWBLocalPlanner]: No valid trajectories out of 419! 
[component_container_isolated-1] [ERROR] [1790243468.943588482] [DWBLocalPlanner]: 1.00: BaseObstacle/Trajectory Hits Obstacle.
[component_container_isolated-1] [WARN] [1790243468.943689228] [robot1.controller_server]: No valid trajectories out of 419! 
[component_container_isolated-1] [WARN] [1790243468.943773168] [robot1.controller_server]: Control loop missed its desired rate of 20.0000Hz
[component_container_isolated-1] [ERROR] [1790243468.947067562] [DWBLocalPlanner]: No valid trajectories out of 419! 
[component_container_isolated-1] [ERROR] [1790243468.947086890] [DWBLocalPlanner]: 1.00: BaseObstacle/Trajectory Hits Obstacle.
[component_container_isolated-1] [WARN] [1790243468.947180975] [robot1.controller_server]: No valid trajectories out of 419! 
[component_container_isolated-1] [ERROR] [1790243468.999377102] [DWBLocalPlanner]: No valid trajectories out of 419! 
[component_container_isolated-1] [ERROR] [1790243468.999406783] [DWBLocalPlanner]: 1.00: BaseObstacle/Trajectory Hits Obstacle.
[component_container_isolated-1] [WARN] [1790243468.999480529] [robot1.controller_server]: No valid trajectories out of 419! 
[component_container_isolated-1] [ERROR] [1790243469.051910211] [DWBLocalPlanner]: No valid trajectories out of 419! 
[component_container_isolated-1] [ERROR] [1790243469.051944315] [DWBLocalPlanner]: 1.00: BaseObstacle/Trajectory Hits Obstacle.
[component_container_isolated-1] [WARN] [1790243469.052021825] [robot1.controller_server]: No valid trajectories out of 419! 
[component_container_isolated-1] [ERROR] [1790243469.104104153] [DWBLocalPlanner]: No valid trajectories out of 419! 
[component_container_isolated-1] [ERROR] [1790243469.104129721] [DWBLocalPlanner]: 1.00: BaseObstacle/Trajectory Hits Obstacle.
[component_container_isolated-1] [WARN] [1790243469.104196175] [robot1.controller_server]: No valid trajectories out of 419! 
[component_container_isolated-1] [ERROR] [1790243469.156300804] [DWBLocalPlanner]: No valid trajectories out of 419! 
[component_container_isolated-1] [ERROR] [1790243469.156328325] [DWBLocalPlanner]: 1.00: BaseObstacle/Trajectory Hits Obstacle.
[component_container_isolated-1] [WARN] [1790243469.156410949] [robot1.controller_server]: No valid trajectories out of 419! 
[component_container_isolated-1] [ERROR] [1790243469.156428249] [robot1.controller_server]: Controller patience exceeded
[component_container_isolated-1] [WARN] [1790243469.156446234] [robot1.controller_server]: [follow_path] [ActionServer] Aborting handle.
[component_container_isolated-1] [INFO] [1790243469.169984151] [robot1.behavior_server]: Running backup
[component_container_isolated-1] [WARN] [1790243469.170134754] [robot1.behavior_server]: Collision Ahead - Exiting DriveOnHeading
[component_container_isolated-1] [WARN] [1790243469.170153065] [robot1.behavior_server]: backup failed
[component_container_isolated-1] [WARN] [1790243469.170162703] [robot1.behavior_server]: [backup] [ActionServer] Aborting handle.
[component_container_isolated-1] [INFO] [1790243469.199879507] [robot1.local_costmap.local_costmap]: Received request to clear entirely the local_costmap
[component_container_isolated-1] [INFO] [1790243469.200066513] [robot1.global_costmap.global_costmap]: Received request to clear entirely the global_costmap
[component_container_isolated-1] [WARN] [1790243469.550711194] [robot1.planner_server]: Planner loop missed its desired rate of 20.0000 Hz. Current loop rate is 2.8541 Hz
[component_container_isolated-1] [INFO] [1790243469.570056572] [robot1.controller_server]: Received a goal, begin computing control effort.
[component_container_isolated-1] [ERROR] [1790243469.573346746] [DWBLocalPlanner]: No valid trajectories out of 419! 
[component_container_isolated-1] [ERROR] [1790243469.573386642] [DWBLocalPlanner]: 1.00: BaseObstacle/Trajectory Hits Obstacle.
[component_container_isolated-1] [WARN] [1790243469.573496755] [robot1.controller_server]: No valid trajectories out of 419! 
[component_container_isolated-1] [ERROR] [1790243469.623469180] [DWBLocalPlanner]: No valid trajectories out of 419! 
[component_container_isolated-1] [ERROR] [1790243469.623508957] [DWBLocalPlanner]: 1.00: BaseObstacle/Trajectory Hits Obstacle.
[component_container_isolated-1] [WARN] [1790243469.623611211] [robot1.controller_server]: No valid trajectories out of 419! 
[component_container_isolated-1] [ERROR] [1790243469.672322673] [DWBLocalPlanner]: No valid trajectories out of 419! 
[component_container_isolated-1] [ERROR] [1790243469.672350990] [DWBLocalPlanner]: 1.00: BaseObstacle/Trajectory Hits Obstacle.
[component_container_isolated-1] [WARN] [1790243469.672425848] [robot1.controller_server]: No valid trajectories out of 419! 
[component_container_isolated-1] [ERROR] [1790243469.722220555] [DWBLocalPlanner]: No valid trajectories out of 419! 
[component_container_isolated-1] [ERROR] [1790243469.722247017] [DWBLocalPlanner]: 1.00: BaseObstacle/Trajectory Hits Obstacle.
[component_container_isolated-1] [WARN] [1790243469.722319065] [robot1.controller_server]: No valid trajectories out of 419! 
[component_container_isolated-1] [ERROR] [1790243469.772180249] [DWBLocalPlanner]: No valid trajectories out of 419! 
[component_container_isolated-1] [ERROR] [1790243469.772207925] [DWBLocalPlanner]: 1.00: BaseObstacle/Trajectory Hits Obstacle.
[component_container_isolated-1] [WARN] [1790243469.772278108] [robot1.controller_server]: No valid trajectories out of 419! 
[component_container_isolated-1] [ERROR] [1790243469.822175040] [DWBLocalPlanner]: No valid trajectories out of 419! 
[component_container_isolated-1] [ERROR] [1790243469.822208625] [DWBLocalPlanner]: 1.00: BaseObstacle/Trajectory Hits Obstacle.
[component_container_isolated-1] [WARN] [1790243469.822281042] [robot1.controller_server]: No valid trajectories out of 419! 
[component_container_isolated-1] [ERROR] [1790243469.872207161] [DWBLocalPlanner]: No valid trajectories out of 419! 
[component_container_isolated-1] [ERROR] [1790243469.872234196] [DWBLocalPlanner]: 1.00: BaseObstacle/Trajectory Hits Obstacle.
[component_container_isolated-1] [WARN] [1790243469.872343639] [robot1.controller_server]: No valid trajectories out of 419! 
[component_container_isolated-1] [ERROR] [1790243469.872365041] [robot1.controller_server]: Controller patience exceeded
[component_container_isolated-1] [WARN] [1790243469.872390777] [robot1.controller_server]: [follow_path] [ActionServer] Aborting handle.
[component_container_isolated-1] [INFO] [1790243469.889933275] [robot1.local_costmap.local_costmap]: Received request to clear entirely the local_costmap
[component_container_isolated-1] [INFO] [1790243469.890219618] [robot1.controller_server]: Received a goal, begin computing control effort.
[component_container_isolated-1] [ERROR] [1790243469.943159368] [DWBLocalPlanner]: No valid trajectories out of 419! 
[component_container_isolated-1] [ERROR] [1790243469.943191860] [DWBLocalPlanner]: 1.00: BaseObstacle/Trajectory Hits Obstacle.
[component_container_isolated-1] [WARN] [1790243469.943262614] [robot1.controller_server]: No valid trajectories out of 419! 
[component_container_isolated-1] [WARN] [1790243469.943314646] [robot1.controller_server]: Control loop missed its desired rate of 20.0000Hz
[component_container_isolated-1] [ERROR] [1790243469.945189068] [DWBLocalPlanner]: No valid trajectories out of 419! 
[component_container_isolated-1] [ERROR] [1790243469.945199110] [DWBLocalPlanner]: 1.00: BaseObstacle/Trajectory Hits Obstacle.
[component_container_isolated-1] [WARN] [1790243469.945248475] [robot1.controller_server]: No valid trajectories out of 419! 
[component_container_isolated-1] [ERROR] [1790243469.992346562] [DWBLocalPlanner]: No valid trajectories out of 419! 
[component_container_isolated-1] [ERROR] [1790243469.992374552] [DWBLocalPlanner]: 1.00: BaseObstacle/Trajectory Hits Obstacle.
[component_container_isolated-1] [WARN] [1790243469.992445182] [robot1.controller_server]: No valid trajectories out of 419! 
[component_container_isolated-1] [ERROR] [1790243470.042315357] [DWBLocalPlanner]: No valid trajectories out of 419! 
[component_container_isolated-1] [ERROR] [1790243470.042346407] [DWBLocalPlanner]: 1.00: BaseObstacle/Trajectory Hits Obstacle.
[component_container_isolated-1] [WARN] [1790243470.042447774] [robot1.controller_server]: No valid trajectories out of 419! 
[component_container_isolated-1] [ERROR] [1790243470.092307013] [DWBLocalPlanner]: No valid trajectories out of 419! 
[component_container_isolated-1] [ERROR] [1790243470.092333892] [DWBLocalPlanner]: 1.00: BaseObstacle/Trajectory Hits Obstacle.
[component_container_isolated-1] [WARN] [1790243470.092406392] [robot1.controller_server]: No valid trajectories out of 419! 
[component_container_isolated-1] [ERROR] [1790243470.142415052] [DWBLocalPlanner]: No valid trajectories out of 419! 
[component_container_isolated-1] [ERROR] [1790243470.142446742] [DWBLocalPlanner]: 1.00: BaseObstacle/Trajectory Hits Obstacle.
[component_container_isolated-1] [WARN] [1790243470.142545971] [robot1.controller_server]: No valid trajectories out of 419! 
[component_container_isolated-1] [ERROR] [1790243470.192320101] [DWBLocalPlanner]: No valid trajectories out of 419! 
[component_container_isolated-1] [ERROR] [1790243470.192350298] [DWBLocalPlanner]: 1.00: BaseObstacle/Trajectory Hits Obstacle.
[component_container_isolated-1] [WARN] [1790243470.192461324] [robot1.controller_server]: No valid trajectories out of 419! 
[component_container_isolated-1] [ERROR] [1790243470.192483064] [robot1.controller_server]: Controller patience exceeded
[component_container_isolated-1] [WARN] [1790243470.192504953] [robot1.controller_server]: [follow_path] [ActionServer] Aborting handle.
[component_container_isolated-1] [INFO] [1790243470.210028969] [robot1.behavior_server]: Running spin
[component_container_isolated-1] [INFO] [1790243470.210092943] [robot1.behavior_server]: Turning 1.57 for spin behavior.
[component_container_isolated-1] [WARN] [1790243470.410284137] [robot1.behavior_server]: Collision Ahead - Exiting Spin
[component_container_isolated-1] [WARN] [1790243470.410314013] [robot1.behavior_server]: spin failed
[component_container_isolated-1] [WARN] [1790243470.410324843] [robot1.behavior_server]: [spin] [ActionServer] Aborting handle.
[component_container_isolated-1] [INFO] [1790243470.440068229] [robot1.behavior_server]: Running wait
[component_container_isolated-1] [INFO] [1790243475.440221549] [robot1.behavior_server]: wait completed successfully
[component_container_isolated-1] [INFO] [1790243475.489991480] [robot1.controller_server]: Received a goal, begin computing control effort.
[component_container_isolated-1] [ERROR] [1790243475.493408857] [DWBLocalPlanner]: No valid trajectories out of 419! 
[component_container_isolated-1] [ERROR] [1790243475.493442097] [DWBLocalPlanner]: 1.00: BaseObstacle/Trajectory Hits Obstacle.
[component_container_isolated-1] [WARN] [1790243475.493548324] [robot1.controller_server]: No valid trajectories out of 419! 
[component_container_isolated-1] [ERROR] [1790243475.543533659] [DWBLocalPlanner]: No valid trajectories out of 419! 
[component_container_isolated-1] [ERROR] [1790243475.543572701] [DWBLocalPlanner]: 1.00: BaseObstacle/Trajectory Hits Obstacle.
[component_container_isolated-1] [WARN] [1790243475.543636641] [robot1.controller_server]: No valid trajectories out of 419! 
[component_container_isolated-1] [ERROR] [1790243475.592151289] [DWBLocalPlanner]: No valid trajectories out of 419! 
[component_container_isolated-1] [ERROR] [1790243475.592177804] [DWBLocalPlanner]: 1.00: BaseObstacle/Trajectory Hits Obstacle.
[component_container_isolated-1] [WARN] [1790243475.592275146] [robot1.controller_server]: No valid trajectories out of 419! 
[component_container_isolated-1] [ERROR] [1790243475.642174423] [DWBLocalPlanner]: No valid trajectories out of 419! 
[component_container_isolated-1] [ERROR] [1790243475.642202037] [DWBLocalPlanner]: 1.00: BaseObstacle/Trajectory Hits Obstacle.
[component_container_isolated-1] [WARN] [1790243475.642276292] [robot1.controller_server]: No valid trajectories out of 419! 
[component_container_isolated-1] [ERROR] [1790243475.692164459] [DWBLocalPlanner]: No valid trajectories out of 419! 
[component_container_isolated-1] [ERROR] [1790243475.692190343] [DWBLocalPlanner]: 1.00: BaseObstacle/Trajectory Hits Obstacle.
[component_container_isolated-1] [WARN] [1790243475.692265209] [robot1.controller_server]: No valid trajectories out of 419! 
[component_container_isolated-1] [ERROR] [1790243475.742235368] [DWBLocalPlanner]: No valid trajectories out of 419! 
[component_container_isolated-1] [ERROR] [1790243475.742259985] [DWBLocalPlanner]: 1.00: BaseObstacle/Trajectory Hits Obstacle.
[component_container_isolated-1] [WARN] [1790243475.742329356] [robot1.controller_server]: No valid trajectories out of 419! 
[component_container_isolated-1] [ERROR] [1790243475.792137058] [DWBLocalPlanner]: No valid trajectories out of 419! 
[component_container_isolated-1] [ERROR] [1790243475.792163326] [DWBLocalPlanner]: 1.00: BaseObstacle/Trajectory Hits Obstacle.
[component_container_isolated-1] [WARN] [1790243475.792233748] [robot1.controller_server]: No valid trajectories out of 419! 
[component_container_isolated-1] [ERROR] [1790243475.792250227] [robot1.controller_server]: Controller patience exceeded
[component_container_isolated-1] [WARN] [1790243475.792267744] [robot1.controller_server]: [follow_path] [ActionServer] Aborting handle.
[component_container_isolated-1] [INFO] [1790243475.809794178] [robot1.bt_navigator]: [navigate_to_pose] [ActionServer] Client requested to cancel the goal. Cancelling.
[component_container_isolated-1] [INFO] [1790243475.809908337] [robot1.bt_navigator]: Goal canceled
[component_container_isolated-1] [INFO] [1790243513.738139891] [robot1.local_costmap.local_costmap]: StaticLayer: Resizing static layer to 219 X 314 at 0.050000 m/pix
[component_container_isolated-1] [INFO] [1790243514.547763517] [robot1.global_costmap.global_costmap]: StaticLayer: Resizing costmap to 219 X 314 at 0.050000 m/pix
[component_container_isolated-1] [INFO] [1790243602.323143336] [robot1.global_costmap.global_costmap]: Message Filter dropping message: frame 'rplidar_link' at time 1790243600.405 for reason 'the timestamp on the message is earlier than all the data in the transform cache'
[component_container_isolated-1] [INFO] [1790243602.323143292] [robot1.local_costmap.local_costmap]: Message Filter dropping message: frame 'rplidar_link' at time 1790243600.405 for reason 'the timestamp on the message is earlier than all the data in the transform cache'
[component_container_isolated-1] [INFO] [1790243613.056433838] [robot1.local_costmap.local_costmap]: Message Filter dropping message: frame 'rplidar_link' at time 1790243605.148 for reason 'the timestamp on the message is earlier than all the data in the transform cache'
[component_container_isolated-1] [ERROR] [1790243617.850294907] [transformPoseInTargetFrame]: Extrapolation Error looking up target frame: Lookup would require extrapolation into the past.  Requested time 1790243603.681420 but the earliest data is at time 1790243604.500393, when looking up transform from frame [base_link] to frame [map]
[component_container_isolated-1] 
[component_container_isolated-1] [INFO] [1790243618.733457533] [robot1.global_costmap.global_costmap]: Message Filter dropping message: frame 'rplidar_link' at time 1790243618.003 for reason 'the timestamp on the message is earlier than all the data in the transform cache'
[component_container_isolated-1] [ERROR] [1790243618.850311721] [transformPoseInTargetFrame]: Extrapolation Error looking up target frame: Lookup would require extrapolation into the past.  Requested time 1790243618.550374 but the earliest data is at time 1790243619.066569, when looking up transform from frame [base_link] to frame [map]
[component_container_isolated-1] 
[component_container_isolated-1] [INFO] [1790243735.935077139] [robot1.bt_navigator]: Begin navigating from current location (0.44, -4.79) to (-0.69, -0.93)
[component_container_isolated-1] [INFO] [1790243735.955466981] [robot1.controller_server]: Received a goal, begin computing control effort.
[component_container_isolated-1] [INFO] [1790243736.935340542] [robot1.bt_navigator]: Received goal preemption request
[component_container_isolated-1] [INFO] [1790243736.935460958] [robot1.bt_navigator]: Begin navigating from current location (0.37, -4.63) to (-0.57, -1.93)
[component_container_isolated-1] [INFO] [1790243737.005674733] [robot1.controller_server]: Passing new path to controller.
[component_container_isolated-1] [INFO] [1790243737.935283273] [robot1.bt_navigator]: Received goal preemption request
[component_container_isolated-1] [INFO] [1790243737.935389308] [robot1.bt_navigator]: Begin navigating from current location (0.29, -4.40) to (-1.01, -2.11)
[component_container_isolated-1] [INFO] [1790243738.055674370] [robot1.controller_server]: Passing new path to controller.
[component_container_isolated-1] [INFO] [1790243738.945289309] [robot1.bt_navigator]: Received goal preemption request
[component_container_isolated-1] [INFO] [1790243738.945417331] [robot1.bt_navigator]: Begin navigating from current location (0.18, -4.16) to (-0.84, -1.85)
[component_container_isolated-1] [INFO] [1790243739.055714636] [robot1.controller_server]: Passing new path to controller.
[component_container_isolated-1] [INFO] [1790243739.935299070] [robot1.bt_navigator]: Received goal preemption request
[component_container_isolated-1] [INFO] [1790243739.935381279] [robot1.bt_navigator]: Begin navigating from current location (0.10, -3.94) to (-0.81, -2.67)
[component_container_isolated-1] [INFO] [1790243740.105673314] [robot1.controller_server]: Passing new path to controller.
[component_container_isolated-1] [INFO] [1790243740.945245964] [robot1.bt_navigator]: Received goal preemption request
[component_container_isolated-1] [INFO] [1790243740.945322981] [robot1.bt_navigator]: Begin navigating from current location (-0.02, -3.70) to (-0.88, -2.27)
[component_container_isolated-1] [INFO] [1790243741.105672874] [robot1.controller_server]: Passing new path to controller.
[component_container_isolated-1] [INFO] [1790243741.935278772] [robot1.bt_navigator]: Received goal preemption request
[component_container_isolated-1] [INFO] [1790243741.935358058] [robot1.bt_navigator]: Begin navigating from current location (-0.14, -3.49) to (-0.63, -2.03)
[component_container_isolated-1] [INFO] [1790243742.155686099] [robot1.controller_server]: Passing new path to controller.
[component_container_isolated-1] [INFO] [1790243742.935275981] [robot1.bt_navigator]: Received goal preemption request
[component_container_isolated-1] [INFO] [1790243742.935352070] [robot1.bt_navigator]: Begin navigating from current location (-0.27, -3.27) to (-1.20, -2.38)
[component_container_isolated-1] [INFO] [1790243743.138159375] [robot1.local_costmap.local_costmap]: StaticLayer: Resizing static layer to 219 X 314 at 0.050000 m/pix
[component_container_isolated-1] [INFO] [1790243743.205676734] [robot1.controller_server]: Passing new path to controller.
[component_container_isolated-1] [INFO] [1790243743.547767970] [robot1.global_costmap.global_costmap]: StaticLayer: Resizing costmap to 219 X 314 at 0.050000 m/pix
[component_container_isolated-1] [INFO] [1790243743.945295849] [robot1.bt_navigator]: Received goal preemption request
[component_container_isolated-1] [INFO] [1790243743.945388184] [robot1.bt_navigator]: Begin navigating from current location (-0.38, -3.03) to (-0.58, -2.11)
[component_container_isolated-1] [INFO] [1790243744.205675722] [robot1.controller_server]: Passing new path to controller.
[component_container_isolated-1] [INFO] [1790243744.935254474] [robot1.bt_navigator]: Received goal preemption request
[component_container_isolated-1] [INFO] [1790243744.935392439] [robot1.bt_navigator]: Begin navigating from current location (-0.52, -2.84) to (-0.98, -2.10)
[component_container_isolated-1] [INFO] [1790243745.255677398] [robot1.controller_server]: Passing new path to controller.
[component_container_isolated-1] [INFO] [1790243745.935241924] [robot1.bt_navigator]: Received goal preemption request
[component_container_isolated-1] [INFO] [1790243745.935334640] [robot1.bt_navigator]: Begin navigating from current location (-0.60, -2.61) to (-0.82, -2.23)
[component_container_isolated-1] [INFO] [1790243746.255696885] [robot1.controller_server]: Passing new path to controller.
[component_container_isolated-1] [INFO] [1790243746.807564387] [robot1.controller_server]: Reached the goal!
[component_container_isolated-1] [INFO] [1790243746.845246853] [robot1.bt_navigator]: Goal succeeded
