[INFO] [launch]: All log files can be found below /home/danyalaziz/.ros/log/2026-09-14-09-01-08-132440-Precision-3660-42310
[INFO] [launch]: Default logging verbosity is set to INFO
[INFO] [component_container_isolated-1]: process started with pid [42327]
[component_container_isolated-1] [INFO] [1789358469.991121802] [robot1.nav2_container]: Load Library: /opt/ros/humble/lib/libcontroller_server_core.so
[component_container_isolated-1] [INFO] [1789358470.059709419] [robot1.nav2_container]: Found class: rclcpp_components::NodeFactoryTemplate<nav2_controller::ControllerServer>
[component_container_isolated-1] [INFO] [1789358470.059761686] [robot1.nav2_container]: Instantiate class: rclcpp_components::NodeFactoryTemplate<nav2_controller::ControllerServer>
[component_container_isolated-1] [INFO] [1789358470.096417884] [robot1.controller_server]: 
[component_container_isolated-1] 	controller_server lifecycle node launched. 
[component_container_isolated-1] 	Waiting on external lifecycle transitions to activate
[component_container_isolated-1] 	See https://design.ros2.org/articles/node_lifecycle.html for more information.
[component_container_isolated-1] [INFO] [1789358470.312641264] [robot1.controller_server]: Creating controller server
[component_container_isolated-1] [INFO] [1789358470.356252649] [robot1.local_costmap.local_costmap]: 
[component_container_isolated-1] 	local_costmap lifecycle node launched. 
[component_container_isolated-1] 	Waiting on external lifecycle transitions to activate
[component_container_isolated-1] 	See https://design.ros2.org/articles/node_lifecycle.html for more information.
[component_container_isolated-1] [INFO] [1789358470.372429355] [robot1.local_costmap.local_costmap]: Creating Costmap
[INFO] [launch_ros.actions.load_composable_nodes]: Loaded node '/robot1/controller_server' in container '/robot1/nav2_container'
[component_container_isolated-1] [INFO] [1789358470.380894360] [robot1.nav2_container]: Load Library: /opt/ros/humble/lib/libsmoother_server_core.so
[component_container_isolated-1] [INFO] [1789358470.423175872] [robot1.nav2_container]: Found class: rclcpp_components::NodeFactoryTemplate<nav2_smoother::SmootherServer>
[component_container_isolated-1] [INFO] [1789358470.423195735] [robot1.nav2_container]: Instantiate class: rclcpp_components::NodeFactoryTemplate<nav2_smoother::SmootherServer>
[component_container_isolated-1] [INFO] [1789358470.501520574] [robot1.smoother_server]: 
[component_container_isolated-1] 	smoother_server lifecycle node launched. 
[component_container_isolated-1] 	Waiting on external lifecycle transitions to activate
[component_container_isolated-1] 	See https://design.ros2.org/articles/node_lifecycle.html for more information.
[component_container_isolated-1] [INFO] [1789358470.502110135] [robot1.smoother_server]: Creating smoother server
[INFO] [launch_ros.actions.load_composable_nodes]: Loaded node '/robot1/smoother_server' in container '/robot1/nav2_container'
[component_container_isolated-1] [INFO] [1789358470.520319290] [robot1.nav2_container]: Load Library: /opt/ros/humble/lib/libplanner_server_core.so
[component_container_isolated-1] [INFO] [1789358470.526352012] [robot1.nav2_container]: Found class: rclcpp_components::NodeFactoryTemplate<nav2_planner::PlannerServer>
[component_container_isolated-1] [INFO] [1789358470.526364635] [robot1.nav2_container]: Instantiate class: rclcpp_components::NodeFactoryTemplate<nav2_planner::PlannerServer>
[component_container_isolated-1] [INFO] [1789358470.655662547] [robot1.planner_server]: 
[component_container_isolated-1] 	planner_server lifecycle node launched. 
[component_container_isolated-1] 	Waiting on external lifecycle transitions to activate
[component_container_isolated-1] 	See https://design.ros2.org/articles/node_lifecycle.html for more information.
[component_container_isolated-1] [INFO] [1789358470.656252849] [robot1.planner_server]: Creating
[component_container_isolated-1] [INFO] [1789358470.898871992] [robot1.global_costmap.global_costmap]: 
[component_container_isolated-1] 	global_costmap lifecycle node launched. 
[component_container_isolated-1] 	Waiting on external lifecycle transitions to activate
[component_container_isolated-1] 	See https://design.ros2.org/articles/node_lifecycle.html for more information.
[component_container_isolated-1] [INFO] [1789358470.899075585] [robot1.global_costmap.global_costmap]: Creating Costmap
[INFO] [launch_ros.actions.load_composable_nodes]: Loaded node '/robot1/planner_server' in container '/robot1/nav2_container'
[component_container_isolated-1] [INFO] [1789358471.525020268] [robot1.nav2_container]: Load Library: /opt/ros/humble/lib/libbehavior_server_core.so
[component_container_isolated-1] [INFO] [1789358471.648318944] [robot1.nav2_container]: Found class: rclcpp_components::NodeFactoryTemplate<behavior_server::BehaviorServer>
[component_container_isolated-1] [INFO] [1789358471.648347968] [robot1.nav2_container]: Instantiate class: rclcpp_components::NodeFactoryTemplate<behavior_server::BehaviorServer>
[component_container_isolated-1] [INFO] [1789358471.795409794] [robot1.behavior_server]: 
[component_container_isolated-1] 	behavior_server lifecycle node launched. 
[component_container_isolated-1] 	Waiting on external lifecycle transitions to activate
[component_container_isolated-1] 	See https://design.ros2.org/articles/node_lifecycle.html for more information.
[INFO] [launch_ros.actions.load_composable_nodes]: Loaded node '/robot1/behavior_server' in container '/robot1/nav2_container'
[component_container_isolated-1] [INFO] [1789358471.816640519] [robot1.nav2_container]: Load Library: /opt/ros/humble/lib/libbt_navigator_core.so
[component_container_isolated-1] [INFO] [1789358471.942053700] [robot1.nav2_container]: Found class: rclcpp_components::NodeFactoryTemplate<nav2_bt_navigator::BtNavigator>
[component_container_isolated-1] [INFO] [1789358471.942079229] [robot1.nav2_container]: Instantiate class: rclcpp_components::NodeFactoryTemplate<nav2_bt_navigator::BtNavigator>
[component_container_isolated-1] [INFO] [1789358472.134648045] [robot1.bt_navigator]: 
[component_container_isolated-1] 	bt_navigator lifecycle node launched. 
[component_container_isolated-1] 	Waiting on external lifecycle transitions to activate
[component_container_isolated-1] 	See https://design.ros2.org/articles/node_lifecycle.html for more information.
[component_container_isolated-1] [INFO] [1789358472.134689794] [robot1.bt_navigator]: Creating
[INFO] [launch_ros.actions.load_composable_nodes]: Loaded node '/robot1/bt_navigator' in container '/robot1/nav2_container'
[component_container_isolated-1] [INFO] [1789358472.144818063] [robot1.nav2_container]: Load Library: /opt/ros/humble/lib/libwaypoint_follower_core.so
[component_container_isolated-1] [INFO] [1789358472.206988441] [robot1.nav2_container]: Found class: rclcpp_components::NodeFactoryTemplate<nav2_waypoint_follower::WaypointFollower>
[component_container_isolated-1] [INFO] [1789358472.207017331] [robot1.nav2_container]: Instantiate class: rclcpp_components::NodeFactoryTemplate<nav2_waypoint_follower::WaypointFollower>
[component_container_isolated-1] [INFO] [1789358472.425940469] [robot1.waypoint_follower]: 
[component_container_isolated-1] 	waypoint_follower lifecycle node launched. 
[component_container_isolated-1] 	Waiting on external lifecycle transitions to activate
[component_container_isolated-1] 	See https://design.ros2.org/articles/node_lifecycle.html for more information.
[component_container_isolated-1] [INFO] [1789358472.426838556] [robot1.waypoint_follower]: Creating
[INFO] [launch_ros.actions.load_composable_nodes]: Loaded node '/robot1/waypoint_follower' in container '/robot1/nav2_container'
[component_container_isolated-1] [INFO] [1789358472.428294461] [robot1.nav2_container]: Load Library: /opt/ros/humble/lib/libvelocity_smoother_core.so
[component_container_isolated-1] [INFO] [1789358472.449752518] [robot1.nav2_container]: Found class: rclcpp_components::NodeFactoryTemplate<nav2_velocity_smoother::VelocitySmoother>
[component_container_isolated-1] [INFO] [1789358472.449793174] [robot1.nav2_container]: Instantiate class: rclcpp_components::NodeFactoryTemplate<nav2_velocity_smoother::VelocitySmoother>
[component_container_isolated-1] [INFO] [1789358472.754511920] [robot1.velocity_smoother]: 
[component_container_isolated-1] 	velocity_smoother lifecycle node launched. 
[component_container_isolated-1] 	Waiting on external lifecycle transitions to activate
[component_container_isolated-1] 	See https://design.ros2.org/articles/node_lifecycle.html for more information.
[INFO] [launch_ros.actions.load_composable_nodes]: Loaded node '/robot1/velocity_smoother' in container '/robot1/nav2_container'
[component_container_isolated-1] [INFO] [1789358473.378341221] [robot1.nav2_container]: Load Library: /opt/ros/humble/lib/libnav2_lifecycle_manager_core.so
[component_container_isolated-1] [INFO] [1789358473.378864710] [robot1.nav2_container]: Found class: rclcpp_components::NodeFactoryTemplate<nav2_lifecycle_manager::LifecycleManager>
[component_container_isolated-1] [INFO] [1789358473.378876461] [robot1.nav2_container]: Instantiate class: rclcpp_components::NodeFactoryTemplate<nav2_lifecycle_manager::LifecycleManager>
[component_container_isolated-1] [INFO] [1789358473.548494741] [robot1.lifecycle_manager_navigation]: Creating
[INFO] [launch_ros.actions.load_composable_nodes]: Loaded node '/robot1/lifecycle_manager_navigation' in container '/robot1/nav2_container'
[component_container_isolated-1] [INFO] [1789358473.580846807] [robot1.lifecycle_manager_navigation]: [34m[1mCreating and initializing lifecycle service clients[0m[0m
[INFO] [nav2_startup-2]: process started with pid [42490]
[nav2_startup-2] waiting for service to become available...
[nav2_startup-2] requester: making request: nav2_msgs.srv.ManageLifecycleNodes_Request(command=0)
[nav2_startup-2] 
[component_container_isolated-1] [INFO] [1789358490.078695369] [robot1.lifecycle_manager_navigation]: [34m[1mStarting managed nodes bringup...[0m[0m
[component_container_isolated-1] [INFO] [1789358490.078750719] [robot1.lifecycle_manager_navigation]: [34m[1mConfiguring controller_server[0m[0m
[component_container_isolated-1] [INFO] [1789358490.079104921] [robot1.controller_server]: Configuring controller interface
[component_container_isolated-1] [INFO] [1789358490.079215362] [robot1.controller_server]: getting goal checker plugins..
[component_container_isolated-1] [INFO] [1789358490.079236263] [robot1.controller_server]: Controller frequency set to 20.0000Hz
[component_container_isolated-1] [INFO] [1789358490.079249526] [robot1.local_costmap.local_costmap]: Configuring
[component_container_isolated-1] [INFO] [1789358490.159964996] [robot1.local_costmap.local_costmap]: Using plugin "static_layer"
[component_container_isolated-1] [INFO] [1789358490.193157412] [robot1.local_costmap.local_costmap]: Subscribing to the map topic (/robot1/map) with transient local durability
[component_container_isolated-1] [INFO] [1789358490.200227290] [robot1.local_costmap.local_costmap]: Initialized plugin "static_layer"
[component_container_isolated-1] [INFO] [1789358490.200248550] [robot1.local_costmap.local_costmap]: Using plugin "voxel_layer"
[component_container_isolated-1] [INFO] [1789358490.200427809] [robot1.local_costmap.local_costmap]: Subscribed to Topics: scan
[component_container_isolated-1] [INFO] [1789358490.268926555] [robot1.local_costmap.local_costmap]: Initialized plugin "voxel_layer"
[component_container_isolated-1] [INFO] [1789358490.268944495] [robot1.local_costmap.local_costmap]: Using plugin "inflation_layer"
[component_container_isolated-1] [INFO] [1789358490.269213700] [robot1.local_costmap.local_costmap]: Initialized plugin "inflation_layer"
[component_container_isolated-1] [INFO] [1789358490.443032270] [robot1.local_costmap.local_costmap]: StaticLayer: Resizing static layer to 152 X 283 at 0.050000 m/pix
[component_container_isolated-1] [INFO] [1789358490.472110027] [robot1.controller_server]: Created progress_checker : progress_checker of type nav2_controller::SimpleProgressChecker
[component_container_isolated-1] [INFO] [1789358490.476664677] [robot1.controller_server]: Created goal checker : general_goal_checker of type nav2_controller::SimpleGoalChecker
[component_container_isolated-1] [INFO] [1789358490.476777960] [robot1.controller_server]: Controller Server has general_goal_checker  goal checkers available.
[component_container_isolated-1] [INFO] [1789358490.521801290] [robot1.controller_server]: Created controller : FollowPath of type dwb_core::DWBLocalPlanner
[component_container_isolated-1] [INFO] [1789358490.522098904] [robot1.controller_server]: Setting transform_tolerance to 0.200000
[component_container_isolated-1] [INFO] [1789358490.701269930] [robot1.controller_server]: Using critic "RotateToGoal" (dwb_critics::RotateToGoalCritic)
[component_container_isolated-1] [INFO] [1789358490.701423906] [robot1.controller_server]: Critic plugin initialized
[component_container_isolated-1] [INFO] [1789358490.701455478] [robot1.controller_server]: Using critic "Oscillation" (dwb_critics::OscillationCritic)
[component_container_isolated-1] [INFO] [1789358490.701590014] [robot1.controller_server]: Critic plugin initialized
[component_container_isolated-1] [INFO] [1789358490.701628810] [robot1.controller_server]: Using critic "BaseObstacle" (dwb_critics::BaseObstacleCritic)
[component_container_isolated-1] [INFO] [1789358490.701683125] [robot1.controller_server]: Critic plugin initialized
[component_container_isolated-1] [INFO] [1789358490.701707445] [robot1.controller_server]: Using critic "GoalAlign" (dwb_critics::GoalAlignCritic)
[component_container_isolated-1] [INFO] [1789358490.701811371] [robot1.controller_server]: Critic plugin initialized
[component_container_isolated-1] [INFO] [1789358490.701843472] [robot1.controller_server]: Using critic "PathAlign" (dwb_critics::PathAlignCritic)
[component_container_isolated-1] [INFO] [1789358490.701919812] [robot1.controller_server]: Critic plugin initialized
[component_container_isolated-1] [INFO] [1789358490.701944721] [robot1.controller_server]: Using critic "PathDist" (dwb_critics::PathDistCritic)
[component_container_isolated-1] [INFO] [1789358490.702022325] [robot1.controller_server]: Critic plugin initialized
[component_container_isolated-1] [INFO] [1789358490.702064458] [robot1.controller_server]: Using critic "GoalDist" (dwb_critics::GoalDistCritic)
[component_container_isolated-1] [INFO] [1789358490.702122309] [robot1.controller_server]: Critic plugin initialized
[component_container_isolated-1] [INFO] [1789358490.702128785] [robot1.controller_server]: Controller Server has FollowPath  controllers available.
[component_container_isolated-1] [INFO] [1789358490.857419719] [robot1.lifecycle_manager_navigation]: [34m[1mConfiguring smoother_server[0m[0m
[component_container_isolated-1] [INFO] [1789358490.857525989] [robot1.smoother_server]: Configuring smoother server
[component_container_isolated-1] [INFO] [1789358491.015985956] [robot1.smoother_server]: Created smoother : simple_smoother of type nav2_smoother::SimpleSmoother
[component_container_isolated-1] [INFO] [1789358491.016184957] [robot1.smoother_server]: Smoother Server has simple_smoother  smoothers available.
[component_container_isolated-1] [INFO] [1789358491.141076076] [robot1.lifecycle_manager_navigation]: [34m[1mConfiguring planner_server[0m[0m
[component_container_isolated-1] [INFO] [1789358491.141180486] [robot1.planner_server]: Configuring
[component_container_isolated-1] [INFO] [1789358491.141204667] [robot1.global_costmap.global_costmap]: Configuring
[component_container_isolated-1] [INFO] [1789358491.238029500] [robot1.global_costmap.global_costmap]: Using plugin "static_layer"
[component_container_isolated-1] [INFO] [1789358491.238327425] [robot1.global_costmap.global_costmap]: Subscribing to the map topic (/robot1/map) with transient local durability
[component_container_isolated-1] [INFO] [1789358491.266887681] [robot1.global_costmap.global_costmap]: Initialized plugin "static_layer"
[component_container_isolated-1] [INFO] [1789358491.266905933] [robot1.global_costmap.global_costmap]: Using plugin "obstacle_layer"
[component_container_isolated-1] [INFO] [1789358491.267173246] [robot1.global_costmap.global_costmap]: Subscribed to Topics: scan
[component_container_isolated-1] [INFO] [1789358491.326144452] [robot1.global_costmap.global_costmap]: Initialized plugin "obstacle_layer"
[component_container_isolated-1] [INFO] [1789358491.326164070] [robot1.global_costmap.global_costmap]: Using plugin "inflation_layer"
[component_container_isolated-1] [INFO] [1789358491.326438181] [robot1.global_costmap.global_costmap]: Initialized plugin "inflation_layer"
[component_container_isolated-1] [INFO] [1789358491.530455376] [robot1.global_costmap.global_costmap]: StaticLayer: Resizing costmap to 152 X 283 at 0.050000 m/pix
[component_container_isolated-1] [INFO] [1789358491.542040484] [robot1.planner_server]: Created global planner plugin GridBased of type nav2_navfn_planner/NavfnPlanner
[component_container_isolated-1] [INFO] [1789358491.542067382] [robot1.planner_server]: Configuring plugin GridBased of type NavfnPlanner
[component_container_isolated-1] [INFO] [1789358491.542338284] [robot1.planner_server]: Planner Server has GridBased  planners available.
[component_container_isolated-1] [INFO] [1789358491.775951278] [robot1.lifecycle_manager_navigation]: [34m[1mConfiguring behavior_server[0m[0m
[component_container_isolated-1] [INFO] [1789358491.776045786] [robot1.behavior_server]: Configuring
[component_container_isolated-1] [INFO] [1789358491.924533685] [robot1.behavior_server]: Creating behavior plugin spin of type nav2_behaviors/Spin
[component_container_isolated-1] [INFO] [1789358491.939805968] [robot1.behavior_server]: Configuring spin
[component_container_isolated-1] [INFO] [1789358492.062801836] [robot1.behavior_server]: Creating behavior plugin backup of type nav2_behaviors/BackUp
[component_container_isolated-1] [INFO] [1789358492.076704188] [robot1.behavior_server]: Configuring backup
[component_container_isolated-1] [INFO] [1789358492.212871088] [robot1.behavior_server]: Creating behavior plugin drive_on_heading of type nav2_behaviors/DriveOnHeading
[component_container_isolated-1] [INFO] [1789358492.225316647] [robot1.behavior_server]: Configuring drive_on_heading
[component_container_isolated-1] [INFO] [1789358492.364048633] [robot1.behavior_server]: Creating behavior plugin assisted_teleop of type nav2_behaviors/AssistedTeleop
[component_container_isolated-1] [INFO] [1789358492.376436275] [robot1.behavior_server]: Configuring assisted_teleop
[component_container_isolated-1] [INFO] [1789358492.564926859] [robot1.behavior_server]: Creating behavior plugin wait of type nav2_behaviors/Wait
[component_container_isolated-1] [INFO] [1789358492.575289212] [robot1.behavior_server]: Configuring wait
[component_container_isolated-1] [INFO] [1789358492.713459346] [robot1.lifecycle_manager_navigation]: [34m[1mConfiguring bt_navigator[0m[0m
[component_container_isolated-1] [INFO] [1789358492.713605334] [robot1.bt_navigator]: Configuring
[component_container_isolated-1] [INFO] [1789358494.503141172] [robot1.lifecycle_manager_navigation]: [34m[1mConfiguring waypoint_follower[0m[0m
[component_container_isolated-1] [INFO] [1789358494.503346292] [robot1.waypoint_follower]: Configuring
[component_container_isolated-1] [INFO] [1789358494.784116579] [robot1.waypoint_follower]: Created waypoint_task_executor : wait_at_waypoint of type nav2_waypoint_follower::WaitAtWaypoint
[component_container_isolated-1] [INFO] [1789358494.784528198] [robot1.lifecycle_manager_navigation]: [34m[1mConfiguring velocity_smoother[0m[0m
[component_container_isolated-1] [INFO] [1789358494.784667283] [robot1.velocity_smoother]: Configuring velocity smoother
[component_container_isolated-1] [INFO] [1789358494.838895029] [robot1.lifecycle_manager_navigation]: [34m[1mActivating controller_server[0m[0m
[component_container_isolated-1] [INFO] [1789358494.838978248] [robot1.controller_server]: Activating
[component_container_isolated-1] [INFO] [1789358494.839000599] [robot1.local_costmap.local_costmap]: Activating
[component_container_isolated-1] [INFO] [1789358494.839007981] [robot1.local_costmap.local_costmap]: Checking transform
[component_container_isolated-1] [INFO] [1789358494.839062330] [robot1.local_costmap.local_costmap]: start
[component_container_isolated-1] [INFO] [1789358495.066821306] [robot1.controller_server]: Creating bond (controller_server) to lifecycle manager.
[component_container_isolated-1] [INFO] [1789358495.233946160] [robot1.lifecycle_manager_navigation]: Server controller_server connected with bond.
[component_container_isolated-1] [INFO] [1789358495.233981721] [robot1.lifecycle_manager_navigation]: [34m[1mActivating smoother_server[0m[0m
[component_container_isolated-1] [INFO] [1789358495.234208983] [robot1.smoother_server]: Activating
[component_container_isolated-1] [INFO] [1789358495.234226807] [robot1.smoother_server]: Creating bond (smoother_server) to lifecycle manager.
[component_container_isolated-1] [INFO] [1789358495.384178024] [robot1.lifecycle_manager_navigation]: Server smoother_server connected with bond.
[component_container_isolated-1] [INFO] [1789358495.384205210] [robot1.lifecycle_manager_navigation]: [34m[1mActivating planner_server[0m[0m
[component_container_isolated-1] [INFO] [1789358495.384420477] [robot1.planner_server]: Activating
[component_container_isolated-1] [INFO] [1789358495.384444938] [robot1.global_costmap.global_costmap]: Activating
[component_container_isolated-1] [INFO] [1789358495.384450221] [robot1.global_costmap.global_costmap]: Checking transform
[component_container_isolated-1] [INFO] [1789358495.384502876] [robot1.global_costmap.global_costmap]: start
[component_container_isolated-1] [INFO] [1789358496.407774251] [robot1.planner_server]: Activating plugin GridBased of type NavfnPlanner
[component_container_isolated-1] [INFO] [1789358496.427039162] [robot1.planner_server]: Creating bond (planner_server) to lifecycle manager.
[component_container_isolated-1] [INFO] [1789358496.596137986] [robot1.lifecycle_manager_navigation]: Server planner_server connected with bond.
[component_container_isolated-1] [INFO] [1789358496.596212540] [robot1.lifecycle_manager_navigation]: [34m[1mActivating behavior_server[0m[0m
[component_container_isolated-1] [INFO] [1789358496.596547640] [robot1.behavior_server]: Activating
[component_container_isolated-1] [INFO] [1789358496.596572085] [robot1.behavior_server]: Activating spin
[component_container_isolated-1] [INFO] [1789358496.596591517] [robot1.behavior_server]: Activating backup
[component_container_isolated-1] [INFO] [1789358496.596601957] [robot1.behavior_server]: Activating drive_on_heading
[component_container_isolated-1] [INFO] [1789358496.596611658] [robot1.behavior_server]: Activating assisted_teleop
[component_container_isolated-1] [INFO] [1789358496.596641277] [robot1.behavior_server]: Activating wait
[component_container_isolated-1] [INFO] [1789358496.596669913] [robot1.behavior_server]: Creating bond (behavior_server) to lifecycle manager.
[component_container_isolated-1] [INFO] [1789358496.758710026] [robot1.lifecycle_manager_navigation]: Server behavior_server connected with bond.
[component_container_isolated-1] [INFO] [1789358496.758791077] [robot1.lifecycle_manager_navigation]: [34m[1mActivating bt_navigator[0m[0m
[component_container_isolated-1] [INFO] [1789358496.759152721] [robot1.bt_navigator]: Activating
[component_container_isolated-1] [INFO] [1789358498.826070933] [robot1.bt_navigator]: Creating bond (bt_navigator) to lifecycle manager.
[component_container_isolated-1] [INFO] [1789358499.005532639] [robot1.lifecycle_manager_navigation]: Server bt_navigator connected with bond.
[component_container_isolated-1] [INFO] [1789358499.005651063] [robot1.lifecycle_manager_navigation]: [34m[1mActivating waypoint_follower[0m[0m
[component_container_isolated-1] [INFO] [1789358499.005966242] [robot1.waypoint_follower]: Activating
[component_container_isolated-1] [INFO] [1789358499.006005260] [robot1.waypoint_follower]: Creating bond (waypoint_follower) to lifecycle manager.
[component_container_isolated-1] [INFO] [1789358499.164546367] [robot1.lifecycle_manager_navigation]: Server waypoint_follower connected with bond.
[component_container_isolated-1] [INFO] [1789358499.164626948] [robot1.lifecycle_manager_navigation]: [34m[1mActivating velocity_smoother[0m[0m
[component_container_isolated-1] [INFO] [1789358499.164855198] [robot1.velocity_smoother]: Activating
[component_container_isolated-1] [INFO] [1789358499.164900864] [robot1.velocity_smoother]: Creating bond (velocity_smoother) to lifecycle manager.
[component_container_isolated-1] [INFO] [1789358499.331845337] [robot1.lifecycle_manager_navigation]: Server velocity_smoother connected with bond.
[component_container_isolated-1] [INFO] [1789358499.331869934] [robot1.lifecycle_manager_navigation]: [34m[1mManaged nodes are active[0m[0m
[component_container_isolated-1] [INFO] [1789358499.331881075] [robot1.lifecycle_manager_navigation]: [34m[1mCreating bond timer...[0m[0m
[nav2_startup-2] response:
[nav2_startup-2] nav2_msgs.srv.ManageLifecycleNodes_Response(success=True)
[nav2_startup-2] 
[INFO] [nav2_startup-2]: process has finished cleanly [pid 42490]
[component_container_isolated-1] [INFO] [1789358542.385946808] [robot1.global_costmap.global_costmap]: Message Filter dropping message: frame 'rplidar_link' at time 1789358541.948 for reason 'the timestamp on the message is earlier than all the data in the transform cache'
[component_container_isolated-1] [INFO] [1789358542.385946809] [robot1.local_costmap.local_costmap]: Message Filter dropping message: frame 'rplidar_link' at time 1789358541.948 for reason 'the timestamp on the message is earlier than all the data in the transform cache'
[component_container_isolated-1] [INFO] [1789358644.293542410] [robot1.bt_navigator]: Begin navigating from current location (-0.13, -0.00) to (-0.92, 0.74)
[component_container_isolated-1] [INFO] [1789358644.314111219] [robot1.controller_server]: Received a goal, begin computing control effort.
[component_container_isolated-1] [WARN] [1789358644.314157902] [robot1.controller_server]: No goal checker was specified in parameter 'current_goal_checker'. Server will use only plugin loaded general_goal_checker . This warning will appear once.
[component_container_isolated-1] [ERROR] [1789358644.363968330] [robot1.bt_navigator_navigate_to_pose_rclcpp_node]: Failed to get result for follow_path in node halt!
[component_container_isolated-1] [INFO] [1789358644.364048580] [robot1.bt_navigator]: [navigate_to_pose] [ActionServer] Client requested to cancel the goal. Cancelling.
[component_container_isolated-1] [INFO] [1789358644.364126105] [robot1.bt_navigator]: Goal canceled
[component_container_isolated-1] [INFO] [1789358644.364331361] [robot1.controller_server]: Goal was canceled. Stopping the robot.
[component_container_isolated-1] [INFO] [1789358644.364370725] [robot1.controller_server]: [follow_path] [ActionServer] Client requested to cancel the goal. Cancelling.
[component_container_isolated-1] [INFO] [1789358743.290747748] [robot1.bt_navigator]: Begin navigating from current location (-0.13, -0.01) to (-1.11, 1.12)
[component_container_isolated-1] [INFO] [1789358743.311189829] [robot1.controller_server]: Received a goal, begin computing control effort.
[component_container_isolated-1] [INFO] [1789358744.239188055] [robot1.local_costmap.local_costmap]: StaticLayer: Resizing static layer to 181 X 293 at 0.050000 m/pix
[component_container_isolated-1] [INFO] [1789358744.300930018] [robot1.bt_navigator]: Received goal preemption request
[component_container_isolated-1] [INFO] [1789358744.301067085] [robot1.bt_navigator]: Begin navigating from current location (-0.21, 0.12) to (-1.09, 0.53)
[component_container_isolated-1] [INFO] [1789358744.361387219] [robot1.controller_server]: Passing new path to controller.
[component_container_isolated-1] [INFO] [1789358744.384754730] [robot1.global_costmap.global_costmap]: StaticLayer: Resizing costmap to 181 X 293 at 0.050000 m/pix
[component_container_isolated-1] [INFO] [1789358745.239189393] [robot1.local_costmap.local_costmap]: StaticLayer: Resizing static layer to 181 X 294 at 0.050000 m/pix
[component_container_isolated-1] [INFO] [1789358745.300945070] [robot1.bt_navigator]: Received goal preemption request
[component_container_isolated-1] [INFO] [1789358745.301077009] [robot1.bt_navigator]: Begin navigating from current location (-0.40, 0.29) to (-1.43, 0.89)
[component_container_isolated-1] [INFO] [1789358745.384729163] [robot1.global_costmap.global_costmap]: StaticLayer: Resizing costmap to 181 X 294 at 0.050000 m/pix
[component_container_isolated-1] [INFO] [1789358745.411388184] [robot1.controller_server]: Passing new path to controller.
[component_container_isolated-1] [INFO] [1789358746.239157371] [robot1.local_costmap.local_costmap]: StaticLayer: Resizing static layer to 183 X 294 at 0.050000 m/pix
[component_container_isolated-1] [INFO] [1789358746.300925951] [robot1.bt_navigator]: Received goal preemption request
[component_container_isolated-1] [INFO] [1789358746.301043344] [robot1.bt_navigator]: Begin navigating from current location (-0.63, 0.41) to (-1.29, 1.43)
[component_container_isolated-1] [INFO] [1789358746.384730599] [robot1.global_costmap.global_costmap]: StaticLayer: Resizing costmap to 183 X 294 at 0.050000 m/pix
[component_container_isolated-1] [INFO] [1789358746.411377653] [robot1.controller_server]: Passing new path to controller.
[component_container_isolated-1] [INFO] [1789358747.300918230] [robot1.bt_navigator]: Received goal preemption request
[component_container_isolated-1] [INFO] [1789358747.301007670] [robot1.bt_navigator]: Begin navigating from current location (-0.85, 0.55) to (-1.59, 1.45)
[component_container_isolated-1] [INFO] [1789358747.461384452] [robot1.controller_server]: Passing new path to controller.
[component_container_isolated-1] [INFO] [1789358747.839184267] [robot1.local_costmap.local_costmap]: StaticLayer: Resizing static layer to 184 X 294 at 0.050000 m/pix
[component_container_isolated-1] [INFO] [1789358748.290921499] [robot1.bt_navigator]: Received goal preemption request
[component_container_isolated-1] [INFO] [1789358748.291019894] [robot1.bt_navigator]: Begin navigating from current location (-0.97, 0.78) to (-1.68, 1.11)
[component_container_isolated-1] [INFO] [1789358748.384728414] [robot1.global_costmap.global_costmap]: StaticLayer: Resizing costmap to 184 X 294 at 0.050000 m/pix
[component_container_isolated-1] [INFO] [1789358748.461365078] [robot1.controller_server]: Passing new path to controller.
[component_container_isolated-1] [INFO] [1789358749.239148491] [robot1.local_costmap.local_costmap]: StaticLayer: Resizing static layer to 185 X 296 at 0.050000 m/pix
[component_container_isolated-1] [INFO] [1789358749.384730113] [robot1.global_costmap.global_costmap]: StaticLayer: Resizing costmap to 185 X 296 at 0.050000 m/pix
[component_container_isolated-1] [INFO] [1789358749.511382277] [robot1.controller_server]: Passing new path to controller.
[component_container_isolated-1] [INFO] [1789358750.561380952] [robot1.controller_server]: Passing new path to controller.
[component_container_isolated-1] [INFO] [1789358751.263232734] [robot1.controller_server]: Reached the goal!
[component_container_isolated-1] [INFO] [1789358751.300927177] [robot1.bt_navigator]: Goal succeeded
[component_container_isolated-1] [INFO] [1789359166.292460425] [robot1.bt_navigator]: Begin navigating from current location (-1.46, 1.08) to (-1.29, -2.40)
[component_container_isolated-1] [INFO] [1789359166.313061795] [robot1.controller_server]: Received a goal, begin computing control effort.
[component_container_isolated-1] [INFO] [1789359167.302626731] [robot1.bt_navigator]: Received goal preemption request
[component_container_isolated-1] [INFO] [1789359167.302713218] [robot1.bt_navigator]: Begin navigating from current location (-1.46, 1.00) to (-1.37, 0.22)
[component_container_isolated-1] [INFO] [1789359167.363253606] [robot1.controller_server]: Passing new path to controller.
[component_container_isolated-1] [INFO] [1789359168.239181242] [robot1.local_costmap.local_costmap]: StaticLayer: Resizing static layer to 185 X 297 at 0.050000 m/pix
[component_container_isolated-1] [INFO] [1789359168.292680462] [robot1.bt_navigator]: Received goal preemption request
[component_container_isolated-1] [INFO] [1789359168.292791925] [robot1.bt_navigator]: Begin navigating from current location (-1.46, 0.77) to (-1.43, -2.41)
[component_container_isolated-1] [INFO] [1789359168.384724122] [robot1.global_costmap.global_costmap]: StaticLayer: Resizing costmap to 185 X 297 at 0.050000 m/pix
[component_container_isolated-1] [INFO] [1789359168.413247501] [robot1.controller_server]: Passing new path to controller.
[component_container_isolated-1] [INFO] [1789359169.292624097] [robot1.bt_navigator]: Received goal preemption request
[component_container_isolated-1] [INFO] [1789359169.292700507] [robot1.bt_navigator]: Begin navigating from current location (-1.43, 0.53) to (-1.45, 0.20)
[component_container_isolated-1] [INFO] [1789359169.413255839] [robot1.controller_server]: Passing new path to controller.
[component_container_isolated-1] [INFO] [1789359169.839254365] [robot1.local_costmap.local_costmap]: StaticLayer: Resizing static layer to 185 X 301 at 0.050000 m/pix
[component_container_isolated-1] [INFO] [1789359170.384727443] [robot1.global_costmap.global_costmap]: StaticLayer: Resizing costmap to 185 X 301 at 0.050000 m/pix
[component_container_isolated-1] [INFO] [1789359170.463236239] [robot1.controller_server]: Passing new path to controller.
[component_container_isolated-1] [INFO] [1789359170.564982441] [robot1.controller_server]: Reached the goal!
[component_container_isolated-1] [INFO] [1789359170.602693927] [robot1.bt_navigator]: Goal succeeded
[component_container_isolated-1] [INFO] [1789359191.290287011] [robot1.bt_navigator]: Begin navigating from current location (-1.40, 0.41) to (-0.94, 0.26)
[component_container_isolated-1] [INFO] [1789359191.310768134] [robot1.controller_server]: Received a goal, begin computing control effort.
[component_container_isolated-1] [INFO] [1789359192.360937441] [robot1.controller_server]: Passing new path to controller.
[component_container_isolated-1] [INFO] [1789359192.862063237] [robot1.controller_server]: Reached the goal!
[component_container_isolated-1] [INFO] [1789359192.900531897] [robot1.bt_navigator]: Goal succeeded
[component_container_isolated-1] [INFO] [1789359193.291121691] [robot1.bt_navigator]: Begin navigating from current location (-1.16, 0.29) to (1.12, 0.66)
[component_container_isolated-1] [INFO] [1789359193.311526059] [robot1.controller_server]: Received a goal, begin computing control effort.
[component_container_isolated-1] [INFO] [1789359194.361720976] [robot1.controller_server]: Passing new path to controller.
[component_container_isolated-1] [INFO] [1789359195.411703625] [robot1.controller_server]: Passing new path to controller.
[component_container_isolated-1] [INFO] [1789359196.361704720] [robot1.controller_server]: Goal was canceled. Stopping the robot.
[component_container_isolated-1] [INFO] [1789359196.361741295] [robot1.controller_server]: [follow_path] [ActionServer] Client requested to cancel the goal. Cancelling.
[component_container_isolated-1] [INFO] [1789359196.361803621] [robot1.bt_navigator]: [navigate_to_pose] [ActionServer] Client requested to cancel the goal. Cancelling.
[component_container_isolated-1] [INFO] [1789359196.361898830] [robot1.bt_navigator]: Goal canceled
[component_container_isolated-1] [INFO] [1789359281.839186928] [robot1.local_costmap.local_costmap]: StaticLayer: Resizing static layer to 185 X 303 at 0.050000 m/pix
[component_container_isolated-1] [INFO] [1789359282.384747868] [robot1.global_costmap.global_costmap]: StaticLayer: Resizing costmap to 185 X 303 at 0.050000 m/pix
[component_container_isolated-1] [INFO] [1789359638.292881940] [robot1.bt_navigator]: Begin navigating from current location (-0.83, -0.16) to (1.22, 1.29)
[component_container_isolated-1] [INFO] [1789359638.313368021] [robot1.controller_server]: Received a goal, begin computing control effort.
[component_container_isolated-1] [INFO] [1789359639.303074052] [robot1.bt_navigator]: Received goal preemption request
[component_container_isolated-1] [INFO] [1789359639.303207215] [robot1.bt_navigator]: Begin navigating from current location (-0.73, -0.02) to (0.74, 2.38)
[component_container_isolated-1] [INFO] [1789359639.363563825] [robot1.controller_server]: Passing new path to controller.
[component_container_isolated-1] [INFO] [1789359640.303069520] [robot1.bt_navigator]: Received goal preemption request
[component_container_isolated-1] [INFO] [1789359640.303224043] [robot1.bt_navigator]: Begin navigating from current location (-0.57, 0.19) to (0.87, 2.72)
[component_container_isolated-1] [INFO] [1789359640.363557783] [robot1.controller_server]: Passing new path to controller.
[component_container_isolated-1] [INFO] [1789359641.303053136] [robot1.bt_navigator]: Received goal preemption request
[component_container_isolated-1] [INFO] [1789359641.303141095] [robot1.bt_navigator]: Begin navigating from current location (-0.45, 0.42) to (1.12, 1.31)
[component_container_isolated-1] [INFO] [1789359641.413564706] [robot1.controller_server]: Passing new path to controller.
[component_container_isolated-1] [INFO] [1789359642.293095265] [robot1.bt_navigator]: Received goal preemption request
[component_container_isolated-1] [INFO] [1789359642.293232388] [robot1.bt_navigator]: Begin navigating from current location (-0.34, 0.59) to (0.62, 1.60)
[component_container_isolated-1] [INFO] [1789359642.413647946] [robot1.controller_server]: Passing new path to controller.
[component_container_isolated-1] [INFO] [1789359643.293174190] [robot1.bt_navigator]: Received goal preemption request
[component_container_isolated-1] [INFO] [1789359643.293310435] [robot1.bt_navigator]: Begin navigating from current location (-0.16, 0.74) to (0.31, 2.06)
[component_container_isolated-1] [INFO] [1789359643.463565680] [robot1.controller_server]: Passing new path to controller.
[component_container_isolated-1] [INFO] [1789359644.303117113] [robot1.bt_navigator]: Received goal preemption request
[component_container_isolated-1] [INFO] [1789359644.303243715] [robot1.bt_navigator]: Begin navigating from current location (0.00, 0.92) to (0.70, 2.31)
[component_container_isolated-1] [INFO] [1789359644.463542834] [robot1.controller_server]: Passing new path to controller.
[component_container_isolated-1] [INFO] [1789359645.293065905] [robot1.bt_navigator]: Received goal preemption request
[component_container_isolated-1] [INFO] [1789359645.293141953] [robot1.bt_navigator]: Begin navigating from current location (0.09, 1.14) to (0.98, 2.51)
[component_container_isolated-1] [INFO] [1789359645.513573935] [robot1.controller_server]: Passing new path to controller.
[component_container_isolated-1] [INFO] [1789359646.293066356] [robot1.bt_navigator]: Received goal preemption request
[component_container_isolated-1] [INFO] [1789359646.293141612] [robot1.bt_navigator]: Begin navigating from current location (0.20, 1.37) to (0.52, 2.26)
[component_container_isolated-1] [INFO] [1789359646.563558942] [robot1.controller_server]: Passing new path to controller.
[component_container_isolated-1] [INFO] [1789359647.293047515] [robot1.bt_navigator]: Received goal preemption request
[component_container_isolated-1] [INFO] [1789359647.293114686] [robot1.bt_navigator]: Begin navigating from current location (0.29, 1.61) to (0.76, 2.74)
[component_container_isolated-1] [INFO] [1789359647.563544134] [robot1.controller_server]: Passing new path to controller.
[component_container_isolated-1] [INFO] [1789359648.293098065] [robot1.bt_navigator]: Received goal preemption request
[component_container_isolated-1] [INFO] [1789359648.293243593] [robot1.bt_navigator]: Begin navigating from current location (0.39, 1.84) to (0.37, 2.93)
[component_container_isolated-1] [INFO] [1789359648.613544845] [robot1.controller_server]: Passing new path to controller.
[component_container_isolated-1] [INFO] [1789359649.303074969] [robot1.bt_navigator]: Received goal preemption request
[component_container_isolated-1] [INFO] [1789359649.303197649] [robot1.bt_navigator]: Begin navigating from current location (0.46, 2.08) to (0.41, 2.51)
[component_container_isolated-1] [INFO] [1789359649.613541959] [robot1.controller_server]: Passing new path to controller.
[component_container_isolated-1] [INFO] [1789359650.214755205] [robot1.controller_server]: Reached the goal!
[component_container_isolated-1] [INFO] [1789359650.253090596] [robot1.bt_navigator]: Goal succeeded
[component_container_isolated-1] [INFO] [1789359650.291914198] [robot1.bt_navigator]: Begin navigating from current location (0.48, 2.29) to (0.55, 3.00)
[component_container_isolated-1] [INFO] [1789359650.312317304] [robot1.controller_server]: Received a goal, begin computing control effort.
[component_container_isolated-1] [INFO] [1789359651.362524619] [robot1.controller_server]: Passing new path to controller.
[component_container_isolated-1] [INFO] [1789359651.839151101] [robot1.local_costmap.local_costmap]: StaticLayer: Resizing static layer to 185 X 303 at 0.050000 m/pix
[component_container_isolated-1] [INFO] [1789359652.362520907] [robot1.controller_server]: Passing new path to controller.
[component_container_isolated-1] [INFO] [1789359652.384763840] [robot1.global_costmap.global_costmap]: StaticLayer: Resizing costmap to 185 X 303 at 0.050000 m/pix
[component_container_isolated-1] [INFO] [1789359652.463703176] [robot1.controller_server]: Reached the goal!
[component_container_isolated-1] [INFO] [1789359652.502302339] [robot1.bt_navigator]: Goal succeeded
[component_container_isolated-1] [INFO] [1789359653.291378422] [robot1.bt_navigator]: Begin navigating from current location (0.52, 2.77) to (0.73, 3.14)
[component_container_isolated-1] [INFO] [1789359653.311639287] [robot1.controller_server]: Received a goal, begin computing control effort.
[component_container_isolated-1] [INFO] [1789359654.239180706] [robot1.local_costmap.local_costmap]: StaticLayer: Resizing static layer to 185 X 303 at 0.050000 m/pix
[component_container_isolated-1] [INFO] [1789359654.311793180] [robot1.controller_server]: Goal was canceled. Stopping the robot.
[component_container_isolated-1] [INFO] [1789359654.311818246] [robot1.controller_server]: [follow_path] [ActionServer] Client requested to cancel the goal. Cancelling.
[component_container_isolated-1] [INFO] [1789359654.311882890] [robot1.bt_navigator]: [navigate_to_pose] [ActionServer] Client requested to cancel the goal. Cancelling.
[component_container_isolated-1] [INFO] [1789359654.311943057] [robot1.bt_navigator]: Goal canceled
[component_container_isolated-1] [INFO] [1789359654.384768966] [robot1.global_costmap.global_costmap]: StaticLayer: Resizing costmap to 185 X 303 at 0.050000 m/pix
[component_container_isolated-1] [INFO] [1789359687.290453798] [robot1.bt_navigator]: Begin navigating from current location (0.56, 2.97) to (-1.03, 0.68)
[component_container_isolated-1] [INFO] [1789359687.310856480] [robot1.controller_server]: Received a goal, begin computing control effort.
[component_container_isolated-1] [INFO] [1789359688.361035636] [robot1.controller_server]: Passing new path to controller.
[component_container_isolated-1] [INFO] [1789359689.411033609] [robot1.controller_server]: Passing new path to controller.
[component_container_isolated-1] [INFO] [1789359690.411039477] [robot1.controller_server]: Passing new path to controller.
[component_container_isolated-1] [INFO] [1789359691.461046706] [robot1.controller_server]: Passing new path to controller.
[component_container_isolated-1] [INFO] [1789359692.461036402] [robot1.controller_server]: Passing new path to controller.
[component_container_isolated-1] [INFO] [1789359693.511034105] [robot1.controller_server]: Passing new path to controller.
[component_container_isolated-1] [INFO] [1789359694.561038261] [robot1.controller_server]: Passing new path to controller.
[component_container_isolated-1] [INFO] [1789359695.561048777] [robot1.controller_server]: Passing new path to controller.
[component_container_isolated-1] [INFO] [1789359696.611071224] [robot1.controller_server]: Passing new path to controller.
[component_container_isolated-1] [INFO] [1789359697.462252477] [robot1.controller_server]: Reached the goal!
[component_container_isolated-1] [INFO] [1789359697.500642941] [robot1.bt_navigator]: Goal succeeded
[component_container_isolated-1] [INFO] [1789359738.839178357] [robot1.local_costmap.local_costmap]: StaticLayer: Resizing static layer to 185 X 304 at 0.050000 m/pix
[component_container_isolated-1] [INFO] [1789359739.384733310] [robot1.global_costmap.global_costmap]: StaticLayer: Resizing costmap to 185 X 304 at 0.050000 m/pix
[component_container_isolated-1] [INFO] [1789359740.839198614] [robot1.local_costmap.local_costmap]: StaticLayer: Resizing static layer to 185 X 304 at 0.050000 m/pix
[component_container_isolated-1] [INFO] [1789359741.384763152] [robot1.global_costmap.global_costmap]: StaticLayer: Resizing costmap to 185 X 304 at 0.050000 m/pix
[component_container_isolated-1] [INFO] [1789359831.291970200] [robot1.bt_navigator]: Begin navigating from current location (-0.64, -1.48) to (-1.17, 2.81)
[component_container_isolated-1] [INFO] [1789359831.312559951] [robot1.controller_server]: Received a goal, begin computing control effort.
[component_container_isolated-1] [INFO] [1789359832.362779380] [robot1.controller_server]: Passing new path to controller.
[component_container_isolated-1] [INFO] [1789359833.292165282] [robot1.bt_navigator]: Received goal preemption request
[component_container_isolated-1] [INFO] [1789359833.292237613] [robot1.bt_navigator]: Begin navigating from current location (-0.65, -1.08) to (-1.33, 5.41)
[component_container_isolated-1] [INFO] [1789359833.412792966] [robot1.controller_server]: Passing new path to controller.
[component_container_isolated-1] [INFO] [1789359834.302148221] [robot1.bt_navigator]: Received goal preemption request
[component_container_isolated-1] [INFO] [1789359834.302252010] [robot1.bt_navigator]: Begin navigating from current location (-0.68, -0.85) to (-0.95, 2.80)
[component_container_isolated-1] [INFO] [1789359834.412775712] [robot1.controller_server]: Passing new path to controller.
[component_container_isolated-1] [INFO] [1789359835.292145046] [robot1.bt_navigator]: Received goal preemption request
[component_container_isolated-1] [INFO] [1789359835.292236729] [robot1.bt_navigator]: Begin navigating from current location (-0.67, -0.56) to (-0.37, 3.07)
[component_container_isolated-1] [INFO] [1789359835.462779003] [robot1.controller_server]: Passing new path to controller.
[component_container_isolated-1] [INFO] [1789359836.302157360] [robot1.bt_navigator]: Received goal preemption request
[component_container_isolated-1] [INFO] [1789359836.302228035] [robot1.bt_navigator]: Begin navigating from current location (-0.66, -0.32) to (0.93, 2.54)
[component_container_isolated-1] [INFO] [1789359836.462774666] [robot1.controller_server]: Passing new path to controller.
[component_container_isolated-1] [INFO] [1789359837.292167963] [robot1.bt_navigator]: Received goal preemption request
[component_container_isolated-1] [INFO] [1789359837.292277499] [robot1.bt_navigator]: Begin navigating from current location (-0.63, -0.09) to (0.49, 2.93)
[component_container_isolated-1] [INFO] [1789359837.512777894] [robot1.controller_server]: Passing new path to controller.
[component_container_isolated-1] [INFO] [1789359838.292149715] [robot1.bt_navigator]: Received goal preemption request
[component_container_isolated-1] [INFO] [1789359838.292275099] [robot1.bt_navigator]: Begin navigating from current location (-0.57, 0.13) to (1.04, 2.82)
[component_container_isolated-1] [INFO] [1789359838.562775574] [robot1.controller_server]: Passing new path to controller.
[component_container_isolated-1] [INFO] [1789359839.292145340] [robot1.bt_navigator]: Received goal preemption request
[component_container_isolated-1] [INFO] [1789359839.292305853] [robot1.bt_navigator]: Begin navigating from current location (-0.49, 0.37) to (-0.07, 1.41)
[component_container_isolated-1] [INFO] [1789359839.562783972] [robot1.controller_server]: Passing new path to controller.
[component_container_isolated-1] [INFO] [1789359840.302239044] [robot1.bt_navigator]: Received goal preemption request
[component_container_isolated-1] [INFO] [1789359840.302375698] [robot1.bt_navigator]: Begin navigating from current location (-0.38, 0.59) to (0.04, 1.71)
[component_container_isolated-1] [INFO] [1789359840.612804023] [robot1.controller_server]: Passing new path to controller.
[component_container_isolated-1] [INFO] [1789359841.302190737] [robot1.bt_navigator]: Received goal preemption request
[component_container_isolated-1] [INFO] [1789359841.302324033] [robot1.bt_navigator]: Begin navigating from current location (-0.31, 0.83) to (0.48, 1.37)
[component_container_isolated-1] [INFO] [1789359841.612775727] [robot1.controller_server]: Passing new path to controller.
[component_container_isolated-1] [INFO] [1789359842.292149138] [robot1.bt_navigator]: Received goal preemption request
[component_container_isolated-1] [INFO] [1789359842.292306889] [robot1.bt_navigator]: Begin navigating from current location (-0.22, 1.03) to (-0.54, 1.75)
[component_container_isolated-1] [INFO] [1789359842.662776457] [robot1.controller_server]: Passing new path to controller.
[component_container_isolated-1] [INFO] [1789359843.302287932] [robot1.bt_navigator]: Received goal preemption request
[component_container_isolated-1] [INFO] [1789359843.302426008] [robot1.bt_navigator]: Begin navigating from current location (-0.13, 1.16) to (-0.32, 1.95)
[component_container_isolated-1] [INFO] [1789359843.662794152] [robot1.controller_server]: Passing new path to controller.
[component_container_isolated-1] [INFO] [1789359844.712775906] [robot1.controller_server]: Passing new path to controller.
[component_container_isolated-1] [INFO] [1789359845.762775487] [robot1.controller_server]: Passing new path to controller.
[component_container_isolated-1] [INFO] [1789359846.762777969] [robot1.controller_server]: Passing new path to controller.
[component_container_isolated-1] [INFO] [1789359847.812797241] [robot1.controller_server]: Passing new path to controller.
[component_container_isolated-1] [INFO] [1789359848.812775175] [robot1.controller_server]: Passing new path to controller.
[component_container_isolated-1] [INFO] [1789359848.914554760] [robot1.controller_server]: Reached the goal!
[component_container_isolated-1] [INFO] [1789359848.952149511] [robot1.bt_navigator]: Goal succeeded
[component_container_isolated-1] [INFO] [1789359894.292674345] [robot1.bt_navigator]: Begin navigating from current location (-0.18, 1.79) to (0.18, 3.18)
[component_container_isolated-1] [INFO] [1789359894.313004656] [robot1.controller_server]: Received a goal, begin computing control effort.
[component_container_isolated-1] [ERROR] [1789359894.813015039] [robot1.bt_navigator_navigate_to_pose_rclcpp_node]: Failed to get result for follow_path in node halt!
[component_container_isolated-1] [INFO] [1789359894.813109338] [robot1.bt_navigator]: [navigate_to_pose] [ActionServer] Client requested to cancel the goal. Cancelling.
[component_container_isolated-1] [INFO] [1789359894.813208973] [robot1.bt_navigator]: Goal canceled
[component_container_isolated-1] [INFO] [1789359894.813212258] [robot1.controller_server]: Goal was canceled. Stopping the robot.
[component_container_isolated-1] [INFO] [1789359894.813287568] [robot1.controller_server]: [follow_path] [ActionServer] Client requested to cancel the goal. Cancelling.
[component_container_isolated-1] [INFO] [1789359898.287861332] [robot1.bt_navigator]: Begin navigating from current location (-0.19, 1.91) to (0.38, 2.11)
[component_container_isolated-1] [INFO] [1789359898.308162653] [robot1.controller_server]: Received a goal, begin computing control effort.
[component_container_isolated-1] [INFO] [1789359899.358333157] [robot1.controller_server]: Passing new path to controller.
[component_container_isolated-1] [INFO] [1789359900.408344339] [robot1.controller_server]: Passing new path to controller.
[component_container_isolated-1] [INFO] [1789359901.408329073] [robot1.controller_server]: Passing new path to controller.
[component_container_isolated-1] [ERROR] [1789359902.308228766] [robot1.bt_navigator_navigate_to_pose_rclcpp_node]: Failed to get result for follow_path in node halt!
[component_container_isolated-1] [INFO] [1789359902.308347436] [robot1.bt_navigator]: [navigate_to_pose] [ActionServer] Client requested to cancel the goal. Cancelling.
[component_container_isolated-1] [INFO] [1789359902.308351121] [robot1.controller_server]: Goal was canceled. Stopping the robot.
[component_container_isolated-1] [INFO] [1789359902.308390793] [robot1.controller_server]: [follow_path] [ActionServer] Client requested to cancel the goal. Cancelling.
[component_container_isolated-1] [INFO] [1789359902.308403188] [robot1.bt_navigator]: Goal canceled
[component_container_isolated-1] [INFO] [1789359946.292461807] [robot1.bt_navigator]: Begin navigating from current location (0.14, 2.19) to (-0.39, 3.18)
[component_container_isolated-1] [INFO] [1789359946.312971857] [robot1.controller_server]: Received a goal, begin computing control effort.
[component_container_isolated-1] [INFO] [1789359947.363159035] [robot1.controller_server]: Passing new path to controller.
[component_container_isolated-1] [INFO] [1789359948.413164683] [robot1.controller_server]: Passing new path to controller.
[component_container_isolated-1] [INFO] [1789359949.413246125] [robot1.controller_server]: Passing new path to controller.
[component_container_isolated-1] [INFO] [1789359950.463145991] [robot1.controller_server]: Passing new path to controller.
[component_container_isolated-1] [INFO] [1789359950.914930728] [robot1.controller_server]: Reached the goal!
[component_container_isolated-1] [INFO] [1789359950.952636713] [robot1.bt_navigator]: Goal succeeded
[component_container_isolated-1] [INFO] [1789359951.289136899] [robot1.bt_navigator]: Begin navigating from current location (-0.35, 2.97) to (-0.62, 3.17)
[component_container_isolated-1] [INFO] [1789359951.309643674] [robot1.controller_server]: Received a goal, begin computing control effort.
[component_container_isolated-1] [INFO] [1789359952.211578002] [robot1.controller_server]: Reached the goal!
[component_container_isolated-1] [INFO] [1789359952.249322375] [robot1.bt_navigator]: Goal succeeded
[component_container_isolated-1] [INFO] [1789360025.239184397] [robot1.local_costmap.local_costmap]: StaticLayer: Resizing static layer to 186 X 304 at 0.050000 m/pix
[component_container_isolated-1] [INFO] [1789360025.384780037] [robot1.global_costmap.global_costmap]: StaticLayer: Resizing costmap to 186 X 304 at 0.050000 m/pix
[INFO] [launch]: All log files can be found below /home/danyalaziz/.ros/log/2026-09-14-10-52-18-944253-Precision-3660-88698
[INFO] [launch]: Default logging verbosity is set to INFO
[INFO] [component_container_isolated-1]: process started with pid [88714]
[component_container_isolated-1] [INFO] [1789365141.644615688] [robot1.nav2_container]: Load Library: /opt/ros/humble/lib/libcontroller_server_core.so
[component_container_isolated-1] [INFO] [1789365141.647482594] [robot1.nav2_container]: Found class: rclcpp_components::NodeFactoryTemplate<nav2_controller::ControllerServer>
[component_container_isolated-1] [INFO] [1789365141.647499773] [robot1.nav2_container]: Instantiate class: rclcpp_components::NodeFactoryTemplate<nav2_controller::ControllerServer>
[component_container_isolated-1] [INFO] [1789365141.673572662] [robot1.controller_server]: 
[component_container_isolated-1] 	controller_server lifecycle node launched. 
[component_container_isolated-1] 	Waiting on external lifecycle transitions to activate
[component_container_isolated-1] 	See https://design.ros2.org/articles/node_lifecycle.html for more information.
[component_container_isolated-1] [INFO] [1789365141.675071605] [robot1.controller_server]: Creating controller server
[component_container_isolated-1] [INFO] [1789365141.738570652] [robot1.local_costmap.local_costmap]: 
[component_container_isolated-1] 	local_costmap lifecycle node launched. 
[component_container_isolated-1] 	Waiting on external lifecycle transitions to activate
[component_container_isolated-1] 	See https://design.ros2.org/articles/node_lifecycle.html for more information.
[component_container_isolated-1] [INFO] [1789365141.738824628] [robot1.local_costmap.local_costmap]: Creating Costmap
[INFO] [launch_ros.actions.load_composable_nodes]: Loaded node '/robot1/controller_server' in container '/robot1/nav2_container'
[component_container_isolated-1] [INFO] [1789365141.740494653] [robot1.nav2_container]: Load Library: /opt/ros/humble/lib/libsmoother_server_core.so
[component_container_isolated-1] [INFO] [1789365141.741223929] [robot1.nav2_container]: Found class: rclcpp_components::NodeFactoryTemplate<nav2_smoother::SmootherServer>
[component_container_isolated-1] [INFO] [1789365141.741233690] [robot1.nav2_container]: Instantiate class: rclcpp_components::NodeFactoryTemplate<nav2_smoother::SmootherServer>
[component_container_isolated-1] [INFO] [1789365141.893826951] [robot1.smoother_server]: 
[component_container_isolated-1] 	smoother_server lifecycle node launched. 
[component_container_isolated-1] 	Waiting on external lifecycle transitions to activate
[component_container_isolated-1] 	See https://design.ros2.org/articles/node_lifecycle.html for more information.
[component_container_isolated-1] [INFO] [1789365141.894418734] [robot1.smoother_server]: Creating smoother server
[INFO] [launch_ros.actions.load_composable_nodes]: Loaded node '/robot1/smoother_server' in container '/robot1/nav2_container'
[component_container_isolated-1] [INFO] [1789365141.895674514] [robot1.nav2_container]: Load Library: /opt/ros/humble/lib/libplanner_server_core.so
[component_container_isolated-1] [INFO] [1789365141.896071364] [robot1.nav2_container]: Found class: rclcpp_components::NodeFactoryTemplate<nav2_planner::PlannerServer>
[component_container_isolated-1] [INFO] [1789365141.896078713] [robot1.nav2_container]: Instantiate class: rclcpp_components::NodeFactoryTemplate<nav2_planner::PlannerServer>
[component_container_isolated-1] [INFO] [1789365142.259251643] [robot1.planner_server]: 
[component_container_isolated-1] 	planner_server lifecycle node launched. 
[component_container_isolated-1] 	Waiting on external lifecycle transitions to activate
[component_container_isolated-1] 	See https://design.ros2.org/articles/node_lifecycle.html for more information.
[component_container_isolated-1] [INFO] [1789365142.260387312] [robot1.planner_server]: Creating
[component_container_isolated-1] [INFO] [1789365142.606608655] [robot1.global_costmap.global_costmap]: 
[component_container_isolated-1] 	global_costmap lifecycle node launched. 
[component_container_isolated-1] 	Waiting on external lifecycle transitions to activate
[component_container_isolated-1] 	See https://design.ros2.org/articles/node_lifecycle.html for more information.
[component_container_isolated-1] [INFO] [1789365142.606827994] [robot1.global_costmap.global_costmap]: Creating Costmap
[INFO] [launch_ros.actions.load_composable_nodes]: Loaded node '/robot1/planner_server' in container '/robot1/nav2_container'
[component_container_isolated-1] [INFO] [1789365142.608060949] [robot1.nav2_container]: Load Library: /opt/ros/humble/lib/libbehavior_server_core.so
[component_container_isolated-1] [INFO] [1789365142.609339826] [robot1.nav2_container]: Found class: rclcpp_components::NodeFactoryTemplate<behavior_server::BehaviorServer>
[component_container_isolated-1] [INFO] [1789365142.609351798] [robot1.nav2_container]: Instantiate class: rclcpp_components::NodeFactoryTemplate<behavior_server::BehaviorServer>
[component_container_isolated-1] [INFO] [1789365143.073352309] [robot1.behavior_server]: 
[component_container_isolated-1] 	behavior_server lifecycle node launched. 
[component_container_isolated-1] 	Waiting on external lifecycle transitions to activate
[component_container_isolated-1] 	See https://design.ros2.org/articles/node_lifecycle.html for more information.
[INFO] [launch_ros.actions.load_composable_nodes]: Loaded node '/robot1/behavior_server' in container '/robot1/nav2_container'
[component_container_isolated-1] [INFO] [1789365143.075138944] [robot1.nav2_container]: Load Library: /opt/ros/humble/lib/libbt_navigator_core.so
[component_container_isolated-1] [INFO] [1789365143.075980824] [robot1.nav2_container]: Found class: rclcpp_components::NodeFactoryTemplate<nav2_bt_navigator::BtNavigator>
[component_container_isolated-1] [INFO] [1789365143.075990496] [robot1.nav2_container]: Instantiate class: rclcpp_components::NodeFactoryTemplate<nav2_bt_navigator::BtNavigator>
[component_container_isolated-1] [INFO] [1789365143.881362791] [robot1.bt_navigator]: 
[component_container_isolated-1] 	bt_navigator lifecycle node launched. 
[component_container_isolated-1] 	Waiting on external lifecycle transitions to activate
[component_container_isolated-1] 	See https://design.ros2.org/articles/node_lifecycle.html for more information.
[component_container_isolated-1] [INFO] [1789365143.881401857] [robot1.bt_navigator]: Creating
[INFO] [launch_ros.actions.load_composable_nodes]: Loaded node '/robot1/bt_navigator' in container '/robot1/nav2_container'
[component_container_isolated-1] [INFO] [1789365143.882836819] [robot1.nav2_container]: Load Library: /opt/ros/humble/lib/libwaypoint_follower_core.so
[component_container_isolated-1] [INFO] [1789365143.883170572] [robot1.nav2_container]: Found class: rclcpp_components::NodeFactoryTemplate<nav2_waypoint_follower::WaypointFollower>
[component_container_isolated-1] [INFO] [1789365143.883179890] [robot1.nav2_container]: Instantiate class: rclcpp_components::NodeFactoryTemplate<nav2_waypoint_follower::WaypointFollower>
[component_container_isolated-1] [INFO] [1789365144.682768238] [robot1.waypoint_follower]: 
[component_container_isolated-1] 	waypoint_follower lifecycle node launched. 
[component_container_isolated-1] 	Waiting on external lifecycle transitions to activate
[component_container_isolated-1] 	See https://design.ros2.org/articles/node_lifecycle.html for more information.
[component_container_isolated-1] [INFO] [1789365144.682992490] [robot1.waypoint_follower]: Creating
[INFO] [launch_ros.actions.load_composable_nodes]: Loaded node '/robot1/waypoint_follower' in container '/robot1/nav2_container'
[component_container_isolated-1] [INFO] [1789365144.684918671] [robot1.nav2_container]: Load Library: /opt/ros/humble/lib/libvelocity_smoother_core.so
[component_container_isolated-1] [INFO] [1789365144.685360537] [robot1.nav2_container]: Found class: rclcpp_components::NodeFactoryTemplate<nav2_velocity_smoother::VelocitySmoother>
[component_container_isolated-1] [INFO] [1789365144.685374832] [robot1.nav2_container]: Instantiate class: rclcpp_components::NodeFactoryTemplate<nav2_velocity_smoother::VelocitySmoother>
[component_container_isolated-1] [INFO] [1789365144.950863538] [robot1.velocity_smoother]: 
[component_container_isolated-1] 	velocity_smoother lifecycle node launched. 
[component_container_isolated-1] 	Waiting on external lifecycle transitions to activate
[component_container_isolated-1] 	See https://design.ros2.org/articles/node_lifecycle.html for more information.
[INFO] [launch_ros.actions.load_composable_nodes]: Loaded node '/robot1/velocity_smoother' in container '/robot1/nav2_container'
[component_container_isolated-1] [INFO] [1789365144.952499337] [robot1.nav2_container]: Load Library: /opt/ros/humble/lib/libnav2_lifecycle_manager_core.so
[component_container_isolated-1] [INFO] [1789365144.952837087] [robot1.nav2_container]: Found class: rclcpp_components::NodeFactoryTemplate<nav2_lifecycle_manager::LifecycleManager>
[component_container_isolated-1] [INFO] [1789365144.952846860] [robot1.nav2_container]: Instantiate class: rclcpp_components::NodeFactoryTemplate<nav2_lifecycle_manager::LifecycleManager>
[component_container_isolated-1] [INFO] [1789365145.196025793] [robot1.lifecycle_manager_navigation]: Creating
[INFO] [launch_ros.actions.load_composable_nodes]: Loaded node '/robot1/lifecycle_manager_navigation' in container '/robot1/nav2_container'
[component_container_isolated-1] [INFO] [1789365145.285591146] [robot1.lifecycle_manager_navigation]: [34m[1mCreating and initializing lifecycle service clients[0m[0m
[INFO] [nav2_startup-2]: process started with pid [89321]
[nav2_startup-2] waiting for service to become available...
[nav2_startup-2] requester: making request: nav2_msgs.srv.ManageLifecycleNodes_Request(command=0)
[nav2_startup-2] 
[component_container_isolated-1] [INFO] [1789365160.644306539] [robot1.lifecycle_manager_navigation]: [34m[1mStarting managed nodes bringup...[0m[0m
[component_container_isolated-1] [INFO] [1789365160.644366293] [robot1.lifecycle_manager_navigation]: [34m[1mConfiguring controller_server[0m[0m
[component_container_isolated-1] [INFO] [1789365160.644756711] [robot1.controller_server]: Configuring controller interface
[component_container_isolated-1] [INFO] [1789365160.644884256] [robot1.controller_server]: getting goal checker plugins..
[component_container_isolated-1] [INFO] [1789365160.644921164] [robot1.controller_server]: Controller frequency set to 20.0000Hz
[component_container_isolated-1] [INFO] [1789365160.644941544] [robot1.local_costmap.local_costmap]: Configuring
[component_container_isolated-1] [INFO] [1789365160.719635341] [robot1.local_costmap.local_costmap]: Using plugin "static_layer"
[component_container_isolated-1] [INFO] [1789365160.721256097] [robot1.local_costmap.local_costmap]: Subscribing to the map topic (/robot1/map) with transient local durability
[component_container_isolated-1] [INFO] [1789365160.743443516] [robot1.local_costmap.local_costmap]: Initialized plugin "static_layer"
[component_container_isolated-1] [INFO] [1789365160.743477509] [robot1.local_costmap.local_costmap]: Using plugin "voxel_layer"
[component_container_isolated-1] [INFO] [1789365160.743832848] [robot1.local_costmap.local_costmap]: Subscribed to Topics: scan
[component_container_isolated-1] [INFO] [1789365160.816548775] [robot1.local_costmap.local_costmap]: Initialized plugin "voxel_layer"
[component_container_isolated-1] [INFO] [1789365160.816578495] [robot1.local_costmap.local_costmap]: Using plugin "inflation_layer"
[component_container_isolated-1] [INFO] [1789365160.816920745] [robot1.local_costmap.local_costmap]: Initialized plugin "inflation_layer"
[component_container_isolated-1] [INFO] [1789365160.994368976] [robot1.controller_server]: Created progress_checker : progress_checker of type nav2_controller::SimpleProgressChecker
[component_container_isolated-1] [INFO] [1789365160.994370386] [robot1.local_costmap.local_costmap]: StaticLayer: Resizing static layer to 129 X 255 at 0.050000 m/pix
[component_container_isolated-1] [INFO] [1789365160.994734957] [robot1.controller_server]: Created goal checker : general_goal_checker of type nav2_controller::SimpleGoalChecker
[component_container_isolated-1] [INFO] [1789365160.994856394] [robot1.controller_server]: Controller Server has general_goal_checker  goal checkers available.
[component_container_isolated-1] [INFO] [1789365160.995503306] [robot1.controller_server]: Created controller : FollowPath of type dwb_core::DWBLocalPlanner
[component_container_isolated-1] [INFO] [1789365160.995825596] [robot1.controller_server]: Setting transform_tolerance to 0.200000
[component_container_isolated-1] [INFO] [1789365161.112127400] [robot1.controller_server]: Using critic "RotateToGoal" (dwb_critics::RotateToGoalCritic)
[component_container_isolated-1] [INFO] [1789365161.112320308] [robot1.controller_server]: Critic plugin initialized
[component_container_isolated-1] [INFO] [1789365161.112360303] [robot1.controller_server]: Using critic "Oscillation" (dwb_critics::OscillationCritic)
[component_container_isolated-1] [INFO] [1789365161.112474181] [robot1.controller_server]: Critic plugin initialized
[component_container_isolated-1] [INFO] [1789365161.112508917] [robot1.controller_server]: Using critic "BaseObstacle" (dwb_critics::BaseObstacleCritic)
[component_container_isolated-1] [INFO] [1789365161.112571990] [robot1.controller_server]: Critic plugin initialized
[component_container_isolated-1] [INFO] [1789365161.112608480] [robot1.controller_server]: Using critic "GoalAlign" (dwb_critics::GoalAlignCritic)
[component_container_isolated-1] [INFO] [1789365161.112713074] [robot1.controller_server]: Critic plugin initialized
[component_container_isolated-1] [INFO] [1789365161.112748075] [robot1.controller_server]: Using critic "PathAlign" (dwb_critics::PathAlignCritic)
[component_container_isolated-1] [INFO] [1789365161.112833271] [robot1.controller_server]: Critic plugin initialized
[component_container_isolated-1] [INFO] [1789365161.112862258] [robot1.controller_server]: Using critic "PathDist" (dwb_critics::PathDistCritic)
[component_container_isolated-1] [INFO] [1789365161.112919217] [robot1.controller_server]: Critic plugin initialized
[component_container_isolated-1] [INFO] [1789365161.112952850] [robot1.controller_server]: Using critic "GoalDist" (dwb_critics::GoalDistCritic)
[component_container_isolated-1] [INFO] [1789365161.113010396] [robot1.controller_server]: Critic plugin initialized
[component_container_isolated-1] [INFO] [1789365161.113016687] [robot1.controller_server]: Controller Server has FollowPath  controllers available.
[component_container_isolated-1] [INFO] [1789365161.260998316] [robot1.lifecycle_manager_navigation]: [34m[1mConfiguring smoother_server[0m[0m
[component_container_isolated-1] [INFO] [1789365161.261160069] [robot1.smoother_server]: Configuring smoother server
[component_container_isolated-1] [INFO] [1789365161.392286382] [robot1.smoother_server]: Created smoother : simple_smoother of type nav2_smoother::SimpleSmoother
[component_container_isolated-1] [INFO] [1789365161.392569070] [robot1.smoother_server]: Smoother Server has simple_smoother  smoothers available.
[component_container_isolated-1] [INFO] [1789365161.498640820] [robot1.lifecycle_manager_navigation]: [34m[1mConfiguring planner_server[0m[0m
[component_container_isolated-1] [INFO] [1789365161.498743756] [robot1.planner_server]: Configuring
[component_container_isolated-1] [INFO] [1789365161.498799869] [robot1.global_costmap.global_costmap]: Configuring
[component_container_isolated-1] [INFO] [1789365161.603913165] [robot1.global_costmap.global_costmap]: Using plugin "static_layer"
[component_container_isolated-1] [INFO] [1789365161.604302864] [robot1.global_costmap.global_costmap]: Subscribing to the map topic (/robot1/map) with transient local durability
[component_container_isolated-1] [INFO] [1789365161.618437634] [robot1.global_costmap.global_costmap]: Initialized plugin "static_layer"
[component_container_isolated-1] [INFO] [1789365161.618472777] [robot1.global_costmap.global_costmap]: Using plugin "obstacle_layer"
[component_container_isolated-1] [INFO] [1789365161.618784114] [robot1.global_costmap.global_costmap]: Subscribed to Topics: scan
[component_container_isolated-1] [INFO] [1789365161.655883862] [robot1.global_costmap.global_costmap]: Initialized plugin "obstacle_layer"
[component_container_isolated-1] [INFO] [1789365161.655908552] [robot1.global_costmap.global_costmap]: Using plugin "inflation_layer"
[component_container_isolated-1] [INFO] [1789365161.656233112] [robot1.global_costmap.global_costmap]: Initialized plugin "inflation_layer"
[component_container_isolated-1] [INFO] [1789365161.865397244] [robot1.global_costmap.global_costmap]: StaticLayer: Resizing costmap to 129 X 255 at 0.050000 m/pix
[component_container_isolated-1] [INFO] [1789365161.865573010] [robot1.planner_server]: Created global planner plugin GridBased of type nav2_navfn_planner/NavfnPlanner
[component_container_isolated-1] [INFO] [1789365161.865594828] [robot1.planner_server]: Configuring plugin GridBased of type NavfnPlanner
[component_container_isolated-1] [INFO] [1789365161.865816626] [robot1.planner_server]: Planner Server has GridBased  planners available.
[component_container_isolated-1] [INFO] [1789365162.102631018] [robot1.lifecycle_manager_navigation]: [34m[1mConfiguring behavior_server[0m[0m
[component_container_isolated-1] [INFO] [1789365162.102777873] [robot1.behavior_server]: Configuring
[component_container_isolated-1] [INFO] [1789365162.267607979] [robot1.behavior_server]: Creating behavior plugin spin of type nav2_behaviors/Spin
[component_container_isolated-1] [INFO] [1789365162.268045691] [robot1.behavior_server]: Configuring spin
[component_container_isolated-1] [INFO] [1789365162.405798279] [robot1.behavior_server]: Creating behavior plugin backup of type nav2_behaviors/BackUp
[component_container_isolated-1] [INFO] [1789365162.406209290] [robot1.behavior_server]: Configuring backup
[component_container_isolated-1] [INFO] [1789365162.541095832] [robot1.behavior_server]: Creating behavior plugin drive_on_heading of type nav2_behaviors/DriveOnHeading
[component_container_isolated-1] [INFO] [1789365162.541532435] [robot1.behavior_server]: Configuring drive_on_heading
[component_container_isolated-1] [INFO] [1789365162.676553341] [robot1.behavior_server]: Creating behavior plugin assisted_teleop of type nav2_behaviors/AssistedTeleop
[component_container_isolated-1] [INFO] [1789365162.677702835] [robot1.behavior_server]: Configuring assisted_teleop
[component_container_isolated-1] [INFO] [1789365162.873172835] [robot1.behavior_server]: Creating behavior plugin wait of type nav2_behaviors/Wait
[component_container_isolated-1] [INFO] [1789365162.873848135] [robot1.behavior_server]: Configuring wait
[component_container_isolated-1] [INFO] [1789365163.017905384] [robot1.lifecycle_manager_navigation]: [34m[1mConfiguring bt_navigator[0m[0m
[component_container_isolated-1] [INFO] [1789365163.018001864] [robot1.bt_navigator]: Configuring
[component_container_isolated-1] [INFO] [1789365164.058896084] [robot1.lifecycle_manager_navigation]: [34m[1mConfiguring waypoint_follower[0m[0m
[component_container_isolated-1] [INFO] [1789365164.059010566] [robot1.waypoint_follower]: Configuring
[component_container_isolated-1] [INFO] [1789365164.341057032] [robot1.waypoint_follower]: Created waypoint_task_executor : wait_at_waypoint of type nav2_waypoint_follower::WaitAtWaypoint
[component_container_isolated-1] [INFO] [1789365164.341633204] [robot1.lifecycle_manager_navigation]: [34m[1mConfiguring velocity_smoother[0m[0m
[component_container_isolated-1] [INFO] [1789365164.341732154] [robot1.velocity_smoother]: Configuring velocity smoother
[component_container_isolated-1] [INFO] [1789365164.390708146] [robot1.lifecycle_manager_navigation]: [34m[1mActivating controller_server[0m[0m
[component_container_isolated-1] [INFO] [1789365164.390827291] [robot1.controller_server]: Activating
[component_container_isolated-1] [INFO] [1789365164.390857733] [robot1.local_costmap.local_costmap]: Activating
[component_container_isolated-1] [INFO] [1789365164.390865878] [robot1.local_costmap.local_costmap]: Checking transform
[component_container_isolated-1] [INFO] [1789365164.390941288] [robot1.local_costmap.local_costmap]: start
[component_container_isolated-1] [INFO] [1789365164.625487509] [robot1.controller_server]: Creating bond (controller_server) to lifecycle manager.
[component_container_isolated-1] [INFO] [1789365164.764881696] [robot1.lifecycle_manager_navigation]: Server controller_server connected with bond.
[component_container_isolated-1] [INFO] [1789365164.764921393] [robot1.lifecycle_manager_navigation]: [34m[1mActivating smoother_server[0m[0m
[component_container_isolated-1] [INFO] [1789365164.765265457] [robot1.smoother_server]: Activating
[component_container_isolated-1] [INFO] [1789365164.765291327] [robot1.smoother_server]: Creating bond (smoother_server) to lifecycle manager.
[component_container_isolated-1] [INFO] [1789365164.908371025] [robot1.lifecycle_manager_navigation]: Server smoother_server connected with bond.
[component_container_isolated-1] [INFO] [1789365164.908408468] [robot1.lifecycle_manager_navigation]: [34m[1mActivating planner_server[0m[0m
[component_container_isolated-1] [INFO] [1789365164.908656302] [robot1.planner_server]: Activating
[component_container_isolated-1] [INFO] [1789365164.908689034] [robot1.global_costmap.global_costmap]: Activating
[component_container_isolated-1] [INFO] [1789365164.908721449] [robot1.global_costmap.global_costmap]: Checking transform
[component_container_isolated-1] [INFO] [1789365164.908796069] [robot1.global_costmap.global_costmap]: start
[component_container_isolated-1] [INFO] [1789365165.926279321] [robot1.planner_server]: Activating plugin GridBased of type NavfnPlanner
[component_container_isolated-1] [INFO] [1789365165.945398035] [robot1.planner_server]: Creating bond (planner_server) to lifecycle manager.
[component_container_isolated-1] [INFO] [1789365166.101846557] [robot1.lifecycle_manager_navigation]: Server planner_server connected with bond.
[component_container_isolated-1] [INFO] [1789365166.101902135] [robot1.lifecycle_manager_navigation]: [34m[1mActivating behavior_server[0m[0m
[component_container_isolated-1] [INFO] [1789365166.102176968] [robot1.behavior_server]: Activating
[component_container_isolated-1] [INFO] [1789365166.102191490] [robot1.behavior_server]: Activating spin
[component_container_isolated-1] [INFO] [1789365166.102215457] [robot1.behavior_server]: Activating backup
[component_container_isolated-1] [INFO] [1789365166.102221392] [robot1.behavior_server]: Activating drive_on_heading
[component_container_isolated-1] [INFO] [1789365166.102226816] [robot1.behavior_server]: Activating assisted_teleop
[component_container_isolated-1] [INFO] [1789365166.102232231] [robot1.behavior_server]: Activating wait
[component_container_isolated-1] [INFO] [1789365166.102239097] [robot1.behavior_server]: Creating bond (behavior_server) to lifecycle manager.
[component_container_isolated-1] [INFO] [1789365166.246898640] [robot1.lifecycle_manager_navigation]: Server behavior_server connected with bond.
[component_container_isolated-1] [INFO] [1789365166.246930246] [robot1.lifecycle_manager_navigation]: [34m[1mActivating bt_navigator[0m[0m
[component_container_isolated-1] [INFO] [1789365166.247251208] [robot1.bt_navigator]: Activating
[component_container_isolated-1] [INFO] [1789365168.060962493] [robot1.bt_navigator]: Creating bond (bt_navigator) to lifecycle manager.
[component_container_isolated-1] [INFO] [1789365168.228171521] [robot1.lifecycle_manager_navigation]: Server bt_navigator connected with bond.
[component_container_isolated-1] [INFO] [1789365168.228214845] [robot1.lifecycle_manager_navigation]: [34m[1mActivating waypoint_follower[0m[0m
[component_container_isolated-1] [INFO] [1789365168.228563499] [robot1.waypoint_follower]: Activating
[component_container_isolated-1] [INFO] [1789365168.228600785] [robot1.waypoint_follower]: Creating bond (waypoint_follower) to lifecycle manager.
[component_container_isolated-1] [INFO] [1789365168.393611820] [robot1.lifecycle_manager_navigation]: Server waypoint_follower connected with bond.
[component_container_isolated-1] [INFO] [1789365168.393642549] [robot1.lifecycle_manager_navigation]: [34m[1mActivating velocity_smoother[0m[0m
[component_container_isolated-1] [INFO] [1789365168.393827748] [robot1.velocity_smoother]: Activating
[component_container_isolated-1] [INFO] [1789365168.393870305] [robot1.velocity_smoother]: Creating bond (velocity_smoother) to lifecycle manager.
[component_container_isolated-1] [INFO] [1789365168.555181857] [robot1.lifecycle_manager_navigation]: Server velocity_smoother connected with bond.
[component_container_isolated-1] [INFO] [1789365168.555224771] [robot1.lifecycle_manager_navigation]: [34m[1mManaged nodes are active[0m[0m
[component_container_isolated-1] [INFO] [1789365168.555238641] [robot1.lifecycle_manager_navigation]: [34m[1mCreating bond timer...[0m[0m
[nav2_startup-2] response:
[nav2_startup-2] nav2_msgs.srv.ManageLifecycleNodes_Response(success=True)
[nav2_startup-2] 
[INFO] [nav2_startup-2]: process has finished cleanly [pid 89321]
[component_container_isolated-1] [INFO] [1789365311.203035709] [robot1.bt_navigator]: Begin navigating from current location (-0.15, 0.19) to (-0.59, 0.95)
[component_container_isolated-1] [INFO] [1789365311.223505587] [robot1.controller_server]: Received a goal, begin computing control effort.
[component_container_isolated-1] [WARN] [1789365311.223557827] [robot1.controller_server]: No goal checker was specified in parameter 'current_goal_checker'. Server will use only plugin loaded general_goal_checker . This warning will appear once.
[component_container_isolated-1] [ERROR] [1789365311.273410453] [robot1.bt_navigator_navigate_to_pose_rclcpp_node]: Failed to get result for follow_path in node halt!
[component_container_isolated-1] [INFO] [1789365311.273492130] [robot1.bt_navigator]: [navigate_to_pose] [ActionServer] Client requested to cancel the goal. Cancelling.
[component_container_isolated-1] [INFO] [1789365311.273582393] [robot1.bt_navigator]: Goal canceled
[component_container_isolated-1] [INFO] [1789365311.273744323] [robot1.controller_server]: Goal was canceled. Stopping the robot.
[component_container_isolated-1] [INFO] [1789365311.273762005] [robot1.controller_server]: [follow_path] [ActionServer] Client requested to cancel the goal. Cancelling.
[component_container_isolated-1] [INFO] [1789365510.785879823] [robot1.bt_navigator]: Begin navigating from current location (-0.15, 0.19) to (-0.26, -0.85)
[component_container_isolated-1] [INFO] [1789365510.806266584] [robot1.controller_server]: Received a goal, begin computing control effort.
[component_container_isolated-1] [INFO] [1789365511.856448650] [robot1.controller_server]: Passing new path to controller.
[component_container_isolated-1] [INFO] [1789365511.991060874] [robot1.local_costmap.local_costmap]: StaticLayer: Resizing static layer to 137 X 293 at 0.050000 m/pix
[component_container_isolated-1] [INFO] [1789365512.591088570] [robot1.local_costmap.local_costmap]: StaticLayer: Resizing static layer to 137 X 294 at 0.050000 m/pix
[component_container_isolated-1] [INFO] [1789365512.906446889] [robot1.controller_server]: Passing new path to controller.
[component_container_isolated-1] [INFO] [1789365512.909014241] [robot1.global_costmap.global_costmap]: StaticLayer: Resizing costmap to 137 X 294 at 0.050000 m/pix
[component_container_isolated-1] [INFO] [1789365513.786094016] [robot1.bt_navigator]: Received goal preemption request
[component_container_isolated-1] [INFO] [1789365513.786177298] [robot1.bt_navigator]: Begin navigating from current location (-0.34, -0.40) to (-1.07, -2.17)
[component_container_isolated-1] [INFO] [1789365513.906433041] [robot1.controller_server]: Passing new path to controller.
[component_container_isolated-1] [INFO] [1789365514.796082332] [robot1.bt_navigator]: Received goal preemption request
[component_container_isolated-1] [INFO] [1789365514.796163879] [robot1.bt_navigator]: Begin navigating from current location (-0.36, -0.65) to (-0.86, -2.30)
[component_container_isolated-1] [INFO] [1789365514.956432060] [robot1.controller_server]: Passing new path to controller.
[component_container_isolated-1] [INFO] [1789365514.991069154] [robot1.local_costmap.local_costmap]: StaticLayer: Resizing static layer to 137 X 297 at 0.050000 m/pix
[component_container_isolated-1] [INFO] [1789365515.786083413] [robot1.bt_navigator]: Received goal preemption request
[component_container_isolated-1] [INFO] [1789365515.786171875] [robot1.bt_navigator]: Begin navigating from current location (-0.41, -0.93) to (-1.46, -2.31)
[component_container_isolated-1] [INFO] [1789365515.909046090] [robot1.global_costmap.global_costmap]: StaticLayer: Resizing costmap to 137 X 297 at 0.050000 m/pix
[component_container_isolated-1] [INFO] [1789365515.956451752] [robot1.controller_server]: Passing new path to controller.
[component_container_isolated-1] [INFO] [1789365516.786047434] [robot1.bt_navigator]: Received goal preemption request
[component_container_isolated-1] [INFO] [1789365516.786124284] [robot1.bt_navigator]: Begin navigating from current location (-0.51, -1.16) to (-1.02, -2.26)
[component_container_isolated-1] [INFO] [1789365517.006431064] [robot1.controller_server]: Passing new path to controller.
[component_container_isolated-1] [INFO] [1789365517.786084639] [robot1.bt_navigator]: Received goal preemption request
[component_container_isolated-1] [INFO] [1789365517.786171997] [robot1.bt_navigator]: Begin navigating from current location (-0.59, -1.38) to (-1.04, -2.59)
[component_container_isolated-1] [INFO] [1789365518.056431143] [robot1.controller_server]: Passing new path to controller.
[component_container_isolated-1] [INFO] [1789365518.796080962] [robot1.bt_navigator]: Received goal preemption request
[component_container_isolated-1] [INFO] [1789365518.796158112] [robot1.bt_navigator]: Begin navigating from current location (-0.67, -1.63) to (-1.44, -2.26)
[component_container_isolated-1] [INFO] [1789365518.991032167] [robot1.local_costmap.local_costmap]: StaticLayer: Resizing static layer to 137 X 298 at 0.050000 m/pix
[component_container_isolated-1] [INFO] [1789365519.056430884] [robot1.controller_server]: Passing new path to controller.
[component_container_isolated-1] [INFO] [1789365519.786077026] [robot1.bt_navigator]: Received goal preemption request
[component_container_isolated-1] [INFO] [1789365519.786154423] [robot1.bt_navigator]: Begin navigating from current location (-0.76, -1.86) to (-0.94, -3.05)
[component_container_isolated-1] [INFO] [1789365519.909019285] [robot1.global_costmap.global_costmap]: StaticLayer: Resizing costmap to 137 X 298 at 0.050000 m/pix
[component_container_isolated-1] [INFO] [1789365520.106430898] [robot1.controller_server]: Passing new path to controller.
[component_container_isolated-1] [INFO] [1789365520.786056199] [robot1.bt_navigator]: Received goal preemption request
[component_container_isolated-1] [INFO] [1789365520.786155267] [robot1.bt_navigator]: Begin navigating from current location (-0.91, -2.05) to (-1.04, -3.34)
[component_container_isolated-1] [INFO] [1789365521.106431785] [robot1.controller_server]: Passing new path to controller.
[component_container_isolated-1] [INFO] [1789365521.786108838] [robot1.bt_navigator]: Received goal preemption request
[component_container_isolated-1] [INFO] [1789365521.786247839] [robot1.bt_navigator]: Begin navigating from current location (-0.98, -2.28) to (-1.65, -3.06)
[component_container_isolated-1] [INFO] [1789365522.156434030] [robot1.controller_server]: Passing new path to controller.
[component_container_isolated-1] [INFO] [1789365522.786096261] [robot1.bt_navigator]: Received goal preemption request
[component_container_isolated-1] [INFO] [1789365522.786175899] [robot1.bt_navigator]: Begin navigating from current location (-1.03, -2.53) to (-0.57, -3.22)
[component_container_isolated-1] [INFO] [1789365523.156432641] [robot1.controller_server]: Passing new path to controller.
[component_container_isolated-1] [INFO] [1789365523.796083634] [robot1.bt_navigator]: Received goal preemption request
[component_container_isolated-1] [INFO] [1789365523.796165503] [robot1.bt_navigator]: Begin navigating from current location (-1.07, -2.70) to (-0.74, -3.46)
[component_container_isolated-1] [INFO] [1789365524.206450046] [robot1.controller_server]: Passing new path to controller.
[component_container_isolated-1] [INFO] [1789365524.796057363] [robot1.bt_navigator]: Received goal preemption request
[component_container_isolated-1] [INFO] [1789365524.796193458] [robot1.bt_navigator]: Begin navigating from current location (-1.07, -2.92) to (-0.55, -3.90)
[component_container_isolated-1] [INFO] [1789365524.991040781] [robot1.local_costmap.local_costmap]: StaticLayer: Resizing static layer to 137 X 303 at 0.050000 m/pix
[component_container_isolated-1] [INFO] [1789365525.256431690] [robot1.controller_server]: Passing new path to controller.
[component_container_isolated-1] [INFO] [1789365525.796089818] [robot1.bt_navigator]: Received goal preemption request
[component_container_isolated-1] [INFO] [1789365525.796183168] [robot1.bt_navigator]: Begin navigating from current location (-1.03, -3.15) to (-0.54, -4.24)
[component_container_isolated-1] [INFO] [1789365525.909048726] [robot1.global_costmap.global_costmap]: StaticLayer: Resizing costmap to 137 X 303 at 0.050000 m/pix
[component_container_isolated-1] [INFO] [1789365526.256431242] [robot1.controller_server]: Passing new path to controller.
[component_container_isolated-1] [INFO] [1789365526.786051292] [robot1.bt_navigator]: Received goal preemption request
[component_container_isolated-1] [INFO] [1789365526.786130956] [robot1.bt_navigator]: Begin navigating from current location (-0.88, -3.39) to (0.24, -5.26)
[component_container_isolated-1] [INFO] [1789365526.991045019] [robot1.local_costmap.local_costmap]: StaticLayer: Resizing static layer to 146 X 303 at 0.050000 m/pix
[component_container_isolated-1] [INFO] [1789365527.306451557] [robot1.controller_server]: Passing new path to controller.
[component_container_isolated-1] [INFO] [1789365527.796063072] [robot1.bt_navigator]: Received goal preemption request
[component_container_isolated-1] [INFO] [1789365527.796208863] [robot1.bt_navigator]: Begin navigating from current location (-0.80, -3.63) to (0.39, -5.56)
[component_container_isolated-1] [INFO] [1789365527.909045074] [robot1.global_costmap.global_costmap]: StaticLayer: Resizing costmap to 146 X 303 at 0.050000 m/pix
[component_container_isolated-1] [INFO] [1789365528.306456066] [robot1.controller_server]: Passing new path to controller.
[component_container_isolated-1] [INFO] [1789365528.591069299] [robot1.local_costmap.local_costmap]: StaticLayer: Resizing static layer to 146 X 305 at 0.050000 m/pix
[component_container_isolated-1] [INFO] [1789365528.786051197] [robot1.bt_navigator]: Received goal preemption request
[component_container_isolated-1] [INFO] [1789365528.786139823] [robot1.bt_navigator]: Begin navigating from current location (-0.71, -3.87) to (-0.23, -5.75)
[component_container_isolated-1] [INFO] [1789365528.909017288] [robot1.global_costmap.global_costmap]: StaticLayer: Resizing costmap to 146 X 305 at 0.050000 m/pix
[component_container_isolated-1] [INFO] [1789365529.356438425] [robot1.controller_server]: Passing new path to controller.
[component_container_isolated-1] [INFO] [1789365529.786058681] [robot1.bt_navigator]: Received goal preemption request
[component_container_isolated-1] [INFO] [1789365529.786141388] [robot1.bt_navigator]: Begin navigating from current location (-0.60, -4.10) to (0.79, -5.16)
[component_container_isolated-1] [INFO] [1789365530.406447187] [robot1.controller_server]: Passing new path to controller.
[component_container_isolated-1] [INFO] [1789365530.591113233] [robot1.local_costmap.local_costmap]: StaticLayer: Resizing static layer to 147 X 305 at 0.050000 m/pix
[component_container_isolated-1] [INFO] [1789365530.786055613] [robot1.bt_navigator]: Received goal preemption request
[component_container_isolated-1] [INFO] [1789365530.786157401] [robot1.bt_navigator]: Begin navigating from current location (-0.54, -4.34) to (0.09, -5.96)
[component_container_isolated-1] [INFO] [1789365530.909034672] [robot1.global_costmap.global_costmap]: StaticLayer: Resizing costmap to 147 X 305 at 0.050000 m/pix
[component_container_isolated-1] [INFO] [1789365531.406428629] [robot1.controller_server]: Passing new path to controller.
[component_container_isolated-1] [INFO] [1789365531.796146487] [robot1.bt_navigator]: Received goal preemption request
[component_container_isolated-1] [INFO] [1789365531.796299338] [robot1.bt_navigator]: Begin navigating from current location (-0.41, -4.54) to (-0.08, -5.31)
[component_container_isolated-1] [INFO] [1789365531.991074338] [robot1.local_costmap.local_costmap]: StaticLayer: Resizing static layer to 204 X 305 at 0.050000 m/pix
[component_container_isolated-1] [INFO] [1789365532.456447116] [robot1.controller_server]: Passing new path to controller.
[component_container_isolated-1] [INFO] [1789365532.786060579] [robot1.bt_navigator]: Received goal preemption request
[component_container_isolated-1] [INFO] [1789365532.786213837] [robot1.bt_navigator]: Begin navigating from current location (-0.29, -4.75) to (0.24, -5.43)
[component_container_isolated-1] [INFO] [1789365532.909051789] [robot1.global_costmap.global_costmap]: StaticLayer: Resizing costmap to 204 X 305 at 0.050000 m/pix
[component_container_isolated-1] [INFO] [1789365533.456431137] [robot1.controller_server]: Passing new path to controller.
[component_container_isolated-1] [INFO] [1789365533.786061554] [robot1.bt_navigator]: Received goal preemption request
[component_container_isolated-1] [INFO] [1789365533.786158467] [robot1.bt_navigator]: Begin navigating from current location (-0.20, -4.98) to (0.39, -5.69)
[component_container_isolated-1] [INFO] [1789365534.506467993] [robot1.controller_server]: Passing new path to controller.
[component_container_isolated-1] [INFO] [1789365534.591073064] [robot1.local_costmap.local_costmap]: StaticLayer: Resizing static layer to 204 X 305 at 0.050000 m/pix
[component_container_isolated-1] [INFO] [1789365534.786082620] [robot1.bt_navigator]: Received goal preemption request
[component_container_isolated-1] [INFO] [1789365534.786187893] [robot1.bt_navigator]: Begin navigating from current location (-0.07, -5.18) to (-0.01, -5.32)
[component_container_isolated-1] [INFO] [1789365534.909017699] [robot1.global_costmap.global_costmap]: StaticLayer: Resizing costmap to 204 X 305 at 0.050000 m/pix
[component_container_isolated-1] [INFO] [1789365535.556453043] [robot1.controller_server]: Passing new path to controller.
[component_container_isolated-1] [INFO] [1789365535.557575973] [robot1.controller_server]: Reached the goal!
[component_container_isolated-1] [INFO] [1789365535.606077743] [robot1.bt_navigator]: Goal succeeded
[component_container_isolated-1] [INFO] [1789365535.991033373] [robot1.local_costmap.local_costmap]: StaticLayer: Resizing static layer to 204 X 307 at 0.050000 m/pix
[component_container_isolated-1] [INFO] [1789365536.909024398] [robot1.global_costmap.global_costmap]: StaticLayer: Resizing costmap to 204 X 307 at 0.050000 m/pix
[component_container_isolated-1] [INFO] [1789365620.338230837] [robot1.bt_navigator]: Begin navigating from current location (0.10, -5.39) to (-0.56, -0.05)
[component_container_isolated-1] [INFO] [1789365620.358741856] [robot1.controller_server]: Received a goal, begin computing control effort.
[component_container_isolated-1] [INFO] [1789365621.408906650] [robot1.controller_server]: Passing new path to controller.
[component_container_isolated-1] [INFO] [1789365622.458920854] [robot1.controller_server]: Passing new path to controller.
[component_container_isolated-1] [INFO] [1789365623.458918713] [robot1.controller_server]: Passing new path to controller.
[component_container_isolated-1] [INFO] [1789365624.508944433] [robot1.controller_server]: Passing new path to controller.
[component_container_isolated-1] [INFO] [1789365624.991036930] [robot1.local_costmap.local_costmap]: StaticLayer: Resizing static layer to 205 X 307 at 0.050000 m/pix
[component_container_isolated-1] [INFO] [1789365625.508905296] [robot1.controller_server]: Passing new path to controller.
[component_container_isolated-1] [INFO] [1789365625.909017904] [robot1.global_costmap.global_costmap]: StaticLayer: Resizing costmap to 205 X 307 at 0.050000 m/pix
[component_container_isolated-1] [INFO] [1789365626.558924403] [robot1.controller_server]: Passing new path to controller.
[component_container_isolated-1] [INFO] [1789365627.558902165] [robot1.controller_server]: Passing new path to controller.
[component_container_isolated-1] [INFO] [1789365628.608906459] [robot1.controller_server]: Passing new path to controller.
[component_container_isolated-1] [INFO] [1789365629.658903493] [robot1.controller_server]: Passing new path to controller.
[component_container_isolated-1] [INFO] [1789365630.658914875] [robot1.controller_server]: Passing new path to controller.
[component_container_isolated-1] [INFO] [1789365631.708904098] [robot1.controller_server]: Passing new path to controller.
[component_container_isolated-1] [INFO] [1789365632.708905111] [robot1.controller_server]: Passing new path to controller.
[component_container_isolated-1] [INFO] [1789365633.758938135] [robot1.controller_server]: Passing new path to controller.
[component_container_isolated-1] [INFO] [1789365634.808913617] [robot1.controller_server]: Passing new path to controller.
[component_container_isolated-1] [INFO] [1789365635.808903617] [robot1.controller_server]: Passing new path to controller.
[component_container_isolated-1] [INFO] [1789365636.858930455] [robot1.controller_server]: Passing new path to controller.
[component_container_isolated-1] [INFO] [1789365637.858902886] [robot1.controller_server]: Passing new path to controller.
[component_container_isolated-1] [INFO] [1789365638.908905640] [robot1.controller_server]: Passing new path to controller.
[component_container_isolated-1] [INFO] [1789365639.908904307] [robot1.controller_server]: Passing new path to controller.
[component_container_isolated-1] [INFO] [1789365640.958906201] [robot1.controller_server]: Passing new path to controller.
[component_container_isolated-1] [INFO] [1789365642.008905932] [robot1.controller_server]: Passing new path to controller.
[component_container_isolated-1] [INFO] [1789365643.009033493] [robot1.controller_server]: Passing new path to controller.
[component_container_isolated-1] [INFO] [1789365644.058905510] [robot1.controller_server]: Passing new path to controller.
[component_container_isolated-1] [INFO] [1789365645.058903751] [robot1.controller_server]: Passing new path to controller.
[component_container_isolated-1] [INFO] [1789365646.108920652] [robot1.controller_server]: Passing new path to controller.
[component_container_isolated-1] [INFO] [1789365647.010680707] [robot1.controller_server]: Reached the goal!
[component_container_isolated-1] [INFO] [1789365647.048492333] [robot1.bt_navigator]: Goal succeeded
[INFO] [launch]: All log files can be found below /home/danyalaziz/.ros/log/2026-09-14-11-13-05-192740-Precision-3660-104265
[INFO] [launch]: Default logging verbosity is set to INFO
[INFO] [component_container_isolated-1]: process started with pid [104281]
[component_container_isolated-1] [INFO] [1789366387.141685946] [robot1.nav2_container]: Load Library: /opt/ros/humble/lib/libcontroller_server_core.so
[component_container_isolated-1] [INFO] [1789366387.144443090] [robot1.nav2_container]: Found class: rclcpp_components::NodeFactoryTemplate<nav2_controller::ControllerServer>
[component_container_isolated-1] [INFO] [1789366387.144459522] [robot1.nav2_container]: Instantiate class: rclcpp_components::NodeFactoryTemplate<nav2_controller::ControllerServer>
[component_container_isolated-1] [INFO] [1789366387.166687972] [robot1.controller_server]: 
[component_container_isolated-1] 	controller_server lifecycle node launched. 
[component_container_isolated-1] 	Waiting on external lifecycle transitions to activate
[component_container_isolated-1] 	See https://design.ros2.org/articles/node_lifecycle.html for more information.
[component_container_isolated-1] [INFO] [1789366387.168114535] [robot1.controller_server]: Creating controller server
[component_container_isolated-1] [INFO] [1789366387.219095140] [robot1.local_costmap.local_costmap]: 
[component_container_isolated-1] 	local_costmap lifecycle node launched. 
[component_container_isolated-1] 	Waiting on external lifecycle transitions to activate
[component_container_isolated-1] 	See https://design.ros2.org/articles/node_lifecycle.html for more information.
[component_container_isolated-1] [INFO] [1789366387.219326694] [robot1.local_costmap.local_costmap]: Creating Costmap
[INFO] [launch_ros.actions.load_composable_nodes]: Loaded node '/robot1/controller_server' in container '/robot1/nav2_container'
[component_container_isolated-1] [INFO] [1789366387.220744583] [robot1.nav2_container]: Load Library: /opt/ros/humble/lib/libsmoother_server_core.so
[component_container_isolated-1] [INFO] [1789366387.221437056] [robot1.nav2_container]: Found class: rclcpp_components::NodeFactoryTemplate<nav2_smoother::SmootherServer>
[component_container_isolated-1] [INFO] [1789366387.221445754] [robot1.nav2_container]: Instantiate class: rclcpp_components::NodeFactoryTemplate<nav2_smoother::SmootherServer>
[component_container_isolated-1] [INFO] [1789366387.328150997] [robot1.smoother_server]: 
[component_container_isolated-1] 	smoother_server lifecycle node launched. 
[component_container_isolated-1] 	Waiting on external lifecycle transitions to activate
[component_container_isolated-1] 	See https://design.ros2.org/articles/node_lifecycle.html for more information.
[component_container_isolated-1] [INFO] [1789366387.328733649] [robot1.smoother_server]: Creating smoother server
[INFO] [launch_ros.actions.load_composable_nodes]: Loaded node '/robot1/smoother_server' in container '/robot1/nav2_container'
[component_container_isolated-1] [INFO] [1789366387.330001367] [robot1.nav2_container]: Load Library: /opt/ros/humble/lib/libplanner_server_core.so
[component_container_isolated-1] [INFO] [1789366387.330396045] [robot1.nav2_container]: Found class: rclcpp_components::NodeFactoryTemplate<nav2_planner::PlannerServer>
[component_container_isolated-1] [INFO] [1789366387.330404175] [robot1.nav2_container]: Instantiate class: rclcpp_components::NodeFactoryTemplate<nav2_planner::PlannerServer>
[component_container_isolated-1] [INFO] [1789366387.560678021] [robot1.planner_server]: 
[component_container_isolated-1] 	planner_server lifecycle node launched. 
[component_container_isolated-1] 	Waiting on external lifecycle transitions to activate
[component_container_isolated-1] 	See https://design.ros2.org/articles/node_lifecycle.html for more information.
[component_container_isolated-1] [INFO] [1789366387.561259601] [robot1.planner_server]: Creating
[component_container_isolated-1] [INFO] [1789366387.900573642] [robot1.global_costmap.global_costmap]: 
[component_container_isolated-1] 	global_costmap lifecycle node launched. 
[component_container_isolated-1] 	Waiting on external lifecycle transitions to activate
[component_container_isolated-1] 	See https://design.ros2.org/articles/node_lifecycle.html for more information.
[component_container_isolated-1] [INFO] [1789366387.900757912] [robot1.global_costmap.global_costmap]: Creating Costmap
[INFO] [launch_ros.actions.load_composable_nodes]: Loaded node '/robot1/planner_server' in container '/robot1/nav2_container'
[component_container_isolated-1] [INFO] [1789366387.902381478] [robot1.nav2_container]: Load Library: /opt/ros/humble/lib/libbehavior_server_core.so
[component_container_isolated-1] [INFO] [1789366387.903658142] [robot1.nav2_container]: Found class: rclcpp_components::NodeFactoryTemplate<behavior_server::BehaviorServer>
[component_container_isolated-1] [INFO] [1789366387.903670566] [robot1.nav2_container]: Instantiate class: rclcpp_components::NodeFactoryTemplate<behavior_server::BehaviorServer>
[component_container_isolated-1] [INFO] [1789366388.167539381] [robot1.behavior_server]: 
[component_container_isolated-1] 	behavior_server lifecycle node launched. 
[component_container_isolated-1] 	Waiting on external lifecycle transitions to activate
[component_container_isolated-1] 	See https://design.ros2.org/articles/node_lifecycle.html for more information.
[INFO] [launch_ros.actions.load_composable_nodes]: Loaded node '/robot1/behavior_server' in container '/robot1/nav2_container'
[component_container_isolated-1] [INFO] [1789366388.169587831] [robot1.nav2_container]: Load Library: /opt/ros/humble/lib/libbt_navigator_core.so
[component_container_isolated-1] [INFO] [1789366388.170369115] [robot1.nav2_container]: Found class: rclcpp_components::NodeFactoryTemplate<nav2_bt_navigator::BtNavigator>
[component_container_isolated-1] [INFO] [1789366388.170379620] [robot1.nav2_container]: Instantiate class: rclcpp_components::NodeFactoryTemplate<nav2_bt_navigator::BtNavigator>
[component_container_isolated-1] [INFO] [1789366388.993947891] [robot1.bt_navigator]: 
[component_container_isolated-1] 	bt_navigator lifecycle node launched. 
[component_container_isolated-1] 	Waiting on external lifecycle transitions to activate
[component_container_isolated-1] 	See https://design.ros2.org/articles/node_lifecycle.html for more information.
[component_container_isolated-1] [INFO] [1789366388.993983061] [robot1.bt_navigator]: Creating
[INFO] [launch_ros.actions.load_composable_nodes]: Loaded node '/robot1/bt_navigator' in container '/robot1/nav2_container'
[component_container_isolated-1] [INFO] [1789366388.995491042] [robot1.nav2_container]: Load Library: /opt/ros/humble/lib/libwaypoint_follower_core.so
[component_container_isolated-1] [INFO] [1789366388.995804903] [robot1.nav2_container]: Found class: rclcpp_components::NodeFactoryTemplate<nav2_waypoint_follower::WaypointFollower>
[component_container_isolated-1] [INFO] [1789366388.995813427] [robot1.nav2_container]: Instantiate class: rclcpp_components::NodeFactoryTemplate<nav2_waypoint_follower::WaypointFollower>
[component_container_isolated-1] [INFO] [1789366389.337940179] [robot1.waypoint_follower]: 
[component_container_isolated-1] 	waypoint_follower lifecycle node launched. 
[component_container_isolated-1] 	Waiting on external lifecycle transitions to activate
[component_container_isolated-1] 	See https://design.ros2.org/articles/node_lifecycle.html for more information.
[component_container_isolated-1] [INFO] [1789366389.338140477] [robot1.waypoint_follower]: Creating
[INFO] [launch_ros.actions.load_composable_nodes]: Loaded node '/robot1/waypoint_follower' in container '/robot1/nav2_container'
[component_container_isolated-1] [INFO] [1789366389.339385317] [robot1.nav2_container]: Load Library: /opt/ros/humble/lib/libvelocity_smoother_core.so
[component_container_isolated-1] [INFO] [1789366389.339768487] [robot1.nav2_container]: Found class: rclcpp_components::NodeFactoryTemplate<nav2_velocity_smoother::VelocitySmoother>
[component_container_isolated-1] [INFO] [1789366389.339778006] [robot1.nav2_container]: Instantiate class: rclcpp_components::NodeFactoryTemplate<nav2_velocity_smoother::VelocitySmoother>
[component_container_isolated-1] [INFO] [1789366389.764898789] [robot1.velocity_smoother]: 
[component_container_isolated-1] 	velocity_smoother lifecycle node launched. 
[component_container_isolated-1] 	Waiting on external lifecycle transitions to activate
[component_container_isolated-1] 	See https://design.ros2.org/articles/node_lifecycle.html for more information.
[INFO] [launch_ros.actions.load_composable_nodes]: Loaded node '/robot1/velocity_smoother' in container '/robot1/nav2_container'
[component_container_isolated-1] [INFO] [1789366389.766257332] [robot1.nav2_container]: Load Library: /opt/ros/humble/lib/libnav2_lifecycle_manager_core.so
[component_container_isolated-1] [INFO] [1789366389.766639164] [robot1.nav2_container]: Found class: rclcpp_components::NodeFactoryTemplate<nav2_lifecycle_manager::LifecycleManager>
[component_container_isolated-1] [INFO] [1789366389.766654962] [robot1.nav2_container]: Instantiate class: rclcpp_components::NodeFactoryTemplate<nav2_lifecycle_manager::LifecycleManager>
[component_container_isolated-1] [INFO] [1789366390.049553390] [robot1.lifecycle_manager_navigation]: Creating
[INFO] [launch_ros.actions.load_composable_nodes]: Loaded node '/robot1/lifecycle_manager_navigation' in container '/robot1/nav2_container'
[component_container_isolated-1] [INFO] [1789366390.073166122] [robot1.lifecycle_manager_navigation]: [34m[1mCreating and initializing lifecycle service clients[0m[0m
[INFO] [nav2_startup-2]: process started with pid [104448]
[nav2_startup-2] waiting for service to become available...
[nav2_startup-2] requester: making request: nav2_msgs.srv.ManageLifecycleNodes_Request(command=0)
[nav2_startup-2] 
[component_container_isolated-1] [INFO] [1789366406.822266079] [robot1.lifecycle_manager_navigation]: [34m[1mStarting managed nodes bringup...[0m[0m
[component_container_isolated-1] [INFO] [1789366406.822320910] [robot1.lifecycle_manager_navigation]: [34m[1mConfiguring controller_server[0m[0m
[component_container_isolated-1] [INFO] [1789366406.822658471] [robot1.controller_server]: Configuring controller interface
[component_container_isolated-1] [INFO] [1789366406.822800667] [robot1.controller_server]: getting goal checker plugins..
[component_container_isolated-1] [INFO] [1789366406.822852313] [robot1.controller_server]: Controller frequency set to 20.0000Hz
[component_container_isolated-1] [INFO] [1789366406.822874229] [robot1.local_costmap.local_costmap]: Configuring
[component_container_isolated-1] [INFO] [1789366406.887843048] [robot1.local_costmap.local_costmap]: Using plugin "static_layer"
[component_container_isolated-1] [INFO] [1789366406.889497258] [robot1.local_costmap.local_costmap]: Subscribing to the map topic (/robot1/map) with transient local durability
[component_container_isolated-1] [INFO] [1789366406.905225277] [robot1.local_costmap.local_costmap]: Initialized plugin "static_layer"
[component_container_isolated-1] [INFO] [1789366406.905240628] [robot1.local_costmap.local_costmap]: Using plugin "voxel_layer"
[component_container_isolated-1] [INFO] [1789366406.905465127] [robot1.local_costmap.local_costmap]: Subscribed to Topics: scan
[component_container_isolated-1] [INFO] [1789366406.967946199] [robot1.local_costmap.local_costmap]: Initialized plugin "voxel_layer"
[component_container_isolated-1] [INFO] [1789366406.967973281] [robot1.local_costmap.local_costmap]: Using plugin "inflation_layer"
[component_container_isolated-1] [INFO] [1789366406.968267827] [robot1.local_costmap.local_costmap]: Initialized plugin "inflation_layer"
[component_container_isolated-1] [INFO] [1789366407.110747925] [robot1.local_costmap.local_costmap]: StaticLayer: Resizing static layer to 112 X 246 at 0.050000 m/pix
[component_container_isolated-1] [INFO] [1789366407.110964941] [robot1.controller_server]: Created progress_checker : progress_checker of type nav2_controller::SimpleProgressChecker
[component_container_isolated-1] [INFO] [1789366407.111468706] [robot1.controller_server]: Created goal checker : general_goal_checker of type nav2_controller::SimpleGoalChecker
[component_container_isolated-1] [INFO] [1789366407.111725432] [robot1.controller_server]: Controller Server has general_goal_checker  goal checkers available.
[component_container_isolated-1] [INFO] [1789366407.112902296] [robot1.controller_server]: Created controller : FollowPath of type dwb_core::DWBLocalPlanner
[component_container_isolated-1] [INFO] [1789366407.113485140] [robot1.controller_server]: Setting transform_tolerance to 0.200000
[component_container_isolated-1] [INFO] [1789366407.206318871] [robot1.controller_server]: Using critic "RotateToGoal" (dwb_critics::RotateToGoalCritic)
[component_container_isolated-1] [INFO] [1789366407.206532900] [robot1.controller_server]: Critic plugin initialized
[component_container_isolated-1] [INFO] [1789366407.206576253] [robot1.controller_server]: Using critic "Oscillation" (dwb_critics::OscillationCritic)
[component_container_isolated-1] [INFO] [1789366407.206724473] [robot1.controller_server]: Critic plugin initialized
[component_container_isolated-1] [INFO] [1789366407.206765225] [robot1.controller_server]: Using critic "BaseObstacle" (dwb_critics::BaseObstacleCritic)
[component_container_isolated-1] [INFO] [1789366407.206871959] [robot1.controller_server]: Critic plugin initialized
[component_container_isolated-1] [INFO] [1789366407.206977973] [robot1.controller_server]: Using critic "GoalAlign" (dwb_critics::GoalAlignCritic)
[component_container_isolated-1] [INFO] [1789366407.207221406] [robot1.controller_server]: Critic plugin initialized
[component_container_isolated-1] [INFO] [1789366407.207299285] [robot1.controller_server]: Using critic "PathAlign" (dwb_critics::PathAlignCritic)
[component_container_isolated-1] [INFO] [1789366407.207506904] [robot1.controller_server]: Critic plugin initialized
[component_container_isolated-1] [INFO] [1789366407.207588746] [robot1.controller_server]: Using critic "PathDist" (dwb_critics::PathDistCritic)
[component_container_isolated-1] [INFO] [1789366407.207746942] [robot1.controller_server]: Critic plugin initialized
[component_container_isolated-1] [INFO] [1789366407.207830337] [robot1.controller_server]: Using critic "GoalDist" (dwb_critics::GoalDistCritic)
[component_container_isolated-1] [INFO] [1789366407.207989519] [robot1.controller_server]: Critic plugin initialized
[component_container_isolated-1] [INFO] [1789366407.208005449] [robot1.controller_server]: Controller Server has FollowPath  controllers available.
[component_container_isolated-1] [INFO] [1789366407.321666131] [robot1.lifecycle_manager_navigation]: [34m[1mConfiguring smoother_server[0m[0m
[component_container_isolated-1] [INFO] [1789366407.321773473] [robot1.smoother_server]: Configuring smoother server
[component_container_isolated-1] [INFO] [1789366407.433994813] [robot1.smoother_server]: Created smoother : simple_smoother of type nav2_smoother::SimpleSmoother
[component_container_isolated-1] [INFO] [1789366407.434266559] [robot1.smoother_server]: Smoother Server has simple_smoother  smoothers available.
[component_container_isolated-1] [INFO] [1789366407.529946471] [robot1.lifecycle_manager_navigation]: [34m[1mConfiguring planner_server[0m[0m
[component_container_isolated-1] [INFO] [1789366407.530108536] [robot1.planner_server]: Configuring
[component_container_isolated-1] [INFO] [1789366407.530156412] [robot1.global_costmap.global_costmap]: Configuring
[component_container_isolated-1] [INFO] [1789366407.621341353] [robot1.global_costmap.global_costmap]: Using plugin "static_layer"
[component_container_isolated-1] [INFO] [1789366407.621751008] [robot1.global_costmap.global_costmap]: Subscribing to the map topic (/robot1/map) with transient local durability
[component_container_isolated-1] [INFO] [1789366407.635187293] [robot1.global_costmap.global_costmap]: Initialized plugin "static_layer"
[component_container_isolated-1] [INFO] [1789366407.635207675] [robot1.global_costmap.global_costmap]: Using plugin "obstacle_layer"
[component_container_isolated-1] [INFO] [1789366407.635501709] [robot1.global_costmap.global_costmap]: Subscribed to Topics: scan
[component_container_isolated-1] [INFO] [1789366407.674380952] [robot1.global_costmap.global_costmap]: Initialized plugin "obstacle_layer"
[component_container_isolated-1] [INFO] [1789366407.674406635] [robot1.global_costmap.global_costmap]: Using plugin "inflation_layer"
[component_container_isolated-1] [INFO] [1789366407.674703548] [robot1.global_costmap.global_costmap]: Initialized plugin "inflation_layer"
[component_container_isolated-1] [INFO] [1789366407.824497957] [robot1.global_costmap.global_costmap]: StaticLayer: Resizing costmap to 112 X 246 at 0.050000 m/pix
[component_container_isolated-1] [INFO] [1789366407.824698216] [robot1.planner_server]: Created global planner plugin GridBased of type nav2_navfn_planner/NavfnPlanner
[component_container_isolated-1] [INFO] [1789366407.824718523] [robot1.planner_server]: Configuring plugin GridBased of type NavfnPlanner
[component_container_isolated-1] [INFO] [1789366407.824931822] [robot1.planner_server]: Planner Server has GridBased  planners available.
[component_container_isolated-1] [INFO] [1789366408.030221102] [robot1.lifecycle_manager_navigation]: [34m[1mConfiguring behavior_server[0m[0m
[component_container_isolated-1] [INFO] [1789366408.030381335] [robot1.behavior_server]: Configuring
[component_container_isolated-1] [INFO] [1789366408.155235448] [robot1.behavior_server]: Creating behavior plugin spin of type nav2_behaviors/Spin
[component_container_isolated-1] [INFO] [1789366408.155643961] [robot1.behavior_server]: Configuring spin
[component_container_isolated-1] [INFO] [1789366408.281784643] [robot1.behavior_server]: Creating behavior plugin backup of type nav2_behaviors/BackUp
[component_container_isolated-1] [INFO] [1789366408.282190924] [robot1.behavior_server]: Configuring backup
[component_container_isolated-1] [INFO] [1789366408.414149062] [robot1.behavior_server]: Creating behavior plugin drive_on_heading of type nav2_behaviors/DriveOnHeading
[component_container_isolated-1] [INFO] [1789366408.414552995] [robot1.behavior_server]: Configuring drive_on_heading
[component_container_isolated-1] [INFO] [1789366408.532187135] [robot1.behavior_server]: Creating behavior plugin assisted_teleop of type nav2_behaviors/AssistedTeleop
[component_container_isolated-1] [INFO] [1789366408.532925423] [robot1.behavior_server]: Configuring assisted_teleop
[component_container_isolated-1] [INFO] [1789366408.878129436] [robot1.behavior_server]: Creating behavior plugin wait of type nav2_behaviors/Wait
[component_container_isolated-1] [INFO] [1789366408.878576888] [robot1.behavior_server]: Configuring wait
[component_container_isolated-1] [INFO] [1789366409.009951326] [robot1.lifecycle_manager_navigation]: [34m[1mConfiguring bt_navigator[0m[0m
[component_container_isolated-1] [INFO] [1789366409.010129263] [robot1.bt_navigator]: Configuring
[component_container_isolated-1] [INFO] [1789366410.024353503] [robot1.lifecycle_manager_navigation]: [34m[1mConfiguring waypoint_follower[0m[0m
[component_container_isolated-1] [INFO] [1789366410.024495743] [robot1.waypoint_follower]: Configuring
[component_container_isolated-1] [INFO] [1789366410.292082928] [robot1.waypoint_follower]: Created waypoint_task_executor : wait_at_waypoint of type nav2_waypoint_follower::WaitAtWaypoint
[component_container_isolated-1] [INFO] [1789366410.292696953] [robot1.lifecycle_manager_navigation]: [34m[1mConfiguring velocity_smoother[0m[0m
[component_container_isolated-1] [INFO] [1789366410.292814034] [robot1.velocity_smoother]: Configuring velocity smoother
[component_container_isolated-1] [INFO] [1789366410.554608363] [robot1.lifecycle_manager_navigation]: [34m[1mActivating controller_server[0m[0m
[component_container_isolated-1] [INFO] [1789366410.554778516] [robot1.controller_server]: Activating
[component_container_isolated-1] [INFO] [1789366410.554816679] [robot1.local_costmap.local_costmap]: Activating
[component_container_isolated-1] [INFO] [1789366410.554832485] [robot1.local_costmap.local_costmap]: Checking transform
[component_container_isolated-1] [INFO] [1789366410.554923721] [robot1.local_costmap.local_costmap]: start
[component_container_isolated-1] [INFO] [1789366410.784324415] [robot1.controller_server]: Creating bond (controller_server) to lifecycle manager.
[component_container_isolated-1] [INFO] [1789366410.925152969] [robot1.lifecycle_manager_navigation]: Server controller_server connected with bond.
[component_container_isolated-1] [INFO] [1789366410.925185650] [robot1.lifecycle_manager_navigation]: [34m[1mActivating smoother_server[0m[0m
[component_container_isolated-1] [INFO] [1789366410.925513914] [robot1.smoother_server]: Activating
[component_container_isolated-1] [INFO] [1789366410.925545931] [robot1.smoother_server]: Creating bond (smoother_server) to lifecycle manager.
[component_container_isolated-1] [INFO] [1789366411.066168064] [robot1.lifecycle_manager_navigation]: Server smoother_server connected with bond.
[component_container_isolated-1] [INFO] [1789366411.066259193] [robot1.lifecycle_manager_navigation]: [34m[1mActivating planner_server[0m[0m
[component_container_isolated-1] [INFO] [1789366411.066594682] [robot1.planner_server]: Activating
[component_container_isolated-1] [INFO] [1789366411.066646803] [robot1.global_costmap.global_costmap]: Activating
[component_container_isolated-1] [INFO] [1789366411.066659786] [robot1.global_costmap.global_costmap]: Checking transform
[component_container_isolated-1] [INFO] [1789366411.066737860] [robot1.global_costmap.global_costmap]: start
[component_container_isolated-1] [INFO] [1789366412.077914923] [robot1.planner_server]: Activating plugin GridBased of type NavfnPlanner
[component_container_isolated-1] [INFO] [1789366412.099599036] [robot1.planner_server]: Creating bond (planner_server) to lifecycle manager.
[component_container_isolated-1] [INFO] [1789366412.272446515] [robot1.lifecycle_manager_navigation]: Server planner_server connected with bond.
[component_container_isolated-1] [INFO] [1789366412.272541534] [robot1.lifecycle_manager_navigation]: [34m[1mActivating behavior_server[0m[0m
[component_container_isolated-1] [INFO] [1789366412.272802992] [robot1.behavior_server]: Activating
[component_container_isolated-1] [INFO] [1789366412.272817675] [robot1.behavior_server]: Activating spin
[component_container_isolated-1] [INFO] [1789366412.272829884] [robot1.behavior_server]: Activating backup
[component_container_isolated-1] [INFO] [1789366412.272835124] [robot1.behavior_server]: Activating drive_on_heading
[component_container_isolated-1] [INFO] [1789366412.272840968] [robot1.behavior_server]: Activating assisted_teleop
[component_container_isolated-1] [INFO] [1789366412.272846056] [robot1.behavior_server]: Activating wait
[component_container_isolated-1] [INFO] [1789366412.272853203] [robot1.behavior_server]: Creating bond (behavior_server) to lifecycle manager.
[component_container_isolated-1] [INFO] [1789366412.493026256] [robot1.lifecycle_manager_navigation]: Server behavior_server connected with bond.
[component_container_isolated-1] [INFO] [1789366412.493073132] [robot1.lifecycle_manager_navigation]: [34m[1mActivating bt_navigator[0m[0m
[component_container_isolated-1] [INFO] [1789366412.493313057] [robot1.bt_navigator]: Activating
[component_container_isolated-1] [INFO] [1789366415.446582199] [robot1.bt_navigator]: Creating bond (bt_navigator) to lifecycle manager.
[component_container_isolated-1] [INFO] [1789366415.604389055] [robot1.lifecycle_manager_navigation]: Server bt_navigator connected with bond.
[component_container_isolated-1] [INFO] [1789366415.604488653] [robot1.lifecycle_manager_navigation]: [34m[1mActivating waypoint_follower[0m[0m
[component_container_isolated-1] [INFO] [1789366415.604842427] [robot1.waypoint_follower]: Activating
[component_container_isolated-1] [INFO] [1789366415.604880939] [robot1.waypoint_follower]: Creating bond (waypoint_follower) to lifecycle manager.
[component_container_isolated-1] [INFO] [1789366415.847944110] [robot1.lifecycle_manager_navigation]: Server waypoint_follower connected with bond.
[component_container_isolated-1] [INFO] [1789366415.847989301] [robot1.lifecycle_manager_navigation]: [34m[1mActivating velocity_smoother[0m[0m
[component_container_isolated-1] [INFO] [1789366415.848294968] [robot1.velocity_smoother]: Activating
[component_container_isolated-1] [INFO] [1789366415.848331385] [robot1.velocity_smoother]: Creating bond (velocity_smoother) to lifecycle manager.
[component_container_isolated-1] [INFO] [1789366416.086802218] [robot1.lifecycle_manager_navigation]: Server velocity_smoother connected with bond.
[component_container_isolated-1] [INFO] [1789366416.086832690] [robot1.lifecycle_manager_navigation]: [34m[1mManaged nodes are active[0m[0m
[component_container_isolated-1] [INFO] [1789366416.086845141] [robot1.lifecycle_manager_navigation]: [34m[1mCreating bond timer...[0m[0m
[nav2_startup-2] response:
[nav2_startup-2] nav2_msgs.srv.ManageLifecycleNodes_Response(success=True)
[nav2_startup-2] 
[INFO] [nav2_startup-2]: process has finished cleanly [pid 104448]
[component_container_isolated-1] [WARN] [1789366422.267644034] [robot1.lifecycle_manager_navigation.rclcpp]: failed to send response to /robot1/lifecycle_manager_navigation/is_active (timeout): client will not receive response, at ./src/rmw_response.cpp:154, at ./src/rcl/service.c:314
[component_container_isolated-1] [INFO] [1789366536.866183726] [robot1.bt_navigator]: Begin navigating from current location (-0.49, -0.30) to (-1.82, -0.98)
[component_container_isolated-1] [INFO] [1789366536.886704441] [robot1.controller_server]: Received a goal, begin computing control effort.
[component_container_isolated-1] [WARN] [1789366536.886757974] [robot1.controller_server]: No goal checker was specified in parameter 'current_goal_checker'. Server will use only plugin loaded general_goal_checker . This warning will appear once.
[component_container_isolated-1] [INFO] [1789366537.936937715] [robot1.controller_server]: Passing new path to controller.
[component_container_isolated-1] [INFO] [1789366538.355131310] [robot1.local_costmap.local_costmap]: StaticLayer: Resizing static layer to 133 X 294 at 0.050000 m/pix
[component_container_isolated-1] [INFO] [1789366538.986951587] [robot1.controller_server]: Passing new path to controller.
[component_container_isolated-1] [INFO] [1789366539.066822961] [robot1.global_costmap.global_costmap]: StaticLayer: Resizing costmap to 133 X 294 at 0.050000 m/pix
[component_container_isolated-1] [INFO] [1789366539.876364263] [robot1.bt_navigator]: Received goal preemption request
[component_container_isolated-1] [INFO] [1789366539.876470506] [robot1.bt_navigator]: Begin navigating from current location (-1.04, -0.49) to (-1.69, -0.87)
[component_container_isolated-1] [INFO] [1789366539.986937848] [robot1.controller_server]: Passing new path to controller.
[component_container_isolated-1] [INFO] [1789366540.876359606] [robot1.bt_navigator]: Received goal preemption request
[component_container_isolated-1] [INFO] [1789366540.876438224] [robot1.bt_navigator]: Begin navigating from current location (-1.27, -0.62) to (-1.79, -0.62)
[component_container_isolated-1] [INFO] [1789366541.036965739] [robot1.controller_server]: Passing new path to controller.
[component_container_isolated-1] [INFO] [1789366541.876397215] [robot1.bt_navigator]: Received goal preemption request
[component_container_isolated-1] [INFO] [1789366541.876482454] [robot1.bt_navigator]: Begin navigating from current location (-1.47, -0.70) to (-1.50, -1.06)
[component_container_isolated-1] [INFO] [1789366542.036951153] [robot1.controller_server]: Passing new path to controller.
[component_container_isolated-1] [INFO] [1789366542.866407120] [robot1.bt_navigator]: Received goal preemption request
[component_container_isolated-1] [INFO] [1789366542.866498988] [robot1.bt_navigator]: Begin navigating from current location (-1.52, -0.72) to (-1.51, -1.32)
[component_container_isolated-1] [INFO] [1789366543.086939613] [robot1.controller_server]: Passing new path to controller.
[component_container_isolated-1] [INFO] [1789366543.866368344] [robot1.bt_navigator]: Received goal preemption request
[component_container_isolated-1] [INFO] [1789366543.866449402] [robot1.bt_navigator]: Begin navigating from current location (-1.54, -0.72) to (-1.61, -1.33)
[component_container_isolated-1] [INFO] [1789366544.136950806] [robot1.controller_server]: Passing new path to controller.
[component_container_isolated-1] [INFO] [1789366544.876396160] [robot1.bt_navigator]: Received goal preemption request
[component_container_isolated-1] [INFO] [1789366544.876490094] [robot1.bt_navigator]: Begin navigating from current location (-1.63, -0.86) to (-1.94, -1.52)
[component_container_isolated-1] [INFO] [1789366545.136950164] [robot1.controller_server]: Passing new path to controller.
[component_container_isolated-1] [INFO] [1789366545.355218750] [robot1.local_costmap.local_costmap]: StaticLayer: Resizing static layer to 134 X 294 at 0.050000 m/pix
[component_container_isolated-1] [INFO] [1789366545.866408405] [robot1.bt_navigator]: Received goal preemption request
[component_container_isolated-1] [INFO] [1789366545.866499337] [robot1.bt_navigator]: Begin navigating from current location (-1.67, -1.07) to (-2.00, -1.54)
[component_container_isolated-1] [INFO] [1789366546.066824323] [robot1.global_costmap.global_costmap]: StaticLayer: Resizing costmap to 134 X 294 at 0.050000 m/pix
[component_container_isolated-1] [INFO] [1789366546.186955488] [robot1.controller_server]: Passing new path to controller.
[component_container_isolated-1] [INFO] [1789366546.355119981] [robot1.local_costmap.local_costmap]: StaticLayer: Resizing static layer to 134 X 295 at 0.050000 m/pix
[component_container_isolated-1] [INFO] [1789366546.866375984] [robot1.bt_navigator]: Received goal preemption request
[component_container_isolated-1] [INFO] [1789366546.866483452] [robot1.bt_navigator]: Begin navigating from current location (-1.70, -1.26) to (-2.11, -1.57)
[component_container_isolated-1] [INFO] [1789366547.066822095] [robot1.global_costmap.global_costmap]: StaticLayer: Resizing costmap to 134 X 295 at 0.050000 m/pix
[component_container_isolated-1] [INFO] [1789366547.186955871] [robot1.controller_server]: Passing new path to controller.
[component_container_isolated-1] [INFO] [1789366547.876372843] [robot1.bt_navigator]: Received goal preemption request
[component_container_isolated-1] [INFO] [1789366547.876495205] [robot1.bt_navigator]: Begin navigating from current location (-1.84, -1.40) to (-2.14, -1.65)
[component_container_isolated-1] [INFO] [1789366548.236938614] [robot1.controller_server]: Passing new path to controller.
[component_container_isolated-1] [INFO] [1789366549.286938821] [robot1.controller_server]: Passing new path to controller.
[component_container_isolated-1] [INFO] [1789366550.286962751] [robot1.controller_server]: Passing new path to controller.
[component_container_isolated-1] [INFO] [1789366551.336941920] [robot1.controller_server]: Passing new path to controller.
[component_container_isolated-1] [INFO] [1789366552.336959293] [robot1.controller_server]: Passing new path to controller.
[component_container_isolated-1] [INFO] [1789366553.238805354] [robot1.controller_server]: Reached the goal!
[component_container_isolated-1] [INFO] [1789366553.276446879] [robot1.bt_navigator]: Goal succeeded
[component_container_isolated-1] [INFO] [1789366632.870016386] [robot1.bt_navigator]: Begin navigating from current location (-2.74, -2.95) to (-0.80, -3.43)
[component_container_isolated-1] [INFO] [1789366632.890537482] [robot1.controller_server]: Received a goal, begin computing control effort.
[component_container_isolated-1] [ERROR] [1789366632.892533513] [DWBLocalPlanner]: No valid trajectories out of 419! 
[component_container_isolated-1] [ERROR] [1789366632.892566563] [DWBLocalPlanner]: 1.00: BaseObstacle/Trajectory Hits Obstacle.
[component_container_isolated-1] [WARN] [1789366632.892659790] [robot1.controller_server]: No valid trajectories out of 419! 
[component_container_isolated-1] [ERROR] [1789366632.942709580] [DWBLocalPlanner]: No valid trajectories out of 419! 
[component_container_isolated-1] [ERROR] [1789366632.942735908] [DWBLocalPlanner]: 1.00: BaseObstacle/Trajectory Hits Obstacle.
[component_container_isolated-1] [WARN] [1789366632.942837467] [robot1.controller_server]: No valid trajectories out of 419! 
[component_container_isolated-1] [ERROR] [1789366632.992679449] [DWBLocalPlanner]: No valid trajectories out of 419! 
[component_container_isolated-1] [ERROR] [1789366632.992704323] [DWBLocalPlanner]: 1.00: BaseObstacle/Trajectory Hits Obstacle.
[component_container_isolated-1] [WARN] [1789366632.992780929] [robot1.controller_server]: No valid trajectories out of 419! 
[component_container_isolated-1] [ERROR] [1789366633.042656080] [DWBLocalPlanner]: No valid trajectories out of 419! 
[component_container_isolated-1] [ERROR] [1789366633.042688497] [DWBLocalPlanner]: 1.00: BaseObstacle/Trajectory Hits Obstacle.
[component_container_isolated-1] [WARN] [1789366633.042757942] [robot1.controller_server]: No valid trajectories out of 419! 
[component_container_isolated-1] [ERROR] [1789366633.092666664] [DWBLocalPlanner]: No valid trajectories out of 419! 
[component_container_isolated-1] [ERROR] [1789366633.092691871] [DWBLocalPlanner]: 1.00: BaseObstacle/Trajectory Hits Obstacle.
[component_container_isolated-1] [WARN] [1789366633.092756470] [robot1.controller_server]: No valid trajectories out of 419! 
[component_container_isolated-1] [ERROR] [1789366633.142647200] [DWBLocalPlanner]: No valid trajectories out of 419! 
[component_container_isolated-1] [ERROR] [1789366633.142673465] [DWBLocalPlanner]: 1.00: BaseObstacle/Trajectory Hits Obstacle.
[component_container_isolated-1] [WARN] [1789366633.142747946] [robot1.controller_server]: No valid trajectories out of 419! 
[component_container_isolated-1] [ERROR] [1789366633.192640094] [DWBLocalPlanner]: No valid trajectories out of 419! 
[component_container_isolated-1] [ERROR] [1789366633.192699286] [DWBLocalPlanner]: 1.00: BaseObstacle/Trajectory Hits Obstacle.
[component_container_isolated-1] [WARN] [1789366633.192771234] [robot1.controller_server]: No valid trajectories out of 419! 
[component_container_isolated-1] [ERROR] [1789366633.192792686] [robot1.controller_server]: Controller patience exceeded
[component_container_isolated-1] [WARN] [1789366633.192809897] [robot1.controller_server]: [follow_path] [ActionServer] Aborting handle.
[component_container_isolated-1] [INFO] [1789366633.210388197] [robot1.local_costmap.local_costmap]: Received request to clear entirely the local_costmap
[component_container_isolated-1] [INFO] [1789366633.210931056] [robot1.controller_server]: Received a goal, begin computing control effort.
[component_container_isolated-1] [ERROR] [1789366633.363981405] [DWBLocalPlanner]: No valid trajectories out of 419! 
[component_container_isolated-1] [ERROR] [1789366633.364020562] [DWBLocalPlanner]: 1.00: BaseObstacle/Trajectory Hits Obstacle.
[component_container_isolated-1] [WARN] [1789366633.364122218] [robot1.controller_server]: No valid trajectories out of 419! 
[component_container_isolated-1] [WARN] [1789366633.364177025] [robot1.controller_server]: Control loop missed its desired rate of 20.0000Hz
[component_container_isolated-1] [ERROR] [1789366633.366049919] [DWBLocalPlanner]: No valid trajectories out of 419! 
[component_container_isolated-1] [ERROR] [1789366633.366061355] [DWBLocalPlanner]: 1.00: BaseObstacle/Trajectory Hits Obstacle.
[component_container_isolated-1] [WARN] [1789366633.366110872] [robot1.controller_server]: No valid trajectories out of 419! 
[component_container_isolated-1] [ERROR] [1789366633.418702231] [DWBLocalPlanner]: No valid trajectories out of 419! 
[component_container_isolated-1] [ERROR] [1789366633.418728705] [DWBLocalPlanner]: 1.00: BaseObstacle/Trajectory Hits Obstacle.
[component_container_isolated-1] [WARN] [1789366633.418796734] [robot1.controller_server]: No valid trajectories out of 419! 
[component_container_isolated-1] [ERROR] [1789366633.470818619] [DWBLocalPlanner]: No valid trajectories out of 419! 
[component_container_isolated-1] [ERROR] [1789366633.470843581] [DWBLocalPlanner]: 1.00: BaseObstacle/Trajectory Hits Obstacle.
[component_container_isolated-1] [WARN] [1789366633.470928352] [robot1.controller_server]: No valid trajectories out of 419! 
[component_container_isolated-1] [ERROR] [1789366633.522981952] [DWBLocalPlanner]: No valid trajectories out of 419! 
[component_container_isolated-1] [ERROR] [1789366633.523006985] [DWBLocalPlanner]: 1.00: BaseObstacle/Trajectory Hits Obstacle.
[component_container_isolated-1] [WARN] [1789366633.523096032] [robot1.controller_server]: No valid trajectories out of 419! 
[component_container_isolated-1] [ERROR] [1789366633.523111746] [robot1.controller_server]: Controller patience exceeded
[component_container_isolated-1] [WARN] [1789366633.523127738] [robot1.controller_server]: [follow_path] [ActionServer] Aborting handle.
[component_container_isolated-1] [INFO] [1789366633.540316974] [robot1.local_costmap.local_costmap]: Received request to clear entirely the local_costmap
[component_container_isolated-1] [INFO] [1789366633.540442366] [robot1.global_costmap.global_costmap]: Received request to clear entirely the global_costmap
[component_container_isolated-1] [ERROR] [1789366633.840418748] [robot1.bt_navigator_navigate_to_pose_rclcpp_node]: Failed to get result for compute_path_to_pose in node halt!
[component_container_isolated-1] [INFO] [1789366633.840487180] [robot1.bt_navigator]: [navigate_to_pose] [ActionServer] Client requested to cancel the goal. Cancelling.
[component_container_isolated-1] [INFO] [1789366633.840544510] [robot1.bt_navigator]: Goal canceled
[component_container_isolated-1] [WARN] [1789366634.071217544] [robot1.planner_server]: Planner loop missed its desired rate of 20.0000 Hz. Current loop rate is 1.8847 Hz
[component_container_isolated-1] [INFO] [1789366824.143144786] [robot1.bt_navigator]: Begin navigating from current location (-1.29, -2.76) to (0.78, 6.05)
[component_container_isolated-1] [INFO] [1789366824.173883789] [robot1.controller_server]: Received a goal, begin computing control effort.
[component_container_isolated-1] [INFO] [1789366825.224075495] [robot1.controller_server]: Passing new path to controller.
[component_container_isolated-1] [INFO] [1789366826.224077285] [robot1.controller_server]: Passing new path to controller.
[component_container_isolated-1] [INFO] [1789366827.274085594] [robot1.controller_server]: Passing new path to controller.
[component_container_isolated-1] [INFO] [1789366828.163358176] [robot1.bt_navigator]: Received goal preemption request
[component_container_isolated-1] [INFO] [1789366828.163432553] [robot1.bt_navigator]: Begin navigating from current location (-1.11, -1.88) to (0.12, 2.33)
[component_container_isolated-1] [INFO] [1789366828.324062558] [robot1.controller_server]: Passing new path to controller.
[component_container_isolated-1] [INFO] [1789366829.153385114] [robot1.bt_navigator]: Received goal preemption request
[component_container_isolated-1] [INFO] [1789366829.153477192] [robot1.bt_navigator]: Begin navigating from current location (-1.06, -1.64) to (-1.83, 0.67)
[component_container_isolated-1] [INFO] [1789366829.324083732] [robot1.controller_server]: Passing new path to controller.
[component_container_isolated-1] [INFO] [1789366830.153321519] [robot1.bt_navigator]: Received goal preemption request
[component_container_isolated-1] [INFO] [1789366830.153395301] [robot1.bt_navigator]: Begin navigating from current location (-1.01, -1.40) to (-1.47, 0.79)
[component_container_isolated-1] [INFO] [1789366830.374079214] [robot1.controller_server]: Passing new path to controller.
[component_container_isolated-1] [INFO] [1789366831.153324781] [robot1.bt_navigator]: Received goal preemption request
[component_container_isolated-1] [INFO] [1789366831.153412143] [robot1.bt_navigator]: Begin navigating from current location (-1.02, -1.20) to (0.17, 2.09)
[component_container_isolated-1] [INFO] [1789366831.374088894] [robot1.controller_server]: Passing new path to controller.
[component_container_isolated-1] [INFO] [1789366832.153394727] [robot1.bt_navigator]: Received goal preemption request
[component_container_isolated-1] [INFO] [1789366832.153479257] [robot1.bt_navigator]: Begin navigating from current location (-1.03, -0.92) to (-0.71, 0.50)
[component_container_isolated-1] [INFO] [1789366832.424160649] [robot1.controller_server]: Passing new path to controller.
[component_container_isolated-1] [INFO] [1789366833.153342907] [robot1.bt_navigator]: Received goal preemption request
[component_container_isolated-1] [INFO] [1789366833.153418267] [robot1.bt_navigator]: Begin navigating from current location (-0.97, -0.64) to (-0.45, 0.36)
[component_container_isolated-1] [INFO] [1789366833.474086740] [robot1.controller_server]: Passing new path to controller.
[component_container_isolated-1] [INFO] [1789366834.153380273] [robot1.bt_navigator]: Received goal preemption request
[component_container_isolated-1] [INFO] [1789366834.153455696] [robot1.bt_navigator]: Begin navigating from current location (-0.91, -0.39) to (-0.14, 0.27)
[component_container_isolated-1] [INFO] [1789366834.474085691] [robot1.controller_server]: Passing new path to controller.
[component_container_isolated-1] [INFO] [1789366835.153330656] [robot1.bt_navigator]: Received goal preemption request
[component_container_isolated-1] [INFO] [1789366835.153433390] [robot1.bt_navigator]: Begin navigating from current location (-0.78, -0.17) to (0.01, 2.91)
[component_container_isolated-1] [INFO] [1789366835.524079946] [robot1.controller_server]: Passing new path to controller.
[component_container_isolated-1] [INFO] [1789366835.755124803] [robot1.local_costmap.local_costmap]: StaticLayer: Resizing static layer to 178 X 295 at 0.050000 m/pix
[component_container_isolated-1] [INFO] [1789366836.066820912] [robot1.global_costmap.global_costmap]: StaticLayer: Resizing costmap to 178 X 295 at 0.050000 m/pix
[component_container_isolated-1] [INFO] [1789366836.153360673] [robot1.bt_navigator]: Received goal preemption request
[component_container_isolated-1] [INFO] [1789366836.153459229] [robot1.bt_navigator]: Begin navigating from current location (-0.67, 0.01) to (-0.48, 2.42)
[component_container_isolated-1] [INFO] [1789366836.524075652] [robot1.controller_server]: Passing new path to controller.
[component_container_isolated-1] [INFO] [1789366837.153356993] [robot1.bt_navigator]: Received goal preemption request
[component_container_isolated-1] [INFO] [1789366837.153441505] [robot1.bt_navigator]: Begin navigating from current location (-0.60, 0.25) to (-0.80, 2.51)
[component_container_isolated-1] [INFO] [1789366837.574060525] [robot1.controller_server]: Passing new path to controller.
[component_container_isolated-1] [INFO] [1789366838.153382627] [robot1.bt_navigator]: Received goal preemption request
[component_container_isolated-1] [INFO] [1789366838.153462787] [robot1.bt_navigator]: Begin navigating from current location (-0.60, 0.53) to (-0.47, 6.08)
[component_container_isolated-1] [INFO] [1789366838.624091835] [robot1.controller_server]: Passing new path to controller.
[component_container_isolated-1] [INFO] [1789366839.143324954] [robot1.bt_navigator]: Received goal preemption request
[component_container_isolated-1] [INFO] [1789366839.143404374] [robot1.bt_navigator]: Begin navigating from current location (-0.61, 0.79) to (0.51, 5.29)
[component_container_isolated-1] [INFO] [1789366839.624081969] [robot1.controller_server]: Passing new path to controller.
[component_container_isolated-1] [INFO] [1789366840.153365266] [robot1.bt_navigator]: Received goal preemption request
[component_container_isolated-1] [INFO] [1789366840.153513140] [robot1.bt_navigator]: Begin navigating from current location (-0.60, 1.07) to (-0.19, 2.34)
[component_container_isolated-1] [INFO] [1789366840.355156593] [robot1.local_costmap.local_costmap]: StaticLayer: Resizing static layer to 179 X 295 at 0.050000 m/pix
[component_container_isolated-1] [INFO] [1789366840.674079778] [robot1.controller_server]: Passing new path to controller.
[component_container_isolated-1] [INFO] [1789366841.066819923] [robot1.global_costmap.global_costmap]: StaticLayer: Resizing costmap to 179 X 295 at 0.050000 m/pix
[component_container_isolated-1] [INFO] [1789366841.153363946] [robot1.bt_navigator]: Received goal preemption request
[component_container_isolated-1] [INFO] [1789366841.153446545] [robot1.bt_navigator]: Begin navigating from current location (-0.55, 1.32) to (0.19, 3.81)
[component_container_isolated-1] [INFO] [1789366841.674077240] [robot1.controller_server]: Passing new path to controller.
[component_container_isolated-1] [INFO] [1789366842.143285694] [robot1.bt_navigator]: Received goal preemption request
[component_container_isolated-1] [INFO] [1789366842.143533204] [robot1.bt_navigator]: Begin navigating from current location (-0.49, 1.54) to (0.10, 3.14)
[component_container_isolated-1] [INFO] [1789366842.724076529] [robot1.controller_server]: Passing new path to controller.
[component_container_isolated-1] [INFO] [1789366843.153328653] [robot1.bt_navigator]: Received goal preemption request
[component_container_isolated-1] [INFO] [1789366843.153429122] [robot1.bt_navigator]: Begin navigating from current location (-0.42, 1.76) to (-0.31, 2.46)
[component_container_isolated-1] [INFO] [1789366843.355156679] [robot1.local_costmap.local_costmap]: StaticLayer: Resizing static layer to 181 X 295 at 0.050000 m/pix
[component_container_isolated-1] [INFO] [1789366843.774063243] [robot1.controller_server]: Passing new path to controller.
[component_container_isolated-1] [INFO] [1789366844.066852505] [robot1.global_costmap.global_costmap]: StaticLayer: Resizing costmap to 181 X 295 at 0.050000 m/pix
[component_container_isolated-1] [INFO] [1789366844.153351823] [robot1.bt_navigator]: Received goal preemption request
[component_container_isolated-1] [INFO] [1789366844.153426270] [robot1.bt_navigator]: Begin navigating from current location (-0.35, 2.01) to (-0.67, 2.37)
[component_container_isolated-1] [INFO] [1789366844.774078905] [robot1.controller_server]: Passing new path to controller.
[component_container_isolated-1] [INFO] [1789366845.824086604] [robot1.controller_server]: Passing new path to controller.
[component_container_isolated-1] [INFO] [1789366846.824084144] [robot1.controller_server]: Passing new path to controller.
[component_container_isolated-1] [INFO] [1789366847.874060701] [robot1.controller_server]: Passing new path to controller.
[component_container_isolated-1] [INFO] [1789366848.874085120] [robot1.controller_server]: Passing new path to controller.
[component_container_isolated-1] [INFO] [1789366849.924081369] [robot1.controller_server]: Passing new path to controller.
[component_container_isolated-1] [INFO] [1789366850.475862895] [robot1.controller_server]: Reached the goal!
[component_container_isolated-1] [INFO] [1789366850.513316909] [robot1.bt_navigator]: Goal succeeded
[component_container_isolated-1] [INFO] [1789366875.024514560] [robot1.global_costmap.global_costmap]: Message Filter dropping message: frame 'rplidar_link' at time 1789366874.354 for reason 'the timestamp on the message is earlier than all the data in the transform cache'
[component_container_isolated-1] [ERROR] [1789366877.369785728] [transformPoseInTargetFrame]: Extrapolation Error looking up target frame: Lookup would require extrapolation into the past.  Requested time 1789366866.663006 but the earliest data is at time 1789366867.057458, when looking up transform from frame [base_link] to frame [map]
[component_container_isolated-1] 
[component_container_isolated-1] [ERROR] [1789366878.369275642] [transformPoseInTargetFrame]: Extrapolation Error looking up target frame: Lookup would require extrapolation into the past.  Requested time 1789366866.663006 but the earliest data is at time 1789366868.762429, when looking up transform from frame [base_link] to frame [map]
[component_container_isolated-1] 
[component_container_isolated-1] [ERROR] [1789366879.369281007] [transformPoseInTargetFrame]: Extrapolation Error looking up target frame: Lookup would require extrapolation into the past.  Requested time 1789366866.663006 but the earliest data is at time 1789366869.653537, when looking up transform from frame [base_link] to frame [map]
[component_container_isolated-1] 
[component_container_isolated-1] [ERROR] [1789366880.369611212] [transformPoseInTargetFrame]: Extrapolation Error looking up target frame: Lookup would require extrapolation into the past.  Requested time 1789366866.663006 but the earliest data is at time 1789366870.212464, when looking up transform from frame [base_link] to frame [map]
[component_container_isolated-1] 
[component_container_isolated-1] [ERROR] [1789366881.369265366] [transformPoseInTargetFrame]: Extrapolation Error looking up target frame: Lookup would require extrapolation into the past.  Requested time 1789366866.663006 but the earliest data is at time 1789366871.252435, when looking up transform from frame [base_link] to frame [map]
[component_container_isolated-1] 
[component_container_isolated-1] [ERROR] [1789366882.370810386] [transformPoseInTargetFrame]: Extrapolation Error looking up target frame: Lookup would require extrapolation into the past.  Requested time 1789366866.663006 but the earliest data is at time 1789366872.152304, when looking up transform from frame [base_link] to frame [map]
[component_container_isolated-1] 
[component_container_isolated-1] [ERROR] [1789366883.369289484] [transformPoseInTargetFrame]: Extrapolation Error looking up target frame: Lookup would require extrapolation into the past.  Requested time 1789366866.663006 but the earliest data is at time 1789366872.902464, when looking up transform from frame [base_link] to frame [map]
[component_container_isolated-1] 
[component_container_isolated-1] [ERROR] [1789366884.369185269] [transformPoseInTargetFrame]: Extrapolation Error looking up target frame: Lookup would require extrapolation at time 1789366884.263691, but only time 1789366885.651514 is in the buffer, when looking up transform from frame [base_link] to frame [map]
[component_container_isolated-1] 
[component_container_isolated-1] [ERROR] [1789366885.369475113] [transformPoseInTargetFrame]: Extrapolation Error looking up target frame: Lookup would require extrapolation at time 1789366885.159491, but only time 1789366885.651514 is in the buffer, when looking up transform from frame [base_link] to frame [map]
[component_container_isolated-1] 
[component_container_isolated-1] [INFO] [1789366905.755155105] [robot1.local_costmap.local_costmap]: StaticLayer: Resizing static layer to 181 X 295 at 0.050000 m/pix
[component_container_isolated-1] [INFO] [1789366906.066833981] [robot1.global_costmap.global_costmap]: StaticLayer: Resizing costmap to 181 X 295 at 0.050000 m/pix
[component_container_isolated-1] [INFO] [1789366996.149900434] [robot1.bt_navigator]: Begin navigating from current location (-0.37, -0.36) to (-1.56, -1.27)
[component_container_isolated-1] [INFO] [1789366996.170281073] [robot1.controller_server]: Received a goal, begin computing control effort.
[component_container_isolated-1] [ERROR] [1789366996.220349443] [robot1.bt_navigator_navigate_to_pose_rclcpp_node]: Failed to get result for follow_path in node halt!
[component_container_isolated-1] [INFO] [1789366996.220442425] [robot1.bt_navigator]: [navigate_to_pose] [ActionServer] Client requested to cancel the goal. Cancelling.
[component_container_isolated-1] [INFO] [1789366996.220491724] [robot1.controller_server]: Goal was canceled. Stopping the robot.
[component_container_isolated-1] [INFO] [1789366996.220525899] [robot1.controller_server]: [follow_path] [ActionServer] Client requested to cancel the goal. Cancelling.
[component_container_isolated-1] [INFO] [1789366996.220579433] [robot1.bt_navigator]: Goal canceled
[component_container_isolated-1] [INFO] [1789367006.142975113] [robot1.bt_navigator]: Begin navigating from current location (-0.37, -0.36) to (-1.57, -1.26)
[component_container_isolated-1] [INFO] [1789367006.163482575] [robot1.controller_server]: Received a goal, begin computing control effort.
[component_container_isolated-1] [INFO] [1789367006.213677577] [robot1.controller_server]: Goal was canceled. Stopping the robot.
[component_container_isolated-1] [INFO] [1789367006.213724085] [robot1.controller_server]: [follow_path] [ActionServer] Client requested to cancel the goal. Cancelling.
[component_container_isolated-1] [INFO] [1789367006.213789285] [robot1.bt_navigator]: [navigate_to_pose] [ActionServer] Client requested to cancel the goal. Cancelling.
[component_container_isolated-1] [INFO] [1789367006.213887282] [robot1.bt_navigator]: Goal canceled
[component_container_isolated-1] [INFO] [1789367066.143386050] [robot1.bt_navigator]: Begin navigating from current location (-0.41, -0.37) to (-1.56, -0.88)
[component_container_isolated-1] [INFO] [1789367066.163843853] [robot1.controller_server]: Received a goal, begin computing control effort.
[component_container_isolated-1] [INFO] [1789367067.214010655] [robot1.controller_server]: Passing new path to controller.
[component_container_isolated-1] [INFO] [1789367068.264033029] [robot1.controller_server]: Passing new path to controller.
[component_container_isolated-1] [INFO] [1789367068.355243310] [robot1.local_costmap.local_costmap]: StaticLayer: Resizing static layer to 181 X 296 at 0.050000 m/pix
[component_container_isolated-1] [INFO] [1789367069.066823466] [robot1.global_costmap.global_costmap]: StaticLayer: Resizing costmap to 181 X 296 at 0.050000 m/pix
[component_container_isolated-1] [ERROR] [1789367069.163719777] [robot1.bt_navigator_navigate_to_pose_rclcpp_node]: Failed to get result for follow_path in node halt!
[component_container_isolated-1] [INFO] [1789367069.163782736] [robot1.bt_navigator]: [navigate_to_pose] [ActionServer] Client requested to cancel the goal. Cancelling.
[component_container_isolated-1] [INFO] [1789367069.163841915] [robot1.bt_navigator]: Goal canceled
[component_container_isolated-1] [INFO] [1789367069.164010463] [robot1.controller_server]: Goal was canceled. Stopping the robot.
[component_container_isolated-1] [INFO] [1789367069.164027837] [robot1.controller_server]: [follow_path] [ActionServer] Client requested to cancel the goal. Cancelling.
