[INFO] [launch]: All log files can be found below /home/danyalaziz/.ros/log/2026-09-23-14-36-41-138972-Precision-3660-23266
[INFO] [launch]: Default logging verbosity is set to INFO
[INFO] [component_container_isolated-1]: process started with pid [23282]
[component_container_isolated-1] [INFO] [1790156203.176775811] [robot1.nav2_container]: Load Library: /opt/ros/humble/lib/libcontroller_server_core.so
[component_container_isolated-1] [INFO] [1790156203.330883538] [robot1.nav2_container]: Found class: rclcpp_components::NodeFactoryTemplate<nav2_controller::ControllerServer>
[component_container_isolated-1] [INFO] [1790156203.330924524] [robot1.nav2_container]: Instantiate class: rclcpp_components::NodeFactoryTemplate<nav2_controller::ControllerServer>
[component_container_isolated-1] [INFO] [1790156203.376742466] [robot1.controller_server]: 
[component_container_isolated-1] 	controller_server lifecycle node launched. 
[component_container_isolated-1] 	Waiting on external lifecycle transitions to activate
[component_container_isolated-1] 	See https://design.ros2.org/articles/node_lifecycle.html for more information.
[component_container_isolated-1] [INFO] [1790156203.548094972] [robot1.controller_server]: Creating controller server
[component_container_isolated-1] [INFO] [1790156203.595915754] [robot1.local_costmap.local_costmap]: 
[component_container_isolated-1] 	local_costmap lifecycle node launched. 
[component_container_isolated-1] 	Waiting on external lifecycle transitions to activate
[component_container_isolated-1] 	See https://design.ros2.org/articles/node_lifecycle.html for more information.
[component_container_isolated-1] [INFO] [1790156203.607938362] [robot1.local_costmap.local_costmap]: Creating Costmap
[INFO] [launch_ros.actions.load_composable_nodes]: Loaded node '/robot1/controller_server' in container '/robot1/nav2_container'
[component_container_isolated-1] [INFO] [1790156203.616522844] [robot1.nav2_container]: Load Library: /opt/ros/humble/lib/libsmoother_server_core.so
[component_container_isolated-1] [INFO] [1790156203.633805602] [robot1.nav2_container]: Found class: rclcpp_components::NodeFactoryTemplate<nav2_smoother::SmootherServer>
[component_container_isolated-1] [INFO] [1790156203.633825263] [robot1.nav2_container]: Instantiate class: rclcpp_components::NodeFactoryTemplate<nav2_smoother::SmootherServer>
[component_container_isolated-1] [INFO] [1790156203.706225493] [robot1.smoother_server]: 
[component_container_isolated-1] 	smoother_server lifecycle node launched. 
[component_container_isolated-1] 	Waiting on external lifecycle transitions to activate
[component_container_isolated-1] 	See https://design.ros2.org/articles/node_lifecycle.html for more information.
[component_container_isolated-1] [INFO] [1790156203.706858507] [robot1.smoother_server]: Creating smoother server
[INFO] [launch_ros.actions.load_composable_nodes]: Loaded node '/robot1/smoother_server' in container '/robot1/nav2_container'
[component_container_isolated-1] [INFO] [1790156203.722617306] [robot1.nav2_container]: Load Library: /opt/ros/humble/lib/libplanner_server_core.so
[component_container_isolated-1] [INFO] [1790156203.728716526] [robot1.nav2_container]: Found class: rclcpp_components::NodeFactoryTemplate<nav2_planner::PlannerServer>
[component_container_isolated-1] [INFO] [1790156203.728731695] [robot1.nav2_container]: Instantiate class: rclcpp_components::NodeFactoryTemplate<nav2_planner::PlannerServer>
[component_container_isolated-1] [INFO] [1790156203.815763808] [robot1.planner_server]: 
[component_container_isolated-1] 	planner_server lifecycle node launched. 
[component_container_isolated-1] 	Waiting on external lifecycle transitions to activate
[component_container_isolated-1] 	See https://design.ros2.org/articles/node_lifecycle.html for more information.
[component_container_isolated-1] [INFO] [1790156203.816348708] [robot1.planner_server]: Creating
[component_container_isolated-1] [INFO] [1790156203.934383900] [robot1.global_costmap.global_costmap]: 
[component_container_isolated-1] 	global_costmap lifecycle node launched. 
[component_container_isolated-1] 	Waiting on external lifecycle transitions to activate
[component_container_isolated-1] 	See https://design.ros2.org/articles/node_lifecycle.html for more information.
[component_container_isolated-1] [INFO] [1790156203.934601309] [robot1.global_costmap.global_costmap]: Creating Costmap
[INFO] [launch_ros.actions.load_composable_nodes]: Loaded node '/robot1/planner_server' in container '/robot1/nav2_container'
[component_container_isolated-1] [INFO] [1790156203.960612424] [robot1.nav2_container]: Load Library: /opt/ros/humble/lib/libbehavior_server_core.so
[component_container_isolated-1] [INFO] [1790156203.989231540] [robot1.nav2_container]: Found class: rclcpp_components::NodeFactoryTemplate<behavior_server::BehaviorServer>
[component_container_isolated-1] [INFO] [1790156203.989247818] [robot1.nav2_container]: Instantiate class: rclcpp_components::NodeFactoryTemplate<behavior_server::BehaviorServer>
[component_container_isolated-1] [INFO] [1790156204.114625456] [robot1.behavior_server]: 
[component_container_isolated-1] 	behavior_server lifecycle node launched. 
[component_container_isolated-1] 	Waiting on external lifecycle transitions to activate
[component_container_isolated-1] 	See https://design.ros2.org/articles/node_lifecycle.html for more information.
[INFO] [launch_ros.actions.load_composable_nodes]: Loaded node '/robot1/behavior_server' in container '/robot1/nav2_container'
[component_container_isolated-1] [INFO] [1790156204.135553093] [robot1.nav2_container]: Load Library: /opt/ros/humble/lib/libbt_navigator_core.so
[component_container_isolated-1] [INFO] [1790156204.180998023] [robot1.nav2_container]: Found class: rclcpp_components::NodeFactoryTemplate<nav2_bt_navigator::BtNavigator>
[component_container_isolated-1] [INFO] [1790156204.181016310] [robot1.nav2_container]: Instantiate class: rclcpp_components::NodeFactoryTemplate<nav2_bt_navigator::BtNavigator>
[component_container_isolated-1] [INFO] [1790156204.328012317] [robot1.bt_navigator]: 
[component_container_isolated-1] 	bt_navigator lifecycle node launched. 
[component_container_isolated-1] 	Waiting on external lifecycle transitions to activate
[component_container_isolated-1] 	See https://design.ros2.org/articles/node_lifecycle.html for more information.
[component_container_isolated-1] [INFO] [1790156204.328043318] [robot1.bt_navigator]: Creating
[INFO] [launch_ros.actions.load_composable_nodes]: Loaded node '/robot1/bt_navigator' in container '/robot1/nav2_container'
[component_container_isolated-1] [INFO] [1790156204.329622241] [robot1.nav2_container]: Load Library: /opt/ros/humble/lib/libwaypoint_follower_core.so
[component_container_isolated-1] [INFO] [1790156204.342600330] [robot1.nav2_container]: Found class: rclcpp_components::NodeFactoryTemplate<nav2_waypoint_follower::WaypointFollower>
[component_container_isolated-1] [INFO] [1790156204.342616364] [robot1.nav2_container]: Instantiate class: rclcpp_components::NodeFactoryTemplate<nav2_waypoint_follower::WaypointFollower>
[component_container_isolated-1] [INFO] [1790156204.507218047] [robot1.waypoint_follower]: 
[component_container_isolated-1] 	waypoint_follower lifecycle node launched. 
[component_container_isolated-1] 	Waiting on external lifecycle transitions to activate
[component_container_isolated-1] 	See https://design.ros2.org/articles/node_lifecycle.html for more information.
[component_container_isolated-1] [INFO] [1790156204.508016437] [robot1.waypoint_follower]: Creating
[INFO] [launch_ros.actions.load_composable_nodes]: Loaded node '/robot1/waypoint_follower' in container '/robot1/nav2_container'
[component_container_isolated-1] [INFO] [1790156204.509526320] [robot1.nav2_container]: Load Library: /opt/ros/humble/lib/libvelocity_smoother_core.so
[component_container_isolated-1] [INFO] [1790156204.535082574] [robot1.nav2_container]: Found class: rclcpp_components::NodeFactoryTemplate<nav2_velocity_smoother::VelocitySmoother>
[component_container_isolated-1] [INFO] [1790156204.535096592] [robot1.nav2_container]: Instantiate class: rclcpp_components::NodeFactoryTemplate<nav2_velocity_smoother::VelocitySmoother>
[component_container_isolated-1] [INFO] [1790156204.732329635] [robot1.velocity_smoother]: 
[component_container_isolated-1] 	velocity_smoother lifecycle node launched. 
[component_container_isolated-1] 	Waiting on external lifecycle transitions to activate
[component_container_isolated-1] 	See https://design.ros2.org/articles/node_lifecycle.html for more information.
[INFO] [launch_ros.actions.load_composable_nodes]: Loaded node '/robot1/velocity_smoother' in container '/robot1/nav2_container'
[component_container_isolated-1] [INFO] [1790156204.747226223] [robot1.nav2_container]: Load Library: /opt/ros/humble/lib/libnav2_lifecycle_manager_core.so
[component_container_isolated-1] [INFO] [1790156204.754718619] [robot1.nav2_container]: Found class: rclcpp_components::NodeFactoryTemplate<nav2_lifecycle_manager::LifecycleManager>
[component_container_isolated-1] [INFO] [1790156204.754734911] [robot1.nav2_container]: Instantiate class: rclcpp_components::NodeFactoryTemplate<nav2_lifecycle_manager::LifecycleManager>
[component_container_isolated-1] [INFO] [1790156204.882270342] [robot1.lifecycle_manager_navigation]: Creating
[component_container_isolated-1] [INFO] [1790156204.918425360] [robot1.lifecycle_manager_navigation]: [34m[1mCreating and initializing lifecycle service clients[0m[0m
[INFO] [launch_ros.actions.load_composable_nodes]: Loaded node '/robot1/lifecycle_manager_navigation' in container '/robot1/nav2_container'
[INFO] [nav2_startup-2]: process started with pid [23466]
[nav2_startup-2] waiting for service to become available...
[nav2_startup-2] requester: making request: nav2_msgs.srv.ManageLifecycleNodes_Request(command=0)
[nav2_startup-2] 
[component_container_isolated-1] [INFO] [1790156222.908619436] [robot1.lifecycle_manager_navigation]: [34m[1mStarting managed nodes bringup...[0m[0m
[component_container_isolated-1] [INFO] [1790156222.908681275] [robot1.lifecycle_manager_navigation]: [34m[1mConfiguring controller_server[0m[0m
[component_container_isolated-1] [INFO] [1790156222.909046169] [robot1.controller_server]: Configuring controller interface
[component_container_isolated-1] [INFO] [1790156222.909209263] [robot1.controller_server]: getting goal checker plugins..
[component_container_isolated-1] [INFO] [1790156222.909282640] [robot1.controller_server]: Controller frequency set to 20.0000Hz
[component_container_isolated-1] [INFO] [1790156222.909311648] [robot1.local_costmap.local_costmap]: Configuring
[component_container_isolated-1] [INFO] [1790156222.974691523] [robot1.local_costmap.local_costmap]: Using plugin "static_layer"
[component_container_isolated-1] [INFO] [1790156222.994665210] [robot1.local_costmap.local_costmap]: Subscribing to the map topic (/robot1/map) with transient local durability
[component_container_isolated-1] [INFO] [1790156223.001160312] [robot1.local_costmap.local_costmap]: Initialized plugin "static_layer"
[component_container_isolated-1] [INFO] [1790156223.001186585] [robot1.local_costmap.local_costmap]: Using plugin "voxel_layer"
[component_container_isolated-1] [INFO] [1790156223.001423237] [robot1.local_costmap.local_costmap]: Subscribed to Topics: scan
[component_container_isolated-1] [INFO] [1790156223.071597876] [robot1.local_costmap.local_costmap]: Initialized plugin "voxel_layer"
[component_container_isolated-1] [INFO] [1790156223.071620822] [robot1.local_costmap.local_costmap]: Using plugin "inflation_layer"
[component_container_isolated-1] [INFO] [1790156223.071880329] [robot1.local_costmap.local_costmap]: Initialized plugin "inflation_layer"
[component_container_isolated-1] [INFO] [1790156223.222905545] [robot1.local_costmap.local_costmap]: StaticLayer: Resizing static layer to 128 X 278 at 0.050000 m/pix
[component_container_isolated-1] [INFO] [1790156223.223489352] [robot1.controller_server]: Created progress_checker : progress_checker of type nav2_controller::SimpleProgressChecker
[component_container_isolated-1] [INFO] [1790156223.247035283] [robot1.controller_server]: Created goal checker : general_goal_checker of type nav2_controller::SimpleGoalChecker
[component_container_isolated-1] [INFO] [1790156223.247146340] [robot1.controller_server]: Controller Server has general_goal_checker  goal checkers available.
[component_container_isolated-1] [INFO] [1790156223.299095443] [robot1.controller_server]: Created controller : FollowPath of type dwb_core::DWBLocalPlanner
[component_container_isolated-1] [INFO] [1790156223.299401590] [robot1.controller_server]: Setting transform_tolerance to 0.200000
[component_container_isolated-1] [INFO] [1790156223.404538492] [robot1.controller_server]: Using critic "RotateToGoal" (dwb_critics::RotateToGoalCritic)
[component_container_isolated-1] [INFO] [1790156223.404694664] [robot1.controller_server]: Critic plugin initialized
[component_container_isolated-1] [INFO] [1790156223.404742203] [robot1.controller_server]: Using critic "Oscillation" (dwb_critics::OscillationCritic)
[component_container_isolated-1] [INFO] [1790156223.404860832] [robot1.controller_server]: Critic plugin initialized
[component_container_isolated-1] [INFO] [1790156223.404895613] [robot1.controller_server]: Using critic "BaseObstacle" (dwb_critics::BaseObstacleCritic)
[component_container_isolated-1] [INFO] [1790156223.404971779] [robot1.controller_server]: Critic plugin initialized
[component_container_isolated-1] [INFO] [1790156223.405013089] [robot1.controller_server]: Using critic "GoalAlign" (dwb_critics::GoalAlignCritic)
[component_container_isolated-1] [INFO] [1790156223.405122118] [robot1.controller_server]: Critic plugin initialized
[component_container_isolated-1] [INFO] [1790156223.405163167] [robot1.controller_server]: Using critic "PathAlign" (dwb_critics::PathAlignCritic)
[component_container_isolated-1] [INFO] [1790156223.405256061] [robot1.controller_server]: Critic plugin initialized
[component_container_isolated-1] [INFO] [1790156223.405292991] [robot1.controller_server]: Using critic "PathDist" (dwb_critics::PathDistCritic)
[component_container_isolated-1] [INFO] [1790156223.405364041] [robot1.controller_server]: Critic plugin initialized
[component_container_isolated-1] [INFO] [1790156223.405399622] [robot1.controller_server]: Using critic "GoalDist" (dwb_critics::GoalDistCritic)
[component_container_isolated-1] [INFO] [1790156223.405474141] [robot1.controller_server]: Critic plugin initialized
[component_container_isolated-1] [INFO] [1790156223.405480482] [robot1.controller_server]: Controller Server has FollowPath  controllers available.
[component_container_isolated-1] [INFO] [1790156223.531453278] [robot1.lifecycle_manager_navigation]: [34m[1mConfiguring smoother_server[0m[0m
[component_container_isolated-1] [INFO] [1790156223.531555929] [robot1.smoother_server]: Configuring smoother server
[component_container_isolated-1] [INFO] [1790156223.652528875] [robot1.smoother_server]: Created smoother : simple_smoother of type nav2_smoother::SimpleSmoother
[component_container_isolated-1] [INFO] [1790156223.652742234] [robot1.smoother_server]: Smoother Server has simple_smoother  smoothers available.
[component_container_isolated-1] [INFO] [1790156223.757143264] [robot1.lifecycle_manager_navigation]: [34m[1mConfiguring planner_server[0m[0m
[component_container_isolated-1] [INFO] [1790156223.757302975] [robot1.planner_server]: Configuring
[component_container_isolated-1] [INFO] [1790156223.757343310] [robot1.global_costmap.global_costmap]: Configuring
[component_container_isolated-1] [INFO] [1790156223.857252739] [robot1.global_costmap.global_costmap]: Using plugin "static_layer"
[component_container_isolated-1] [INFO] [1790156223.857887561] [robot1.global_costmap.global_costmap]: Subscribing to the map topic (/robot1/map) with transient local durability
[component_container_isolated-1] [INFO] [1790156223.876024029] [robot1.global_costmap.global_costmap]: Initialized plugin "static_layer"
[component_container_isolated-1] [INFO] [1790156223.876039479] [robot1.global_costmap.global_costmap]: Using plugin "obstacle_layer"
[component_container_isolated-1] [INFO] [1790156223.876538797] [robot1.global_costmap.global_costmap]: Subscribed to Topics: scan
[component_container_isolated-1] [INFO] [1790156223.921449605] [robot1.global_costmap.global_costmap]: Initialized plugin "obstacle_layer"
[component_container_isolated-1] [INFO] [1790156223.921472666] [robot1.global_costmap.global_costmap]: Using plugin "inflation_layer"
[component_container_isolated-1] [INFO] [1790156223.921801631] [robot1.global_costmap.global_costmap]: Initialized plugin "inflation_layer"
[component_container_isolated-1] [INFO] [1790156224.091607040] [robot1.global_costmap.global_costmap]: StaticLayer: Resizing costmap to 128 X 278 at 0.050000 m/pix
[component_container_isolated-1] [INFO] [1790156224.111017845] [robot1.planner_server]: Created global planner plugin GridBased of type nav2_navfn_planner/NavfnPlanner
[component_container_isolated-1] [INFO] [1790156224.111039223] [robot1.planner_server]: Configuring plugin GridBased of type NavfnPlanner
[component_container_isolated-1] [INFO] [1790156224.111302337] [robot1.planner_server]: Planner Server has GridBased  planners available.
[component_container_isolated-1] [INFO] [1790156224.311445829] [robot1.lifecycle_manager_navigation]: [34m[1mConfiguring behavior_server[0m[0m
[component_container_isolated-1] [INFO] [1790156224.311608403] [robot1.behavior_server]: Configuring
[component_container_isolated-1] [INFO] [1790156224.450059758] [robot1.behavior_server]: Creating behavior plugin spin of type nav2_behaviors/Spin
[component_container_isolated-1] [INFO] [1790156224.475485317] [robot1.behavior_server]: Configuring spin
[component_container_isolated-1] [INFO] [1790156224.583202911] [robot1.behavior_server]: Creating behavior plugin backup of type nav2_behaviors/BackUp
[component_container_isolated-1] [INFO] [1790156224.603735663] [robot1.behavior_server]: Configuring backup
[component_container_isolated-1] [INFO] [1790156224.714603213] [robot1.behavior_server]: Creating behavior plugin drive_on_heading of type nav2_behaviors/DriveOnHeading
[component_container_isolated-1] [INFO] [1790156224.735890400] [robot1.behavior_server]: Configuring drive_on_heading
[component_container_isolated-1] [INFO] [1790156224.849374157] [robot1.behavior_server]: Creating behavior plugin assisted_teleop of type nav2_behaviors/AssistedTeleop
[component_container_isolated-1] [INFO] [1790156224.852904467] [robot1.behavior_server]: Configuring assisted_teleop
[component_container_isolated-1] [INFO] [1790156225.024713432] [robot1.behavior_server]: Creating behavior plugin wait of type nav2_behaviors/Wait
[component_container_isolated-1] [INFO] [1790156225.044312630] [robot1.behavior_server]: Configuring wait
[component_container_isolated-1] [INFO] [1790156225.170148163] [robot1.lifecycle_manager_navigation]: [34m[1mConfiguring bt_navigator[0m[0m
[component_container_isolated-1] [INFO] [1790156225.170260907] [robot1.bt_navigator]: Configuring
[component_container_isolated-1] [INFO] [1790156226.528199164] [robot1.lifecycle_manager_navigation]: [34m[1mConfiguring waypoint_follower[0m[0m
[component_container_isolated-1] [INFO] [1790156226.528339660] [robot1.waypoint_follower]: Configuring
[component_container_isolated-1] [INFO] [1790156226.775149949] [robot1.waypoint_follower]: Created waypoint_task_executor : wait_at_waypoint of type nav2_waypoint_follower::WaitAtWaypoint
[component_container_isolated-1] [INFO] [1790156226.775614916] [robot1.lifecycle_manager_navigation]: [34m[1mConfiguring velocity_smoother[0m[0m
[component_container_isolated-1] [INFO] [1790156226.775718361] [robot1.velocity_smoother]: Configuring velocity smoother
[component_container_isolated-1] [INFO] [1790156226.831864552] [robot1.lifecycle_manager_navigation]: [34m[1mActivating controller_server[0m[0m
[component_container_isolated-1] [INFO] [1790156226.831957229] [robot1.controller_server]: Activating
[component_container_isolated-1] [INFO] [1790156226.831983144] [robot1.local_costmap.local_costmap]: Activating
[component_container_isolated-1] [INFO] [1790156226.831990626] [robot1.local_costmap.local_costmap]: Checking transform
[component_container_isolated-1] [INFO] [1790156226.832053947] [robot1.local_costmap.local_costmap]: start
[component_container_isolated-1] [INFO] [1790156227.058806374] [robot1.controller_server]: Creating bond (controller_server) to lifecycle manager.
[component_container_isolated-1] [INFO] [1790156227.225411131] [robot1.lifecycle_manager_navigation]: Server controller_server connected with bond.
[component_container_isolated-1] [INFO] [1790156227.225454460] [robot1.lifecycle_manager_navigation]: [34m[1mActivating smoother_server[0m[0m
[component_container_isolated-1] [INFO] [1790156227.225717601] [robot1.smoother_server]: Activating
[component_container_isolated-1] [INFO] [1790156227.225748033] [robot1.smoother_server]: Creating bond (smoother_server) to lifecycle manager.
[component_container_isolated-1] [INFO] [1790156227.371592873] [robot1.lifecycle_manager_navigation]: Server smoother_server connected with bond.
[component_container_isolated-1] [INFO] [1790156227.371654299] [robot1.lifecycle_manager_navigation]: [34m[1mActivating planner_server[0m[0m
[component_container_isolated-1] [INFO] [1790156227.371996600] [robot1.planner_server]: Activating
[component_container_isolated-1] [INFO] [1790156227.372054375] [robot1.global_costmap.global_costmap]: Activating
[component_container_isolated-1] [INFO] [1790156227.372065831] [robot1.global_costmap.global_costmap]: Checking transform
[component_container_isolated-1] [INFO] [1790156227.372131870] [robot1.global_costmap.global_costmap]: start
[component_container_isolated-1] [INFO] [1790156228.383997652] [robot1.planner_server]: Activating plugin GridBased of type NavfnPlanner
[component_container_isolated-1] [INFO] [1790156228.397678056] [robot1.planner_server]: Creating bond (planner_server) to lifecycle manager.
[component_container_isolated-1] [INFO] [1790156228.556312818] [robot1.lifecycle_manager_navigation]: Server planner_server connected with bond.
[component_container_isolated-1] [INFO] [1790156228.556397135] [robot1.lifecycle_manager_navigation]: [34m[1mActivating behavior_server[0m[0m
[component_container_isolated-1] [INFO] [1790156228.556728489] [robot1.behavior_server]: Activating
[component_container_isolated-1] [INFO] [1790156228.556742186] [robot1.behavior_server]: Activating spin
[component_container_isolated-1] [INFO] [1790156228.556753354] [robot1.behavior_server]: Activating backup
[component_container_isolated-1] [INFO] [1790156228.556758988] [robot1.behavior_server]: Activating drive_on_heading
[component_container_isolated-1] [INFO] [1790156228.556789682] [robot1.behavior_server]: Activating assisted_teleop
[component_container_isolated-1] [INFO] [1790156228.556794872] [robot1.behavior_server]: Activating wait
[component_container_isolated-1] [INFO] [1790156228.556801152] [robot1.behavior_server]: Creating bond (behavior_server) to lifecycle manager.
[component_container_isolated-1] [INFO] [1790156228.696878288] [robot1.lifecycle_manager_navigation]: Server behavior_server connected with bond.
[component_container_isolated-1] [INFO] [1790156228.696947715] [robot1.lifecycle_manager_navigation]: [34m[1mActivating bt_navigator[0m[0m
[component_container_isolated-1] [INFO] [1790156228.697137027] [robot1.bt_navigator]: Activating
[component_container_isolated-1] [INFO] [1790156230.402435642] [robot1.bt_navigator]: Creating bond (bt_navigator) to lifecycle manager.
[component_container_isolated-1] [INFO] [1790156230.564694492] [robot1.lifecycle_manager_navigation]: Server bt_navigator connected with bond.
[component_container_isolated-1] [INFO] [1790156230.564717970] [robot1.lifecycle_manager_navigation]: [34m[1mActivating waypoint_follower[0m[0m
[component_container_isolated-1] [INFO] [1790156230.565043543] [robot1.waypoint_follower]: Activating
[component_container_isolated-1] [INFO] [1790156230.565081757] [robot1.waypoint_follower]: Creating bond (waypoint_follower) to lifecycle manager.
[component_container_isolated-1] [INFO] [1790156230.714392412] [robot1.lifecycle_manager_navigation]: Server waypoint_follower connected with bond.
[component_container_isolated-1] [INFO] [1790156230.714427483] [robot1.lifecycle_manager_navigation]: [34m[1mActivating velocity_smoother[0m[0m
[component_container_isolated-1] [INFO] [1790156230.714644628] [robot1.velocity_smoother]: Activating
[component_container_isolated-1] [INFO] [1790156230.714692202] [robot1.velocity_smoother]: Creating bond (velocity_smoother) to lifecycle manager.
[component_container_isolated-1] [INFO] [1790156230.869047601] [robot1.lifecycle_manager_navigation]: Server velocity_smoother connected with bond.
[component_container_isolated-1] [INFO] [1790156230.869154461] [robot1.lifecycle_manager_navigation]: [34m[1mManaged nodes are active[0m[0m
[component_container_isolated-1] [INFO] [1790156230.869177414] [robot1.lifecycle_manager_navigation]: [34m[1mCreating bond timer...[0m[0m
[nav2_startup-2] response:
[nav2_startup-2] nav2_msgs.srv.ManageLifecycleNodes_Response(success=True)
[nav2_startup-2] 
[INFO] [nav2_startup-2]: process has finished cleanly [pid 23466]
[component_container_isolated-1] [INFO] [1790156275.397148500] [robot1.local_costmap.local_costmap]: Message Filter dropping message: frame 'rplidar_link' at time 1790156274.971 for reason 'the timestamp on the message is earlier than all the data in the transform cache'
[component_container_isolated-1] [INFO] [1790156594.449717179] [robot1.local_costmap.local_costmap]: Message Filter dropping message: frame 'rplidar_link' at time 1790156591.909 for reason 'the timestamp on the message is earlier than all the data in the transform cache'
[component_container_isolated-1] [INFO] [1790156598.299892568] [robot1.global_costmap.global_costmap]: Message Filter dropping message: frame 'rplidar_link' at time 1790156593.999 for reason 'the timestamp on the message is earlier than all the data in the transform cache'
[component_container_isolated-1] [INFO] [1790156598.299892592] [robot1.local_costmap.local_costmap]: Message Filter dropping message: frame 'rplidar_link' at time 1790156593.999 for reason 'the timestamp on the message is earlier than all the data in the transform cache'
[component_container_isolated-1] [INFO] [1790156601.358270732] [robot1.local_costmap.local_costmap]: Message Filter dropping message: frame 'rplidar_link' at time 1790156597.139 for reason 'the timestamp on the message is earlier than all the data in the transform cache'
[component_container_isolated-1] [INFO] [1790156601.358270736] [robot1.global_costmap.global_costmap]: Message Filter dropping message: frame 'rplidar_link' at time 1790156597.139 for reason 'the timestamp on the message is earlier than all the data in the transform cache'
[component_container_isolated-1] [INFO] [1790156607.720469976] [robot1.global_costmap.global_costmap]: Message Filter dropping message: frame 'rplidar_link' at time 1790156602.204 for reason 'the timestamp on the message is earlier than all the data in the transform cache'
[component_container_isolated-1] [INFO] [1790156607.763188947] [robot1.bt_navigator]: Begin navigating from current location (-0.14, -0.00) to (-0.81, -1.34)
[component_container_isolated-1] [INFO] [1790156607.783786317] [robot1.controller_server]: Received a goal, begin computing control effort.
[component_container_isolated-1] [WARN] [1790156607.783842503] [robot1.controller_server]: No goal checker was specified in parameter 'current_goal_checker'. Server will use only plugin loaded general_goal_checker . This warning will appear once.
[component_container_isolated-1] [ERROR] [1790156607.784063440] [tf_help]: Transform data too old when converting from odom to map
[component_container_isolated-1] [ERROR] [1790156607.784089599] [tf_help]: Data time: 1790156602s 711854558ns, Transform time: 1790156602s 149370026ns
[component_container_isolated-1] [WARN] [1790156607.784138100] [robot1.controller_server]: Unable to transform robot pose into global plan's frame
[component_container_isolated-1] [ERROR] [1790156607.784261305] [tf_help]: Transform data too old when converting from map to odom
[component_container_isolated-1] [ERROR] [1790156607.784273056] [tf_help]: Data time: 1790156607s 763641947ns, Transform time: 1790156602s 149370026ns
[component_container_isolated-1] [ERROR] [1790156607.834070037] [tf_help]: Transform data too old when converting from odom to map
[component_container_isolated-1] [ERROR] [1790156607.834099112] [tf_help]: Data time: 1790156602s 711854558ns, Transform time: 1790156602s 149370026ns
[component_container_isolated-1] [WARN] [1790156607.834120755] [robot1.controller_server]: Unable to transform robot pose into global plan's frame
[component_container_isolated-1] [ERROR] [1790156607.834203977] [tf_help]: Transform data too old when converting from map to odom
[component_container_isolated-1] [ERROR] [1790156607.834210889] [tf_help]: Data time: 1790156607s 763641947ns, Transform time: 1790156602s 149370026ns
[component_container_isolated-1] [ERROR] [1790156607.884168587] [tf_help]: Transform data too old when converting from odom to map
[component_container_isolated-1] [ERROR] [1790156607.884196299] [tf_help]: Data time: 1790156602s 711854558ns, Transform time: 1790156602s 149370026ns
[component_container_isolated-1] [WARN] [1790156607.884216583] [robot1.controller_server]: Unable to transform robot pose into global plan's frame
[component_container_isolated-1] [ERROR] [1790156607.884298253] [tf_help]: Transform data too old when converting from map to odom
[component_container_isolated-1] [ERROR] [1790156607.884305094] [tf_help]: Data time: 1790156607s 763641947ns, Transform time: 1790156602s 149370026ns
[component_container_isolated-1] [ERROR] [1790156607.934061858] [tf_help]: Transform data too old when converting from odom to map
[component_container_isolated-1] [ERROR] [1790156607.934093764] [tf_help]: Data time: 1790156602s 711854558ns, Transform time: 1790156602s 149370026ns
[component_container_isolated-1] [WARN] [1790156607.934116207] [robot1.controller_server]: Unable to transform robot pose into global plan's frame
[component_container_isolated-1] [ERROR] [1790156607.934205656] [tf_help]: Transform data too old when converting from map to odom
[component_container_isolated-1] [ERROR] [1790156607.934213189] [tf_help]: Data time: 1790156607s 763641947ns, Transform time: 1790156602s 149370026ns
[component_container_isolated-1] [ERROR] [1790156607.984065448] [tf_help]: Transform data too old when converting from odom to map
[component_container_isolated-1] [ERROR] [1790156607.984096847] [tf_help]: Data time: 1790156602s 711854558ns, Transform time: 1790156602s 149370026ns
[component_container_isolated-1] [WARN] [1790156607.984121654] [robot1.controller_server]: Unable to transform robot pose into global plan's frame
[component_container_isolated-1] [ERROR] [1790156607.984210582] [tf_help]: Transform data too old when converting from map to odom
[component_container_isolated-1] [ERROR] [1790156607.984217912] [tf_help]: Data time: 1790156607s 763641947ns, Transform time: 1790156602s 149370026ns
[component_container_isolated-1] [ERROR] [1790156608.034054941] [tf_help]: Transform data too old when converting from odom to map
[component_container_isolated-1] [ERROR] [1790156608.034088570] [tf_help]: Data time: 1790156602s 711854558ns, Transform time: 1790156602s 149370026ns
[component_container_isolated-1] [WARN] [1790156608.034109294] [robot1.controller_server]: Unable to transform robot pose into global plan's frame
[component_container_isolated-1] [ERROR] [1790156608.034191703] [tf_help]: Transform data too old when converting from map to odom
[component_container_isolated-1] [ERROR] [1790156608.034199018] [tf_help]: Data time: 1790156607s 763641947ns, Transform time: 1790156602s 149370026ns
[component_container_isolated-1] [ERROR] [1790156608.084201610] [tf_help]: Transform data too old when converting from odom to map
[component_container_isolated-1] [ERROR] [1790156608.084234992] [tf_help]: Data time: 1790156602s 711854558ns, Transform time: 1790156602s 149370026ns
[component_container_isolated-1] [WARN] [1790156608.084256048] [robot1.controller_server]: Unable to transform robot pose into global plan's frame
[component_container_isolated-1] [ERROR] [1790156608.084287869] [robot1.controller_server]: Controller patience exceeded
[component_container_isolated-1] [WARN] [1790156608.084333119] [robot1.controller_server]: [follow_path] [ActionServer] Aborting handle.
[component_container_isolated-1] [INFO] [1790156608.103596899] [robot1.local_costmap.local_costmap]: Received request to clear entirely the local_costmap
[component_container_isolated-1] [INFO] [1790156608.104073386] [robot1.controller_server]: Received a goal, begin computing control effort.
[component_container_isolated-1] [ERROR] [1790156608.237120506] [tf_help]: Transform data too old when converting from map to odom
[component_container_isolated-1] [ERROR] [1790156608.237148356] [tf_help]: Data time: 1790156607s 763641947ns, Transform time: 1790156606s 115386039ns
[component_container_isolated-1] [WARN] [1790156608.237152964] [robot1.controller_server]: Control loop missed its desired rate of 20.0000Hz
[component_container_isolated-1] [ERROR] [1790156608.238416263] [tf_help]: Transform data too old when converting from map to odom
[component_container_isolated-1] [ERROR] [1790156608.238424173] [tf_help]: Data time: 1790156607s 763641947ns, Transform time: 1790156606s 115386039ns
[component_container_isolated-1] [ERROR] [1790156608.289964367] [tf_help]: Transform data too old when converting from map to odom
[component_container_isolated-1] [ERROR] [1790156608.289997742] [tf_help]: Data time: 1790156607s 763641947ns, Transform time: 1790156606s 115386039ns
[component_container_isolated-1] [ERROR] [1790156608.341486369] [tf_help]: Transform data too old when converting from map to odom
[component_container_isolated-1] [ERROR] [1790156608.341509272] [tf_help]: Data time: 1790156607s 763641947ns, Transform time: 1790156606s 115386039ns
[component_container_isolated-1] [ERROR] [1790156608.393138128] [tf_help]: Transform data too old when converting from map to odom
[component_container_isolated-1] [ERROR] [1790156608.393156773] [tf_help]: Data time: 1790156607s 763641947ns, Transform time: 1790156606s 115386039ns
[component_container_isolated-1] [ERROR] [1790156608.444674495] [tf_help]: Transform data too old when converting from map to odom
[component_container_isolated-1] [ERROR] [1790156608.444692763] [tf_help]: Data time: 1790156607s 763641947ns, Transform time: 1790156606s 115386039ns
[component_container_isolated-1] [ERROR] [1790156608.496109353] [tf_help]: Transform data too old when converting from map to odom
[component_container_isolated-1] [ERROR] [1790156608.496125952] [tf_help]: Data time: 1790156607s 763641947ns, Transform time: 1790156606s 115386039ns
[component_container_isolated-1] [ERROR] [1790156608.547635991] [tf_help]: Transform data too old when converting from map to odom
[component_container_isolated-1] [ERROR] [1790156608.547659930] [tf_help]: Data time: 1790156607s 763641947ns, Transform time: 1790156606s 115386039ns
[component_container_isolated-1] [ERROR] [1790156608.599063076] [tf_help]: Transform data too old when converting from map to odom
[component_container_isolated-1] [ERROR] [1790156608.599112818] [tf_help]: Data time: 1790156607s 763641947ns, Transform time: 1790156606s 115386039ns
[component_container_isolated-1] [ERROR] [1790156608.650548724] [tf_help]: Transform data too old when converting from map to odom
[component_container_isolated-1] [ERROR] [1790156608.650567716] [tf_help]: Data time: 1790156607s 763641947ns, Transform time: 1790156606s 115386039ns
[component_container_isolated-1] [ERROR] [1790156608.701979323] [tf_help]: Transform data too old when converting from map to odom
[component_container_isolated-1] [ERROR] [1790156608.701998351] [tf_help]: Data time: 1790156607s 763641947ns, Transform time: 1790156606s 115386039ns
[component_container_isolated-1] [ERROR] [1790156608.753456230] [tf_help]: Transform data too old when converting from map to odom
[component_container_isolated-1] [ERROR] [1790156608.753509304] [tf_help]: Data time: 1790156607s 763641947ns, Transform time: 1790156606s 115386039ns
[component_container_isolated-1] [ERROR] [1790156608.805060029] [tf_help]: Transform data too old when converting from map to odom
[component_container_isolated-1] [ERROR] [1790156608.805081357] [tf_help]: Data time: 1790156607s 763641947ns, Transform time: 1790156606s 115386039ns
[component_container_isolated-1] [INFO] [1790156608.855165909] [robot1.controller_server]: Passing new path to controller.
[component_container_isolated-1] [ERROR] [1790156608.856607564] [tf_help]: Transform data too old when converting from map to odom
[component_container_isolated-1] [ERROR] [1790156608.856619976] [tf_help]: Data time: 1790156608s 793821952ns, Transform time: 1790156606s 115386039ns
[component_container_isolated-1] [ERROR] [1790156608.908020034] [tf_help]: Transform data too old when converting from map to odom
[component_container_isolated-1] [ERROR] [1790156608.908044531] [tf_help]: Data time: 1790156608s 793821952ns, Transform time: 1790156606s 115386039ns
[component_container_isolated-1] [ERROR] [1790156608.959485914] [tf_help]: Transform data too old when converting from map to odom
[component_container_isolated-1] [ERROR] [1790156608.959508544] [tf_help]: Data time: 1790156608s 793821952ns, Transform time: 1790156606s 115386039ns
[component_container_isolated-1] [ERROR] [1790156609.010962053] [tf_help]: Transform data too old when converting from map to odom
[component_container_isolated-1] [ERROR] [1790156609.010985158] [tf_help]: Data time: 1790156608s 793821952ns, Transform time: 1790156606s 115386039ns
[component_container_isolated-1] [ERROR] [1790156609.062364762] [tf_help]: Transform data too old when converting from map to odom
[component_container_isolated-1] [ERROR] [1790156609.062382814] [tf_help]: Data time: 1790156608s 793821952ns, Transform time: 1790156606s 115386039ns
[component_container_isolated-1] [ERROR] [1790156609.113865951] [tf_help]: Transform data too old when converting from map to odom
[component_container_isolated-1] [ERROR] [1790156609.113885613] [tf_help]: Data time: 1790156608s 793821952ns, Transform time: 1790156606s 115386039ns
[component_container_isolated-1] [ERROR] [1790156609.165277084] [tf_help]: Transform data too old when converting from map to odom
[component_container_isolated-1] [ERROR] [1790156609.165300781] [tf_help]: Data time: 1790156608s 793821952ns, Transform time: 1790156606s 115386039ns
[component_container_isolated-1] [ERROR] [1790156609.216724409] [tf_help]: Transform data too old when converting from map to odom
[component_container_isolated-1] [ERROR] [1790156609.216747099] [tf_help]: Data time: 1790156608s 793821952ns, Transform time: 1790156606s 115386039ns
[component_container_isolated-1] [ERROR] [1790156609.268123889] [tf_help]: Transform data too old when converting from map to odom
[component_container_isolated-1] [ERROR] [1790156609.268143579] [tf_help]: Data time: 1790156608s 793821952ns, Transform time: 1790156606s 115386039ns
[component_container_isolated-1] [ERROR] [1790156609.319718713] [tf_help]: Transform data too old when converting from map to odom
[component_container_isolated-1] [ERROR] [1790156609.319741294] [tf_help]: Data time: 1790156608s 793821952ns, Transform time: 1790156606s 115386039ns
[component_container_isolated-1] [ERROR] [1790156609.371159095] [tf_help]: Transform data too old when converting from map to odom
[component_container_isolated-1] [ERROR] [1790156609.371184041] [tf_help]: Data time: 1790156608s 793821952ns, Transform time: 1790156606s 115386039ns
[component_container_isolated-1] [ERROR] [1790156609.422775551] [tf_help]: Transform data too old when converting from map to odom
[component_container_isolated-1] [ERROR] [1790156609.422797018] [tf_help]: Data time: 1790156608s 793821952ns, Transform time: 1790156606s 115386039ns
[component_container_isolated-1] [INFO] [1790156609.474225589] [robot1.controller_server]: Reached the goal!
[component_container_isolated-1] [INFO] [1790156609.513452056] [robot1.bt_navigator]: Goal succeeded
[component_container_isolated-1] [INFO] [1790156609.767383378] [robot1.bt_navigator]: Begin navigating from current location (-0.17, -0.07) to (-0.84, -1.41)
[component_container_isolated-1] [INFO] [1790156609.787812865] [robot1.controller_server]: Received a goal, begin computing control effort.
[component_container_isolated-1] [ERROR] [1790156609.790166668] [tf_help]: Transform data too old when converting from map to odom
[component_container_isolated-1] [ERROR] [1790156609.790194046] [tf_help]: Data time: 1790156609s 767668982ns, Transform time: 1790156609s 337647795ns
[component_container_isolated-1] [ERROR] [1790156609.840235272] [tf_help]: Transform data too old when converting from map to odom
[component_container_isolated-1] [ERROR] [1790156609.840264890] [tf_help]: Data time: 1790156609s 767668982ns, Transform time: 1790156609s 337647795ns
[component_container_isolated-1] [ERROR] [1790156609.890019097] [tf_help]: Transform data too old when converting from map to odom
[component_container_isolated-1] [ERROR] [1790156609.890040449] [tf_help]: Data time: 1790156609s 767668982ns, Transform time: 1790156609s 337647795ns
[component_container_isolated-1] [ERROR] [1790156609.939394141] [tf_help]: Transform data too old when converting from map to odom
[component_container_isolated-1] [ERROR] [1790156609.939423948] [tf_help]: Data time: 1790156609s 767668982ns, Transform time: 1790156609s 337647795ns
[component_container_isolated-1] [INFO] [1790156609.989399000] [robot1.controller_server]: Reached the goal!
[component_container_isolated-1] [INFO] [1790156610.027629299] [robot1.bt_navigator]: Goal succeeded
[component_container_isolated-1] [INFO] [1790156610.372364421] [robot1.global_costmap.global_costmap]: StaticLayer: Resizing costmap to 128 X 295 at 0.050000 m/pix
[component_container_isolated-1] [INFO] [1790156610.432275399] [robot1.local_costmap.local_costmap]: StaticLayer: Resizing static layer to 128 X 295 at 0.050000 m/pix
[component_container_isolated-1] [INFO] [1790156610.765805090] [robot1.bt_navigator]: Begin navigating from current location (-0.26, -0.23) to (-0.88, -1.59)
[component_container_isolated-1] [INFO] [1790156610.786387134] [robot1.controller_server]: Received a goal, begin computing control effort.
[component_container_isolated-1] [INFO] [1790156611.836534218] [robot1.controller_server]: Passing new path to controller.
[component_container_isolated-1] [INFO] [1790156612.886517614] [robot1.controller_server]: Passing new path to controller.
[component_container_isolated-1] [INFO] [1790156613.261426013] [robot1.global_costmap.global_costmap]: Message Filter dropping message: frame 'rplidar_link' at time 1790156611.926 for reason 'the timestamp on the message is earlier than all the data in the transform cache'
[component_container_isolated-1] [INFO] [1790156613.886519372] [robot1.controller_server]: Passing new path to controller.
[component_container_isolated-1] [INFO] [1790156614.832247329] [robot1.local_costmap.local_costmap]: StaticLayer: Resizing static layer to 130 X 296 at 0.050000 m/pix
[component_container_isolated-1] [INFO] [1790156614.936668626] [robot1.controller_server]: Passing new path to controller.
[component_container_isolated-1] [INFO] [1790156615.372288881] [robot1.global_costmap.global_costmap]: StaticLayer: Resizing costmap to 130 X 296 at 0.050000 m/pix
[component_container_isolated-1] [INFO] [1790156615.776015154] [robot1.bt_navigator]: Received goal preemption request
[component_container_isolated-1] [INFO] [1790156615.776161885] [robot1.bt_navigator]: Begin navigating from current location (-0.50, -0.84) to (-1.59, -2.95)
[component_container_isolated-1] [INFO] [1790156615.936542558] [robot1.controller_server]: Passing new path to controller.
[component_container_isolated-1] [INFO] [1790156616.775969568] [robot1.bt_navigator]: Received goal preemption request
[component_container_isolated-1] [INFO] [1790156616.776051600] [robot1.bt_navigator]: Begin navigating from current location (-0.51, -0.86) to (-1.33, -3.18)
[component_container_isolated-1] [INFO] [1790156616.986526140] [robot1.controller_server]: Passing new path to controller.
[component_container_isolated-1] [ERROR] [1790156616.988014189] [tf_help]: Transform data too old when converting from map to odom
[component_container_isolated-1] [ERROR] [1790156616.988042618] [tf_help]: Data time: 1790156616s 936303085ns, Transform time: 1790156616s 523217603ns
[component_container_isolated-1] [ERROR] [1790156617.037862998] [tf_help]: Transform data too old when converting from map to odom
[component_container_isolated-1] [ERROR] [1790156617.037884990] [tf_help]: Data time: 1790156616s 936303085ns, Transform time: 1790156616s 523217603ns
[component_container_isolated-1] [ERROR] [1790156617.087903317] [tf_help]: Transform data too old when converting from map to odom
[component_container_isolated-1] [ERROR] [1790156617.087927553] [tf_help]: Data time: 1790156616s 936303085ns, Transform time: 1790156616s 523217603ns
[component_container_isolated-1] [ERROR] [1790156617.137880162] [tf_help]: Transform data too old when converting from map to odom
[component_container_isolated-1] [ERROR] [1790156617.137903500] [tf_help]: Data time: 1790156616s 936303085ns, Transform time: 1790156616s 523217603ns
[component_container_isolated-1] [ERROR] [1790156617.188002698] [tf_help]: Transform data too old when converting from map to odom
[component_container_isolated-1] [ERROR] [1790156617.188018536] [tf_help]: Data time: 1790156616s 936303085ns, Transform time: 1790156616s 523217603ns
[component_container_isolated-1] [ERROR] [1790156617.237857375] [tf_help]: Transform data too old when converting from map to odom
[component_container_isolated-1] [ERROR] [1790156617.237879793] [tf_help]: Data time: 1790156616s 936303085ns, Transform time: 1790156616s 523217603ns
[component_container_isolated-1] [ERROR] [1790156617.287977020] [tf_help]: Transform data too old when converting from map to odom
[component_container_isolated-1] [ERROR] [1790156617.288005511] [tf_help]: Data time: 1790156616s 936303085ns, Transform time: 1790156616s 523217603ns
[component_container_isolated-1] [ERROR] [1790156617.337945959] [tf_help]: Transform data too old when converting from map to odom
[component_container_isolated-1] [ERROR] [1790156617.337969903] [tf_help]: Data time: 1790156616s 936303085ns, Transform time: 1790156616s 523217603ns
[component_container_isolated-1] [INFO] [1790156617.765980153] [robot1.bt_navigator]: Received goal preemption request
[component_container_isolated-1] [INFO] [1790156617.766113151] [robot1.bt_navigator]: Begin navigating from current location (-0.70, -1.26) to (-1.90, -3.69)
[component_container_isolated-1] [INFO] [1790156617.986563255] [robot1.controller_server]: Passing new path to controller.
[component_container_isolated-1] [INFO] [1790156618.765996295] [robot1.bt_navigator]: Received goal preemption request
[component_container_isolated-1] [INFO] [1790156618.766130750] [robot1.bt_navigator]: Begin navigating from current location (-0.73, -1.34) to (-1.11, -4.03)
[component_container_isolated-1] [INFO] [1790156619.036516563] [robot1.controller_server]: Passing new path to controller.
[component_container_isolated-1] [INFO] [1790156619.766020793] [robot1.bt_navigator]: Received goal preemption request
[component_container_isolated-1] [INFO] [1790156619.766179018] [robot1.bt_navigator]: Begin navigating from current location (-0.74, -1.37) to (-1.45, -2.68)
[component_container_isolated-1] [INFO] [1790156620.086523553] [robot1.controller_server]: Passing new path to controller.
[component_container_isolated-1] [INFO] [1790156620.776092959] [robot1.bt_navigator]: Received goal preemption request
[component_container_isolated-1] [INFO] [1790156620.776232298] [robot1.bt_navigator]: Begin navigating from current location (-0.75, -1.39) to (-1.12, -2.04)
[component_container_isolated-1] [INFO] [1790156621.086523838] [robot1.controller_server]: Passing new path to controller.
[component_container_isolated-1] [INFO] [1790156621.776005575] [robot1.bt_navigator]: Received goal preemption request
[component_container_isolated-1] [INFO] [1790156621.776183735] [robot1.bt_navigator]: Begin navigating from current location (-0.75, -1.41) to (-1.05, -1.92)
[component_container_isolated-1] [INFO] [1790156622.136534968] [robot1.controller_server]: Passing new path to controller.
[component_container_isolated-1] [INFO] [1790156622.766081968] [robot1.bt_navigator]: Received goal preemption request
[component_container_isolated-1] [INFO] [1790156622.766172889] [robot1.bt_navigator]: Begin navigating from current location (-0.76, -1.42) to (-1.06, -1.94)
[component_container_isolated-1] [INFO] [1790156623.136592548] [robot1.controller_server]: Passing new path to controller.
[component_container_isolated-1] [INFO] [1790156623.775985443] [robot1.bt_navigator]: Received goal preemption request
[component_container_isolated-1] [INFO] [1790156623.776051859] [robot1.bt_navigator]: Begin navigating from current location (-0.76, -1.44) to (-1.05, -1.97)
[component_container_isolated-1] [INFO] [1790156624.186604489] [robot1.controller_server]: Passing new path to controller.
[component_container_isolated-1] [INFO] [1790156624.766064913] [robot1.bt_navigator]: Received goal preemption request
[component_container_isolated-1] [INFO] [1790156624.766196925] [robot1.bt_navigator]: Begin navigating from current location (-0.77, -1.45) to (-1.05, -1.98)
[component_container_isolated-1] [INFO] [1790156625.236566499] [robot1.controller_server]: Passing new path to controller.
[component_container_isolated-1] [INFO] [1790156625.765999424] [robot1.bt_navigator]: Received goal preemption request
[component_container_isolated-1] [INFO] [1790156625.766089040] [robot1.bt_navigator]: Begin navigating from current location (-0.77, -1.46) to (-1.95, -3.68)
[component_container_isolated-1] [INFO] [1790156626.236551758] [robot1.controller_server]: Passing new path to controller.
[component_container_isolated-1] [INFO] [1790156626.766002419] [robot1.bt_navigator]: Received goal preemption request
[component_container_isolated-1] [INFO] [1790156626.766111581] [robot1.bt_navigator]: Begin navigating from current location (-0.93, -1.75) to (-1.55, -4.56)
[component_container_isolated-1] [INFO] [1790156626.832253096] [robot1.local_costmap.local_costmap]: StaticLayer: Resizing static layer to 132 X 296 at 0.050000 m/pix
[component_container_isolated-1] [INFO] [1790156627.286564380] [robot1.controller_server]: Passing new path to controller.
[component_container_isolated-1] [INFO] [1790156627.372312698] [robot1.global_costmap.global_costmap]: StaticLayer: Resizing costmap to 132 X 296 at 0.050000 m/pix
[component_container_isolated-1] [INFO] [1790156627.775984323] [robot1.bt_navigator]: Received goal preemption request
[component_container_isolated-1] [INFO] [1790156627.776102840] [robot1.bt_navigator]: Begin navigating from current location (-0.93, -1.76) to (-1.69, -3.90)
[component_container_isolated-1] [INFO] [1790156628.286525193] [robot1.controller_server]: Passing new path to controller.
[component_container_isolated-1] [INFO] [1790156628.776006427] [robot1.bt_navigator]: Received goal preemption request
[component_container_isolated-1] [INFO] [1790156628.776100927] [robot1.bt_navigator]: Begin navigating from current location (-0.95, -1.80) to (-1.74, -4.26)
[component_container_isolated-1] [INFO] [1790156629.336521969] [robot1.controller_server]: Passing new path to controller.
[component_container_isolated-1] [INFO] [1790156629.766007063] [robot1.bt_navigator]: Received goal preemption request
[component_container_isolated-1] [INFO] [1790156629.766107851] [robot1.bt_navigator]: Begin navigating from current location (-0.95, -1.81) to (-1.70, -4.88)
[component_container_isolated-1] [INFO] [1790156630.386522707] [robot1.controller_server]: Passing new path to controller.
[component_container_isolated-1] [INFO] [1790156631.386584127] [robot1.controller_server]: Passing new path to controller.
[component_container_isolated-1] [INFO] [1790156632.436546780] [robot1.controller_server]: Passing new path to controller.
[component_container_isolated-1] [INFO] [1790156633.436580195] [robot1.controller_server]: Passing new path to controller.
[component_container_isolated-1] [INFO] [1790156634.486517876] [robot1.controller_server]: Passing new path to controller.
[component_container_isolated-1] [INFO] [1790156635.486521250] [robot1.controller_server]: Passing new path to controller.
[component_container_isolated-1] [INFO] [1790156636.536678312] [robot1.controller_server]: Passing new path to controller.
[component_container_isolated-1] [ERROR] [1790156637.486625471] [robot1.controller_server]: Failed to make progress
[component_container_isolated-1] [WARN] [1790156637.486688812] [robot1.controller_server]: [follow_path] [ActionServer] Aborting handle.
[component_container_isolated-1] [INFO] [1790156637.506083030] [robot1.local_costmap.local_costmap]: Received request to clear entirely the local_costmap
[component_container_isolated-1] [INFO] [1790156637.506542172] [robot1.controller_server]: Received a goal, begin computing control effort.
[component_container_isolated-1] [INFO] [1790156637.636691352] [robot1.controller_server]: Passing new path to controller.
[component_container_isolated-1] [WARN] [1790156637.638050416] [robot1.controller_server]: Control loop missed its desired rate of 20.0000Hz
[component_container_isolated-1] [INFO] [1790156638.564211688] [robot1.controller_server]: Passing new path to controller.
[component_container_isolated-1] [INFO] [1790156639.588125089] [robot1.controller_server]: Passing new path to controller.
[component_container_isolated-1] [ERROR] [1790156639.589583151] [tf_help]: Transform data too old when converting from map to odom
[component_container_isolated-1] [ERROR] [1790156639.589595953] [tf_help]: Data time: 1790156639s 566183218ns, Transform time: 1790156638s 434198281ns
[component_container_isolated-1] [ERROR] [1790156639.639453839] [tf_help]: Transform data too old when converting from map to odom
[component_container_isolated-1] [ERROR] [1790156639.639475585] [tf_help]: Data time: 1790156639s 566183218ns, Transform time: 1790156638s 434198281ns
[component_container_isolated-1] [ERROR] [1790156639.689636989] [tf_help]: Transform data too old when converting from map to odom
[component_container_isolated-1] [ERROR] [1790156639.689662633] [tf_help]: Data time: 1790156639s 566183218ns, Transform time: 1790156638s 434198281ns
[component_container_isolated-1] [ERROR] [1790156639.739538398] [tf_help]: Transform data too old when converting from map to odom
[component_container_isolated-1] [ERROR] [1790156639.739564306] [tf_help]: Data time: 1790156639s 566183218ns, Transform time: 1790156638s 434198281ns
[component_container_isolated-1] [ERROR] [1790156639.789533591] [tf_help]: Transform data too old when converting from map to odom
[component_container_isolated-1] [ERROR] [1790156639.789560266] [tf_help]: Data time: 1790156639s 566183218ns, Transform time: 1790156638s 434198281ns
[component_container_isolated-1] [ERROR] [1790156639.839428068] [tf_help]: Transform data too old when converting from map to odom
[component_container_isolated-1] [ERROR] [1790156639.839447482] [tf_help]: Data time: 1790156639s 566183218ns, Transform time: 1790156638s 434198281ns
[component_container_isolated-1] [ERROR] [1790156639.889474436] [tf_help]: Transform data too old when converting from map to odom
[component_container_isolated-1] [ERROR] [1790156639.889500444] [tf_help]: Data time: 1790156639s 566183218ns, Transform time: 1790156638s 434198281ns
[component_container_isolated-1] [ERROR] [1790156639.939439825] [tf_help]: Transform data too old when converting from map to odom
[component_container_isolated-1] [ERROR] [1790156639.939462593] [tf_help]: Data time: 1790156639s 566183218ns, Transform time: 1790156638s 434198281ns
[component_container_isolated-1] [ERROR] [1790156639.989490174] [tf_help]: Transform data too old when converting from map to odom
[component_container_isolated-1] [ERROR] [1790156639.989522092] [tf_help]: Data time: 1790156639s 566183218ns, Transform time: 1790156638s 434198281ns
[component_container_isolated-1] [ERROR] [1790156640.039377139] [tf_help]: Transform data too old when converting from map to odom
[component_container_isolated-1] [ERROR] [1790156640.039401473] [tf_help]: Data time: 1790156639s 566183218ns, Transform time: 1790156638s 434198281ns
[component_container_isolated-1] [ERROR] [1790156640.089448073] [tf_help]: Transform data too old when converting from map to odom
[component_container_isolated-1] [ERROR] [1790156640.089472165] [tf_help]: Data time: 1790156639s 566183218ns, Transform time: 1790156638s 434198281ns
[component_container_isolated-1] [ERROR] [1790156640.139452647] [tf_help]: Transform data too old when converting from map to odom
[component_container_isolated-1] [ERROR] [1790156640.139476750] [tf_help]: Data time: 1790156639s 566183218ns, Transform time: 1790156638s 434198281ns
[component_container_isolated-1] [ERROR] [1790156640.189481974] [tf_help]: Transform data too old when converting from map to odom
[component_container_isolated-1] [ERROR] [1790156640.189501961] [tf_help]: Data time: 1790156639s 566183218ns, Transform time: 1790156638s 434198281ns
[component_container_isolated-1] [ERROR] [1790156640.239394256] [tf_help]: Transform data too old when converting from map to odom
[component_container_isolated-1] [ERROR] [1790156640.239413916] [tf_help]: Data time: 1790156639s 566183218ns, Transform time: 1790156638s 434198281ns
[component_container_isolated-1] [ERROR] [1790156640.289446253] [tf_help]: Transform data too old when converting from map to odom
[component_container_isolated-1] [ERROR] [1790156640.289472805] [tf_help]: Data time: 1790156639s 566183218ns, Transform time: 1790156638s 434198281ns
[component_container_isolated-1] [ERROR] [1790156640.339433163] [tf_help]: Transform data too old when converting from map to odom
[component_container_isolated-1] [ERROR] [1790156640.339456316] [tf_help]: Data time: 1790156639s 566183218ns, Transform time: 1790156638s 434198281ns
[component_container_isolated-1] [ERROR] [1790156640.389429575] [tf_help]: Transform data too old when converting from map to odom
[component_container_isolated-1] [ERROR] [1790156640.389452476] [tf_help]: Data time: 1790156639s 566183218ns, Transform time: 1790156638s 434198281ns
[component_container_isolated-1] [ERROR] [1790156640.439406074] [tf_help]: Transform data too old when converting from map to odom
[component_container_isolated-1] [ERROR] [1790156640.439423471] [tf_help]: Data time: 1790156639s 566183218ns, Transform time: 1790156638s 434198281ns
[component_container_isolated-1] [ERROR] [1790156640.489436339] [tf_help]: Transform data too old when converting from map to odom
[component_container_isolated-1] [ERROR] [1790156640.489461236] [tf_help]: Data time: 1790156639s 566183218ns, Transform time: 1790156638s 434198281ns
[component_container_isolated-1] [ERROR] [1790156640.539439280] [tf_help]: Transform data too old when converting from map to odom
[component_container_isolated-1] [ERROR] [1790156640.539461465] [tf_help]: Data time: 1790156639s 566183218ns, Transform time: 1790156638s 434198281ns
[component_container_isolated-1] [ERROR] [1790156640.589493713] [tf_help]: Transform data too old when converting from map to odom
[component_container_isolated-1] [ERROR] [1790156640.589519359] [tf_help]: Data time: 1790156639s 566183218ns, Transform time: 1790156638s 434198281ns
[component_container_isolated-1] [INFO] [1790156640.638124713] [robot1.controller_server]: Passing new path to controller.
[component_container_isolated-1] [ERROR] [1790156640.639540810] [tf_help]: Transform data too old when converting from map to odom
[component_container_isolated-1] [ERROR] [1790156640.639559813] [tf_help]: Data time: 1790156640s 596216660ns, Transform time: 1790156638s 434198281ns
[component_container_isolated-1] [ERROR] [1790156640.689494323] [tf_help]: Transform data too old when converting from map to odom
[component_container_isolated-1] [ERROR] [1790156640.689528342] [tf_help]: Data time: 1790156640s 596216660ns, Transform time: 1790156638s 434198281ns
[component_container_isolated-1] [ERROR] [1790156640.739535538] [tf_help]: Transform data too old when converting from map to odom
[component_container_isolated-1] [ERROR] [1790156640.739560986] [tf_help]: Data time: 1790156640s 596216660ns, Transform time: 1790156638s 434198281ns
[component_container_isolated-1] [ERROR] [1790156640.789492395] [tf_help]: Transform data too old when converting from map to odom
[component_container_isolated-1] [ERROR] [1790156640.789525554] [tf_help]: Data time: 1790156640s 596216660ns, Transform time: 1790156638s 434198281ns
[component_container_isolated-1] [ERROR] [1790156640.839462409] [tf_help]: Transform data too old when converting from map to odom
[component_container_isolated-1] [ERROR] [1790156640.839481584] [tf_help]: Data time: 1790156640s 596216660ns, Transform time: 1790156638s 434198281ns
[component_container_isolated-1] [ERROR] [1790156640.889483156] [tf_help]: Transform data too old when converting from map to odom
[component_container_isolated-1] [ERROR] [1790156640.889503049] [tf_help]: Data time: 1790156640s 596216660ns, Transform time: 1790156638s 434198281ns
[component_container_isolated-1] [ERROR] [1790156640.939489846] [tf_help]: Transform data too old when converting from map to odom
[component_container_isolated-1] [ERROR] [1790156640.939520111] [tf_help]: Data time: 1790156640s 596216660ns, Transform time: 1790156638s 434198281ns
[component_container_isolated-1] [ERROR] [1790156640.989498747] [tf_help]: Transform data too old when converting from map to odom
[component_container_isolated-1] [ERROR] [1790156640.989529277] [tf_help]: Data time: 1790156640s 596216660ns, Transform time: 1790156638s 434198281ns
[component_container_isolated-1] [ERROR] [1790156641.039414352] [tf_help]: Transform data too old when converting from map to odom
[component_container_isolated-1] [ERROR] [1790156641.039435209] [tf_help]: Data time: 1790156640s 596216660ns, Transform time: 1790156638s 434198281ns
[component_container_isolated-1] [ERROR] [1790156641.089448079] [tf_help]: Transform data too old when converting from map to odom
[component_container_isolated-1] [ERROR] [1790156641.089473125] [tf_help]: Data time: 1790156640s 596216660ns, Transform time: 1790156638s 434198281ns
[component_container_isolated-1] [ERROR] [1790156641.139477073] [tf_help]: Transform data too old when converting from map to odom
[component_container_isolated-1] [ERROR] [1790156641.139502825] [tf_help]: Data time: 1790156640s 596216660ns, Transform time: 1790156638s 434198281ns
[component_container_isolated-1] [ERROR] [1790156641.189476896] [tf_help]: Transform data too old when converting from map to odom
[component_container_isolated-1] [ERROR] [1790156641.189500981] [tf_help]: Data time: 1790156640s 596216660ns, Transform time: 1790156639s 97353839ns
[component_container_isolated-1] [ERROR] [1790156641.239388289] [tf_help]: Transform data too old when converting from map to odom
[component_container_isolated-1] [ERROR] [1790156641.239408543] [tf_help]: Data time: 1790156640s 596216660ns, Transform time: 1790156639s 97353839ns
[component_container_isolated-1] [ERROR] [1790156641.289509179] [tf_help]: Transform data too old when converting from map to odom
[component_container_isolated-1] [ERROR] [1790156641.289538649] [tf_help]: Data time: 1790156640s 596216660ns, Transform time: 1790156639s 97353839ns
[component_container_isolated-1] [ERROR] [1790156641.339441210] [tf_help]: Transform data too old when converting from map to odom
[component_container_isolated-1] [ERROR] [1790156641.339463737] [tf_help]: Data time: 1790156640s 596216660ns, Transform time: 1790156639s 97353839ns
[component_container_isolated-1] [ERROR] [1790156641.389496724] [tf_help]: Transform data too old when converting from map to odom
[component_container_isolated-1] [ERROR] [1790156641.389524603] [tf_help]: Data time: 1790156640s 596216660ns, Transform time: 1790156639s 97353839ns
[component_container_isolated-1] [ERROR] [1790156641.439407629] [tf_help]: Transform data too old when converting from map to odom
[component_container_isolated-1] [ERROR] [1790156641.439426108] [tf_help]: Data time: 1790156640s 596216660ns, Transform time: 1790156639s 97353839ns
[component_container_isolated-1] [ERROR] [1790156641.489415925] [tf_help]: Transform data too old when converting from map to odom
[component_container_isolated-1] [ERROR] [1790156641.489435629] [tf_help]: Data time: 1790156640s 596216660ns, Transform time: 1790156639s 97353839ns
[component_container_isolated-1] [ERROR] [1790156641.539441585] [tf_help]: Transform data too old when converting from map to odom
[component_container_isolated-1] [ERROR] [1790156641.539488560] [tf_help]: Data time: 1790156640s 596216660ns, Transform time: 1790156639s 97353839ns
[component_container_isolated-1] [ERROR] [1790156641.589476812] [tf_help]: Transform data too old when converting from map to odom
[component_container_isolated-1] [ERROR] [1790156641.589533066] [tf_help]: Data time: 1790156640s 596216660ns, Transform time: 1790156639s 97353839ns
[component_container_isolated-1] [ERROR] [1790156641.639453929] [tf_help]: Transform data too old when converting from map to odom
[component_container_isolated-1] [ERROR] [1790156641.639504665] [tf_help]: Data time: 1790156640s 596216660ns, Transform time: 1790156639s 97353839ns
[component_container_isolated-1] [INFO] [1790156641.688217614] [robot1.controller_server]: Passing new path to controller.
[component_container_isolated-1] [ERROR] [1790156641.689737734] [tf_help]: Transform data too old when converting from map to odom
[component_container_isolated-1] [ERROR] [1790156641.689755395] [tf_help]: Data time: 1790156641s 626255897ns, Transform time: 1790156639s 97353839ns
[component_container_isolated-1] [ERROR] [1790156641.739560982] [tf_help]: Transform data too old when converting from map to odom
[component_container_isolated-1] [ERROR] [1790156641.739586387] [tf_help]: Data time: 1790156641s 626255897ns, Transform time: 1790156639s 97353839ns
[component_container_isolated-1] [ERROR] [1790156641.789569020] [tf_help]: Transform data too old when converting from map to odom
[component_container_isolated-1] [ERROR] [1790156641.789592366] [tf_help]: Data time: 1790156641s 626255897ns, Transform time: 1790156639s 97353839ns
[component_container_isolated-1] [ERROR] [1790156641.839431777] [tf_help]: Transform data too old when converting from map to odom
[component_container_isolated-1] [ERROR] [1790156641.839447806] [tf_help]: Data time: 1790156641s 626255897ns, Transform time: 1790156639s 97353839ns
[component_container_isolated-1] [ERROR] [1790156641.889484681] [tf_help]: Transform data too old when converting from map to odom
[component_container_isolated-1] [ERROR] [1790156641.889515126] [tf_help]: Data time: 1790156641s 626255897ns, Transform time: 1790156639s 97353839ns
[component_container_isolated-1] [ERROR] [1790156641.939460554] [tf_help]: Transform data too old when converting from map to odom
[component_container_isolated-1] [ERROR] [1790156641.939483553] [tf_help]: Data time: 1790156641s 626255897ns, Transform time: 1790156639s 97353839ns
[component_container_isolated-1] [ERROR] [1790156641.989483620] [tf_help]: Transform data too old when converting from map to odom
[component_container_isolated-1] [ERROR] [1790156641.989508147] [tf_help]: Data time: 1790156641s 626255897ns, Transform time: 1790156639s 97353839ns
[component_container_isolated-1] [ERROR] [1790156642.039466469] [tf_help]: Transform data too old when converting from map to odom
[component_container_isolated-1] [ERROR] [1790156642.039489067] [tf_help]: Data time: 1790156641s 626255897ns, Transform time: 1790156639s 97353839ns
[component_container_isolated-1] [ERROR] [1790156642.089501925] [tf_help]: Transform data too old when converting from map to odom
[component_container_isolated-1] [ERROR] [1790156642.089533293] [tf_help]: Data time: 1790156641s 626255897ns, Transform time: 1790156639s 97353839ns
[component_container_isolated-1] [ERROR] [1790156642.139477980] [tf_help]: Transform data too old when converting from map to odom
[component_container_isolated-1] [ERROR] [1790156642.139502291] [tf_help]: Data time: 1790156641s 626255897ns, Transform time: 1790156639s 97353839ns
[component_container_isolated-1] [ERROR] [1790156642.189465859] [tf_help]: Transform data too old when converting from map to odom
[component_container_isolated-1] [ERROR] [1790156642.189490298] [tf_help]: Data time: 1790156641s 626255897ns, Transform time: 1790156639s 97353839ns
[component_container_isolated-1] [ERROR] [1790156642.239493071] [tf_help]: Transform data too old when converting from map to odom
[component_container_isolated-1] [ERROR] [1790156642.239522529] [tf_help]: Data time: 1790156641s 626255897ns, Transform time: 1790156639s 97353839ns
[component_container_isolated-1] [ERROR] [1790156642.289485047] [tf_help]: Transform data too old when converting from map to odom
[component_container_isolated-1] [ERROR] [1790156642.289514749] [tf_help]: Data time: 1790156641s 626255897ns, Transform time: 1790156639s 97353839ns
[component_container_isolated-1] [ERROR] [1790156642.339474963] [tf_help]: Transform data too old when converting from map to odom
[component_container_isolated-1] [ERROR] [1790156642.339498882] [tf_help]: Data time: 1790156641s 626255897ns, Transform time: 1790156639s 97353839ns
[component_container_isolated-1] [ERROR] [1790156642.389465857] [tf_help]: Transform data too old when converting from map to odom
[component_container_isolated-1] [ERROR] [1790156642.389490751] [tf_help]: Data time: 1790156641s 626255897ns, Transform time: 1790156639s 97353839ns
[component_container_isolated-1] [ERROR] [1790156642.439430734] [tf_help]: Transform data too old when converting from map to odom
[component_container_isolated-1] [ERROR] [1790156642.439448328] [tf_help]: Data time: 1790156641s 626255897ns, Transform time: 1790156639s 97353839ns
[component_container_isolated-1] [ERROR] [1790156642.489483099] [tf_help]: Transform data too old when converting from map to odom
[component_container_isolated-1] [ERROR] [1790156642.489509102] [tf_help]: Data time: 1790156641s 626255897ns, Transform time: 1790156639s 97353839ns
[component_container_isolated-1] [ERROR] [1790156642.539407357] [tf_help]: Transform data too old when converting from map to odom
[component_container_isolated-1] [ERROR] [1790156642.539431096] [tf_help]: Data time: 1790156641s 626255897ns, Transform time: 1790156639s 97353839ns
[component_container_isolated-1] [ERROR] [1790156642.589446956] [tf_help]: Transform data too old when converting from map to odom
[component_container_isolated-1] [ERROR] [1790156642.589471170] [tf_help]: Data time: 1790156641s 626255897ns, Transform time: 1790156639s 97353839ns
[component_container_isolated-1] [ERROR] [1790156642.639428673] [tf_help]: Transform data too old when converting from map to odom
[component_container_isolated-1] [ERROR] [1790156642.639448776] [tf_help]: Data time: 1790156641s 626255897ns, Transform time: 1790156639s 97353839ns
[component_container_isolated-1] [INFO] [1790156642.688122438] [robot1.controller_server]: Passing new path to controller.
[component_container_isolated-1] [ERROR] [1790156642.689506292] [tf_help]: Transform data too old when converting from map to odom
[component_container_isolated-1] [ERROR] [1790156642.689520360] [tf_help]: Data time: 1790156642s 656208120ns, Transform time: 1790156639s 97353839ns
[component_container_isolated-1] [ERROR] [1790156642.739474790] [tf_help]: Transform data too old when converting from map to odom
[component_container_isolated-1] [ERROR] [1790156642.739502586] [tf_help]: Data time: 1790156642s 656208120ns, Transform time: 1790156639s 97353839ns
[component_container_isolated-1] [ERROR] [1790156642.789458401] [tf_help]: Transform data too old when converting from map to odom
[component_container_isolated-1] [ERROR] [1790156642.789485968] [tf_help]: Data time: 1790156642s 656208120ns, Transform time: 1790156639s 97353839ns
[component_container_isolated-1] [ERROR] [1790156642.839437455] [tf_help]: Transform data too old when converting from map to odom
[component_container_isolated-1] [ERROR] [1790156642.839456965] [tf_help]: Data time: 1790156642s 656208120ns, Transform time: 1790156639s 97353839ns
[component_container_isolated-1] [ERROR] [1790156642.889424102] [tf_help]: Transform data too old when converting from map to odom
[component_container_isolated-1] [ERROR] [1790156642.889441640] [tf_help]: Data time: 1790156642s 656208120ns, Transform time: 1790156639s 97353839ns
[component_container_isolated-1] [ERROR] [1790156642.939464628] [tf_help]: Transform data too old when converting from map to odom
[component_container_isolated-1] [ERROR] [1790156642.939490521] [tf_help]: Data time: 1790156642s 656208120ns, Transform time: 1790156639s 97353839ns
[component_container_isolated-1] [ERROR] [1790156642.989472591] [tf_help]: Transform data too old when converting from map to odom
[component_container_isolated-1] [ERROR] [1790156642.989497716] [tf_help]: Data time: 1790156642s 656208120ns, Transform time: 1790156639s 97353839ns
[component_container_isolated-1] [ERROR] [1790156643.039440932] [tf_help]: Transform data too old when converting from map to odom
[component_container_isolated-1] [ERROR] [1790156643.039463940] [tf_help]: Data time: 1790156642s 656208120ns, Transform time: 1790156639s 97353839ns
[component_container_isolated-1] [ERROR] [1790156643.089481333] [tf_help]: Transform data too old when converting from map to odom
[component_container_isolated-1] [ERROR] [1790156643.089504075] [tf_help]: Data time: 1790156642s 656208120ns, Transform time: 1790156639s 97353839ns
[component_container_isolated-1] [ERROR] [1790156643.139438019] [tf_help]: Transform data too old when converting from map to odom
[component_container_isolated-1] [ERROR] [1790156643.139462496] [tf_help]: Data time: 1790156642s 656208120ns, Transform time: 1790156639s 97353839ns
[component_container_isolated-1] [ERROR] [1790156643.189480580] [tf_help]: Transform data too old when converting from map to odom
[component_container_isolated-1] [ERROR] [1790156643.189502025] [tf_help]: Data time: 1790156642s 656208120ns, Transform time: 1790156639s 97353839ns
[component_container_isolated-1] [ERROR] [1790156643.239428931] [tf_help]: Transform data too old when converting from map to odom
[component_container_isolated-1] [ERROR] [1790156643.239449159] [tf_help]: Data time: 1790156642s 656208120ns, Transform time: 1790156639s 97353839ns
[component_container_isolated-1] [ERROR] [1790156643.289456278] [tf_help]: Transform data too old when converting from map to odom
[component_container_isolated-1] [ERROR] [1790156643.289477195] [tf_help]: Data time: 1790156642s 656208120ns, Transform time: 1790156639s 97353839ns
[component_container_isolated-1] [ERROR] [1790156643.339481246] [tf_help]: Transform data too old when converting from map to odom
[component_container_isolated-1] [ERROR] [1790156643.339506011] [tf_help]: Data time: 1790156642s 656208120ns, Transform time: 1790156639s 97353839ns
[component_container_isolated-1] [ERROR] [1790156643.389504457] [tf_help]: Transform data too old when converting from map to odom
[component_container_isolated-1] [ERROR] [1790156643.389531875] [tf_help]: Data time: 1790156642s 656208120ns, Transform time: 1790156639s 97353839ns
[component_container_isolated-1] [ERROR] [1790156643.439406987] [tf_help]: Transform data too old when converting from map to odom
[component_container_isolated-1] [ERROR] [1790156643.439423815] [tf_help]: Data time: 1790156642s 656208120ns, Transform time: 1790156639s 97353839ns
[component_container_isolated-1] [ERROR] [1790156643.489456630] [tf_help]: Transform data too old when converting from map to odom
[component_container_isolated-1] [ERROR] [1790156643.489488431] [tf_help]: Data time: 1790156642s 656208120ns, Transform time: 1790156639s 97353839ns
[component_container_isolated-1] [ERROR] [1790156643.539414521] [tf_help]: Transform data too old when converting from map to odom
[component_container_isolated-1] [ERROR] [1790156643.539437019] [tf_help]: Data time: 1790156642s 656208120ns, Transform time: 1790156639s 97353839ns
[component_container_isolated-1] [ERROR] [1790156643.589477806] [tf_help]: Transform data too old when converting from map to odom
[component_container_isolated-1] [ERROR] [1790156643.589503016] [tf_help]: Data time: 1790156642s 656208120ns, Transform time: 1790156639s 97353839ns
[component_container_isolated-1] [ERROR] [1790156643.639405249] [tf_help]: Transform data too old when converting from map to odom
[component_container_isolated-1] [ERROR] [1790156643.639422364] [tf_help]: Data time: 1790156642s 656208120ns, Transform time: 1790156639s 97353839ns
[component_container_isolated-1] [ERROR] [1790156643.689472058] [tf_help]: Transform data too old when converting from map to odom
[component_container_isolated-1] [ERROR] [1790156643.689495586] [tf_help]: Data time: 1790156642s 656208120ns, Transform time: 1790156639s 97353839ns
[component_container_isolated-1] [INFO] [1790156643.738136165] [robot1.controller_server]: Passing new path to controller.
[component_container_isolated-1] [ERROR] [1790156643.739584184] [tf_help]: Transform data too old when converting from map to odom
[component_container_isolated-1] [ERROR] [1790156643.739596787] [tf_help]: Data time: 1790156643s 686249396ns, Transform time: 1790156639s 97353839ns
[component_container_isolated-1] [ERROR] [1790156643.789458555] [tf_help]: Transform data too old when converting from map to odom
[component_container_isolated-1] [ERROR] [1790156643.789479941] [tf_help]: Data time: 1790156643s 686249396ns, Transform time: 1790156639s 97353839ns
[component_container_isolated-1] [ERROR] [1790156643.839481377] [tf_help]: Transform data too old when converting from map to odom
[component_container_isolated-1] [ERROR] [1790156643.839501485] [tf_help]: Data time: 1790156643s 686249396ns, Transform time: 1790156639s 97353839ns
[component_container_isolated-1] [ERROR] [1790156643.889461369] [tf_help]: Transform data too old when converting from map to odom
[component_container_isolated-1] [ERROR] [1790156643.889487340] [tf_help]: Data time: 1790156643s 686249396ns, Transform time: 1790156639s 97353839ns
[component_container_isolated-1] [ERROR] [1790156643.939440742] [tf_help]: Transform data too old when converting from map to odom
[component_container_isolated-1] [ERROR] [1790156643.939464188] [tf_help]: Data time: 1790156643s 686249396ns, Transform time: 1790156639s 97353839ns
[component_container_isolated-1] [ERROR] [1790156643.989505401] [tf_help]: Transform data too old when converting from map to odom
[component_container_isolated-1] [ERROR] [1790156643.989536984] [tf_help]: Data time: 1790156643s 686249396ns, Transform time: 1790156639s 97353839ns
[component_container_isolated-1] [ERROR] [1790156644.039454331] [tf_help]: Transform data too old when converting from map to odom
[component_container_isolated-1] [ERROR] [1790156644.039481230] [tf_help]: Data time: 1790156643s 686249396ns, Transform time: 1790156639s 97353839ns
[component_container_isolated-1] [ERROR] [1790156644.089489941] [tf_help]: Transform data too old when converting from map to odom
[component_container_isolated-1] [ERROR] [1790156644.089513315] [tf_help]: Data time: 1790156643s 686249396ns, Transform time: 1790156639s 97353839ns
[component_container_isolated-1] [ERROR] [1790156644.139502120] [tf_help]: Transform data too old when converting from map to odom
[component_container_isolated-1] [ERROR] [1790156644.139531516] [tf_help]: Data time: 1790156643s 686249396ns, Transform time: 1790156639s 97353839ns
[component_container_isolated-1] [ERROR] [1790156644.189479771] [tf_help]: Transform data too old when converting from map to odom
[component_container_isolated-1] [ERROR] [1790156644.189502707] [tf_help]: Data time: 1790156643s 686249396ns, Transform time: 1790156639s 97353839ns
[component_container_isolated-1] [ERROR] [1790156644.239443374] [tf_help]: Transform data too old when converting from map to odom
[component_container_isolated-1] [ERROR] [1790156644.239468244] [tf_help]: Data time: 1790156643s 686249396ns, Transform time: 1790156639s 97353839ns
[component_container_isolated-1] [ERROR] [1790156644.289452711] [tf_help]: Transform data too old when converting from map to odom
[component_container_isolated-1] [ERROR] [1790156644.289478853] [tf_help]: Data time: 1790156643s 686249396ns, Transform time: 1790156639s 97353839ns
[component_container_isolated-1] [ERROR] [1790156644.339502731] [tf_help]: Transform data too old when converting from map to odom
[component_container_isolated-1] [ERROR] [1790156644.339532806] [tf_help]: Data time: 1790156643s 686249396ns, Transform time: 1790156639s 97353839ns
[component_container_isolated-1] [ERROR] [1790156644.389525128] [tf_help]: Transform data too old when converting from map to odom
[component_container_isolated-1] [ERROR] [1790156644.389549504] [tf_help]: Data time: 1790156643s 686249396ns, Transform time: 1790156639s 97353839ns
[component_container_isolated-1] [ERROR] [1790156644.439389963] [tf_help]: Transform data too old when converting from map to odom
[component_container_isolated-1] [ERROR] [1790156644.439418212] [tf_help]: Data time: 1790156643s 686249396ns, Transform time: 1790156639s 97353839ns
[component_container_isolated-1] [ERROR] [1790156644.489399514] [tf_help]: Transform data too old when converting from map to odom
[component_container_isolated-1] [ERROR] [1790156644.489418074] [tf_help]: Data time: 1790156643s 686249396ns, Transform time: 1790156639s 97353839ns
[component_container_isolated-1] [ERROR] [1790156644.539438654] [tf_help]: Transform data too old when converting from map to odom
[component_container_isolated-1] [ERROR] [1790156644.539461361] [tf_help]: Data time: 1790156643s 686249396ns, Transform time: 1790156639s 97353839ns
[component_container_isolated-1] [ERROR] [1790156644.589441604] [tf_help]: Transform data too old when converting from map to odom
[component_container_isolated-1] [ERROR] [1790156644.589463806] [tf_help]: Data time: 1790156643s 686249396ns, Transform time: 1790156639s 97353839ns
[component_container_isolated-1] [ERROR] [1790156644.639472774] [tf_help]: Transform data too old when converting from map to odom
[component_container_isolated-1] [ERROR] [1790156644.639492057] [tf_help]: Data time: 1790156643s 686249396ns, Transform time: 1790156639s 97353839ns
[component_container_isolated-1] [ERROR] [1790156644.689536570] [tf_help]: Transform data too old when converting from map to odom
[component_container_isolated-1] [ERROR] [1790156644.689557542] [tf_help]: Data time: 1790156643s 686249396ns, Transform time: 1790156639s 97353839ns
[component_container_isolated-1] [INFO] [1790156644.738131628] [robot1.controller_server]: Passing new path to controller.
[component_container_isolated-1] [ERROR] [1790156644.739563342] [tf_help]: Transform data too old when converting from map to odom
[component_container_isolated-1] [ERROR] [1790156644.739576024] [tf_help]: Data time: 1790156644s 716235388ns, Transform time: 1790156639s 97353839ns
[component_container_isolated-1] [ERROR] [1790156644.789900448] [tf_help]: Transform data too old when converting from map to odom
[component_container_isolated-1] [ERROR] [1790156644.789924360] [tf_help]: Data time: 1790156644s 716235388ns, Transform time: 1790156639s 97353839ns
[component_container_isolated-1] [ERROR] [1790156644.839440231] [tf_help]: Transform data too old when converting from map to odom
[component_container_isolated-1] [ERROR] [1790156644.839457612] [tf_help]: Data time: 1790156644s 716235388ns, Transform time: 1790156639s 97353839ns
[component_container_isolated-1] [ERROR] [1790156644.889455703] [tf_help]: Transform data too old when converting from map to odom
[component_container_isolated-1] [ERROR] [1790156644.889479091] [tf_help]: Data time: 1790156644s 716235388ns, Transform time: 1790156639s 97353839ns
[component_container_isolated-1] [ERROR] [1790156644.939472940] [tf_help]: Transform data too old when converting from map to odom
[component_container_isolated-1] [ERROR] [1790156644.939497418] [tf_help]: Data time: 1790156644s 716235388ns, Transform time: 1790156639s 97353839ns
[component_container_isolated-1] [ERROR] [1790156644.989482126] [tf_help]: Transform data too old when converting from map to odom
[component_container_isolated-1] [ERROR] [1790156644.989507707] [tf_help]: Data time: 1790156644s 716235388ns, Transform time: 1790156639s 97353839ns
[component_container_isolated-1] [ERROR] [1790156645.039463727] [tf_help]: Transform data too old when converting from map to odom
[component_container_isolated-1] [ERROR] [1790156645.039487242] [tf_help]: Data time: 1790156644s 716235388ns, Transform time: 1790156639s 97353839ns
[component_container_isolated-1] [ERROR] [1790156645.089490992] [tf_help]: Transform data too old when converting from map to odom
[component_container_isolated-1] [ERROR] [1790156645.089520109] [tf_help]: Data time: 1790156644s 716235388ns, Transform time: 1790156639s 97353839ns
[component_container_isolated-1] [ERROR] [1790156645.139699814] [tf_help]: Transform data too old when converting from map to odom
[component_container_isolated-1] [ERROR] [1790156645.139725008] [tf_help]: Data time: 1790156644s 716235388ns, Transform time: 1790156639s 97353839ns
[component_container_isolated-1] [ERROR] [1790156645.189443101] [tf_help]: Transform data too old when converting from map to odom
[component_container_isolated-1] [ERROR] [1790156645.189467898] [tf_help]: Data time: 1790156644s 716235388ns, Transform time: 1790156639s 97353839ns
[component_container_isolated-1] [ERROR] [1790156645.239428870] [tf_help]: Transform data too old when converting from map to odom
[component_container_isolated-1] [ERROR] [1790156645.239445014] [tf_help]: Data time: 1790156644s 716235388ns, Transform time: 1790156639s 97353839ns
[component_container_isolated-1] [ERROR] [1790156645.289457152] [tf_help]: Transform data too old when converting from map to odom
[component_container_isolated-1] [ERROR] [1790156645.289482029] [tf_help]: Data time: 1790156644s 716235388ns, Transform time: 1790156639s 97353839ns
[component_container_isolated-1] [ERROR] [1790156645.339458387] [tf_help]: Transform data too old when converting from map to odom
[component_container_isolated-1] [ERROR] [1790156645.339480047] [tf_help]: Data time: 1790156644s 716235388ns, Transform time: 1790156639s 97353839ns
[component_container_isolated-1] [ERROR] [1790156645.389453752] [tf_help]: Transform data too old when converting from map to odom
[component_container_isolated-1] [ERROR] [1790156645.389472472] [tf_help]: Data time: 1790156644s 716235388ns, Transform time: 1790156639s 97353839ns
[component_container_isolated-1] [ERROR] [1790156645.439554986] [tf_help]: Transform data too old when converting from map to odom
[component_container_isolated-1] [ERROR] [1790156645.439573665] [tf_help]: Data time: 1790156644s 716235388ns, Transform time: 1790156639s 97353839ns
[component_container_isolated-1] [ERROR] [1790156645.489687679] [tf_help]: Transform data too old when converting from map to odom
[component_container_isolated-1] [ERROR] [1790156645.489714098] [tf_help]: Data time: 1790156644s 716235388ns, Transform time: 1790156639s 97353839ns
[component_container_isolated-1] [ERROR] [1790156645.539489029] [tf_help]: Transform data too old when converting from map to odom
[component_container_isolated-1] [ERROR] [1790156645.539516298] [tf_help]: Data time: 1790156644s 716235388ns, Transform time: 1790156639s 97353839ns
[component_container_isolated-1] [ERROR] [1790156645.589576486] [tf_help]: Transform data too old when converting from map to odom
[component_container_isolated-1] [ERROR] [1790156645.589596478] [tf_help]: Data time: 1790156644s 716235388ns, Transform time: 1790156639s 97353839ns
[component_container_isolated-1] [ERROR] [1790156645.639476834] [tf_help]: Transform data too old when converting from map to odom
[component_container_isolated-1] [ERROR] [1790156645.639500988] [tf_help]: Data time: 1790156644s 716235388ns, Transform time: 1790156639s 97353839ns
[component_container_isolated-1] [ERROR] [1790156645.689543833] [tf_help]: Transform data too old when converting from map to odom
[component_container_isolated-1] [ERROR] [1790156645.689567328] [tf_help]: Data time: 1790156644s 716235388ns, Transform time: 1790156639s 97353839ns
[component_container_isolated-1] [ERROR] [1790156645.739526733] [tf_help]: Transform data too old when converting from map to odom
[component_container_isolated-1] [ERROR] [1790156645.739553055] [tf_help]: Data time: 1790156644s 716235388ns, Transform time: 1790156639s 97353839ns
[component_container_isolated-1] [INFO] [1790156645.788130020] [robot1.controller_server]: Passing new path to controller.
[component_container_isolated-1] [ERROR] [1790156645.789560784] [tf_help]: Transform data too old when converting from map to odom
[component_container_isolated-1] [ERROR] [1790156645.789573234] [tf_help]: Data time: 1790156645s 746308366ns, Transform time: 1790156639s 97353839ns
[component_container_isolated-1] [ERROR] [1790156645.839402634] [tf_help]: Transform data too old when converting from map to odom
[component_container_isolated-1] [ERROR] [1790156645.839425270] [tf_help]: Data time: 1790156645s 746308366ns, Transform time: 1790156639s 97353839ns
[component_container_isolated-1] [ERROR] [1790156645.889462001] [tf_help]: Transform data too old when converting from map to odom
[component_container_isolated-1] [ERROR] [1790156645.889482863] [tf_help]: Data time: 1790156645s 746308366ns, Transform time: 1790156639s 97353839ns
[component_container_isolated-1] [ERROR] [1790156645.939507084] [tf_help]: Transform data too old when converting from map to odom
[component_container_isolated-1] [ERROR] [1790156645.939536596] [tf_help]: Data time: 1790156645s 746308366ns, Transform time: 1790156639s 97353839ns
[component_container_isolated-1] [ERROR] [1790156645.989494336] [tf_help]: Transform data too old when converting from map to odom
[component_container_isolated-1] [ERROR] [1790156645.989525171] [tf_help]: Data time: 1790156645s 746308366ns, Transform time: 1790156639s 97353839ns
[component_container_isolated-1] [ERROR] [1790156646.039421465] [tf_help]: Transform data too old when converting from map to odom
[component_container_isolated-1] [ERROR] [1790156646.039444815] [tf_help]: Data time: 1790156645s 746308366ns, Transform time: 1790156639s 97353839ns
[component_container_isolated-1] [ERROR] [1790156646.089468619] [tf_help]: Transform data too old when converting from map to odom
[component_container_isolated-1] [ERROR] [1790156646.089495790] [tf_help]: Data time: 1790156645s 746308366ns, Transform time: 1790156639s 97353839ns
[component_container_isolated-1] [ERROR] [1790156646.139509123] [tf_help]: Transform data too old when converting from map to odom
[component_container_isolated-1] [ERROR] [1790156646.139538696] [tf_help]: Data time: 1790156645s 746308366ns, Transform time: 1790156639s 97353839ns
[component_container_isolated-1] [ERROR] [1790156646.189507954] [tf_help]: Transform data too old when converting from map to odom
[component_container_isolated-1] [ERROR] [1790156646.189536367] [tf_help]: Data time: 1790156645s 746308366ns, Transform time: 1790156639s 97353839ns
[component_container_isolated-1] [ERROR] [1790156646.239387836] [tf_help]: Transform data too old when converting from map to odom
[component_container_isolated-1] [ERROR] [1790156646.239408490] [tf_help]: Data time: 1790156645s 746308366ns, Transform time: 1790156639s 97353839ns
[component_container_isolated-1] [ERROR] [1790156646.289405245] [tf_help]: Transform data too old when converting from map to odom
[component_container_isolated-1] [ERROR] [1790156646.289431126] [tf_help]: Data time: 1790156645s 746308366ns, Transform time: 1790156639s 97353839ns
[component_container_isolated-1] [ERROR] [1790156646.339455169] [tf_help]: Transform data too old when converting from map to odom
[component_container_isolated-1] [ERROR] [1790156646.339481161] [tf_help]: Data time: 1790156645s 746308366ns, Transform time: 1790156639s 97353839ns
[component_container_isolated-1] [ERROR] [1790156646.389434364] [tf_help]: Transform data too old when converting from map to odom
[component_container_isolated-1] [ERROR] [1790156646.389459127] [tf_help]: Data time: 1790156645s 746308366ns, Transform time: 1790156639s 97353839ns
[component_container_isolated-1] [ERROR] [1790156646.439508161] [tf_help]: Transform data too old when converting from map to odom
[component_container_isolated-1] [ERROR] [1790156646.439535537] [tf_help]: Data time: 1790156645s 746308366ns, Transform time: 1790156639s 97353839ns
[component_container_isolated-1] [ERROR] [1790156646.489512989] [tf_help]: Transform data too old when converting from map to odom
[component_container_isolated-1] [ERROR] [1790156646.489536415] [tf_help]: Data time: 1790156645s 746308366ns, Transform time: 1790156639s 97353839ns
[component_container_isolated-1] [ERROR] [1790156646.539448208] [tf_help]: Transform data too old when converting from map to odom
[component_container_isolated-1] [ERROR] [1790156646.539471913] [tf_help]: Data time: 1790156645s 746308366ns, Transform time: 1790156639s 97353839ns
[component_container_isolated-1] [ERROR] [1790156646.589449742] [tf_help]: Transform data too old when converting from map to odom
[component_container_isolated-1] [ERROR] [1790156646.589471318] [tf_help]: Data time: 1790156645s 746308366ns, Transform time: 1790156639s 97353839ns
[component_container_isolated-1] [ERROR] [1790156646.639427722] [tf_help]: Transform data too old when converting from map to odom
[component_container_isolated-1] [ERROR] [1790156646.639445151] [tf_help]: Data time: 1790156645s 746308366ns, Transform time: 1790156639s 97353839ns
[component_container_isolated-1] [ERROR] [1790156646.689453430] [tf_help]: Transform data too old when converting from map to odom
[component_container_isolated-1] [ERROR] [1790156646.689478598] [tf_help]: Data time: 1790156645s 746308366ns, Transform time: 1790156639s 97353839ns
[component_container_isolated-1] [ERROR] [1790156646.740074752] [tf_help]: Transform data too old when converting from map to odom
[component_container_isolated-1] [ERROR] [1790156646.740102681] [tf_help]: Data time: 1790156645s 746308366ns, Transform time: 1790156639s 97353839ns
[component_container_isolated-1] [ERROR] [1790156646.789474173] [tf_help]: Transform data too old when converting from map to odom
[component_container_isolated-1] [ERROR] [1790156646.789498046] [tf_help]: Data time: 1790156645s 746308366ns, Transform time: 1790156639s 97353839ns
[component_container_isolated-1] [INFO] [1790156646.838144719] [robot1.controller_server]: Passing new path to controller.
[component_container_isolated-1] [ERROR] [1790156646.839612195] [tf_help]: Transform data too old when converting from map to odom
[component_container_isolated-1] [ERROR] [1790156646.839624634] [tf_help]: Data time: 1790156646s 776239490ns, Transform time: 1790156639s 97353839ns
[component_container_isolated-1] [ERROR] [1790156646.889451661] [tf_help]: Transform data too old when converting from map to odom
[component_container_isolated-1] [ERROR] [1790156646.889467277] [tf_help]: Data time: 1790156646s 776239490ns, Transform time: 1790156639s 97353839ns
[component_container_isolated-1] [ERROR] [1790156646.939598693] [tf_help]: Transform data too old when converting from map to odom
[component_container_isolated-1] [ERROR] [1790156646.939623576] [tf_help]: Data time: 1790156646s 776239490ns, Transform time: 1790156639s 97353839ns
[component_container_isolated-1] [ERROR] [1790156646.989462453] [tf_help]: Transform data too old when converting from map to odom
[component_container_isolated-1] [ERROR] [1790156646.989487104] [tf_help]: Data time: 1790156646s 776239490ns, Transform time: 1790156639s 97353839ns
[component_container_isolated-1] [ERROR] [1790156647.039436477] [tf_help]: Transform data too old when converting from map to odom
[component_container_isolated-1] [ERROR] [1790156647.039461109] [tf_help]: Data time: 1790156646s 776239490ns, Transform time: 1790156639s 97353839ns
[component_container_isolated-1] [ERROR] [1790156647.089465306] [tf_help]: Transform data too old when converting from map to odom
[component_container_isolated-1] [ERROR] [1790156647.089484468] [tf_help]: Data time: 1790156646s 776239490ns, Transform time: 1790156639s 97353839ns
[component_container_isolated-1] [ERROR] [1790156647.139486714] [tf_help]: Transform data too old when converting from map to odom
[component_container_isolated-1] [ERROR] [1790156647.139515348] [tf_help]: Data time: 1790156646s 776239490ns, Transform time: 1790156639s 97353839ns
[component_container_isolated-1] [ERROR] [1790156647.189532373] [tf_help]: Transform data too old when converting from map to odom
[component_container_isolated-1] [ERROR] [1790156647.189549739] [tf_help]: Data time: 1790156646s 776239490ns, Transform time: 1790156639s 97353839ns
[component_container_isolated-1] [ERROR] [1790156647.239419805] [tf_help]: Transform data too old when converting from map to odom
[component_container_isolated-1] [ERROR] [1790156647.239437364] [tf_help]: Data time: 1790156646s 776239490ns, Transform time: 1790156639s 97353839ns
[component_container_isolated-1] [ERROR] [1790156647.289451584] [tf_help]: Transform data too old when converting from map to odom
[component_container_isolated-1] [ERROR] [1790156647.289478542] [tf_help]: Data time: 1790156646s 776239490ns, Transform time: 1790156639s 97353839ns
[component_container_isolated-1] [ERROR] [1790156647.339526078] [tf_help]: Transform data too old when converting from map to odom
[component_container_isolated-1] [ERROR] [1790156647.339550641] [tf_help]: Data time: 1790156646s 776239490ns, Transform time: 1790156639s 97353839ns
[component_container_isolated-1] [ERROR] [1790156647.389468494] [tf_help]: Transform data too old when converting from map to odom
[component_container_isolated-1] [ERROR] [1790156647.389492007] [tf_help]: Data time: 1790156646s 776239490ns, Transform time: 1790156639s 97353839ns
[component_container_isolated-1] [ERROR] [1790156647.439467604] [tf_help]: Transform data too old when converting from map to odom
[component_container_isolated-1] [ERROR] [1790156647.439490766] [tf_help]: Data time: 1790156646s 776239490ns, Transform time: 1790156639s 97353839ns
[component_container_isolated-1] [ERROR] [1790156647.489459391] [tf_help]: Transform data too old when converting from map to odom
[component_container_isolated-1] [ERROR] [1790156647.489484386] [tf_help]: Data time: 1790156646s 776239490ns, Transform time: 1790156639s 97353839ns
[component_container_isolated-1] [ERROR] [1790156647.539493083] [tf_help]: Transform data too old when converting from map to odom
[component_container_isolated-1] [ERROR] [1790156647.539521975] [tf_help]: Data time: 1790156646s 776239490ns, Transform time: 1790156639s 97353839ns
[component_container_isolated-1] [ERROR] [1790156647.589449443] [tf_help]: Transform data too old when converting from map to odom
[component_container_isolated-1] [ERROR] [1790156647.589473764] [tf_help]: Data time: 1790156646s 776239490ns, Transform time: 1790156639s 97353839ns
[component_container_isolated-1] [ERROR] [1790156647.638130962] [robot1.controller_server]: Failed to make progress
[component_container_isolated-1] [WARN] [1790156647.638178081] [robot1.controller_server]: [follow_path] [ActionServer] Aborting handle.
[component_container_isolated-1] [INFO] [1790156647.656045916] [robot1.local_costmap.local_costmap]: Received request to clear entirely the local_costmap
[component_container_isolated-1] [INFO] [1790156647.656180975] [robot1.global_costmap.global_costmap]: Received request to clear entirely the global_costmap
[component_container_isolated-1] [WARN] [1790156648.376876131] [robot1.planner_server]: Planner loop missed its desired rate of 20.0000 Hz. Current loop rate is 1.3881 Hz
[component_container_isolated-1] [INFO] [1790156648.396442750] [robot1.controller_server]: Received a goal, begin computing control effort.
[component_container_isolated-1] [ERROR] [1790156648.396681109] [tf_help]: Transform data too old when converting from odom to map
[component_container_isolated-1] [ERROR] [1790156648.396699044] [tf_help]: Data time: 1790156642s 461892968ns, Transform time: 1790156639s 97353839ns
[component_container_isolated-1] [WARN] [1790156648.396713895] [robot1.controller_server]: Unable to transform robot pose into global plan's frame
[component_container_isolated-1] [ERROR] [1790156648.396761658] [tf_help]: Transform data too old when converting from map to odom
[component_container_isolated-1] [ERROR] [1790156648.396763943] [tf_help]: Data time: 1790156648s 376581072ns, Transform time: 1790156639s 97353839ns
[component_container_isolated-1] [ERROR] [1790156648.446748198] [tf_help]: Transform data too old when converting from odom to map
[component_container_isolated-1] [ERROR] [1790156648.446771998] [tf_help]: Data time: 1790156642s 461892968ns, Transform time: 1790156639s 97353839ns
[component_container_isolated-1] [WARN] [1790156648.446788074] [robot1.controller_server]: Unable to transform robot pose into global plan's frame
[component_container_isolated-1] [ERROR] [1790156648.446841598] [tf_help]: Transform data too old when converting from map to odom
[component_container_isolated-1] [ERROR] [1790156648.446844258] [tf_help]: Data time: 1790156648s 376581072ns, Transform time: 1790156639s 97353839ns
[component_container_isolated-1] [ERROR] [1790156648.496862346] [tf_help]: Transform data too old when converting from odom to map
[component_container_isolated-1] [ERROR] [1790156648.496886096] [tf_help]: Data time: 1790156642s 461892968ns, Transform time: 1790156639s 97353839ns
[component_container_isolated-1] [WARN] [1790156648.496902569] [robot1.controller_server]: Unable to transform robot pose into global plan's frame
[component_container_isolated-1] [ERROR] [1790156648.496954041] [tf_help]: Transform data too old when converting from map to odom
[component_container_isolated-1] [ERROR] [1790156648.496956726] [tf_help]: Data time: 1790156648s 376581072ns, Transform time: 1790156639s 97353839ns
[component_container_isolated-1] [ERROR] [1790156648.546828250] [tf_help]: Transform data too old when converting from odom to map
[component_container_isolated-1] [ERROR] [1790156648.546883151] [tf_help]: Data time: 1790156642s 461892968ns, Transform time: 1790156639s 97353839ns
[component_container_isolated-1] [WARN] [1790156648.546898893] [robot1.controller_server]: Unable to transform robot pose into global plan's frame
[component_container_isolated-1] [ERROR] [1790156648.546950150] [tf_help]: Transform data too old when converting from map to odom
[component_container_isolated-1] [ERROR] [1790156648.546952885] [tf_help]: Data time: 1790156648s 376581072ns, Transform time: 1790156639s 97353839ns
[component_container_isolated-1] [ERROR] [1790156648.596734855] [tf_help]: Transform data too old when converting from odom to map
[component_container_isolated-1] [ERROR] [1790156648.596755308] [tf_help]: Data time: 1790156642s 461892968ns, Transform time: 1790156639s 97353839ns
[component_container_isolated-1] [WARN] [1790156648.596769601] [robot1.controller_server]: Unable to transform robot pose into global plan's frame
[component_container_isolated-1] [ERROR] [1790156648.596814852] [tf_help]: Transform data too old when converting from map to odom
[component_container_isolated-1] [ERROR] [1790156648.596817338] [tf_help]: Data time: 1790156648s 376581072ns, Transform time: 1790156639s 97353839ns
[component_container_isolated-1] [ERROR] [1790156648.646829305] [tf_help]: Transform data too old when converting from odom to map
[component_container_isolated-1] [ERROR] [1790156648.646876979] [tf_help]: Data time: 1790156642s 461892968ns, Transform time: 1790156639s 97353839ns
[component_container_isolated-1] [WARN] [1790156648.646893265] [robot1.controller_server]: Unable to transform robot pose into global plan's frame
[component_container_isolated-1] [ERROR] [1790156648.646942157] [tf_help]: Transform data too old when converting from map to odom
[component_container_isolated-1] [ERROR] [1790156648.646944664] [tf_help]: Data time: 1790156648s 376581072ns, Transform time: 1790156639s 97353839ns
[component_container_isolated-1] [ERROR] [1790156648.696744178] [tf_help]: Transform data too old when converting from odom to map
[component_container_isolated-1] [ERROR] [1790156648.696769016] [tf_help]: Data time: 1790156642s 461892968ns, Transform time: 1790156639s 97353839ns
[component_container_isolated-1] [WARN] [1790156648.696786677] [robot1.controller_server]: Unable to transform robot pose into global plan's frame
[component_container_isolated-1] [ERROR] [1790156648.696803427] [robot1.controller_server]: Controller patience exceeded
[component_container_isolated-1] [WARN] [1790156648.696855569] [robot1.controller_server]: [follow_path] [ActionServer] Aborting handle.
[component_container_isolated-1] [INFO] [1790156648.715998415] [robot1.local_costmap.local_costmap]: Received request to clear entirely the local_costmap
[component_container_isolated-1] [INFO] [1790156648.716388125] [robot1.controller_server]: Received a goal, begin computing control effort.
[component_container_isolated-1] [ERROR] [1790156648.836602408] [tf_help]: Transform data too old when converting from odom to map
[component_container_isolated-1] [ERROR] [1790156648.836634502] [tf_help]: Data time: 1790156642s 461892968ns, Transform time: 1790156639s 97353839ns
[component_container_isolated-1] [WARN] [1790156648.836651488] [robot1.controller_server]: Unable to transform robot pose into global plan's frame
[component_container_isolated-1] [ERROR] [1790156648.836707145] [tf_help]: Transform data too old when converting from map to odom
[component_container_isolated-1] [ERROR] [1790156648.836734934] [tf_help]: Data time: 1790156648s 376581072ns, Transform time: 1790156639s 97353839ns
[component_container_isolated-1] [WARN] [1790156648.836737539] [robot1.controller_server]: Control loop missed its desired rate of 20.0000Hz
[component_container_isolated-1] [ERROR] [1790156648.836757019] [tf_help]: Transform data too old when converting from odom to map
[component_container_isolated-1] [ERROR] [1790156648.836759037] [tf_help]: Data time: 1790156642s 461892968ns, Transform time: 1790156639s 97353839ns
[component_container_isolated-1] [WARN] [1790156648.836766320] [robot1.controller_server]: Unable to transform robot pose into global plan's frame
[component_container_isolated-1] [ERROR] [1790156648.836788444] [tf_help]: Transform data too old when converting from map to odom
[component_container_isolated-1] [ERROR] [1790156648.836790365] [tf_help]: Data time: 1790156648s 376581072ns, Transform time: 1790156639s 97353839ns
[component_container_isolated-1] [ERROR] [1790156648.886911453] [tf_help]: Transform data too old when converting from odom to map
[component_container_isolated-1] [ERROR] [1790156648.886929738] [tf_help]: Data time: 1790156642s 461892968ns, Transform time: 1790156639s 97353839ns
[component_container_isolated-1] [WARN] [1790156648.886943972] [robot1.controller_server]: Unable to transform robot pose into global plan's frame
[component_container_isolated-1] [ERROR] [1790156648.886990505] [tf_help]: Transform data too old when converting from map to odom
[component_container_isolated-1] [ERROR] [1790156648.886992806] [tf_help]: Data time: 1790156648s 376581072ns, Transform time: 1790156639s 97353839ns
[component_container_isolated-1] [ERROR] [1790156648.937175013] [tf_help]: Transform data too old when converting from odom to map
[component_container_isolated-1] [ERROR] [1790156648.937207485] [tf_help]: Data time: 1790156642s 461892968ns, Transform time: 1790156639s 97353839ns
[component_container_isolated-1] [WARN] [1790156648.937222543] [robot1.controller_server]: Unable to transform robot pose into global plan's frame
[component_container_isolated-1] [ERROR] [1790156648.937269062] [tf_help]: Transform data too old when converting from map to odom
[component_container_isolated-1] [ERROR] [1790156648.937271555] [tf_help]: Data time: 1790156648s 376581072ns, Transform time: 1790156639s 97353839ns
[component_container_isolated-1] [ERROR] [1790156648.987408308] [tf_help]: Transform data too old when converting from odom to map
[component_container_isolated-1] [ERROR] [1790156648.987430295] [tf_help]: Data time: 1790156642s 461892968ns, Transform time: 1790156639s 97353839ns
[component_container_isolated-1] [WARN] [1790156648.987446368] [robot1.controller_server]: Unable to transform robot pose into global plan's frame
[component_container_isolated-1] [ERROR] [1790156648.987498939] [tf_help]: Transform data too old when converting from map to odom
[component_container_isolated-1] [ERROR] [1790156648.987501466] [tf_help]: Data time: 1790156648s 376581072ns, Transform time: 1790156639s 97353839ns
[component_container_isolated-1] [ERROR] [1790156649.037694727] [tf_help]: Transform data too old when converting from odom to map
[component_container_isolated-1] [ERROR] [1790156649.037714355] [tf_help]: Data time: 1790156642s 461892968ns, Transform time: 1790156639s 97353839ns
[component_container_isolated-1] [WARN] [1790156649.037727689] [robot1.controller_server]: Unable to transform robot pose into global plan's frame
[component_container_isolated-1] [ERROR] [1790156649.037754716] [robot1.controller_server]: Controller patience exceeded
[component_container_isolated-1] [WARN] [1790156649.037768799] [robot1.controller_server]: [follow_path] [ActionServer] Aborting handle.
[component_container_isolated-1] [INFO] [1790156649.056312991] [robot1.behavior_server]: Running spin
[component_container_isolated-1] [INFO] [1790156649.056380769] [robot1.behavior_server]: Turning 1.57 for spin behavior.
[component_container_isolated-1] [INFO] [1790156654.001901629] [robot1.local_costmap.local_costmap]: Message Filter dropping message: frame 'rplidar_link' at time 1790156648.437 for reason 'the timestamp on the message is earlier than all the data in the transform cache'
[component_container_isolated-1] [WARN] [1790156659.056519693] [robot1.behavior_server]: Exceeded time allowance before reaching the Spin goal - Exiting Spin
[component_container_isolated-1] [WARN] [1790156659.056545636] [robot1.behavior_server]: spin failed
[component_container_isolated-1] [WARN] [1790156659.056553722] [robot1.behavior_server]: [spin] [ActionServer] Aborting handle.
[component_container_isolated-1] [INFO] [1790156659.076328366] [robot1.behavior_server]: Running wait
[component_container_isolated-1] [ERROR] [1790156662.637279227] [transformPoseInTargetFrame]: Extrapolation Error looking up target frame: Lookup would require extrapolation into the past.  Requested time 1790156647.049127 but the earliest data is at time 1790156647.763130, when looking up transform from frame [base_link] to frame [map]
[component_container_isolated-1] 
[component_container_isolated-1] [WARN] [1790156662.637402660] [BehaviorTreeEngine]: Behavior Tree tick rate 100.00 was exceeded!
[component_container_isolated-1] [ERROR] [1790156662.738677446] [transformPoseInTargetFrame]: Extrapolation Error looking up target frame: Lookup would require extrapolation into the past.  Requested time 1790156647.049127 but the earliest data is at time 1790156647.763130, when looking up transform from frame [base_link] to frame [map]
[component_container_isolated-1] 
[component_container_isolated-1] [WARN] [1790156662.738799913] [BehaviorTreeEngine]: Behavior Tree tick rate 100.00 was exceeded!
[component_container_isolated-1] [ERROR] [1790156662.839992434] [transformPoseInTargetFrame]: Extrapolation Error looking up target frame: Lookup would require extrapolation into the past.  Requested time 1790156647.049127 but the earliest data is at time 1790156647.763130, when looking up transform from frame [base_link] to frame [map]
[component_container_isolated-1] 
[component_container_isolated-1] [WARN] [1790156662.840090691] [BehaviorTreeEngine]: Behavior Tree tick rate 100.00 was exceeded!
[component_container_isolated-1] [ERROR] [1790156662.942217946] [transformPoseInTargetFrame]: Extrapolation Error looking up target frame: Lookup would require extrapolation into the past.  Requested time 1790156647.049127 but the earliest data is at time 1790156647.763130, when looking up transform from frame [base_link] to frame [map]
[component_container_isolated-1] 
[component_container_isolated-1] [WARN] [1790156662.942332892] [BehaviorTreeEngine]: Behavior Tree tick rate 100.00 was exceeded!
[component_container_isolated-1] [ERROR] [1790156663.043908299] [transformPoseInTargetFrame]: Extrapolation Error looking up target frame: Lookup would require extrapolation into the past.  Requested time 1790156647.049127 but the earliest data is at time 1790156647.763130, when looking up transform from frame [base_link] to frame [map]
[component_container_isolated-1] 
[component_container_isolated-1] [WARN] [1790156663.044040197] [BehaviorTreeEngine]: Behavior Tree tick rate 100.00 was exceeded!
[component_container_isolated-1] [ERROR] [1790156663.145488414] [transformPoseInTargetFrame]: Extrapolation Error looking up target frame: Lookup would require extrapolation into the past.  Requested time 1790156647.049127 but the earliest data is at time 1790156647.763130, when looking up transform from frame [base_link] to frame [map]
[component_container_isolated-1] 
[component_container_isolated-1] [WARN] [1790156663.145582306] [BehaviorTreeEngine]: Behavior Tree tick rate 100.00 was exceeded!
[component_container_isolated-1] [ERROR] [1790156663.246868883] [transformPoseInTargetFrame]: Extrapolation Error looking up target frame: Lookup would require extrapolation into the past.  Requested time 1790156647.049127 but the earliest data is at time 1790156647.763130, when looking up transform from frame [base_link] to frame [map]
[component_container_isolated-1] 
[component_container_isolated-1] [WARN] [1790156663.246933776] [BehaviorTreeEngine]: Behavior Tree tick rate 100.00 was exceeded!
[component_container_isolated-1] [ERROR] [1790156663.348049220] [transformPoseInTargetFrame]: Extrapolation Error looking up target frame: Lookup would require extrapolation into the past.  Requested time 1790156647.049127 but the earliest data is at time 1790156647.763130, when looking up transform from frame [base_link] to frame [map]
[component_container_isolated-1] 
[component_container_isolated-1] [WARN] [1790156663.348137544] [BehaviorTreeEngine]: Behavior Tree tick rate 100.00 was exceeded!
[component_container_isolated-1] [ERROR] [1790156663.449136123] [transformPoseInTargetFrame]: Extrapolation Error looking up target frame: Lookup would require extrapolation into the past.  Requested time 1790156647.049127 but the earliest data is at time 1790156647.763130, when looking up transform from frame [base_link] to frame [map]
[component_container_isolated-1] 
[component_container_isolated-1] [WARN] [1790156663.449196220] [BehaviorTreeEngine]: Behavior Tree tick rate 100.00 was exceeded!
[component_container_isolated-1] [ERROR] [1790156663.550163408] [transformPoseInTargetFrame]: Extrapolation Error looking up target frame: Lookup would require extrapolation into the past.  Requested time 1790156647.049127 but the earliest data is at time 1790156647.763130, when looking up transform from frame [base_link] to frame [map]
[component_container_isolated-1] 
[component_container_isolated-1] [WARN] [1790156663.550249519] [BehaviorTreeEngine]: Behavior Tree tick rate 100.00 was exceeded!
[component_container_isolated-1] [ERROR] [1790156663.651429756] [transformPoseInTargetFrame]: Extrapolation Error looking up target frame: Lookup would require extrapolation into the past.  Requested time 1790156647.049127 but the earliest data is at time 1790156647.763130, when looking up transform from frame [base_link] to frame [map]
[component_container_isolated-1] 
[component_container_isolated-1] [WARN] [1790156663.651514136] [BehaviorTreeEngine]: Behavior Tree tick rate 100.00 was exceeded!
[component_container_isolated-1] [ERROR] [1790156663.675530196] [transformPoseInTargetFrame]: Extrapolation Error looking up target frame: Lookup would require extrapolation into the past.  Requested time 1790156647.049127 but the earliest data is at time 1790156647.763130, when looking up transform from frame [base_link] to frame [map]
[component_container_isolated-1] 
[component_container_isolated-1] [ERROR] [1790156663.752621837] [transformPoseInTargetFrame]: Extrapolation Error looking up target frame: Lookup would require extrapolation into the past.  Requested time 1790156647.049127 but the earliest data is at time 1790156647.763130, when looking up transform from frame [base_link] to frame [map]
[component_container_isolated-1] 
[component_container_isolated-1] [WARN] [1790156663.752722902] [BehaviorTreeEngine]: Behavior Tree tick rate 100.00 was exceeded!
[component_container_isolated-1] [INFO] [1790156663.810326224] [robot1.local_costmap.local_costmap]: Message Filter dropping message: frame 'rplidar_link' at time 1790156658.008 for reason 'the timestamp on the message is earlier than all the data in the transform cache'
[component_container_isolated-1] [ERROR] [1790156663.854062946] [transformPoseInTargetFrame]: Extrapolation Error looking up target frame: Lookup would require extrapolation into the past.  Requested time 1790156647.049127 but the earliest data is at time 1790156647.763130, when looking up transform from frame [base_link] to frame [map]
[component_container_isolated-1] 
[component_container_isolated-1] [WARN] [1790156663.854127497] [BehaviorTreeEngine]: Behavior Tree tick rate 100.00 was exceeded!
[component_container_isolated-1] [ERROR] [1790156663.955795955] [transformPoseInTargetFrame]: Extrapolation Error looking up target frame: Lookup would require extrapolation into the past.  Requested time 1790156647.049127 but the earliest data is at time 1790156647.763130, when looking up transform from frame [base_link] to frame [map]
[component_container_isolated-1] 
[component_container_isolated-1] [WARN] [1790156663.955881879] [BehaviorTreeEngine]: Behavior Tree tick rate 100.00 was exceeded!
[component_container_isolated-1] [ERROR] [1790156664.057075899] [transformPoseInTargetFrame]: Extrapolation Error looking up target frame: Lookup would require extrapolation into the past.  Requested time 1790156647.049127 but the earliest data is at time 1790156647.763130, when looking up transform from frame [base_link] to frame [map]
[component_container_isolated-1] 
[component_container_isolated-1] [WARN] [1790156664.057154710] [BehaviorTreeEngine]: Behavior Tree tick rate 100.00 was exceeded!
[component_container_isolated-1] [INFO] [1790156664.076508628] [robot1.behavior_server]: wait completed successfully
[component_container_isolated-1] [ERROR] [1790156664.158288467] [transformPoseInTargetFrame]: Extrapolation Error looking up target frame: Lookup would require extrapolation into the past.  Requested time 1790156647.049127 but the earliest data is at time 1790156647.763130, when looking up transform from frame [base_link] to frame [map]
[component_container_isolated-1] 
[component_container_isolated-1] [WARN] [1790156664.158395605] [BehaviorTreeEngine]: Behavior Tree tick rate 100.00 was exceeded!
[component_container_isolated-1] [ERROR] [1790156664.259371645] [transformPoseInTargetFrame]: Extrapolation Error looking up target frame: Lookup would require extrapolation into the past.  Requested time 1790156647.049127 but the earliest data is at time 1790156647.763130, when looking up transform from frame [base_link] to frame [map]
[component_container_isolated-1] 
[component_container_isolated-1] [WARN] [1790156664.259443225] [BehaviorTreeEngine]: Behavior Tree tick rate 100.00 was exceeded!
[component_container_isolated-1] [ERROR] [1790156664.360244938] [transformPoseInTargetFrame]: Extrapolation Error looking up target frame: Lookup would require extrapolation into the past.  Requested time 1790156647.049127 but the earliest data is at time 1790156647.763130, when looking up transform from frame [base_link] to frame [map]
[component_container_isolated-1] 
[component_container_isolated-1] [WARN] [1790156664.360368965] [BehaviorTreeEngine]: Behavior Tree tick rate 100.00 was exceeded!
[component_container_isolated-1] [ERROR] [1790156664.461348539] [transformPoseInTargetFrame]: Extrapolation Error looking up target frame: Lookup would require extrapolation into the past.  Requested time 1790156647.049127 but the earliest data is at time 1790156647.763130, when looking up transform from frame [base_link] to frame [map]
[component_container_isolated-1] 
[component_container_isolated-1] [WARN] [1790156664.461407215] [BehaviorTreeEngine]: Behavior Tree tick rate 100.00 was exceeded!
[component_container_isolated-1] [ERROR] [1790156664.562420738] [transformPoseInTargetFrame]: Extrapolation Error looking up target frame: Lookup would require extrapolation into the past.  Requested time 1790156647.049127 but the earliest data is at time 1790156647.763130, when looking up transform from frame [base_link] to frame [map]
[component_container_isolated-1] 
[component_container_isolated-1] [WARN] [1790156664.562536885] [BehaviorTreeEngine]: Behavior Tree tick rate 100.00 was exceeded!
[component_container_isolated-1] [ERROR] [1790156664.664019137] [transformPoseInTargetFrame]: Extrapolation Error looking up target frame: Lookup would require extrapolation into the past.  Requested time 1790156647.049127 but the earliest data is at time 1790156647.763130, when looking up transform from frame [base_link] to frame [map]
[component_container_isolated-1] 
[component_container_isolated-1] [WARN] [1790156664.664093543] [BehaviorTreeEngine]: Behavior Tree tick rate 100.00 was exceeded!
[component_container_isolated-1] [ERROR] [1790156664.665128403] [transformPoseInTargetFrame]: Extrapolation Error looking up target frame: Lookup would require extrapolation into the past.  Requested time 1790156647.049127 but the earliest data is at time 1790156647.763130, when looking up transform from frame [base_link] to frame [map]
[component_container_isolated-1] 
[component_container_isolated-1] [WARN] [1790156664.665164225] [robot1.planner_server]: [compute_path_to_pose] [ActionServer] Aborting handle.
[component_container_isolated-1] [ERROR] [1790156664.674757475] [transformPoseInTargetFrame]: Extrapolation Error looking up target frame: Lookup would require extrapolation into the past.  Requested time 1790156647.049127 but the earliest data is at time 1790156647.763130, when looking up transform from frame [base_link] to frame [map]
[component_container_isolated-1] 
[component_container_isolated-1] [ERROR] [1790156664.765042348] [transformPoseInTargetFrame]: Extrapolation Error looking up target frame: Lookup would require extrapolation into the past.  Requested time 1790156647.049127 but the earliest data is at time 1790156647.763130, when looking up transform from frame [base_link] to frame [map]
[component_container_isolated-1] 
[component_container_isolated-1] [WARN] [1790156664.765117058] [BehaviorTreeEngine]: Behavior Tree tick rate 100.00 was exceeded!
[component_container_isolated-1] [ERROR] [1790156664.866039232] [transformPoseInTargetFrame]: Extrapolation Error looking up target frame: Lookup would require extrapolation into the past.  Requested time 1790156647.049127 but the earliest data is at time 1790156647.763130, when looking up transform from frame [base_link] to frame [map]
[component_container_isolated-1] 
[component_container_isolated-1] [WARN] [1790156664.866134254] [BehaviorTreeEngine]: Behavior Tree tick rate 100.00 was exceeded!
[component_container_isolated-1] [INFO] [1790156664.866202071] [robot1.global_costmap.global_costmap]: Received request to clear entirely the global_costmap
[component_container_isolated-1] [ERROR] [1790156664.967282683] [transformPoseInTargetFrame]: Extrapolation Error looking up target frame: Lookup would require extrapolation into the past.  Requested time 1790156647.049127 but the earliest data is at time 1790156647.763130, when looking up transform from frame [base_link] to frame [map]
[component_container_isolated-1] 
[component_container_isolated-1] [WARN] [1790156664.967346482] [BehaviorTreeEngine]: Behavior Tree tick rate 100.00 was exceeded!
[component_container_isolated-1] [ERROR] [1790156665.068745565] [transformPoseInTargetFrame]: Extrapolation Error looking up target frame: Lookup would require extrapolation into the past.  Requested time 1790156647.049127 but the earliest data is at time 1790156647.763130, when looking up transform from frame [base_link] to frame [map]
[component_container_isolated-1] 
[component_container_isolated-1] [WARN] [1790156665.068865166] [BehaviorTreeEngine]: Behavior Tree tick rate 100.00 was exceeded!
[component_container_isolated-1] [ERROR] [1790156665.170086726] [transformPoseInTargetFrame]: Extrapolation Error looking up target frame: Lookup would require extrapolation into the past.  Requested time 1790156647.049127 but the earliest data is at time 1790156647.763130, when looking up transform from frame [base_link] to frame [map]
[component_container_isolated-1] 
[component_container_isolated-1] [WARN] [1790156665.170187348] [BehaviorTreeEngine]: Behavior Tree tick rate 100.00 was exceeded!
[component_container_isolated-1] [ERROR] [1790156665.271423425] [transformPoseInTargetFrame]: Extrapolation Error looking up target frame: Lookup would require extrapolation into the past.  Requested time 1790156647.049127 but the earliest data is at time 1790156647.763130, when looking up transform from frame [base_link] to frame [map]
[component_container_isolated-1] 
[component_container_isolated-1] [WARN] [1790156665.271529126] [BehaviorTreeEngine]: Behavior Tree tick rate 100.00 was exceeded!
[component_container_isolated-1] [ERROR] [1790156665.373133964] [transformPoseInTargetFrame]: Extrapolation Error looking up target frame: Lookup would require extrapolation into the past.  Requested time 1790156647.049127 but the earliest data is at time 1790156647.763130, when looking up transform from frame [base_link] to frame [map]
[component_container_isolated-1] 
[component_container_isolated-1] [WARN] [1790156665.373224349] [BehaviorTreeEngine]: Behavior Tree tick rate 100.00 was exceeded!
[component_container_isolated-1] [ERROR] [1790156665.474742787] [transformPoseInTargetFrame]: Extrapolation Error looking up target frame: Lookup would require extrapolation into the past.  Requested time 1790156647.049127 but the earliest data is at time 1790156647.763130, when looking up transform from frame [base_link] to frame [map]
[component_container_isolated-1] 
[component_container_isolated-1] [WARN] [1790156665.474839818] [BehaviorTreeEngine]: Behavior Tree tick rate 100.00 was exceeded!
[component_container_isolated-1] [ERROR] [1790156665.576752447] [transformPoseInTargetFrame]: Extrapolation Error looking up target frame: Lookup would require extrapolation into the past.  Requested time 1790156647.049127 but the earliest data is at time 1790156647.763130, when looking up transform from frame [base_link] to frame [map]
[component_container_isolated-1] 
[component_container_isolated-1] [WARN] [1790156665.576834159] [BehaviorTreeEngine]: Behavior Tree tick rate 100.00 was exceeded!
[component_container_isolated-1] [ERROR] [1790156665.675127590] [transformPoseInTargetFrame]: Extrapolation Error looking up target frame: Lookup would require extrapolation into the past.  Requested time 1790156647.049127 but the earliest data is at time 1790156647.763130, when looking up transform from frame [base_link] to frame [map]
[component_container_isolated-1] 
[component_container_isolated-1] [ERROR] [1790156665.678196561] [transformPoseInTargetFrame]: Extrapolation Error looking up target frame: Lookup would require extrapolation into the past.  Requested time 1790156647.049127 but the earliest data is at time 1790156647.763130, when looking up transform from frame [base_link] to frame [map]
[component_container_isolated-1] 
[component_container_isolated-1] [WARN] [1790156665.678289354] [BehaviorTreeEngine]: Behavior Tree tick rate 100.00 was exceeded!
[component_container_isolated-1] [ERROR] [1790156665.779400194] [transformPoseInTargetFrame]: Extrapolation Error looking up target frame: Lookup would require extrapolation into the past.  Requested time 1790156647.049127 but the earliest data is at time 1790156647.763130, when looking up transform from frame [base_link] to frame [map]
[component_container_isolated-1] 
[component_container_isolated-1] [WARN] [1790156665.779486110] [BehaviorTreeEngine]: Behavior Tree tick rate 100.00 was exceeded!
[component_container_isolated-1] [ERROR] [1790156665.881191428] [transformPoseInTargetFrame]: Extrapolation Error looking up target frame: Lookup would require extrapolation into the past.  Requested time 1790156647.049127 but the earliest data is at time 1790156647.763130, when looking up transform from frame [base_link] to frame [map]
[component_container_isolated-1] 
[component_container_isolated-1] [WARN] [1790156665.881302048] [BehaviorTreeEngine]: Behavior Tree tick rate 100.00 was exceeded!
[component_container_isolated-1] [ERROR] [1790156665.982762390] [transformPoseInTargetFrame]: Extrapolation Error looking up target frame: Lookup would require extrapolation into the past.  Requested time 1790156647.049127 but the earliest data is at time 1790156647.763130, when looking up transform from frame [base_link] to frame [map]
[component_container_isolated-1] 
[component_container_isolated-1] [WARN] [1790156665.982847788] [BehaviorTreeEngine]: Behavior Tree tick rate 100.00 was exceeded!
[component_container_isolated-1] [ERROR] [1790156666.083993636] [transformPoseInTargetFrame]: Extrapolation Error looking up target frame: Lookup would require extrapolation into the past.  Requested time 1790156647.049127 but the earliest data is at time 1790156647.763130, when looking up transform from frame [base_link] to frame [map]
[component_container_isolated-1] 
[component_container_isolated-1] [WARN] [1790156666.084073644] [BehaviorTreeEngine]: Behavior Tree tick rate 100.00 was exceeded!
[component_container_isolated-1] [ERROR] [1790156666.185119738] [transformPoseInTargetFrame]: Extrapolation Error looking up target frame: Lookup would require extrapolation into the past.  Requested time 1790156647.049127 but the earliest data is at time 1790156647.763130, when looking up transform from frame [base_link] to frame [map]
[component_container_isolated-1] 
[component_container_isolated-1] [WARN] [1790156666.185197790] [BehaviorTreeEngine]: Behavior Tree tick rate 100.00 was exceeded!
[component_container_isolated-1] [ERROR] [1790156666.286057692] [transformPoseInTargetFrame]: Extrapolation Error looking up target frame: Lookup would require extrapolation into the past.  Requested time 1790156647.049127 but the earliest data is at time 1790156647.763130, when looking up transform from frame [base_link] to frame [map]
[component_container_isolated-1] 
[component_container_isolated-1] [WARN] [1790156666.286126128] [BehaviorTreeEngine]: Behavior Tree tick rate 100.00 was exceeded!
[component_container_isolated-1] [ERROR] [1790156666.386998885] [transformPoseInTargetFrame]: Extrapolation Error looking up target frame: Lookup would require extrapolation into the past.  Requested time 1790156647.049127 but the earliest data is at time 1790156647.763130, when looking up transform from frame [base_link] to frame [map]
[component_container_isolated-1] 
[component_container_isolated-1] [WARN] [1790156666.387095614] [BehaviorTreeEngine]: Behavior Tree tick rate 100.00 was exceeded!
[component_container_isolated-1] [ERROR] [1790156666.488479311] [transformPoseInTargetFrame]: Extrapolation Error looking up target frame: Lookup would require extrapolation into the past.  Requested time 1790156647.049127 but the earliest data is at time 1790156647.763130, when looking up transform from frame [base_link] to frame [map]
[component_container_isolated-1] 
[component_container_isolated-1] [WARN] [1790156666.488593188] [BehaviorTreeEngine]: Behavior Tree tick rate 100.00 was exceeded!
[component_container_isolated-1] [ERROR] [1790156666.589607823] [transformPoseInTargetFrame]: Extrapolation Error looking up target frame: Lookup would require extrapolation into the past.  Requested time 1790156647.049127 but the earliest data is at time 1790156647.763130, when looking up transform from frame [base_link] to frame [map]
[component_container_isolated-1] 
[component_container_isolated-1] [WARN] [1790156666.589680048] [BehaviorTreeEngine]: Behavior Tree tick rate 100.00 was exceeded!
[component_container_isolated-1] [ERROR] [1790156666.676327670] [transformPoseInTargetFrame]: Extrapolation Error looking up target frame: Lookup would require extrapolation into the past.  Requested time 1790156647.049127 but the earliest data is at time 1790156647.763130, when looking up transform from frame [base_link] to frame [map]
[component_container_isolated-1] 
[component_container_isolated-1] [ERROR] [1790156666.691599725] [transformPoseInTargetFrame]: Extrapolation Error looking up target frame: Lookup would require extrapolation into the past.  Requested time 1790156647.049127 but the earliest data is at time 1790156647.763130, when looking up transform from frame [base_link] to frame [map]
[component_container_isolated-1] 
[component_container_isolated-1] [WARN] [1790156666.691666898] [BehaviorTreeEngine]: Behavior Tree tick rate 100.00 was exceeded!
[component_container_isolated-1] [ERROR] [1790156666.792730206] [transformPoseInTargetFrame]: Extrapolation Error looking up target frame: Lookup would require extrapolation into the past.  Requested time 1790156647.049127 but the earliest data is at time 1790156647.763130, when looking up transform from frame [base_link] to frame [map]
[component_container_isolated-1] 
[component_container_isolated-1] [WARN] [1790156666.792821561] [BehaviorTreeEngine]: Behavior Tree tick rate 100.00 was exceeded!
[component_container_isolated-1] [ERROR] [1790156666.894381293] [transformPoseInTargetFrame]: Extrapolation Error looking up target frame: Lookup would require extrapolation into the past.  Requested time 1790156647.049127 but the earliest data is at time 1790156647.763130, when looking up transform from frame [base_link] to frame [map]
[component_container_isolated-1] 
[component_container_isolated-1] [WARN] [1790156666.894453557] [BehaviorTreeEngine]: Behavior Tree tick rate 100.00 was exceeded!
[component_container_isolated-1] [ERROR] [1790156666.995712326] [transformPoseInTargetFrame]: Extrapolation Error looking up target frame: Lookup would require extrapolation into the past.  Requested time 1790156647.049127 but the earliest data is at time 1790156647.763130, when looking up transform from frame [base_link] to frame [map]
[component_container_isolated-1] 
[component_container_isolated-1] [WARN] [1790156666.995791959] [BehaviorTreeEngine]: Behavior Tree tick rate 100.00 was exceeded!
[component_container_isolated-1] [ERROR] [1790156667.097456714] [transformPoseInTargetFrame]: Extrapolation Error looking up target frame: Lookup would require extrapolation into the past.  Requested time 1790156647.049127 but the earliest data is at time 1790156647.763130, when looking up transform from frame [base_link] to frame [map]
[component_container_isolated-1] 
[component_container_isolated-1] [WARN] [1790156667.097531942] [BehaviorTreeEngine]: Behavior Tree tick rate 100.00 was exceeded!
[component_container_isolated-1] [ERROR] [1790156667.199358771] [transformPoseInTargetFrame]: Extrapolation Error looking up target frame: Lookup would require extrapolation into the past.  Requested time 1790156647.049127 but the earliest data is at time 1790156647.763130, when looking up transform from frame [base_link] to frame [map]
[component_container_isolated-1] 
[component_container_isolated-1] [WARN] [1790156667.199432848] [BehaviorTreeEngine]: Behavior Tree tick rate 100.00 was exceeded!
[component_container_isolated-1] [ERROR] [1790156667.301267523] [transformPoseInTargetFrame]: Extrapolation Error looking up target frame: Lookup would require extrapolation into the past.  Requested time 1790156647.049127 but the earliest data is at time 1790156647.763130, when looking up transform from frame [base_link] to frame [map]
[component_container_isolated-1] 
[component_container_isolated-1] [WARN] [1790156667.301344768] [BehaviorTreeEngine]: Behavior Tree tick rate 100.00 was exceeded!
[component_container_isolated-1] [ERROR] [1790156667.403164760] [transformPoseInTargetFrame]: Extrapolation Error looking up target frame: Lookup would require extrapolation into the past.  Requested time 1790156647.049127 but the earliest data is at time 1790156647.763130, when looking up transform from frame [base_link] to frame [map]
[component_container_isolated-1] 
[component_container_isolated-1] [WARN] [1790156667.403241647] [BehaviorTreeEngine]: Behavior Tree tick rate 100.00 was exceeded!
[component_container_isolated-1] [ERROR] [1790156667.505291236] [transformPoseInTargetFrame]: Extrapolation Error looking up target frame: Lookup would require extrapolation into the past.  Requested time 1790156647.049127 but the earliest data is at time 1790156647.763130, when looking up transform from frame [base_link] to frame [map]
[component_container_isolated-1] 
[component_container_isolated-1] [WARN] [1790156667.505357528] [BehaviorTreeEngine]: Behavior Tree tick rate 100.00 was exceeded!
[component_container_isolated-1] [ERROR] [1790156667.606661783] [transformPoseInTargetFrame]: Extrapolation Error looking up target frame: Lookup would require extrapolation into the past.  Requested time 1790156647.049127 but the earliest data is at time 1790156647.763130, when looking up transform from frame [base_link] to frame [map]
[component_container_isolated-1] 
[component_container_isolated-1] [WARN] [1790156667.606726635] [BehaviorTreeEngine]: Behavior Tree tick rate 100.00 was exceeded!
[component_container_isolated-1] [ERROR] [1790156667.674986837] [transformPoseInTargetFrame]: Extrapolation Error looking up target frame: Lookup would require extrapolation into the past.  Requested time 1790156647.049127 but the earliest data is at time 1790156647.763130, when looking up transform from frame [base_link] to frame [map]
[component_container_isolated-1] 
[component_container_isolated-1] [ERROR] [1790156667.708139926] [transformPoseInTargetFrame]: Extrapolation Error looking up target frame: Lookup would require extrapolation into the past.  Requested time 1790156647.049127 but the earliest data is at time 1790156647.763130, when looking up transform from frame [base_link] to frame [map]
[component_container_isolated-1] 
[component_container_isolated-1] [WARN] [1790156667.708214448] [BehaviorTreeEngine]: Behavior Tree tick rate 100.00 was exceeded!
[component_container_isolated-1] [ERROR] [1790156667.809770670] [transformPoseInTargetFrame]: Extrapolation Error looking up target frame: Lookup would require extrapolation into the past.  Requested time 1790156647.049127 but the earliest data is at time 1790156647.763130, when looking up transform from frame [base_link] to frame [map]
[component_container_isolated-1] 
[component_container_isolated-1] [WARN] [1790156667.809837423] [BehaviorTreeEngine]: Behavior Tree tick rate 100.00 was exceeded!
[component_container_isolated-1] [ERROR] [1790156667.910927024] [transformPoseInTargetFrame]: Extrapolation Error looking up target frame: Lookup would require extrapolation into the past.  Requested time 1790156647.049127 but the earliest data is at time 1790156647.763130, when looking up transform from frame [base_link] to frame [map]
[component_container_isolated-1] 
[component_container_isolated-1] [WARN] [1790156667.910996239] [BehaviorTreeEngine]: Behavior Tree tick rate 100.00 was exceeded!
[component_container_isolated-1] [ERROR] [1790156668.011978102] [transformPoseInTargetFrame]: Extrapolation Error looking up target frame: Lookup would require extrapolation into the past.  Requested time 1790156647.049127 but the earliest data is at time 1790156647.763130, when looking up transform from frame [base_link] to frame [map]
[component_container_isolated-1] 
[component_container_isolated-1] [WARN] [1790156668.012063839] [BehaviorTreeEngine]: Behavior Tree tick rate 100.00 was exceeded!
[component_container_isolated-1] [ERROR] [1790156668.113045512] [transformPoseInTargetFrame]: Extrapolation Error looking up target frame: Lookup would require extrapolation into the past.  Requested time 1790156647.049127 but the earliest data is at time 1790156656.412900, when looking up transform from frame [base_link] to frame [map]
[component_container_isolated-1] 
[component_container_isolated-1] [WARN] [1790156668.113121708] [BehaviorTreeEngine]: Behavior Tree tick rate 100.00 was exceeded!
[component_container_isolated-1] [WARN] [1790156668.377043317] [robot1.planner_server]: Planner loop missed its desired rate of 20.0000 Hz. Current loop rate is 0.2849 Hz
[component_container_isolated-1] [INFO] [1790156668.393323689] [robot1.controller_server]: Received a goal, begin computing control effort.
[component_container_isolated-1] [ERROR] [1790156668.393439017] [tf_help]: Transform data too old when converting from odom to map
[component_container_isolated-1] [ERROR] [1790156668.393469490] [tf_help]: Data time: 1790156662s 267869184ns, Transform time: 1790156660s 259996330ns
[component_container_isolated-1] [WARN] [1790156668.393492515] [robot1.controller_server]: Unable to transform robot pose into global plan's frame
[component_container_isolated-1] [ERROR] [1790156668.393584067] [tf_help]: Transform data too old when converting from map to odom
[component_container_isolated-1] [ERROR] [1790156668.393594300] [tf_help]: Data time: 1790156668s 376706196ns, Transform time: 1790156660s 259996330ns
[component_container_isolated-1] [ERROR] [1790156668.443617873] [tf_help]: Transform data too old when converting from odom to map
[component_container_isolated-1] [ERROR] [1790156668.443646660] [tf_help]: Data time: 1790156662s 267869184ns, Transform time: 1790156660s 259996330ns
[component_container_isolated-1] [WARN] [1790156668.443669748] [robot1.controller_server]: Unable to transform robot pose into global plan's frame
[component_container_isolated-1] [ERROR] [1790156668.443758647] [tf_help]: Transform data too old when converting from map to odom
[component_container_isolated-1] [ERROR] [1790156668.443766022] [tf_help]: Data time: 1790156668s 376706196ns, Transform time: 1790156660s 259996330ns
[component_container_isolated-1] [ERROR] [1790156668.493645544] [tf_help]: Transform data too old when converting from odom to map
[component_container_isolated-1] [ERROR] [1790156668.493673330] [tf_help]: Data time: 1790156662s 267869184ns, Transform time: 1790156660s 259996330ns
[component_container_isolated-1] [WARN] [1790156668.493696064] [robot1.controller_server]: Unable to transform robot pose into global plan's frame
[component_container_isolated-1] [ERROR] [1790156668.493786707] [tf_help]: Transform data too old when converting from map to odom
[component_container_isolated-1] [ERROR] [1790156668.493803362] [tf_help]: Data time: 1790156668s 376706196ns, Transform time: 1790156660s 259996330ns
[component_container_isolated-1] [ERROR] [1790156668.543604181] [tf_help]: Transform data too old when converting from odom to map
[component_container_isolated-1] [ERROR] [1790156668.543634219] [tf_help]: Data time: 1790156662s 367889726ns, Transform time: 1790156660s 259996330ns
[component_container_isolated-1] [WARN] [1790156668.543658948] [robot1.controller_server]: Unable to transform robot pose into global plan's frame
[component_container_isolated-1] [ERROR] [1790156668.543753503] [tf_help]: Transform data too old when converting from map to odom
[component_container_isolated-1] [ERROR] [1790156668.543761583] [tf_help]: Data time: 1790156668s 376706196ns, Transform time: 1790156660s 259996330ns
[component_container_isolated-1] [ERROR] [1790156668.593598146] [tf_help]: Transform data too old when converting from odom to map
[component_container_isolated-1] [ERROR] [1790156668.593623913] [tf_help]: Data time: 1790156662s 367889726ns, Transform time: 1790156660s 259996330ns
[component_container_isolated-1] [WARN] [1790156668.593642142] [robot1.controller_server]: Unable to transform robot pose into global plan's frame
[component_container_isolated-1] [ERROR] [1790156668.593701804] [tf_help]: Transform data too old when converting from map to odom
[component_container_isolated-1] [ERROR] [1790156668.593704879] [tf_help]: Data time: 1790156668s 376706196ns, Transform time: 1790156660s 259996330ns
[component_container_isolated-1] [ERROR] [1790156668.643549803] [tf_help]: Transform data too old when converting from odom to map
[component_container_isolated-1] [ERROR] [1790156668.643562308] [tf_help]: Data time: 1790156662s 367889726ns, Transform time: 1790156660s 259996330ns
[component_container_isolated-1] [WARN] [1790156668.643574656] [robot1.controller_server]: Unable to transform robot pose into global plan's frame
[component_container_isolated-1] [ERROR] [1790156668.643617744] [tf_help]: Transform data too old when converting from map to odom
[component_container_isolated-1] [ERROR] [1790156668.643619958] [tf_help]: Data time: 1790156668s 376706196ns, Transform time: 1790156660s 259996330ns
[component_container_isolated-1] [ERROR] [1790156668.693522006] [tf_help]: Transform data too old when converting from odom to map
[component_container_isolated-1] [ERROR] [1790156668.693577225] [tf_help]: Data time: 1790156662s 418096066ns, Transform time: 1790156660s 259996330ns
[component_container_isolated-1] [WARN] [1790156668.693598046] [robot1.controller_server]: Unable to transform robot pose into global plan's frame
[component_container_isolated-1] [ERROR] [1790156668.693613384] [robot1.controller_server]: Controller patience exceeded
[component_container_isolated-1] [WARN] [1790156668.693629526] [robot1.controller_server]: [follow_path] [ActionServer] Aborting handle.
[component_container_isolated-1] [INFO] [1790156668.713416944] [robot1.local_costmap.local_costmap]: Received request to clear entirely the local_costmap
[component_container_isolated-1] [INFO] [1790156668.713723469] [robot1.controller_server]: Received a goal, begin computing control effort.
[component_container_isolated-1] [ERROR] [1790156668.833904714] [tf_help]: Transform data too old when converting from odom to map
[component_container_isolated-1] [ERROR] [1790156668.833949065] [tf_help]: Data time: 1790156662s 464180708ns, Transform time: 1790156660s 259996330ns
[component_container_isolated-1] [WARN] [1790156668.833972391] [robot1.controller_server]: Unable to transform robot pose into global plan's frame
[component_container_isolated-1] [ERROR] [1790156668.834063882] [tf_help]: Transform data too old when converting from map to odom
[component_container_isolated-1] [ERROR] [1790156668.834071461] [tf_help]: Data time: 1790156668s 376706196ns, Transform time: 1790156660s 259996330ns
[component_container_isolated-1] [WARN] [1790156668.834077352] [robot1.controller_server]: Control loop missed its desired rate of 20.0000Hz
[component_container_isolated-1] [ERROR] [1790156668.834116686] [tf_help]: Transform data too old when converting from odom to map
[component_container_isolated-1] [ERROR] [1790156668.834122208] [tf_help]: Data time: 1790156662s 464180708ns, Transform time: 1790156660s 259996330ns
[component_container_isolated-1] [WARN] [1790156668.834135788] [robot1.controller_server]: Unable to transform robot pose into global plan's frame
[component_container_isolated-1] [ERROR] [1790156668.834191020] [tf_help]: Transform data too old when converting from map to odom
[component_container_isolated-1] [ERROR] [1790156668.834197036] [tf_help]: Data time: 1790156668s 376706196ns, Transform time: 1790156660s 259996330ns
[component_container_isolated-1] [ERROR] [1790156668.884434287] [tf_help]: Transform data too old when converting from odom to map
[component_container_isolated-1] [ERROR] [1790156668.884465314] [tf_help]: Data time: 1790156662s 464180708ns, Transform time: 1790156660s 259996330ns
[component_container_isolated-1] [WARN] [1790156668.884489776] [robot1.controller_server]: Unable to transform robot pose into global plan's frame
[component_container_isolated-1] [ERROR] [1790156668.884594078] [tf_help]: Transform data too old when converting from map to odom
[component_container_isolated-1] [ERROR] [1790156668.884614359] [tf_help]: Data time: 1790156668s 376706196ns, Transform time: 1790156660s 259996330ns
[component_container_isolated-1] [ERROR] [1790156668.934790968] [tf_help]: Transform data too old when converting from odom to map
[component_container_isolated-1] [ERROR] [1790156668.934821008] [tf_help]: Data time: 1790156662s 464180708ns, Transform time: 1790156660s 259996330ns
[component_container_isolated-1] [WARN] [1790156668.934847629] [robot1.controller_server]: Unable to transform robot pose into global plan's frame
[component_container_isolated-1] [ERROR] [1790156668.934940318] [tf_help]: Transform data too old when converting from map to odom
[component_container_isolated-1] [ERROR] [1790156668.934948397] [tf_help]: Data time: 1790156668s 376706196ns, Transform time: 1790156660s 259996330ns
[component_container_isolated-1] [ERROR] [1790156668.985158681] [tf_help]: Transform data too old when converting from odom to map
[component_container_isolated-1] [ERROR] [1790156668.985185365] [tf_help]: Data time: 1790156662s 464180708ns, Transform time: 1790156660s 259996330ns
[component_container_isolated-1] [WARN] [1790156668.985207012] [robot1.controller_server]: Unable to transform robot pose into global plan's frame
[component_container_isolated-1] [ERROR] [1790156668.985298909] [tf_help]: Transform data too old when converting from map to odom
[component_container_isolated-1] [ERROR] [1790156668.985306329] [tf_help]: Data time: 1790156668s 376706196ns, Transform time: 1790156660s 259996330ns
[component_container_isolated-1] [ERROR] [1790156669.035622913] [tf_help]: Transform data too old when converting from odom to map
[component_container_isolated-1] [ERROR] [1790156669.035656015] [tf_help]: Data time: 1790156662s 464180708ns, Transform time: 1790156660s 259996330ns
[component_container_isolated-1] [WARN] [1790156669.035679477] [robot1.controller_server]: Unable to transform robot pose into global plan's frame
[component_container_isolated-1] [ERROR] [1790156669.035704877] [robot1.controller_server]: Controller patience exceeded
[component_container_isolated-1] [WARN] [1790156669.035736682] [robot1.controller_server]: [follow_path] [ActionServer] Aborting handle.
[component_container_isolated-1] [INFO] [1790156669.053581209] [robot1.behavior_server]: Running backup
[component_container_isolated-1] [INFO] [1790156669.053707451] [robot1.behavior_server]: DriveOnHeading: no acceleration or deceleration limits set
[component_container_isolated-1] [INFO] [1790156670.090637857] [robot1.local_costmap.local_costmap]: Message Filter dropping message: frame 'rplidar_link' at time 1790156663.462 for reason 'the timestamp on the message is earlier than all the data in the transform cache'
[component_container_isolated-1] [ERROR] [1790156672.584159766] [transformPoseInTargetFrame]: Extrapolation Error looking up target frame: Lookup would require extrapolation into the past.  Requested time 1790156660.259996 but the earliest data is at time 1790156662.070957, when looking up transform from frame [base_link] to frame [map]
[component_container_isolated-1] 
[component_container_isolated-1] [WARN] [1790156672.584253315] [BehaviorTreeEngine]: Behavior Tree tick rate 100.00 was exceeded!
[component_container_isolated-1] [ERROR] [1790156672.685636532] [transformPoseInTargetFrame]: Extrapolation Error looking up target frame: Lookup would require extrapolation into the past.  Requested time 1790156660.259996 but the earliest data is at time 1790156662.070957, when looking up transform from frame [base_link] to frame [map]
[component_container_isolated-1] 
[component_container_isolated-1] [WARN] [1790156672.685700574] [BehaviorTreeEngine]: Behavior Tree tick rate 100.00 was exceeded!
[component_container_isolated-1] [ERROR] [1790156672.786934409] [transformPoseInTargetFrame]: Extrapolation Error looking up target frame: Lookup would require extrapolation into the past.  Requested time 1790156660.259996 but the earliest data is at time 1790156662.070957, when looking up transform from frame [base_link] to frame [map]
[component_container_isolated-1] 
[component_container_isolated-1] [WARN] [1790156672.787009251] [BehaviorTreeEngine]: Behavior Tree tick rate 100.00 was exceeded!
[component_container_isolated-1] [ERROR] [1790156672.888690025] [transformPoseInTargetFrame]: Extrapolation Error looking up target frame: Lookup would require extrapolation into the past.  Requested time 1790156660.259996 but the earliest data is at time 1790156662.070957, when looking up transform from frame [base_link] to frame [map]
[component_container_isolated-1] 
[component_container_isolated-1] [WARN] [1790156672.888754253] [BehaviorTreeEngine]: Behavior Tree tick rate 100.00 was exceeded!
[component_container_isolated-1] [ERROR] [1790156672.989687723] [transformPoseInTargetFrame]: Extrapolation Error looking up target frame: Lookup would require extrapolation into the past.  Requested time 1790156660.259996 but the earliest data is at time 1790156662.070957, when looking up transform from frame [base_link] to frame [map]
[component_container_isolated-1] 
[component_container_isolated-1] [WARN] [1790156672.989784431] [BehaviorTreeEngine]: Behavior Tree tick rate 100.00 was exceeded!
[component_container_isolated-1] [ERROR] [1790156673.090809598] [transformPoseInTargetFrame]: Extrapolation Error looking up target frame: Lookup would require extrapolation into the past.  Requested time 1790156660.259996 but the earliest data is at time 1790156662.070957, when looking up transform from frame [base_link] to frame [map]
[component_container_isolated-1] 
[component_container_isolated-1] [WARN] [1790156673.090900005] [BehaviorTreeEngine]: Behavior Tree tick rate 100.00 was exceeded!
[component_container_isolated-1] [ERROR] [1790156673.191890087] [transformPoseInTargetFrame]: Extrapolation Error looking up target frame: Lookup would require extrapolation into the past.  Requested time 1790156660.259996 but the earliest data is at time 1790156662.070957, when looking up transform from frame [base_link] to frame [map]
[component_container_isolated-1] 
[component_container_isolated-1] [WARN] [1790156673.191961646] [BehaviorTreeEngine]: Behavior Tree tick rate 100.00 was exceeded!
[component_container_isolated-1] [ERROR] [1790156673.292818212] [transformPoseInTargetFrame]: Extrapolation Error looking up target frame: Lookup would require extrapolation into the past.  Requested time 1790156660.259996 but the earliest data is at time 1790156662.070957, when looking up transform from frame [base_link] to frame [map]
[component_container_isolated-1] 
[component_container_isolated-1] [WARN] [1790156673.292908214] [BehaviorTreeEngine]: Behavior Tree tick rate 100.00 was exceeded!
[component_container_isolated-1] [WARN] [1790156673.373656845] [BehaviorTreeEngine]: Behavior Tree tick rate 100.00 was exceeded!
[component_container_isolated-1] [ERROR] [1790156673.515192012] [transformPoseInTargetFrame]: Extrapolation Error looking up target frame: Lookup would require extrapolation at time 1790156668.773941, but only time 1790156670.663451 is in the buffer, when looking up transform from frame [base_link] to frame [map]
[component_container_isolated-1] 
[component_container_isolated-1] [WARN] [1790156673.515266886] [BehaviorTreeEngine]: Behavior Tree tick rate 100.00 was exceeded!
[component_container_isolated-1] [ERROR] [1790156673.616133227] [transformPoseInTargetFrame]: Extrapolation Error looking up target frame: Lookup would require extrapolation at time 1790156668.773941, but only time 1790156670.663451 is in the buffer, when looking up transform from frame [base_link] to frame [map]
[component_container_isolated-1] 
[component_container_isolated-1] [WARN] [1790156673.616205419] [BehaviorTreeEngine]: Behavior Tree tick rate 100.00 was exceeded!
[component_container_isolated-1] [ERROR] [1790156673.717077485] [transformPoseInTargetFrame]: Extrapolation Error looking up target frame: Lookup would require extrapolation at time 1790156668.964169, but only time 1790156670.663451 is in the buffer, when looking up transform from frame [base_link] to frame [map]
[component_container_isolated-1] 
[component_container_isolated-1] [WARN] [1790156673.717174965] [BehaviorTreeEngine]: Behavior Tree tick rate 100.00 was exceeded!
[component_container_isolated-1] [ERROR] [1790156673.818048521] [transformPoseInTargetFrame]: Extrapolation Error looking up target frame: Lookup would require extrapolation at time 1790156669.123020, but only time 1790156670.663451 is in the buffer, when looking up transform from frame [base_link] to frame [map]
[component_container_isolated-1] 
[component_container_isolated-1] [WARN] [1790156673.818126236] [BehaviorTreeEngine]: Behavior Tree tick rate 100.00 was exceeded!
[component_container_isolated-1] [ERROR] [1790156673.918948011] [transformPoseInTargetFrame]: Extrapolation Error looking up target frame: Lookup would require extrapolation at time 1790156669.123020, but only time 1790156670.663451 is in the buffer, when looking up transform from frame [base_link] to frame [map]
[component_container_isolated-1] 
[component_container_isolated-1] [WARN] [1790156673.919022964] [BehaviorTreeEngine]: Behavior Tree tick rate 100.00 was exceeded!
[component_container_isolated-1] [ERROR] [1790156674.020007186] [transformPoseInTargetFrame]: Extrapolation Error looking up target frame: Lookup would require extrapolation at time 1790156669.123020, but only time 1790156670.663451 is in the buffer, when looking up transform from frame [base_link] to frame [map]
[component_container_isolated-1] 
[component_container_isolated-1] [WARN] [1790156674.020092643] [BehaviorTreeEngine]: Behavior Tree tick rate 100.00 was exceeded!
[component_container_isolated-1] [ERROR] [1790156674.121140450] [transformPoseInTargetFrame]: Extrapolation Error looking up target frame: Lookup would require extrapolation at time 1790156669.123020, but only time 1790156670.663451 is in the buffer, when looking up transform from frame [base_link] to frame [map]
[component_container_isolated-1] 
[component_container_isolated-1] [WARN] [1790156674.121224865] [BehaviorTreeEngine]: Behavior Tree tick rate 100.00 was exceeded!
[component_container_isolated-1] [ERROR] [1790156674.222098747] [transformPoseInTargetFrame]: Extrapolation Error looking up target frame: Lookup would require extrapolation at time 1790156669.123020, but only time 1790156670.663451 is in the buffer, when looking up transform from frame [base_link] to frame [map]
[component_container_isolated-1] 
[component_container_isolated-1] [WARN] [1790156674.222183033] [BehaviorTreeEngine]: Behavior Tree tick rate 100.00 was exceeded!
[component_container_isolated-1] [ERROR] [1790156674.323787813] [transformPoseInTargetFrame]: Extrapolation Error looking up target frame: Lookup would require extrapolation at time 1790156669.123020, but only time 1790156670.663451 is in the buffer, when looking up transform from frame [base_link] to frame [map]
[component_container_isolated-1] 
[component_container_isolated-1] [WARN] [1790156674.323864352] [BehaviorTreeEngine]: Behavior Tree tick rate 100.00 was exceeded!
[component_container_isolated-1] [ERROR] [1790156674.425418292] [transformPoseInTargetFrame]: Extrapolation Error looking up target frame: Lookup would require extrapolation at time 1790156669.123020, but only time 1790156670.663451 is in the buffer, when looking up transform from frame [base_link] to frame [map]
[component_container_isolated-1] 
[component_container_isolated-1] [WARN] [1790156674.425490754] [BehaviorTreeEngine]: Behavior Tree tick rate 100.00 was exceeded!
[component_container_isolated-1] [ERROR] [1790156674.526409779] [transformPoseInTargetFrame]: Extrapolation Error looking up target frame: Lookup would require extrapolation at time 1790156669.123020, but only time 1790156670.663451 is in the buffer, when looking up transform from frame [base_link] to frame [map]
[component_container_isolated-1] 
[component_container_isolated-1] [WARN] [1790156674.526483300] [BehaviorTreeEngine]: Behavior Tree tick rate 100.00 was exceeded!
[component_container_isolated-1] [ERROR] [1790156674.627402493] [transformPoseInTargetFrame]: Extrapolation Error looking up target frame: Lookup would require extrapolation at time 1790156669.123020, but only time 1790156670.663451 is in the buffer, when looking up transform from frame [base_link] to frame [map]
[component_container_isolated-1] 
[component_container_isolated-1] [WARN] [1790156674.627469585] [BehaviorTreeEngine]: Behavior Tree tick rate 100.00 was exceeded!
[component_container_isolated-1] [ERROR] [1790156674.674851480] [transformPoseInTargetFrame]: Extrapolation Error looking up target frame: Lookup would require extrapolation at time 1790156669.123020, but only time 1790156670.663451 is in the buffer, when looking up transform from frame [base_link] to frame [map]
[component_container_isolated-1] 
[component_container_isolated-1] [ERROR] [1790156674.728241132] [transformPoseInTargetFrame]: Extrapolation Error looking up target frame: Lookup would require extrapolation at time 1790156669.123020, but only time 1790156670.663451 is in the buffer, when looking up transform from frame [base_link] to frame [map]
[component_container_isolated-1] 
[component_container_isolated-1] [WARN] [1790156674.728322769] [BehaviorTreeEngine]: Behavior Tree tick rate 100.00 was exceeded!
[component_container_isolated-1] [ERROR] [1790156674.829275990] [transformPoseInTargetFrame]: Extrapolation Error looking up target frame: Lookup would require extrapolation at time 1790156669.123020, but only time 1790156670.663451 is in the buffer, when looking up transform from frame [base_link] to frame [map]
[component_container_isolated-1] 
[component_container_isolated-1] [WARN] [1790156674.829357095] [BehaviorTreeEngine]: Behavior Tree tick rate 100.00 was exceeded!
[component_container_isolated-1] [ERROR] [1790156674.930312917] [transformPoseInTargetFrame]: Extrapolation Error looking up target frame: Lookup would require extrapolation at time 1790156669.123020, but only time 1790156670.663451 is in the buffer, when looking up transform from frame [base_link] to frame [map]
[component_container_isolated-1] 
[component_container_isolated-1] [WARN] [1790156674.930387214] [BehaviorTreeEngine]: Behavior Tree tick rate 100.00 was exceeded!
[component_container_isolated-1] [ERROR] [1790156675.031446836] [transformPoseInTargetFrame]: Extrapolation Error looking up target frame: Lookup would require extrapolation at time 1790156669.123020, but only time 1790156670.663451 is in the buffer, when looking up transform from frame [base_link] to frame [map]
[component_container_isolated-1] 
[component_container_isolated-1] [WARN] [1790156675.031536629] [BehaviorTreeEngine]: Behavior Tree tick rate 100.00 was exceeded!
[component_container_isolated-1] [ERROR] [1790156675.132488628] [transformPoseInTargetFrame]: Extrapolation Error looking up target frame: Lookup would require extrapolation at time 1790156669.123020, but only time 1790156670.663451 is in the buffer, when looking up transform from frame [base_link] to frame [map]
[component_container_isolated-1] 
[component_container_isolated-1] [WARN] [1790156675.132682668] [BehaviorTreeEngine]: Behavior Tree tick rate 100.00 was exceeded!
[component_container_isolated-1] [ERROR] [1790156675.233786642] [transformPoseInTargetFrame]: Extrapolation Error looking up target frame: Lookup would require extrapolation at time 1790156669.123020, but only time 1790156670.663451 is in the buffer, when looking up transform from frame [base_link] to frame [map]
[component_container_isolated-1] 
[component_container_isolated-1] [WARN] [1790156675.233861327] [BehaviorTreeEngine]: Behavior Tree tick rate 100.00 was exceeded!
[component_container_isolated-1] [ERROR] [1790156675.334694251] [transformPoseInTargetFrame]: Extrapolation Error looking up target frame: Lookup would require extrapolation at time 1790156669.123020, but only time 1790156670.663451 is in the buffer, when looking up transform from frame [base_link] to frame [map]
[component_container_isolated-1] 
[component_container_isolated-1] [WARN] [1790156675.334759918] [BehaviorTreeEngine]: Behavior Tree tick rate 100.00 was exceeded!
[component_container_isolated-1] [ERROR] [1790156675.435932272] [transformPoseInTargetFrame]: Extrapolation Error looking up target frame: Lookup would require extrapolation at time 1790156669.123020, but only time 1790156670.663451 is in the buffer, when looking up transform from frame [base_link] to frame [map]
[component_container_isolated-1] 
[component_container_isolated-1] [WARN] [1790156675.436003388] [BehaviorTreeEngine]: Behavior Tree tick rate 100.00 was exceeded!
[component_container_isolated-1] [ERROR] [1790156675.537111922] [transformPoseInTargetFrame]: Extrapolation Error looking up target frame: Lookup would require extrapolation at time 1790156669.123020, but only time 1790156670.663451 is in the buffer, when looking up transform from frame [base_link] to frame [map]
[component_container_isolated-1] 
[component_container_isolated-1] [WARN] [1790156675.537175284] [BehaviorTreeEngine]: Behavior Tree tick rate 100.00 was exceeded!
[component_container_isolated-1] [ERROR] [1790156675.638061686] [transformPoseInTargetFrame]: Extrapolation Error looking up target frame: Lookup would require extrapolation at time 1790156669.123020, but only time 1790156670.663451 is in the buffer, when looking up transform from frame [base_link] to frame [map]
[component_container_isolated-1] 
[component_container_isolated-1] [WARN] [1790156675.638171438] [BehaviorTreeEngine]: Behavior Tree tick rate 100.00 was exceeded!
[component_container_isolated-1] [ERROR] [1790156675.674826451] [transformPoseInTargetFrame]: Extrapolation Error looking up target frame: Lookup would require extrapolation at time 1790156669.123020, but only time 1790156670.663451 is in the buffer, when looking up transform from frame [base_link] to frame [map]
[component_container_isolated-1] 
[component_container_isolated-1] [ERROR] [1790156675.739248883] [transformPoseInTargetFrame]: Extrapolation Error looking up target frame: Lookup would require extrapolation at time 1790156669.123020, but only time 1790156670.663451 is in the buffer, when looking up transform from frame [base_link] to frame [map]
[component_container_isolated-1] 
[component_container_isolated-1] [WARN] [1790156675.739345156] [BehaviorTreeEngine]: Behavior Tree tick rate 100.00 was exceeded!
[component_container_isolated-1] [ERROR] [1790156675.840289505] [transformPoseInTargetFrame]: Extrapolation Error looking up target frame: Lookup would require extrapolation at time 1790156669.123020, but only time 1790156670.663451 is in the buffer, when looking up transform from frame [base_link] to frame [map]
[component_container_isolated-1] 
[component_container_isolated-1] [WARN] [1790156675.840382561] [BehaviorTreeEngine]: Behavior Tree tick rate 100.00 was exceeded!
[component_container_isolated-1] [ERROR] [1790156675.941535606] [transformPoseInTargetFrame]: Extrapolation Error looking up target frame: Lookup would require extrapolation at time 1790156669.123020, but only time 1790156670.663451 is in the buffer, when looking up transform from frame [base_link] to frame [map]
[component_container_isolated-1] 
[component_container_isolated-1] [WARN] [1790156675.941608779] [BehaviorTreeEngine]: Behavior Tree tick rate 100.00 was exceeded!
[component_container_isolated-1] [ERROR] [1790156676.042573949] [transformPoseInTargetFrame]: Extrapolation Error looking up target frame: Lookup would require extrapolation at time 1790156669.123020, but only time 1790156670.663451 is in the buffer, when looking up transform from frame [base_link] to frame [map]
[component_container_isolated-1] 
[component_container_isolated-1] [WARN] [1790156676.042644184] [BehaviorTreeEngine]: Behavior Tree tick rate 100.00 was exceeded!
[component_container_isolated-1] [ERROR] [1790156676.143617418] [transformPoseInTargetFrame]: Extrapolation Error looking up target frame: Lookup would require extrapolation at time 1790156669.123020, but only time 1790156670.663451 is in the buffer, when looking up transform from frame [base_link] to frame [map]
[component_container_isolated-1] 
[component_container_isolated-1] [WARN] [1790156676.143708957] [BehaviorTreeEngine]: Behavior Tree tick rate 100.00 was exceeded!
[component_container_isolated-1] [ERROR] [1790156676.244659841] [transformPoseInTargetFrame]: Extrapolation Error looking up target frame: Lookup would require extrapolation at time 1790156669.123020, but only time 1790156670.663451 is in the buffer, when looking up transform from frame [base_link] to frame [map]
[component_container_isolated-1] 
[component_container_isolated-1] [WARN] [1790156676.244730448] [BehaviorTreeEngine]: Behavior Tree tick rate 100.00 was exceeded!
[component_container_isolated-1] [ERROR] [1790156676.345964036] [transformPoseInTargetFrame]: Extrapolation Error looking up target frame: Lookup would require extrapolation at time 1790156669.123020, but only time 1790156670.663451 is in the buffer, when looking up transform from frame [base_link] to frame [map]
[component_container_isolated-1] 
[component_container_isolated-1] [WARN] [1790156676.346086247] [BehaviorTreeEngine]: Behavior Tree tick rate 100.00 was exceeded!
[component_container_isolated-1] [ERROR] [1790156676.446990099] [transformPoseInTargetFrame]: Extrapolation Error looking up target frame: Lookup would require extrapolation at time 1790156669.123020, but only time 1790156670.663451 is in the buffer, when looking up transform from frame [base_link] to frame [map]
[component_container_isolated-1] 
[component_container_isolated-1] [WARN] [1790156676.447061186] [BehaviorTreeEngine]: Behavior Tree tick rate 100.00 was exceeded!
[component_container_isolated-1] [ERROR] [1790156676.547960914] [transformPoseInTargetFrame]: Extrapolation Error looking up target frame: Lookup would require extrapolation at time 1790156669.123020, but only time 1790156670.663451 is in the buffer, when looking up transform from frame [base_link] to frame [map]
[component_container_isolated-1] 
[component_container_isolated-1] [WARN] [1790156676.548048740] [BehaviorTreeEngine]: Behavior Tree tick rate 100.00 was exceeded!
[component_container_isolated-1] [ERROR] [1790156676.648952996] [transformPoseInTargetFrame]: Extrapolation Error looking up target frame: Lookup would require extrapolation at time 1790156669.123020, but only time 1790156670.663451 is in the buffer, when looking up transform from frame [base_link] to frame [map]
[component_container_isolated-1] 
[component_container_isolated-1] [WARN] [1790156676.649023311] [BehaviorTreeEngine]: Behavior Tree tick rate 100.00 was exceeded!
[component_container_isolated-1] [ERROR] [1790156676.674873114] [transformPoseInTargetFrame]: Extrapolation Error looking up target frame: Lookup would require extrapolation at time 1790156669.123020, but only time 1790156670.663451 is in the buffer, when looking up transform from frame [base_link] to frame [map]
[component_container_isolated-1] 
[component_container_isolated-1] [ERROR] [1790156676.750096545] [transformPoseInTargetFrame]: Extrapolation Error looking up target frame: Lookup would require extrapolation at time 1790156669.123020, but only time 1790156670.663451 is in the buffer, when looking up transform from frame [base_link] to frame [map]
[component_container_isolated-1] 
[component_container_isolated-1] [WARN] [1790156676.750212194] [BehaviorTreeEngine]: Behavior Tree tick rate 100.00 was exceeded!
[component_container_isolated-1] [ERROR] [1790156676.851313864] [transformPoseInTargetFrame]: Extrapolation Error looking up target frame: Lookup would require extrapolation at time 1790156669.123020, but only time 1790156670.663451 is in the buffer, when looking up transform from frame [base_link] to frame [map]
[component_container_isolated-1] 
[component_container_isolated-1] [WARN] [1790156676.851415017] [BehaviorTreeEngine]: Behavior Tree tick rate 100.00 was exceeded!
[component_container_isolated-1] [ERROR] [1790156676.953122965] [transformPoseInTargetFrame]: Extrapolation Error looking up target frame: Lookup would require extrapolation at time 1790156669.123020, but only time 1790156670.663451 is in the buffer, when looking up transform from frame [base_link] to frame [map]
[component_container_isolated-1] 
[component_container_isolated-1] [WARN] [1790156676.953228045] [BehaviorTreeEngine]: Behavior Tree tick rate 100.00 was exceeded!
[component_container_isolated-1] [ERROR] [1790156677.055118890] [transformPoseInTargetFrame]: Extrapolation Error looking up target frame: Lookup would require extrapolation at time 1790156669.123020, but only time 1790156670.663451 is in the buffer, when looking up transform from frame [base_link] to frame [map]
[component_container_isolated-1] 
[component_container_isolated-1] [WARN] [1790156677.055214578] [BehaviorTreeEngine]: Behavior Tree tick rate 100.00 was exceeded!
[component_container_isolated-1] [ERROR] [1790156677.156776797] [transformPoseInTargetFrame]: Extrapolation Error looking up target frame: Lookup would require extrapolation at time 1790156669.123020, but only time 1790156670.663451 is in the buffer, when looking up transform from frame [base_link] to frame [map]
[component_container_isolated-1] 
[component_container_isolated-1] [WARN] [1790156677.156884097] [BehaviorTreeEngine]: Behavior Tree tick rate 100.00 was exceeded!
[component_container_isolated-1] [ERROR] [1790156677.258216608] [transformPoseInTargetFrame]: Extrapolation Error looking up target frame: Lookup would require extrapolation at time 1790156669.123020, but only time 1790156670.663451 is in the buffer, when looking up transform from frame [base_link] to frame [map]
[component_container_isolated-1] 
[component_container_isolated-1] [WARN] [1790156677.258321310] [BehaviorTreeEngine]: Behavior Tree tick rate 100.00 was exceeded!
[component_container_isolated-1] [ERROR] [1790156677.359687652] [transformPoseInTargetFrame]: Extrapolation Error looking up target frame: Lookup would require extrapolation at time 1790156669.123020, but only time 1790156670.663451 is in the buffer, when looking up transform from frame [base_link] to frame [map]
[component_container_isolated-1] 
[component_container_isolated-1] [WARN] [1790156677.359794451] [BehaviorTreeEngine]: Behavior Tree tick rate 100.00 was exceeded!
[component_container_isolated-1] [ERROR] [1790156677.461380461] [transformPoseInTargetFrame]: Extrapolation Error looking up target frame: Lookup would require extrapolation at time 1790156669.123020, but only time 1790156670.663451 is in the buffer, when looking up transform from frame [base_link] to frame [map]
[component_container_isolated-1] 
[component_container_isolated-1] [WARN] [1790156677.461478144] [BehaviorTreeEngine]: Behavior Tree tick rate 100.00 was exceeded!
[component_container_isolated-1] [ERROR] [1790156677.563056573] [transformPoseInTargetFrame]: Extrapolation Error looking up target frame: Lookup would require extrapolation at time 1790156669.123020, but only time 1790156670.663451 is in the buffer, when looking up transform from frame [base_link] to frame [map]
[component_container_isolated-1] 
[component_container_isolated-1] [WARN] [1790156677.563163247] [BehaviorTreeEngine]: Behavior Tree tick rate 100.00 was exceeded!
[component_container_isolated-1] [ERROR] [1790156677.664744701] [transformPoseInTargetFrame]: Extrapolation Error looking up target frame: Lookup would require extrapolation at time 1790156669.123020, but only time 1790156670.663451 is in the buffer, when looking up transform from frame [base_link] to frame [map]
[component_container_isolated-1] 
[component_container_isolated-1] [WARN] [1790156677.664814651] [BehaviorTreeEngine]: Behavior Tree tick rate 100.00 was exceeded!
[component_container_isolated-1] [ERROR] [1790156677.675052752] [transformPoseInTargetFrame]: Extrapolation Error looking up target frame: Lookup would require extrapolation at time 1790156669.123020, but only time 1790156670.663451 is in the buffer, when looking up transform from frame [base_link] to frame [map]
[component_container_isolated-1] 
[component_container_isolated-1] [ERROR] [1790156677.765683528] [transformPoseInTargetFrame]: Extrapolation Error looking up target frame: Lookup would require extrapolation at time 1790156669.123020, but only time 1790156670.663451 is in the buffer, when looking up transform from frame [base_link] to frame [map]
[component_container_isolated-1] 
[component_container_isolated-1] [WARN] [1790156677.765755678] [BehaviorTreeEngine]: Behavior Tree tick rate 100.00 was exceeded!
[component_container_isolated-1] [INFO] [1790156677.803602439] [robot1.local_costmap.local_costmap]: Message Filter dropping message: frame 'rplidar_link' at time 1790156672.472 for reason 'the timestamp on the message is earlier than all the data in the transform cache'
[component_container_isolated-1] [ERROR] [1790156677.866594176] [transformPoseInTargetFrame]: Extrapolation Error looking up target frame: Lookup would require extrapolation at time 1790156669.123020, but only time 1790156670.663451 is in the buffer, when looking up transform from frame [base_link] to frame [map]
[component_container_isolated-1] 
[component_container_isolated-1] [WARN] [1790156677.866657188] [BehaviorTreeEngine]: Behavior Tree tick rate 100.00 was exceeded!
[component_container_isolated-1] [ERROR] [1790156677.967644135] [transformPoseInTargetFrame]: Extrapolation Error looking up target frame: Lookup would require extrapolation at time 1790156669.123020, but only time 1790156670.663451 is in the buffer, when looking up transform from frame [base_link] to frame [map]
[component_container_isolated-1] 
[component_container_isolated-1] [WARN] [1790156677.967713883] [BehaviorTreeEngine]: Behavior Tree tick rate 100.00 was exceeded!
[component_container_isolated-1] [ERROR] [1790156678.068952163] [transformPoseInTargetFrame]: Extrapolation Error looking up target frame: Lookup would require extrapolation at time 1790156669.123020, but only time 1790156670.663451 is in the buffer, when looking up transform from frame [base_link] to frame [map]
[component_container_isolated-1] 
[component_container_isolated-1] [WARN] [1790156678.069023224] [BehaviorTreeEngine]: Behavior Tree tick rate 100.00 was exceeded!
[component_container_isolated-1] [WARN] [1790156678.099386746] [BehaviorTreeEngine]: Behavior Tree tick rate 100.00 was exceeded!
[component_container_isolated-1] [WARN] [1790156679.053742476] [robot1.behavior_server]: Exceeded time allowance before reaching the DriveOnHeading goal - Exiting DriveOnHeading
[component_container_isolated-1] [WARN] [1790156679.053767683] [robot1.behavior_server]: backup failed
[component_container_isolated-1] [WARN] [1790156679.053775869] [robot1.behavior_server]: [backup] [ActionServer] Aborting handle.
[component_container_isolated-1] [INFO] [1790156679.069626449] [robot1.local_costmap.local_costmap]: Received request to clear entirely the local_costmap
[component_container_isolated-1] [INFO] [1790156679.069742621] [robot1.global_costmap.global_costmap]: Received request to clear entirely the global_costmap
[component_container_isolated-1] [WARN] [1790156679.380444828] [robot1.planner_server]: Planner loop missed its desired rate of 20.0000 Hz. Current loop rate is 3.2212 Hz
[component_container_isolated-1] [INFO] [1790156679.399827645] [robot1.controller_server]: Received a goal, begin computing control effort.
[component_container_isolated-1] [ERROR] [1790156679.399946534] [tf_help]: Transform data too old when converting from odom to map
[component_container_isolated-1] [ERROR] [1790156679.399984107] [tf_help]: Data time: 1790156673s 423583935ns, Transform time: 1790156670s 663451332ns
[component_container_isolated-1] [WARN] [1790156679.400007990] [robot1.controller_server]: Unable to transform robot pose into global plan's frame
[component_container_isolated-1] [ERROR] [1790156679.400103512] [tf_help]: Transform data too old when converting from map to odom
[component_container_isolated-1] [ERROR] [1790156679.400113103] [tf_help]: Data time: 1790156679s 380100315ns, Transform time: 1790156670s 663451332ns
[component_container_isolated-1] [ERROR] [1790156679.450087013] [tf_help]: Transform data too old when converting from odom to map
[component_container_isolated-1] [ERROR] [1790156679.450118587] [tf_help]: Data time: 1790156673s 423583935ns, Transform time: 1790156670s 663451332ns
[component_container_isolated-1] [WARN] [1790156679.450141220] [robot1.controller_server]: Unable to transform robot pose into global plan's frame
[component_container_isolated-1] [ERROR] [1790156679.450228398] [tf_help]: Transform data too old when converting from map to odom
[component_container_isolated-1] [ERROR] [1790156679.450235337] [tf_help]: Data time: 1790156679s 380100315ns, Transform time: 1790156670s 663451332ns
[component_container_isolated-1] [ERROR] [1790156679.500004730] [tf_help]: Transform data too old when converting from odom to map
[component_container_isolated-1] [ERROR] [1790156679.500031689] [tf_help]: Data time: 1790156673s 423583935ns, Transform time: 1790156670s 663451332ns
[component_container_isolated-1] [WARN] [1790156679.500051948] [robot1.controller_server]: Unable to transform robot pose into global plan's frame
[component_container_isolated-1] [ERROR] [1790156679.500135446] [tf_help]: Transform data too old when converting from map to odom
[component_container_isolated-1] [ERROR] [1790156679.500142792] [tf_help]: Data time: 1790156679s 380100315ns, Transform time: 1790156670s 663451332ns
[component_container_isolated-1] [ERROR] [1790156679.550129618] [tf_help]: Transform data too old when converting from odom to map
[component_container_isolated-1] [ERROR] [1790156679.550161753] [tf_help]: Data time: 1790156673s 423583935ns, Transform time: 1790156670s 663451332ns
[component_container_isolated-1] [WARN] [1790156679.550184537] [robot1.controller_server]: Unable to transform robot pose into global plan's frame
[component_container_isolated-1] [ERROR] [1790156679.550274123] [tf_help]: Transform data too old when converting from map to odom
[component_container_isolated-1] [ERROR] [1790156679.550281269] [tf_help]: Data time: 1790156679s 380100315ns, Transform time: 1790156670s 663451332ns
[component_container_isolated-1] [ERROR] [1790156679.600121405] [tf_help]: Transform data too old when converting from odom to map
[component_container_isolated-1] [ERROR] [1790156679.600149899] [tf_help]: Data time: 1790156673s 423583935ns, Transform time: 1790156670s 663451332ns
[component_container_isolated-1] [WARN] [1790156679.600171921] [robot1.controller_server]: Unable to transform robot pose into global plan's frame
[component_container_isolated-1] [ERROR] [1790156679.600261029] [tf_help]: Transform data too old when converting from map to odom
[component_container_isolated-1] [ERROR] [1790156679.600268093] [tf_help]: Data time: 1790156679s 380100315ns, Transform time: 1790156670s 663451332ns
[component_container_isolated-1] [ERROR] [1790156679.650135992] [tf_help]: Transform data too old when converting from odom to map
[component_container_isolated-1] [ERROR] [1790156679.650169296] [tf_help]: Data time: 1790156673s 423583935ns, Transform time: 1790156670s 663451332ns
[component_container_isolated-1] [WARN] [1790156679.650191598] [robot1.controller_server]: Unable to transform robot pose into global plan's frame
[component_container_isolated-1] [ERROR] [1790156679.650280843] [tf_help]: Transform data too old when converting from map to odom
[component_container_isolated-1] [ERROR] [1790156679.650287766] [tf_help]: Data time: 1790156679s 380100315ns, Transform time: 1790156670s 663451332ns
[component_container_isolated-1] [ERROR] [1790156679.700099770] [tf_help]: Transform data too old when converting from odom to map
[component_container_isolated-1] [ERROR] [1790156679.700145076] [tf_help]: Data time: 1790156673s 423583935ns, Transform time: 1790156670s 663451332ns
[component_container_isolated-1] [WARN] [1790156679.700168789] [robot1.controller_server]: Unable to transform robot pose into global plan's frame
[component_container_isolated-1] [ERROR] [1790156679.700194105] [robot1.controller_server]: Controller patience exceeded
[component_container_isolated-1] [WARN] [1790156679.700226243] [robot1.controller_server]: [follow_path] [ActionServer] Aborting handle.
[component_container_isolated-1] [INFO] [1790156679.719616738] [robot1.local_costmap.local_costmap]: Received request to clear entirely the local_costmap
[component_container_isolated-1] [INFO] [1790156679.719864810] [robot1.controller_server]: Received a goal, begin computing control effort.
[component_container_isolated-1] [ERROR] [1790156679.840040013] [tf_help]: Transform data too old when converting from odom to map
[component_container_isolated-1] [ERROR] [1790156679.840088245] [tf_help]: Data time: 1790156673s 423583935ns, Transform time: 1790156670s 663451332ns
[component_container_isolated-1] [WARN] [1790156679.840112490] [robot1.controller_server]: Unable to transform robot pose into global plan's frame
[component_container_isolated-1] [ERROR] [1790156679.840206579] [tf_help]: Transform data too old when converting from map to odom
[component_container_isolated-1] [ERROR] [1790156679.840214503] [tf_help]: Data time: 1790156679s 380100315ns, Transform time: 1790156670s 663451332ns
[component_container_isolated-1] [WARN] [1790156679.840220517] [robot1.controller_server]: Control loop missed its desired rate of 20.0000Hz
[component_container_isolated-1] [ERROR] [1790156679.840261227] [tf_help]: Transform data too old when converting from odom to map
[component_container_isolated-1] [ERROR] [1790156679.840266828] [tf_help]: Data time: 1790156673s 423583935ns, Transform time: 1790156670s 663451332ns
[component_container_isolated-1] [WARN] [1790156679.840280616] [robot1.controller_server]: Unable to transform robot pose into global plan's frame
[component_container_isolated-1] [ERROR] [1790156679.840336696] [tf_help]: Transform data too old when converting from map to odom
[component_container_isolated-1] [ERROR] [1790156679.840342804] [tf_help]: Data time: 1790156679s 380100315ns, Transform time: 1790156670s 663451332ns
[component_container_isolated-1] [ERROR] [1790156679.890583129] [tf_help]: Transform data too old when converting from odom to map
[component_container_isolated-1] [ERROR] [1790156679.890614900] [tf_help]: Data time: 1790156673s 423583935ns, Transform time: 1790156670s 663451332ns
[component_container_isolated-1] [WARN] [1790156679.890636989] [robot1.controller_server]: Unable to transform robot pose into global plan's frame
[component_container_isolated-1] [ERROR] [1790156679.890726277] [tf_help]: Transform data too old when converting from map to odom
[component_container_isolated-1] [ERROR] [1790156679.890733683] [tf_help]: Data time: 1790156679s 380100315ns, Transform time: 1790156670s 663451332ns
[component_container_isolated-1] [ERROR] [1790156679.940890092] [tf_help]: Transform data too old when converting from odom to map
[component_container_isolated-1] [ERROR] [1790156679.940929615] [tf_help]: Data time: 1790156673s 423583935ns, Transform time: 1790156670s 663451332ns
[component_container_isolated-1] [WARN] [1790156679.940953600] [robot1.controller_server]: Unable to transform robot pose into global plan's frame
[component_container_isolated-1] [ERROR] [1790156679.941050580] [tf_help]: Transform data too old when converting from map to odom
[component_container_isolated-1] [ERROR] [1790156679.941059154] [tf_help]: Data time: 1790156679s 380100315ns, Transform time: 1790156670s 663451332ns
[component_container_isolated-1] [ERROR] [1790156679.991292011] [tf_help]: Transform data too old when converting from odom to map
[component_container_isolated-1] [ERROR] [1790156679.991326905] [tf_help]: Data time: 1790156673s 423583935ns, Transform time: 1790156670s 663451332ns
[component_container_isolated-1] [WARN] [1790156679.991350859] [robot1.controller_server]: Unable to transform robot pose into global plan's frame
[component_container_isolated-1] [ERROR] [1790156679.991457485] [tf_help]: Transform data too old when converting from map to odom
[component_container_isolated-1] [ERROR] [1790156679.991465404] [tf_help]: Data time: 1790156679s 380100315ns, Transform time: 1790156670s 663451332ns
[component_container_isolated-1] [ERROR] [1790156680.041574524] [tf_help]: Transform data too old when converting from odom to map
[component_container_isolated-1] [ERROR] [1790156680.041608752] [tf_help]: Data time: 1790156673s 423583935ns, Transform time: 1790156670s 663451332ns
[component_container_isolated-1] [WARN] [1790156680.041630495] [robot1.controller_server]: Unable to transform robot pose into global plan's frame
[component_container_isolated-1] [ERROR] [1790156680.041653476] [robot1.controller_server]: Controller patience exceeded
[component_container_isolated-1] [WARN] [1790156680.041683995] [robot1.controller_server]: [follow_path] [ActionServer] Aborting handle.
[component_container_isolated-1] [INFO] [1790156680.059792748] [robot1.behavior_server]: Running spin
[component_container_isolated-1] [INFO] [1790156680.059853277] [robot1.behavior_server]: Turning 1.57 for spin behavior.
[component_container_isolated-1] [INFO] [1790156687.442752504] [robot1.global_costmap.global_costmap]: Message Filter dropping message: frame 'rplidar_link' at time 1790156676.806 for reason 'the timestamp on the message is earlier than all the data in the transform cache'
[component_container_isolated-1] [WARN] [1790156688.469738578] [BehaviorTreeEngine]: Behavior Tree tick rate 100.00 was exceeded!
[component_container_isolated-1] [WARN] [1790156690.060108236] [robot1.behavior_server]: Exceeded time allowance before reaching the Spin goal - Exiting Spin
[component_container_isolated-1] [WARN] [1790156690.060158506] [robot1.behavior_server]: spin failed
[component_container_isolated-1] [WARN] [1790156690.060169532] [robot1.behavior_server]: [spin] [ActionServer] Aborting handle.
[component_container_isolated-1] [INFO] [1790156690.080101798] [robot1.behavior_server]: Running wait
[component_container_isolated-1] [INFO] [1790156695.080225236] [robot1.behavior_server]: wait completed successfully
[component_container_isolated-1] [INFO] [1790156695.129990464] [robot1.controller_server]: Received a goal, begin computing control effort.
[component_container_isolated-1] [ERROR] [1790156695.130126024] [tf_help]: Transform data too old when converting from odom to map
[component_container_isolated-1] [ERROR] [1790156695.130156314] [tf_help]: Data time: 1790156688s 514195788ns, Transform time: 1790156683s 390011708ns
[component_container_isolated-1] [WARN] [1790156695.130179908] [robot1.controller_server]: Unable to transform robot pose into global plan's frame
[component_container_isolated-1] [ERROR] [1790156695.130268274] [tf_help]: Transform data too old when converting from map to odom
[component_container_isolated-1] [ERROR] [1790156695.130277166] [tf_help]: Data time: 1790156695s 110351910ns, Transform time: 1790156683s 390011708ns
[component_container_isolated-1] [ERROR] [1790156695.180217370] [tf_help]: Transform data too old when converting from odom to map
[component_container_isolated-1] [ERROR] [1790156695.180247675] [tf_help]: Data time: 1790156688s 514195788ns, Transform time: 1790156683s 390011708ns
[component_container_isolated-1] [WARN] [1790156695.180271829] [robot1.controller_server]: Unable to transform robot pose into global plan's frame
[component_container_isolated-1] [ERROR] [1790156695.180362749] [tf_help]: Transform data too old when converting from map to odom
[component_container_isolated-1] [ERROR] [1790156695.180370583] [tf_help]: Data time: 1790156695s 110351910ns, Transform time: 1790156683s 390011708ns
[component_container_isolated-1] [ERROR] [1790156695.230202805] [tf_help]: Transform data too old when converting from odom to map
[component_container_isolated-1] [ERROR] [1790156695.230230929] [tf_help]: Data time: 1790156688s 514195788ns, Transform time: 1790156683s 390011708ns
[component_container_isolated-1] [WARN] [1790156695.230251939] [robot1.controller_server]: Unable to transform robot pose into global plan's frame
[component_container_isolated-1] [ERROR] [1790156695.230338244] [tf_help]: Transform data too old when converting from map to odom
[component_container_isolated-1] [ERROR] [1790156695.230345834] [tf_help]: Data time: 1790156695s 110351910ns, Transform time: 1790156683s 390011708ns
[component_container_isolated-1] [ERROR] [1790156695.280222058] [tf_help]: Transform data too old when converting from odom to map
[component_container_isolated-1] [ERROR] [1790156695.280256568] [tf_help]: Data time: 1790156688s 514195788ns, Transform time: 1790156683s 390011708ns
[component_container_isolated-1] [WARN] [1790156695.280280405] [robot1.controller_server]: Unable to transform robot pose into global plan's frame
[component_container_isolated-1] [ERROR] [1790156695.280377195] [tf_help]: Transform data too old when converting from map to odom
[component_container_isolated-1] [ERROR] [1790156695.280384691] [tf_help]: Data time: 1790156695s 110351910ns, Transform time: 1790156683s 390011708ns
[component_container_isolated-1] [ERROR] [1790156695.330225461] [tf_help]: Transform data too old when converting from odom to map
[component_container_isolated-1] [ERROR] [1790156695.330257039] [tf_help]: Data time: 1790156688s 514195788ns, Transform time: 1790156683s 390011708ns
[component_container_isolated-1] [WARN] [1790156695.330280301] [robot1.controller_server]: Unable to transform robot pose into global plan's frame
[component_container_isolated-1] [ERROR] [1790156695.330370555] [tf_help]: Transform data too old when converting from map to odom
[component_container_isolated-1] [ERROR] [1790156695.330377700] [tf_help]: Data time: 1790156695s 110351910ns, Transform time: 1790156683s 390011708ns
[component_container_isolated-1] [ERROR] [1790156695.380191525] [tf_help]: Transform data too old when converting from odom to map
[component_container_isolated-1] [ERROR] [1790156695.380228700] [tf_help]: Data time: 1790156688s 514195788ns, Transform time: 1790156683s 390011708ns
[component_container_isolated-1] [WARN] [1790156695.380252481] [robot1.controller_server]: Unable to transform robot pose into global plan's frame
[component_container_isolated-1] [ERROR] [1790156695.380347650] [tf_help]: Transform data too old when converting from map to odom
[component_container_isolated-1] [ERROR] [1790156695.380368292] [tf_help]: Data time: 1790156695s 110351910ns, Transform time: 1790156683s 390011708ns
[component_container_isolated-1] [ERROR] [1790156695.430266173] [tf_help]: Transform data too old when converting from odom to map
[component_container_isolated-1] [ERROR] [1790156695.430295383] [tf_help]: Data time: 1790156688s 514195788ns, Transform time: 1790156683s 390011708ns
[component_container_isolated-1] [WARN] [1790156695.430317377] [robot1.controller_server]: Unable to transform robot pose into global plan's frame
[component_container_isolated-1] [ERROR] [1790156695.430341093] [robot1.controller_server]: Controller patience exceeded
[component_container_isolated-1] [WARN] [1790156695.430370959] [robot1.controller_server]: [follow_path] [ActionServer] Aborting handle.
[component_container_isolated-1] [INFO] [1790156695.449882279] [robot1.local_costmap.local_costmap]: Received request to clear entirely the local_costmap
[component_container_isolated-1] [INFO] [1790156695.450108730] [robot1.controller_server]: Received a goal, begin computing control effort.
[component_container_isolated-1] [ERROR] [1790156695.640335908] [tf_help]: Transform data too old when converting from odom to map
[component_container_isolated-1] [ERROR] [1790156695.640377993] [tf_help]: Data time: 1790156688s 514195788ns, Transform time: 1790156683s 390011708ns
[component_container_isolated-1] [WARN] [1790156695.640402014] [robot1.controller_server]: Unable to transform robot pose into global plan's frame
[component_container_isolated-1] [ERROR] [1790156695.640496208] [tf_help]: Transform data too old when converting from map to odom
[component_container_isolated-1] [ERROR] [1790156695.640503769] [tf_help]: Data time: 1790156695s 110351910ns, Transform time: 1790156683s 390011708ns
[component_container_isolated-1] [WARN] [1790156695.640509582] [robot1.controller_server]: Control loop missed its desired rate of 20.0000Hz
[component_container_isolated-1] [ERROR] [1790156695.640555787] [tf_help]: Transform data too old when converting from odom to map
[component_container_isolated-1] [ERROR] [1790156695.640564116] [tf_help]: Data time: 1790156688s 514195788ns, Transform time: 1790156683s 390011708ns
[component_container_isolated-1] [WARN] [1790156695.640578271] [robot1.controller_server]: Unable to transform robot pose into global plan's frame
[component_container_isolated-1] [ERROR] [1790156695.640635524] [tf_help]: Transform data too old when converting from map to odom
[component_container_isolated-1] [ERROR] [1790156695.640641740] [tf_help]: Data time: 1790156695s 110351910ns, Transform time: 1790156683s 390011708ns
[component_container_isolated-1] [ERROR] [1790156695.690881615] [tf_help]: Transform data too old when converting from odom to map
[component_container_isolated-1] [ERROR] [1790156695.690913845] [tf_help]: Data time: 1790156688s 674966340ns, Transform time: 1790156683s 390011708ns
[component_container_isolated-1] [WARN] [1790156695.690937341] [robot1.controller_server]: Unable to transform robot pose into global plan's frame
[component_container_isolated-1] [ERROR] [1790156695.691031031] [tf_help]: Transform data too old when converting from map to odom
[component_container_isolated-1] [ERROR] [1790156695.691038514] [tf_help]: Data time: 1790156695s 110351910ns, Transform time: 1790156683s 390011708ns
[component_container_isolated-1] [ERROR] [1790156695.741204614] [tf_help]: Transform data too old when converting from odom to map
[component_container_isolated-1] [ERROR] [1790156695.741238580] [tf_help]: Data time: 1790156688s 814989860ns, Transform time: 1790156683s 390011708ns
[component_container_isolated-1] [WARN] [1790156695.741262019] [robot1.controller_server]: Unable to transform robot pose into global plan's frame
[component_container_isolated-1] [ERROR] [1790156695.741357707] [tf_help]: Transform data too old when converting from map to odom
[component_container_isolated-1] [ERROR] [1790156695.741364752] [tf_help]: Data time: 1790156695s 110351910ns, Transform time: 1790156683s 390011708ns
[component_container_isolated-1] [ERROR] [1790156695.791686744] [tf_help]: Transform data too old when converting from odom to map
[component_container_isolated-1] [ERROR] [1790156695.791720165] [tf_help]: Data time: 1790156688s 814989860ns, Transform time: 1790156683s 390011708ns
[component_container_isolated-1] [WARN] [1790156695.791743896] [robot1.controller_server]: Unable to transform robot pose into global plan's frame
[component_container_isolated-1] [ERROR] [1790156695.791768466] [robot1.controller_server]: Controller patience exceeded
[component_container_isolated-1] [WARN] [1790156695.791801835] [robot1.controller_server]: [follow_path] [ActionServer] Aborting handle.
[component_container_isolated-1] [INFO] [1790156695.810051728] [robot1.behavior_server]: Running backup
[component_container_isolated-1] [ERROR] [1790156700.560756965] [transformPoseInTargetFrame]: Extrapolation Error looking up target frame: Lookup would require extrapolation into the past.  Requested time 1790156683.390012 but the earliest data is at time 1790156684.163949, when looking up transform from frame [base_link] to frame [map]
[component_container_isolated-1] 
[component_container_isolated-1] [WARN] [1790156700.560843112] [BehaviorTreeEngine]: Behavior Tree tick rate 100.00 was exceeded!
[component_container_isolated-1] [ERROR] [1790156700.661808622] [transformPoseInTargetFrame]: Extrapolation Error looking up target frame: Lookup would require extrapolation into the past.  Requested time 1790156683.390012 but the earliest data is at time 1790156684.770151, when looking up transform from frame [base_link] to frame [map]
[component_container_isolated-1] 
[component_container_isolated-1] [WARN] [1790156700.661880539] [BehaviorTreeEngine]: Behavior Tree tick rate 100.00 was exceeded!
[component_container_isolated-1] [ERROR] [1790156700.762747452] [transformPoseInTargetFrame]: Extrapolation Error looking up target frame: Lookup would require extrapolation into the past.  Requested time 1790156683.390012 but the earliest data is at time 1790156684.770151, when looking up transform from frame [base_link] to frame [map]
[component_container_isolated-1] 
[component_container_isolated-1] [WARN] [1790156700.762827827] [BehaviorTreeEngine]: Behavior Tree tick rate 100.00 was exceeded!
[component_container_isolated-1] [ERROR] [1790156700.863745609] [transformPoseInTargetFrame]: Extrapolation Error looking up target frame: Lookup would require extrapolation into the past.  Requested time 1790156683.390012 but the earliest data is at time 1790156684.770151, when looking up transform from frame [base_link] to frame [map]
[component_container_isolated-1] 
[component_container_isolated-1] [WARN] [1790156700.863800628] [BehaviorTreeEngine]: Behavior Tree tick rate 100.00 was exceeded!
[component_container_isolated-1] [ERROR] [1790156700.964872014] [transformPoseInTargetFrame]: Extrapolation Error looking up target frame: Lookup would require extrapolation into the past.  Requested time 1790156683.390012 but the earliest data is at time 1790156684.770151, when looking up transform from frame [base_link] to frame [map]
[component_container_isolated-1] 
[component_container_isolated-1] [WARN] [1790156700.964945270] [BehaviorTreeEngine]: Behavior Tree tick rate 100.00 was exceeded!
[component_container_isolated-1] [ERROR] [1790156701.066094865] [transformPoseInTargetFrame]: Extrapolation Error looking up target frame: Lookup would require extrapolation into the past.  Requested time 1790156683.390012 but the earliest data is at time 1790156684.770151, when looking up transform from frame [base_link] to frame [map]
[component_container_isolated-1] 
[component_container_isolated-1] [WARN] [1790156701.066194679] [BehaviorTreeEngine]: Behavior Tree tick rate 100.00 was exceeded!
[component_container_isolated-1] [ERROR] [1790156701.167321792] [transformPoseInTargetFrame]: Extrapolation Error looking up target frame: Lookup would require extrapolation into the past.  Requested time 1790156683.390012 but the earliest data is at time 1790156684.770151, when looking up transform from frame [base_link] to frame [map]
[component_container_isolated-1] 
[component_container_isolated-1] [WARN] [1790156701.167394964] [BehaviorTreeEngine]: Behavior Tree tick rate 100.00 was exceeded!
[component_container_isolated-1] [ERROR] [1790156701.268573375] [transformPoseInTargetFrame]: Extrapolation Error looking up target frame: Lookup would require extrapolation into the past.  Requested time 1790156683.390012 but the earliest data is at time 1790156684.770151, when looking up transform from frame [base_link] to frame [map]
[component_container_isolated-1] 
[component_container_isolated-1] [WARN] [1790156701.268642995] [BehaviorTreeEngine]: Behavior Tree tick rate 100.00 was exceeded!
[component_container_isolated-1] [ERROR] [1790156701.369698305] [transformPoseInTargetFrame]: Extrapolation Error looking up target frame: Lookup would require extrapolation into the past.  Requested time 1790156683.390012 but the earliest data is at time 1790156684.770151, when looking up transform from frame [base_link] to frame [map]
[component_container_isolated-1] 
[component_container_isolated-1] [WARN] [1790156701.369775202] [BehaviorTreeEngine]: Behavior Tree tick rate 100.00 was exceeded!
[component_container_isolated-1] [ERROR] [1790156701.470793625] [transformPoseInTargetFrame]: Extrapolation Error looking up target frame: Lookup would require extrapolation into the past.  Requested time 1790156683.390012 but the earliest data is at time 1790156684.770151, when looking up transform from frame [base_link] to frame [map]
[component_container_isolated-1] 
[component_container_isolated-1] [WARN] [1790156701.470866506] [BehaviorTreeEngine]: Behavior Tree tick rate 100.00 was exceeded!
[component_container_isolated-1] [ERROR] [1790156701.571855640] [transformPoseInTargetFrame]: Extrapolation Error looking up target frame: Lookup would require extrapolation into the past.  Requested time 1790156683.390012 but the earliest data is at time 1790156684.770151, when looking up transform from frame [base_link] to frame [map]
[component_container_isolated-1] 
[component_container_isolated-1] [WARN] [1790156701.571921138] [BehaviorTreeEngine]: Behavior Tree tick rate 100.00 was exceeded!
[component_container_isolated-1] [ERROR] [1790156701.672921536] [transformPoseInTargetFrame]: Extrapolation Error looking up target frame: Lookup would require extrapolation into the past.  Requested time 1790156683.390012 but the earliest data is at time 1790156684.770151, when looking up transform from frame [base_link] to frame [map]
[component_container_isolated-1] 
[component_container_isolated-1] [WARN] [1790156701.672993818] [BehaviorTreeEngine]: Behavior Tree tick rate 100.00 was exceeded!
[component_container_isolated-1] [ERROR] [1790156701.675807215] [transformPoseInTargetFrame]: Extrapolation Error looking up target frame: Lookup would require extrapolation into the past.  Requested time 1790156683.390012 but the earliest data is at time 1790156684.770151, when looking up transform from frame [base_link] to frame [map]
[component_container_isolated-1] 
[component_container_isolated-1] [ERROR] [1790156701.773907368] [transformPoseInTargetFrame]: Extrapolation Error looking up target frame: Lookup would require extrapolation into the past.  Requested time 1790156683.390012 but the earliest data is at time 1790156684.770151, when looking up transform from frame [base_link] to frame [map]
[component_container_isolated-1] 
[component_container_isolated-1] [WARN] [1790156701.773981691] [BehaviorTreeEngine]: Behavior Tree tick rate 100.00 was exceeded!
[component_container_isolated-1] [ERROR] [1790156701.874972232] [transformPoseInTargetFrame]: Extrapolation Error looking up target frame: Lookup would require extrapolation into the past.  Requested time 1790156683.390012 but the earliest data is at time 1790156684.770151, when looking up transform from frame [base_link] to frame [map]
[component_container_isolated-1] 
[component_container_isolated-1] [WARN] [1790156701.875073026] [BehaviorTreeEngine]: Behavior Tree tick rate 100.00 was exceeded!
[component_container_isolated-1] [ERROR] [1790156701.976218381] [transformPoseInTargetFrame]: Extrapolation Error looking up target frame: Lookup would require extrapolation into the past.  Requested time 1790156683.390012 but the earliest data is at time 1790156684.770151, when looking up transform from frame [base_link] to frame [map]
[component_container_isolated-1] 
[component_container_isolated-1] [WARN] [1790156701.976322332] [BehaviorTreeEngine]: Behavior Tree tick rate 100.00 was exceeded!
[component_container_isolated-1] [ERROR] [1790156702.077398649] [transformPoseInTargetFrame]: Extrapolation Error looking up target frame: Lookup would require extrapolation into the past.  Requested time 1790156683.390012 but the earliest data is at time 1790156684.770151, when looking up transform from frame [base_link] to frame [map]
[component_container_isolated-1] 
[component_container_isolated-1] [WARN] [1790156702.077522866] [BehaviorTreeEngine]: Behavior Tree tick rate 100.00 was exceeded!
[component_container_isolated-1] [ERROR] [1790156702.178873520] [transformPoseInTargetFrame]: Extrapolation Error looking up target frame: Lookup would require extrapolation into the past.  Requested time 1790156683.390012 but the earliest data is at time 1790156684.770151, when looking up transform from frame [base_link] to frame [map]
[component_container_isolated-1] 
[component_container_isolated-1] [WARN] [1790156702.178965314] [BehaviorTreeEngine]: Behavior Tree tick rate 100.00 was exceeded!
[component_container_isolated-1] [ERROR] [1790156702.279902815] [transformPoseInTargetFrame]: Extrapolation Error looking up target frame: Lookup would require extrapolation into the past.  Requested time 1790156683.390012 but the earliest data is at time 1790156684.770151, when looking up transform from frame [base_link] to frame [map]
[component_container_isolated-1] 
[component_container_isolated-1] [WARN] [1790156702.279973930] [BehaviorTreeEngine]: Behavior Tree tick rate 100.00 was exceeded!
[component_container_isolated-1] [ERROR] [1790156702.381037651] [transformPoseInTargetFrame]: Extrapolation Error looking up target frame: Lookup would require extrapolation into the past.  Requested time 1790156683.390012 but the earliest data is at time 1790156684.770151, when looking up transform from frame [base_link] to frame [map]
[component_container_isolated-1] 
[component_container_isolated-1] [WARN] [1790156702.381133039] [BehaviorTreeEngine]: Behavior Tree tick rate 100.00 was exceeded!
[component_container_isolated-1] [ERROR] [1790156702.482012895] [transformPoseInTargetFrame]: Extrapolation Error looking up target frame: Lookup would require extrapolation into the past.  Requested time 1790156683.390012 but the earliest data is at time 1790156684.770151, when looking up transform from frame [base_link] to frame [map]
[component_container_isolated-1] 
[component_container_isolated-1] [WARN] [1790156702.482086575] [BehaviorTreeEngine]: Behavior Tree tick rate 100.00 was exceeded!
[component_container_isolated-1] [ERROR] [1790156702.583075756] [transformPoseInTargetFrame]: Extrapolation Error looking up target frame: Lookup would require extrapolation into the past.  Requested time 1790156683.390012 but the earliest data is at time 1790156684.770151, when looking up transform from frame [base_link] to frame [map]
[component_container_isolated-1] 
[component_container_isolated-1] [WARN] [1790156702.583190810] [BehaviorTreeEngine]: Behavior Tree tick rate 100.00 was exceeded!
[component_container_isolated-1] [ERROR] [1790156702.675016284] [transformPoseInTargetFrame]: Extrapolation Error looking up target frame: Lookup would require extrapolation into the past.  Requested time 1790156683.390012 but the earliest data is at time 1790156684.770151, when looking up transform from frame [base_link] to frame [map]
[component_container_isolated-1] 
[component_container_isolated-1] [ERROR] [1790156702.684238761] [transformPoseInTargetFrame]: Extrapolation Error looking up target frame: Lookup would require extrapolation into the past.  Requested time 1790156683.390012 but the earliest data is at time 1790156684.770151, when looking up transform from frame [base_link] to frame [map]
[component_container_isolated-1] 
[component_container_isolated-1] [WARN] [1790156702.684334410] [BehaviorTreeEngine]: Behavior Tree tick rate 100.00 was exceeded!
[component_container_isolated-1] [ERROR] [1790156702.785632287] [transformPoseInTargetFrame]: Extrapolation Error looking up target frame: Lookup would require extrapolation into the past.  Requested time 1790156683.390012 but the earliest data is at time 1790156684.770151, when looking up transform from frame [base_link] to frame [map]
[component_container_isolated-1] 
[component_container_isolated-1] [WARN] [1790156702.785716745] [BehaviorTreeEngine]: Behavior Tree tick rate 100.00 was exceeded!
[component_container_isolated-1] [INFO] [1790156702.790121019] [robot1.local_costmap.local_costmap]: Message Filter dropping message: frame 'rplidar_link' at time 1790156696.384 for reason 'the timestamp on the message is earlier than all the data in the transform cache'
[component_container_isolated-1] [ERROR] [1790156702.886983411] [transformPoseInTargetFrame]: Extrapolation Error looking up target frame: Lookup would require extrapolation into the past.  Requested time 1790156683.390012 but the earliest data is at time 1790156684.770151, when looking up transform from frame [base_link] to frame [map]
[component_container_isolated-1] 
[component_container_isolated-1] [WARN] [1790156702.887052731] [BehaviorTreeEngine]: Behavior Tree tick rate 100.00 was exceeded!
[component_container_isolated-1] [ERROR] [1790156702.988215356] [transformPoseInTargetFrame]: Extrapolation Error looking up target frame: Lookup would require extrapolation into the past.  Requested time 1790156683.390012 but the earliest data is at time 1790156684.770151, when looking up transform from frame [base_link] to frame [map]
[component_container_isolated-1] 
[component_container_isolated-1] [WARN] [1790156702.988288259] [BehaviorTreeEngine]: Behavior Tree tick rate 100.00 was exceeded!
[component_container_isolated-1] [ERROR] [1790156703.089078957] [transformPoseInTargetFrame]: Extrapolation Error looking up target frame: Lookup would require extrapolation into the past.  Requested time 1790156683.390012 but the earliest data is at time 1790156684.770151, when looking up transform from frame [base_link] to frame [map]
[component_container_isolated-1] 
[component_container_isolated-1] [WARN] [1790156703.089167401] [BehaviorTreeEngine]: Behavior Tree tick rate 100.00 was exceeded!
[component_container_isolated-1] [ERROR] [1790156703.190023006] [transformPoseInTargetFrame]: Extrapolation Error looking up target frame: Lookup would require extrapolation into the past.  Requested time 1790156683.390012 but the earliest data is at time 1790156684.770151, when looking up transform from frame [base_link] to frame [map]
[component_container_isolated-1] 
[component_container_isolated-1] [WARN] [1790156703.190102720] [BehaviorTreeEngine]: Behavior Tree tick rate 100.00 was exceeded!
[component_container_isolated-1] [ERROR] [1790156703.290938224] [transformPoseInTargetFrame]: Extrapolation Error looking up target frame: Lookup would require extrapolation into the past.  Requested time 1790156683.390012 but the earliest data is at time 1790156684.770151, when looking up transform from frame [base_link] to frame [map]
[component_container_isolated-1] 
[component_container_isolated-1] [WARN] [1790156703.291021803] [BehaviorTreeEngine]: Behavior Tree tick rate 100.00 was exceeded!
[component_container_isolated-1] [ERROR] [1790156703.391902506] [transformPoseInTargetFrame]: Extrapolation Error looking up target frame: Lookup would require extrapolation into the past.  Requested time 1790156683.390012 but the earliest data is at time 1790156684.770151, when looking up transform from frame [base_link] to frame [map]
[component_container_isolated-1] 
[component_container_isolated-1] [WARN] [1790156703.392023546] [BehaviorTreeEngine]: Behavior Tree tick rate 100.00 was exceeded!
[component_container_isolated-1] [ERROR] [1790156703.492813106] [transformPoseInTargetFrame]: Extrapolation Error looking up target frame: Lookup would require extrapolation into the past.  Requested time 1790156683.390012 but the earliest data is at time 1790156684.770151, when looking up transform from frame [base_link] to frame [map]
[component_container_isolated-1] 
[component_container_isolated-1] [WARN] [1790156703.492916668] [BehaviorTreeEngine]: Behavior Tree tick rate 100.00 was exceeded!
[component_container_isolated-1] [ERROR] [1790156703.593700240] [transformPoseInTargetFrame]: Extrapolation Error looking up target frame: Lookup would require extrapolation into the past.  Requested time 1790156683.390012 but the earliest data is at time 1790156684.770151, when looking up transform from frame [base_link] to frame [map]
[component_container_isolated-1] 
[component_container_isolated-1] [WARN] [1790156703.593769417] [BehaviorTreeEngine]: Behavior Tree tick rate 100.00 was exceeded!
[component_container_isolated-1] [ERROR] [1790156703.675232259] [transformPoseInTargetFrame]: Extrapolation Error looking up target frame: Lookup would require extrapolation into the past.  Requested time 1790156683.390012 but the earliest data is at time 1790156684.770151, when looking up transform from frame [base_link] to frame [map]
[component_container_isolated-1] 
[component_container_isolated-1] [ERROR] [1790156703.694713168] [transformPoseInTargetFrame]: Extrapolation Error looking up target frame: Lookup would require extrapolation into the past.  Requested time 1790156683.390012 but the earliest data is at time 1790156684.770151, when looking up transform from frame [base_link] to frame [map]
[component_container_isolated-1] 
[component_container_isolated-1] [WARN] [1790156703.694771183] [BehaviorTreeEngine]: Behavior Tree tick rate 100.00 was exceeded!
[component_container_isolated-1] [ERROR] [1790156703.795760171] [transformPoseInTargetFrame]: Extrapolation Error looking up target frame: Lookup would require extrapolation into the past.  Requested time 1790156683.390012 but the earliest data is at time 1790156684.770151, when looking up transform from frame [base_link] to frame [map]
[component_container_isolated-1] 
[component_container_isolated-1] [WARN] [1790156703.795864126] [BehaviorTreeEngine]: Behavior Tree tick rate 100.00 was exceeded!
[component_container_isolated-1] [ERROR] [1790156703.896755357] [transformPoseInTargetFrame]: Extrapolation Error looking up target frame: Lookup would require extrapolation into the past.  Requested time 1790156683.390012 but the earliest data is at time 1790156684.770151, when looking up transform from frame [base_link] to frame [map]
[component_container_isolated-1] 
[component_container_isolated-1] [WARN] [1790156703.896823717] [BehaviorTreeEngine]: Behavior Tree tick rate 100.00 was exceeded!
[component_container_isolated-1] [ERROR] [1790156703.997762403] [transformPoseInTargetFrame]: Extrapolation Error looking up target frame: Lookup would require extrapolation into the past.  Requested time 1790156683.390012 but the earliest data is at time 1790156684.770151, when looking up transform from frame [base_link] to frame [map]
[component_container_isolated-1] 
[component_container_isolated-1] [WARN] [1790156703.997863442] [BehaviorTreeEngine]: Behavior Tree tick rate 100.00 was exceeded!
[component_container_isolated-1] [ERROR] [1790156704.098890440] [transformPoseInTargetFrame]: Extrapolation Error looking up target frame: Lookup would require extrapolation into the past.  Requested time 1790156683.390012 but the earliest data is at time 1790156684.770151, when looking up transform from frame [base_link] to frame [map]
[component_container_isolated-1] 
[component_container_isolated-1] [WARN] [1790156704.098966137] [BehaviorTreeEngine]: Behavior Tree tick rate 100.00 was exceeded!
[component_container_isolated-1] [ERROR] [1790156704.199921302] [transformPoseInTargetFrame]: Extrapolation Error looking up target frame: Lookup would require extrapolation into the past.  Requested time 1790156683.390012 but the earliest data is at time 1790156684.770151, when looking up transform from frame [base_link] to frame [map]
[component_container_isolated-1] 
[component_container_isolated-1] [WARN] [1790156704.200020160] [BehaviorTreeEngine]: Behavior Tree tick rate 100.00 was exceeded!
[component_container_isolated-1] [ERROR] [1790156704.301048946] [transformPoseInTargetFrame]: Extrapolation Error looking up target frame: Lookup would require extrapolation into the past.  Requested time 1790156683.390012 but the earliest data is at time 1790156684.770151, when looking up transform from frame [base_link] to frame [map]
[component_container_isolated-1] 
[component_container_isolated-1] [WARN] [1790156704.301177162] [BehaviorTreeEngine]: Behavior Tree tick rate 100.00 was exceeded!
[component_container_isolated-1] [ERROR] [1790156704.402147086] [transformPoseInTargetFrame]: Extrapolation Error looking up target frame: Lookup would require extrapolation into the past.  Requested time 1790156683.390012 but the earliest data is at time 1790156684.770151, when looking up transform from frame [base_link] to frame [map]
[component_container_isolated-1] 
[component_container_isolated-1] [WARN] [1790156704.402250832] [BehaviorTreeEngine]: Behavior Tree tick rate 100.00 was exceeded!
[component_container_isolated-1] [ERROR] [1790156704.503109300] [transformPoseInTargetFrame]: Extrapolation Error looking up target frame: Lookup would require extrapolation into the past.  Requested time 1790156683.390012 but the earliest data is at time 1790156684.770151, when looking up transform from frame [base_link] to frame [map]
[component_container_isolated-1] 
[component_container_isolated-1] [WARN] [1790156704.503239233] [BehaviorTreeEngine]: Behavior Tree tick rate 100.00 was exceeded!
[component_container_isolated-1] [ERROR] [1790156704.604088213] [transformPoseInTargetFrame]: Extrapolation Error looking up target frame: Lookup would require extrapolation into the past.  Requested time 1790156683.390012 but the earliest data is at time 1790156684.770151, when looking up transform from frame [base_link] to frame [map]
[component_container_isolated-1] 
[component_container_isolated-1] [WARN] [1790156704.604179699] [BehaviorTreeEngine]: Behavior Tree tick rate 100.00 was exceeded!
[component_container_isolated-1] [ERROR] [1790156704.675665373] [transformPoseInTargetFrame]: Extrapolation Error looking up target frame: Lookup would require extrapolation into the past.  Requested time 1790156683.390012 but the earliest data is at time 1790156684.770151, when looking up transform from frame [base_link] to frame [map]
[component_container_isolated-1] 
[component_container_isolated-1] [ERROR] [1790156704.705129282] [transformPoseInTargetFrame]: Extrapolation Error looking up target frame: Lookup would require extrapolation into the past.  Requested time 1790156683.390012 but the earliest data is at time 1790156684.770151, when looking up transform from frame [base_link] to frame [map]
[component_container_isolated-1] 
[component_container_isolated-1] [WARN] [1790156704.705184608] [BehaviorTreeEngine]: Behavior Tree tick rate 100.00 was exceeded!
[component_container_isolated-1] [ERROR] [1790156704.806116161] [transformPoseInTargetFrame]: Extrapolation Error looking up target frame: Lookup would require extrapolation into the past.  Requested time 1790156683.390012 but the earliest data is at time 1790156684.770151, when looking up transform from frame [base_link] to frame [map]
[component_container_isolated-1] 
[component_container_isolated-1] [WARN] [1790156704.806210031] [BehaviorTreeEngine]: Behavior Tree tick rate 100.00 was exceeded!
[component_container_isolated-1] [ERROR] [1790156704.907156706] [transformPoseInTargetFrame]: Extrapolation Error looking up target frame: Lookup would require extrapolation into the past.  Requested time 1790156683.390012 but the earliest data is at time 1790156684.770151, when looking up transform from frame [base_link] to frame [map]
[component_container_isolated-1] 
[component_container_isolated-1] [WARN] [1790156704.907229249] [BehaviorTreeEngine]: Behavior Tree tick rate 100.00 was exceeded!
[component_container_isolated-1] [ERROR] [1790156705.008291124] [transformPoseInTargetFrame]: Extrapolation Error looking up target frame: Lookup would require extrapolation into the past.  Requested time 1790156683.390012 but the earliest data is at time 1790156684.770151, when looking up transform from frame [base_link] to frame [map]
[component_container_isolated-1] 
[component_container_isolated-1] [WARN] [1790156705.008397411] [BehaviorTreeEngine]: Behavior Tree tick rate 100.00 was exceeded!
[component_container_isolated-1] [ERROR] [1790156705.109442474] [transformPoseInTargetFrame]: Extrapolation Error looking up target frame: Lookup would require extrapolation into the past.  Requested time 1790156683.390012 but the earliest data is at time 1790156684.770151, when looking up transform from frame [base_link] to frame [map]
[component_container_isolated-1] 
[component_container_isolated-1] [WARN] [1790156705.109509728] [BehaviorTreeEngine]: Behavior Tree tick rate 100.00 was exceeded!
[component_container_isolated-1] [ERROR] [1790156705.210320189] [transformPoseInTargetFrame]: Extrapolation Error looking up target frame: Lookup would require extrapolation into the past.  Requested time 1790156683.390012 but the earliest data is at time 1790156684.770151, when looking up transform from frame [base_link] to frame [map]
[component_container_isolated-1] 
[component_container_isolated-1] [WARN] [1790156705.210431990] [BehaviorTreeEngine]: Behavior Tree tick rate 100.00 was exceeded!
[component_container_isolated-1] [ERROR] [1790156705.311328555] [transformPoseInTargetFrame]: Extrapolation Error looking up target frame: Lookup would require extrapolation into the past.  Requested time 1790156683.390012 but the earliest data is at time 1790156684.770151, when looking up transform from frame [base_link] to frame [map]
[component_container_isolated-1] 
[component_container_isolated-1] [WARN] [1790156705.311412473] [BehaviorTreeEngine]: Behavior Tree tick rate 100.00 was exceeded!
[component_container_isolated-1] [ERROR] [1790156705.412318935] [transformPoseInTargetFrame]: Extrapolation Error looking up target frame: Lookup would require extrapolation into the past.  Requested time 1790156683.390012 but the earliest data is at time 1790156684.770151, when looking up transform from frame [base_link] to frame [map]
[component_container_isolated-1] 
[component_container_isolated-1] [WARN] [1790156705.412441791] [BehaviorTreeEngine]: Behavior Tree tick rate 100.00 was exceeded!
[component_container_isolated-1] [ERROR] [1790156705.513380300] [transformPoseInTargetFrame]: Extrapolation Error looking up target frame: Lookup would require extrapolation into the past.  Requested time 1790156683.390012 but the earliest data is at time 1790156684.770151, when looking up transform from frame [base_link] to frame [map]
[component_container_isolated-1] 
[component_container_isolated-1] [WARN] [1790156705.513466503] [BehaviorTreeEngine]: Behavior Tree tick rate 100.00 was exceeded!
[component_container_isolated-1] [ERROR] [1790156705.614780008] [transformPoseInTargetFrame]: Extrapolation Error looking up target frame: Lookup would require extrapolation into the past.  Requested time 1790156683.390012 but the earliest data is at time 1790156684.770151, when looking up transform from frame [base_link] to frame [map]
[component_container_isolated-1] 
[component_container_isolated-1] [WARN] [1790156705.614889433] [BehaviorTreeEngine]: Behavior Tree tick rate 100.00 was exceeded!
[component_container_isolated-1] [ERROR] [1790156705.675227211] [transformPoseInTargetFrame]: Extrapolation Error looking up target frame: Lookup would require extrapolation into the past.  Requested time 1790156683.390012 but the earliest data is at time 1790156684.770151, when looking up transform from frame [base_link] to frame [map]
[component_container_isolated-1] 
[component_container_isolated-1] [ERROR] [1790156705.716680242] [transformPoseInTargetFrame]: Extrapolation Error looking up target frame: Lookup would require extrapolation into the past.  Requested time 1790156683.390012 but the earliest data is at time 1790156684.770151, when looking up transform from frame [base_link] to frame [map]
[component_container_isolated-1] 
[component_container_isolated-1] [WARN] [1790156705.716785918] [BehaviorTreeEngine]: Behavior Tree tick rate 100.00 was exceeded!
[component_container_isolated-1] [WARN] [1790156705.810315185] [robot1.behavior_server]: Exceeded time allowance before reaching the DriveOnHeading goal - Exiting DriveOnHeading
[component_container_isolated-1] [WARN] [1790156705.810347293] [robot1.behavior_server]: backup failed
[component_container_isolated-1] [WARN] [1790156705.810352680] [robot1.behavior_server]: [backup] [ActionServer] Aborting handle.
[component_container_isolated-1] [ERROR] [1790156705.818358114] [transformPoseInTargetFrame]: Extrapolation Error looking up target frame: Lookup would require extrapolation into the past.  Requested time 1790156683.390012 but the earliest data is at time 1790156684.770151, when looking up transform from frame [base_link] to frame [map]
[component_container_isolated-1] 
[component_container_isolated-1] [WARN] [1790156705.818463445] [BehaviorTreeEngine]: Behavior Tree tick rate 100.00 was exceeded!
[component_container_isolated-1] [ERROR] [1790156705.920070807] [transformPoseInTargetFrame]: Extrapolation Error looking up target frame: Lookup would require extrapolation into the past.  Requested time 1790156683.390012 but the earliest data is at time 1790156684.770151, when looking up transform from frame [base_link] to frame [map]
[component_container_isolated-1] 
[component_container_isolated-1] [WARN] [1790156705.920177172] [BehaviorTreeEngine]: Behavior Tree tick rate 100.00 was exceeded!
[component_container_isolated-1] [ERROR] [1790156706.021964154] [transformPoseInTargetFrame]: Extrapolation Error looking up target frame: Lookup would require extrapolation into the past.  Requested time 1790156683.390012 but the earliest data is at time 1790156684.770151, when looking up transform from frame [base_link] to frame [map]
[component_container_isolated-1] 
[component_container_isolated-1] [WARN] [1790156706.022034604] [BehaviorTreeEngine]: Behavior Tree tick rate 100.00 was exceeded!
[component_container_isolated-1] [INFO] [1790156706.022219190] [robot1.local_costmap.local_costmap]: Received request to clear entirely the local_costmap
[component_container_isolated-1] [INFO] [1790156706.022445854] [robot1.global_costmap.global_costmap]: Received request to clear entirely the global_costmap
[component_container_isolated-1] [ERROR] [1790156706.123746070] [transformPoseInTargetFrame]: Extrapolation Error looking up target frame: Lookup would require extrapolation into the past.  Requested time 1790156683.390012 but the earliest data is at time 1790156684.770151, when looking up transform from frame [base_link] to frame [map]
[component_container_isolated-1] 
[component_container_isolated-1] [WARN] [1790156706.123823370] [BehaviorTreeEngine]: Behavior Tree tick rate 100.00 was exceeded!
[component_container_isolated-1] [ERROR] [1790156706.224759896] [transformPoseInTargetFrame]: Extrapolation Error looking up target frame: Lookup would require extrapolation into the past.  Requested time 1790156683.390012 but the earliest data is at time 1790156684.770151, when looking up transform from frame [base_link] to frame [map]
[component_container_isolated-1] 
[component_container_isolated-1] [WARN] [1790156706.224842052] [BehaviorTreeEngine]: Behavior Tree tick rate 100.00 was exceeded!
[component_container_isolated-1] [ERROR] [1790156706.325820835] [transformPoseInTargetFrame]: Extrapolation Error looking up target frame: Lookup would require extrapolation into the past.  Requested time 1790156683.390012 but the earliest data is at time 1790156684.770151, when looking up transform from frame [base_link] to frame [map]
[component_container_isolated-1] 
[component_container_isolated-1] [WARN] [1790156706.325894174] [BehaviorTreeEngine]: Behavior Tree tick rate 100.00 was exceeded!
[component_container_isolated-1] [ERROR] [1790156706.427085252] [transformPoseInTargetFrame]: Extrapolation Error looking up target frame: Lookup would require extrapolation into the past.  Requested time 1790156683.390012 but the earliest data is at time 1790156684.770151, when looking up transform from frame [base_link] to frame [map]
[component_container_isolated-1] 
[component_container_isolated-1] [WARN] [1790156706.427162472] [BehaviorTreeEngine]: Behavior Tree tick rate 100.00 was exceeded!
[component_container_isolated-1] [ERROR] [1790156706.528667314] [transformPoseInTargetFrame]: Extrapolation Error looking up target frame: Lookup would require extrapolation into the past.  Requested time 1790156683.390012 but the earliest data is at time 1790156694.115160, when looking up transform from frame [base_link] to frame [map]
[component_container_isolated-1] 
[component_container_isolated-1] [WARN] [1790156706.528737968] [BehaviorTreeEngine]: Behavior Tree tick rate 100.00 was exceeded!
[component_container_isolated-1] [ERROR] [1790156706.629672900] [transformPoseInTargetFrame]: Extrapolation Error looking up target frame: Lookup would require extrapolation into the past.  Requested time 1790156683.390012 but the earliest data is at time 1790156694.115160, when looking up transform from frame [base_link] to frame [map]
[component_container_isolated-1] 
[component_container_isolated-1] [WARN] [1790156706.629752707] [BehaviorTreeEngine]: Behavior Tree tick rate 100.00 was exceeded!
[component_container_isolated-1] [ERROR] [1790156706.675812178] [transformPoseInTargetFrame]: Extrapolation Error looking up target frame: Lookup would require extrapolation into the past.  Requested time 1790156683.390012 but the earliest data is at time 1790156694.115160, when looking up transform from frame [base_link] to frame [map]
[component_container_isolated-1] 
[component_container_isolated-1] [ERROR] [1790156706.730742696] [transformPoseInTargetFrame]: Extrapolation Error looking up target frame: Lookup would require extrapolation into the past.  Requested time 1790156683.390012 but the earliest data is at time 1790156694.115160, when looking up transform from frame [base_link] to frame [map]
[component_container_isolated-1] 
[component_container_isolated-1] [WARN] [1790156706.730822544] [BehaviorTreeEngine]: Behavior Tree tick rate 100.00 was exceeded!
[component_container_isolated-1] [ERROR] [1790156706.831721021] [transformPoseInTargetFrame]: Extrapolation Error looking up target frame: Lookup would require extrapolation into the past.  Requested time 1790156683.390012 but the earliest data is at time 1790156694.115160, when looking up transform from frame [base_link] to frame [map]
[component_container_isolated-1] 
[component_container_isolated-1] [WARN] [1790156706.831796332] [BehaviorTreeEngine]: Behavior Tree tick rate 100.00 was exceeded!
[component_container_isolated-1] [ERROR] [1790156706.932806868] [transformPoseInTargetFrame]: Extrapolation Error looking up target frame: Lookup would require extrapolation into the past.  Requested time 1790156683.390012 but the earliest data is at time 1790156694.115160, when looking up transform from frame [base_link] to frame [map]
[component_container_isolated-1] 
[component_container_isolated-1] [WARN] [1790156706.932884523] [BehaviorTreeEngine]: Behavior Tree tick rate 100.00 was exceeded!
[component_container_isolated-1] [ERROR] [1790156707.033976386] [transformPoseInTargetFrame]: Extrapolation Error looking up target frame: Lookup would require extrapolation into the past.  Requested time 1790156683.390012 but the earliest data is at time 1790156694.115160, when looking up transform from frame [base_link] to frame [map]
[component_container_isolated-1] 
[component_container_isolated-1] [WARN] [1790156707.034055199] [BehaviorTreeEngine]: Behavior Tree tick rate 100.00 was exceeded!
[component_container_isolated-1] [ERROR] [1790156707.135121942] [transformPoseInTargetFrame]: Extrapolation Error looking up target frame: Lookup would require extrapolation into the past.  Requested time 1790156683.390012 but the earliest data is at time 1790156694.115160, when looking up transform from frame [base_link] to frame [map]
[component_container_isolated-1] 
[component_container_isolated-1] [WARN] [1790156707.135204979] [BehaviorTreeEngine]: Behavior Tree tick rate 100.00 was exceeded!
[component_container_isolated-1] [ERROR] [1790156707.236215426] [transformPoseInTargetFrame]: Extrapolation Error looking up target frame: Lookup would require extrapolation into the past.  Requested time 1790156683.390012 but the earliest data is at time 1790156694.115160, when looking up transform from frame [base_link] to frame [map]
[component_container_isolated-1] 
[component_container_isolated-1] [WARN] [1790156707.236284098] [BehaviorTreeEngine]: Behavior Tree tick rate 100.00 was exceeded!
[component_container_isolated-1] [ERROR] [1790156707.337171148] [transformPoseInTargetFrame]: Extrapolation Error looking up target frame: Lookup would require extrapolation into the past.  Requested time 1790156683.390012 but the earliest data is at time 1790156694.115160, when looking up transform from frame [base_link] to frame [map]
[component_container_isolated-1] 
[component_container_isolated-1] [WARN] [1790156707.337254130] [BehaviorTreeEngine]: Behavior Tree tick rate 100.00 was exceeded!
[component_container_isolated-1] [ERROR] [1790156707.438256162] [transformPoseInTargetFrame]: Extrapolation Error looking up target frame: Lookup would require extrapolation into the past.  Requested time 1790156683.390012 but the earliest data is at time 1790156694.115160, when looking up transform from frame [base_link] to frame [map]
[component_container_isolated-1] 
[component_container_isolated-1] [WARN] [1790156707.438346978] [BehaviorTreeEngine]: Behavior Tree tick rate 100.00 was exceeded!
[component_container_isolated-1] [ERROR] [1790156707.540056443] [transformPoseInTargetFrame]: Extrapolation Error looking up target frame: Lookup would require extrapolation into the past.  Requested time 1790156683.390012 but the earliest data is at time 1790156694.115160, when looking up transform from frame [base_link] to frame [map]
[component_container_isolated-1] 
[component_container_isolated-1] [WARN] [1790156707.540169893] [BehaviorTreeEngine]: Behavior Tree tick rate 100.00 was exceeded!
[component_container_isolated-1] [ERROR] [1790156707.641186644] [transformPoseInTargetFrame]: Extrapolation Error looking up target frame: Lookup would require extrapolation into the past.  Requested time 1790156683.390012 but the earliest data is at time 1790156694.115160, when looking up transform from frame [base_link] to frame [map]
[component_container_isolated-1] 
[component_container_isolated-1] [WARN] [1790156707.641250339] [BehaviorTreeEngine]: Behavior Tree tick rate 100.00 was exceeded!
[component_container_isolated-1] [ERROR] [1790156707.675458754] [transformPoseInTargetFrame]: Extrapolation Error looking up target frame: Lookup would require extrapolation into the past.  Requested time 1790156683.390012 but the earliest data is at time 1790156694.115160, when looking up transform from frame [base_link] to frame [map]
[component_container_isolated-1] 
[component_container_isolated-1] [ERROR] [1790156707.742138300] [transformPoseInTargetFrame]: Extrapolation Error looking up target frame: Lookup would require extrapolation into the past.  Requested time 1790156683.390012 but the earliest data is at time 1790156694.115160, when looking up transform from frame [base_link] to frame [map]
[component_container_isolated-1] 
[component_container_isolated-1] [WARN] [1790156707.742258880] [BehaviorTreeEngine]: Behavior Tree tick rate 100.00 was exceeded!
[component_container_isolated-1] [ERROR] [1790156707.843338866] [transformPoseInTargetFrame]: Extrapolation Error looking up target frame: Lookup would require extrapolation into the past.  Requested time 1790156683.390012 but the earliest data is at time 1790156694.115160, when looking up transform from frame [base_link] to frame [map]
[component_container_isolated-1] 
[component_container_isolated-1] [WARN] [1790156707.843409224] [BehaviorTreeEngine]: Behavior Tree tick rate 100.00 was exceeded!
[component_container_isolated-1] [ERROR] [1790156707.944773070] [transformPoseInTargetFrame]: Extrapolation Error looking up target frame: Lookup would require extrapolation into the past.  Requested time 1790156683.390012 but the earliest data is at time 1790156694.115160, when looking up transform from frame [base_link] to frame [map]
[component_container_isolated-1] 
[component_container_isolated-1] [WARN] [1790156707.944851638] [BehaviorTreeEngine]: Behavior Tree tick rate 100.00 was exceeded!
[component_container_isolated-1] [ERROR] [1790156708.046380454] [transformPoseInTargetFrame]: Extrapolation Error looking up target frame: Lookup would require extrapolation into the past.  Requested time 1790156683.390012 but the earliest data is at time 1790156694.115160, when looking up transform from frame [base_link] to frame [map]
[component_container_isolated-1] 
[component_container_isolated-1] [WARN] [1790156708.046460647] [BehaviorTreeEngine]: Behavior Tree tick rate 100.00 was exceeded!
[component_container_isolated-1] [ERROR] [1790156708.147444511] [transformPoseInTargetFrame]: Extrapolation Error looking up target frame: Lookup would require extrapolation into the past.  Requested time 1790156683.390012 but the earliest data is at time 1790156694.115160, when looking up transform from frame [base_link] to frame [map]
[component_container_isolated-1] 
[component_container_isolated-1] [WARN] [1790156708.147529302] [BehaviorTreeEngine]: Behavior Tree tick rate 100.00 was exceeded!
[component_container_isolated-1] [ERROR] [1790156708.248743451] [transformPoseInTargetFrame]: Extrapolation Error looking up target frame: Lookup would require extrapolation into the past.  Requested time 1790156683.390012 but the earliest data is at time 1790156694.115160, when looking up transform from frame [base_link] to frame [map]
[component_container_isolated-1] 
[component_container_isolated-1] [WARN] [1790156708.248820069] [BehaviorTreeEngine]: Behavior Tree tick rate 100.00 was exceeded!
[component_container_isolated-1] [ERROR] [1790156708.349922282] [transformPoseInTargetFrame]: Extrapolation Error looking up target frame: Lookup would require extrapolation into the past.  Requested time 1790156683.390012 but the earliest data is at time 1790156694.115160, when looking up transform from frame [base_link] to frame [map]
[component_container_isolated-1] 
[component_container_isolated-1] [WARN] [1790156708.350006295] [BehaviorTreeEngine]: Behavior Tree tick rate 100.00 was exceeded!
[component_container_isolated-1] [ERROR] [1790156708.450933015] [transformPoseInTargetFrame]: Extrapolation Error looking up target frame: Lookup would require extrapolation into the past.  Requested time 1790156683.390012 but the earliest data is at time 1790156694.115160, when looking up transform from frame [base_link] to frame [map]
[component_container_isolated-1] 
[component_container_isolated-1] [WARN] [1790156708.450996040] [BehaviorTreeEngine]: Behavior Tree tick rate 100.00 was exceeded!
[component_container_isolated-1] [ERROR] [1790156708.552156622] [transformPoseInTargetFrame]: Extrapolation Error looking up target frame: Lookup would require extrapolation into the past.  Requested time 1790156683.390012 but the earliest data is at time 1790156694.115160, when looking up transform from frame [base_link] to frame [map]
[component_container_isolated-1] 
[component_container_isolated-1] [WARN] [1790156708.552241099] [BehaviorTreeEngine]: Behavior Tree tick rate 100.00 was exceeded!
[component_container_isolated-1] [ERROR] [1790156708.653223321] [transformPoseInTargetFrame]: Extrapolation Error looking up target frame: Lookup would require extrapolation into the past.  Requested time 1790156683.390012 but the earliest data is at time 1790156694.115160, when looking up transform from frame [base_link] to frame [map]
[component_container_isolated-1] 
[component_container_isolated-1] [WARN] [1790156708.653291409] [BehaviorTreeEngine]: Behavior Tree tick rate 100.00 was exceeded!
[component_container_isolated-1] [ERROR] [1790156708.674664137] [transformPoseInTargetFrame]: Extrapolation Error looking up target frame: Lookup would require extrapolation into the past.  Requested time 1790156683.390012 but the earliest data is at time 1790156694.115160, when looking up transform from frame [base_link] to frame [map]
[component_container_isolated-1] 
[component_container_isolated-1] [ERROR] [1790156708.754262176] [transformPoseInTargetFrame]: Extrapolation Error looking up target frame: Lookup would require extrapolation into the past.  Requested time 1790156683.390012 but the earliest data is at time 1790156694.115160, when looking up transform from frame [base_link] to frame [map]
[component_container_isolated-1] 
[component_container_isolated-1] [WARN] [1790156708.754333498] [BehaviorTreeEngine]: Behavior Tree tick rate 100.00 was exceeded!
[component_container_isolated-1] [ERROR] [1790156708.855307151] [transformPoseInTargetFrame]: Extrapolation Error looking up target frame: Lookup would require extrapolation into the past.  Requested time 1790156683.390012 but the earliest data is at time 1790156694.115160, when looking up transform from frame [base_link] to frame [map]
[component_container_isolated-1] 
[component_container_isolated-1] [WARN] [1790156708.855379463] [BehaviorTreeEngine]: Behavior Tree tick rate 100.00 was exceeded!
[component_container_isolated-1] [ERROR] [1790156708.956202464] [transformPoseInTargetFrame]: Extrapolation Error looking up target frame: Lookup would require extrapolation into the past.  Requested time 1790156683.390012 but the earliest data is at time 1790156694.115160, when looking up transform from frame [base_link] to frame [map]
[component_container_isolated-1] 
[component_container_isolated-1] [WARN] [1790156708.956273692] [BehaviorTreeEngine]: Behavior Tree tick rate 100.00 was exceeded!
[component_container_isolated-1] [ERROR] [1790156709.057576145] [transformPoseInTargetFrame]: Extrapolation Error looking up target frame: Lookup would require extrapolation into the past.  Requested time 1790156683.390012 but the earliest data is at time 1790156694.115160, when looking up transform from frame [base_link] to frame [map]
[component_container_isolated-1] 
[component_container_isolated-1] [WARN] [1790156709.057686003] [BehaviorTreeEngine]: Behavior Tree tick rate 100.00 was exceeded!
[component_container_isolated-1] [ERROR] [1790156709.158835473] [transformPoseInTargetFrame]: Extrapolation Error looking up target frame: Lookup would require extrapolation into the past.  Requested time 1790156683.390012 but the earliest data is at time 1790156694.115160, when looking up transform from frame [base_link] to frame [map]
[component_container_isolated-1] 
[component_container_isolated-1] [WARN] [1790156709.158908601] [BehaviorTreeEngine]: Behavior Tree tick rate 100.00 was exceeded!
[component_container_isolated-1] [ERROR] [1790156709.260139344] [transformPoseInTargetFrame]: Extrapolation Error looking up target frame: Lookup would require extrapolation into the past.  Requested time 1790156683.390012 but the earliest data is at time 1790156694.115160, when looking up transform from frame [base_link] to frame [map]
[component_container_isolated-1] 
[component_container_isolated-1] [WARN] [1790156709.260210472] [BehaviorTreeEngine]: Behavior Tree tick rate 100.00 was exceeded!
[component_container_isolated-1] [ERROR] [1790156709.361211193] [transformPoseInTargetFrame]: Extrapolation Error looking up target frame: Lookup would require extrapolation into the past.  Requested time 1790156683.390012 but the earliest data is at time 1790156694.115160, when looking up transform from frame [base_link] to frame [map]
[component_container_isolated-1] 
[component_container_isolated-1] [WARN] [1790156709.361292917] [BehaviorTreeEngine]: Behavior Tree tick rate 100.00 was exceeded!
[component_container_isolated-1] [ERROR] [1790156709.462184145] [transformPoseInTargetFrame]: Extrapolation Error looking up target frame: Lookup would require extrapolation into the past.  Requested time 1790156683.390012 but the earliest data is at time 1790156694.115160, when looking up transform from frame [base_link] to frame [map]
[component_container_isolated-1] 
[component_container_isolated-1] [WARN] [1790156709.462255412] [BehaviorTreeEngine]: Behavior Tree tick rate 100.00 was exceeded!
[component_container_isolated-1] [ERROR] [1790156709.563161341] [transformPoseInTargetFrame]: Extrapolation Error looking up target frame: Lookup would require extrapolation into the past.  Requested time 1790156683.390012 but the earliest data is at time 1790156694.115160, when looking up transform from frame [base_link] to frame [map]
[component_container_isolated-1] 
[component_container_isolated-1] [WARN] [1790156709.563231992] [BehaviorTreeEngine]: Behavior Tree tick rate 100.00 was exceeded!
[component_container_isolated-1] [ERROR] [1790156709.664262979] [transformPoseInTargetFrame]: Extrapolation Error looking up target frame: Lookup would require extrapolation into the past.  Requested time 1790156683.390012 but the earliest data is at time 1790156694.115160, when looking up transform from frame [base_link] to frame [map]
[component_container_isolated-1] 
[component_container_isolated-1] [WARN] [1790156709.664337476] [BehaviorTreeEngine]: Behavior Tree tick rate 100.00 was exceeded!
[component_container_isolated-1] [ERROR] [1790156709.675140410] [transformPoseInTargetFrame]: Extrapolation Error looking up target frame: Lookup would require extrapolation into the past.  Requested time 1790156683.390012 but the earliest data is at time 1790156694.115160, when looking up transform from frame [base_link] to frame [map]
[component_container_isolated-1] 
[component_container_isolated-1] [ERROR] [1790156709.765313820] [transformPoseInTargetFrame]: Extrapolation Error looking up target frame: Lookup would require extrapolation into the past.  Requested time 1790156683.390012 but the earliest data is at time 1790156694.115160, when looking up transform from frame [base_link] to frame [map]
[component_container_isolated-1] 
[component_container_isolated-1] [WARN] [1790156709.765381356] [BehaviorTreeEngine]: Behavior Tree tick rate 100.00 was exceeded!
[component_container_isolated-1] [ERROR] [1790156709.866224858] [transformPoseInTargetFrame]: Extrapolation Error looking up target frame: Lookup would require extrapolation into the past.  Requested time 1790156683.390012 but the earliest data is at time 1790156694.115160, when looking up transform from frame [base_link] to frame [map]
[component_container_isolated-1] 
[component_container_isolated-1] [WARN] [1790156709.866290604] [BehaviorTreeEngine]: Behavior Tree tick rate 100.00 was exceeded!
[component_container_isolated-1] [ERROR] [1790156709.967084909] [transformPoseInTargetFrame]: Extrapolation Error looking up target frame: Lookup would require extrapolation into the past.  Requested time 1790156683.390012 but the earliest data is at time 1790156694.115160, when looking up transform from frame [base_link] to frame [map]
[component_container_isolated-1] 
[component_container_isolated-1] [WARN] [1790156709.967161061] [BehaviorTreeEngine]: Behavior Tree tick rate 100.00 was exceeded!
[component_container_isolated-1] [ERROR] [1790156710.067932667] [transformPoseInTargetFrame]: Extrapolation Error looking up target frame: Lookup would require extrapolation into the past.  Requested time 1790156683.390012 but the earliest data is at time 1790156694.115160, when looking up transform from frame [base_link] to frame [map]
[component_container_isolated-1] 
[component_container_isolated-1] [WARN] [1790156710.068010120] [BehaviorTreeEngine]: Behavior Tree tick rate 100.00 was exceeded!
[component_container_isolated-1] [ERROR] [1790156710.168816790] [transformPoseInTargetFrame]: Extrapolation Error looking up target frame: Lookup would require extrapolation into the past.  Requested time 1790156683.390012 but the earliest data is at time 1790156694.115160, when looking up transform from frame [base_link] to frame [map]
[component_container_isolated-1] 
[component_container_isolated-1] [WARN] [1790156710.168911865] [BehaviorTreeEngine]: Behavior Tree tick rate 100.00 was exceeded!
[component_container_isolated-1] [ERROR] [1790156710.269781290] [transformPoseInTargetFrame]: Extrapolation Error looking up target frame: Lookup would require extrapolation into the past.  Requested time 1790156683.390012 but the earliest data is at time 1790156694.115160, when looking up transform from frame [base_link] to frame [map]
[component_container_isolated-1] 
[component_container_isolated-1] [WARN] [1790156710.269851120] [BehaviorTreeEngine]: Behavior Tree tick rate 100.00 was exceeded!
[component_container_isolated-1] [ERROR] [1790156710.370702099] [transformPoseInTargetFrame]: Extrapolation Error looking up target frame: Lookup would require extrapolation into the past.  Requested time 1790156683.390012 but the earliest data is at time 1790156694.115160, when looking up transform from frame [base_link] to frame [map]
[component_container_isolated-1] 
[component_container_isolated-1] [WARN] [1790156710.370768269] [BehaviorTreeEngine]: Behavior Tree tick rate 100.00 was exceeded!
[component_container_isolated-1] [ERROR] [1790156710.471720493] [transformPoseInTargetFrame]: Extrapolation Error looking up target frame: Lookup would require extrapolation into the past.  Requested time 1790156683.390012 but the earliest data is at time 1790156694.115160, when looking up transform from frame [base_link] to frame [map]
[component_container_isolated-1] 
[component_container_isolated-1] [WARN] [1790156710.471787100] [BehaviorTreeEngine]: Behavior Tree tick rate 100.00 was exceeded!
[component_container_isolated-1] [ERROR] [1790156710.572769241] [transformPoseInTargetFrame]: Extrapolation Error looking up target frame: Lookup would require extrapolation into the past.  Requested time 1790156683.390012 but the earliest data is at time 1790156694.115160, when looking up transform from frame [base_link] to frame [map]
[component_container_isolated-1] 
[component_container_isolated-1] [WARN] [1790156710.572837465] [BehaviorTreeEngine]: Behavior Tree tick rate 100.00 was exceeded!
[component_container_isolated-1] [ERROR] [1790156710.673726685] [transformPoseInTargetFrame]: Extrapolation Error looking up target frame: Lookup would require extrapolation into the past.  Requested time 1790156683.390012 but the earliest data is at time 1790156694.115160, when looking up transform from frame [base_link] to frame [map]
[component_container_isolated-1] 
[component_container_isolated-1] [WARN] [1790156710.673787451] [BehaviorTreeEngine]: Behavior Tree tick rate 100.00 was exceeded!
[component_container_isolated-1] [ERROR] [1790156710.675158205] [transformPoseInTargetFrame]: Extrapolation Error looking up target frame: Lookup would require extrapolation into the past.  Requested time 1790156683.390012 but the earliest data is at time 1790156694.115160, when looking up transform from frame [base_link] to frame [map]
[component_container_isolated-1] 
[component_container_isolated-1] [ERROR] [1790156710.774681764] [transformPoseInTargetFrame]: Extrapolation Error looking up target frame: Lookup would require extrapolation into the past.  Requested time 1790156683.390012 but the earliest data is at time 1790156694.115160, when looking up transform from frame [base_link] to frame [map]
[component_container_isolated-1] 
[component_container_isolated-1] [WARN] [1790156710.774747627] [BehaviorTreeEngine]: Behavior Tree tick rate 100.00 was exceeded!
[component_container_isolated-1] [ERROR] [1790156710.875916056] [transformPoseInTargetFrame]: Extrapolation Error looking up target frame: Lookup would require extrapolation into the past.  Requested time 1790156683.390012 but the earliest data is at time 1790156694.115160, when looking up transform from frame [base_link] to frame [map]
[component_container_isolated-1] 
[component_container_isolated-1] [WARN] [1790156710.876058065] [BehaviorTreeEngine]: Behavior Tree tick rate 100.00 was exceeded!
[component_container_isolated-1] [ERROR] [1790156710.977468656] [transformPoseInTargetFrame]: Extrapolation Error looking up target frame: Lookup would require extrapolation into the past.  Requested time 1790156683.390012 but the earliest data is at time 1790156694.115160, when looking up transform from frame [base_link] to frame [map]
[component_container_isolated-1] 
[component_container_isolated-1] [WARN] [1790156710.977576850] [BehaviorTreeEngine]: Behavior Tree tick rate 100.00 was exceeded!
[component_container_isolated-1] [ERROR] [1790156711.079092124] [transformPoseInTargetFrame]: Extrapolation Error looking up target frame: Lookup would require extrapolation into the past.  Requested time 1790156683.390012 but the earliest data is at time 1790156694.115160, when looking up transform from frame [base_link] to frame [map]
[component_container_isolated-1] 
[component_container_isolated-1] [WARN] [1790156711.079195715] [BehaviorTreeEngine]: Behavior Tree tick rate 100.00 was exceeded!
[component_container_isolated-1] [ERROR] [1790156711.180590348] [transformPoseInTargetFrame]: Extrapolation Error looking up target frame: Lookup would require extrapolation into the past.  Requested time 1790156683.390012 but the earliest data is at time 1790156694.115160, when looking up transform from frame [base_link] to frame [map]
[component_container_isolated-1] 
[component_container_isolated-1] [WARN] [1790156711.180704058] [BehaviorTreeEngine]: Behavior Tree tick rate 100.00 was exceeded!
[component_container_isolated-1] [ERROR] [1790156711.282153600] [transformPoseInTargetFrame]: Extrapolation Error looking up target frame: Lookup would require extrapolation into the past.  Requested time 1790156683.390012 but the earliest data is at time 1790156694.115160, when looking up transform from frame [base_link] to frame [map]
[component_container_isolated-1] 
[component_container_isolated-1] [WARN] [1790156711.282249661] [BehaviorTreeEngine]: Behavior Tree tick rate 100.00 was exceeded!
[component_container_isolated-1] [ERROR] [1790156711.384156856] [transformPoseInTargetFrame]: Extrapolation Error looking up target frame: Lookup would require extrapolation into the past.  Requested time 1790156683.390012 but the earliest data is at time 1790156694.115160, when looking up transform from frame [base_link] to frame [map]
[component_container_isolated-1] 
[component_container_isolated-1] [WARN] [1790156711.384297367] [BehaviorTreeEngine]: Behavior Tree tick rate 100.00 was exceeded!
[component_container_isolated-1] [ERROR] [1790156711.486225455] [transformPoseInTargetFrame]: Extrapolation Error looking up target frame: Lookup would require extrapolation into the past.  Requested time 1790156683.390012 but the earliest data is at time 1790156694.115160, when looking up transform from frame [base_link] to frame [map]
[component_container_isolated-1] 
[component_container_isolated-1] [WARN] [1790156711.486363729] [BehaviorTreeEngine]: Behavior Tree tick rate 100.00 was exceeded!
[component_container_isolated-1] [ERROR] [1790156711.587694867] [transformPoseInTargetFrame]: Extrapolation Error looking up target frame: Lookup would require extrapolation into the past.  Requested time 1790156683.390012 but the earliest data is at time 1790156694.115160, when looking up transform from frame [base_link] to frame [map]
[component_container_isolated-1] 
[component_container_isolated-1] [WARN] [1790156711.587806642] [BehaviorTreeEngine]: Behavior Tree tick rate 100.00 was exceeded!
[component_container_isolated-1] [ERROR] [1790156711.675805741] [transformPoseInTargetFrame]: Extrapolation Error looking up target frame: Lookup would require extrapolation into the past.  Requested time 1790156683.390012 but the earliest data is at time 1790156694.115160, when looking up transform from frame [base_link] to frame [map]
[component_container_isolated-1] 
[component_container_isolated-1] [ERROR] [1790156711.688807180] [transformPoseInTargetFrame]: Extrapolation Error looking up target frame: Lookup would require extrapolation into the past.  Requested time 1790156683.390012 but the earliest data is at time 1790156694.115160, when looking up transform from frame [base_link] to frame [map]
[component_container_isolated-1] 
[component_container_isolated-1] [WARN] [1790156711.688868542] [BehaviorTreeEngine]: Behavior Tree tick rate 100.00 was exceeded!
[component_container_isolated-1] [ERROR] [1790156711.789832940] [transformPoseInTargetFrame]: Extrapolation Error looking up target frame: Lookup would require extrapolation into the past.  Requested time 1790156683.390012 but the earliest data is at time 1790156694.115160, when looking up transform from frame [base_link] to frame [map]
[component_container_isolated-1] 
[component_container_isolated-1] [WARN] [1790156711.789915025] [BehaviorTreeEngine]: Behavior Tree tick rate 100.00 was exceeded!
[component_container_isolated-1] [ERROR] [1790156711.891128735] [transformPoseInTargetFrame]: Extrapolation Error looking up target frame: Lookup would require extrapolation into the past.  Requested time 1790156683.390012 but the earliest data is at time 1790156694.115160, when looking up transform from frame [base_link] to frame [map]
[component_container_isolated-1] 
[component_container_isolated-1] [WARN] [1790156711.891202872] [BehaviorTreeEngine]: Behavior Tree tick rate 100.00 was exceeded!
[component_container_isolated-1] [ERROR] [1790156711.992224010] [transformPoseInTargetFrame]: Extrapolation Error looking up target frame: Lookup would require extrapolation into the past.  Requested time 1790156683.390012 but the earliest data is at time 1790156694.115160, when looking up transform from frame [base_link] to frame [map]
[component_container_isolated-1] 
[component_container_isolated-1] [WARN] [1790156711.992308360] [BehaviorTreeEngine]: Behavior Tree tick rate 100.00 was exceeded!
[component_container_isolated-1] [ERROR] [1790156712.093473459] [transformPoseInTargetFrame]: Extrapolation Error looking up target frame: Lookup would require extrapolation into the past.  Requested time 1790156683.390012 but the earliest data is at time 1790156694.115160, when looking up transform from frame [base_link] to frame [map]
[component_container_isolated-1] 
[component_container_isolated-1] [WARN] [1790156712.093578571] [BehaviorTreeEngine]: Behavior Tree tick rate 100.00 was exceeded!
[component_container_isolated-1] [ERROR] [1790156712.194639618] [transformPoseInTargetFrame]: Extrapolation Error looking up target frame: Lookup would require extrapolation into the past.  Requested time 1790156683.390012 but the earliest data is at time 1790156694.115160, when looking up transform from frame [base_link] to frame [map]
[component_container_isolated-1] 
[component_container_isolated-1] [WARN] [1790156712.194713106] [BehaviorTreeEngine]: Behavior Tree tick rate 100.00 was exceeded!
[component_container_isolated-1] [ERROR] [1790156712.295669272] [transformPoseInTargetFrame]: Extrapolation Error looking up target frame: Lookup would require extrapolation into the past.  Requested time 1790156683.390012 but the earliest data is at time 1790156700.163605, when looking up transform from frame [base_link] to frame [map]
[component_container_isolated-1] 
[component_container_isolated-1] [WARN] [1790156712.295745562] [BehaviorTreeEngine]: Behavior Tree tick rate 100.00 was exceeded!
[component_container_isolated-1] [ERROR] [1790156712.396739775] [transformPoseInTargetFrame]: Extrapolation Error looking up target frame: Lookup would require extrapolation into the past.  Requested time 1790156683.390012 but the earliest data is at time 1790156700.163605, when looking up transform from frame [base_link] to frame [map]
[component_container_isolated-1] 
[component_container_isolated-1] [WARN] [1790156712.396819732] [BehaviorTreeEngine]: Behavior Tree tick rate 100.00 was exceeded!
[component_container_isolated-1] [ERROR] [1790156712.497740999] [transformPoseInTargetFrame]: Extrapolation Error looking up target frame: Lookup would require extrapolation into the past.  Requested time 1790156683.390012 but the earliest data is at time 1790156700.163605, when looking up transform from frame [base_link] to frame [map]
[component_container_isolated-1] 
[component_container_isolated-1] [WARN] [1790156712.497808544] [BehaviorTreeEngine]: Behavior Tree tick rate 100.00 was exceeded!
[component_container_isolated-1] [ERROR] [1790156712.598930824] [transformPoseInTargetFrame]: Extrapolation Error looking up target frame: Lookup would require extrapolation into the past.  Requested time 1790156683.390012 but the earliest data is at time 1790156700.163605, when looking up transform from frame [base_link] to frame [map]
[component_container_isolated-1] 
[component_container_isolated-1] [WARN] [1790156712.599005378] [BehaviorTreeEngine]: Behavior Tree tick rate 100.00 was exceeded!
[component_container_isolated-1] [ERROR] [1790156712.677056416] [transformPoseInTargetFrame]: Extrapolation Error looking up target frame: Lookup would require extrapolation into the past.  Requested time 1790156683.390012 but the earliest data is at time 1790156700.163605, when looking up transform from frame [base_link] to frame [map]
[component_container_isolated-1] 
[component_container_isolated-1] [ERROR] [1790156712.700141450] [transformPoseInTargetFrame]: Extrapolation Error looking up target frame: Lookup would require extrapolation into the past.  Requested time 1790156683.390012 but the earliest data is at time 1790156700.163605, when looking up transform from frame [base_link] to frame [map]
[component_container_isolated-1] 
[component_container_isolated-1] [WARN] [1790156712.700219276] [BehaviorTreeEngine]: Behavior Tree tick rate 100.00 was exceeded!
[component_container_isolated-1] [ERROR] [1790156712.801358732] [transformPoseInTargetFrame]: Extrapolation Error looking up target frame: Lookup would require extrapolation into the past.  Requested time 1790156683.390012 but the earliest data is at time 1790156700.163605, when looking up transform from frame [base_link] to frame [map]
[component_container_isolated-1] 
[component_container_isolated-1] [WARN] [1790156712.801434504] [BehaviorTreeEngine]: Behavior Tree tick rate 100.00 was exceeded!
[component_container_isolated-1] [ERROR] [1790156712.902544449] [transformPoseInTargetFrame]: Extrapolation Error looking up target frame: Lookup would require extrapolation into the past.  Requested time 1790156683.390012 but the earliest data is at time 1790156700.163605, when looking up transform from frame [base_link] to frame [map]
[component_container_isolated-1] 
[component_container_isolated-1] [WARN] [1790156712.902616690] [BehaviorTreeEngine]: Behavior Tree tick rate 100.00 was exceeded!
[component_container_isolated-1] [ERROR] [1790156713.003667334] [transformPoseInTargetFrame]: Extrapolation Error looking up target frame: Lookup would require extrapolation into the past.  Requested time 1790156683.390012 but the earliest data is at time 1790156700.163605, when looking up transform from frame [base_link] to frame [map]
[component_container_isolated-1] 
[component_container_isolated-1] [WARN] [1790156713.003758934] [BehaviorTreeEngine]: Behavior Tree tick rate 100.00 was exceeded!
[component_container_isolated-1] [ERROR] [1790156713.104796176] [transformPoseInTargetFrame]: Extrapolation Error looking up target frame: Lookup would require extrapolation into the past.  Requested time 1790156683.390012 but the earliest data is at time 1790156700.163605, when looking up transform from frame [base_link] to frame [map]
[component_container_isolated-1] 
[component_container_isolated-1] [WARN] [1790156713.104881357] [BehaviorTreeEngine]: Behavior Tree tick rate 100.00 was exceeded!
[component_container_isolated-1] [ERROR] [1790156713.205856474] [transformPoseInTargetFrame]: Extrapolation Error looking up target frame: Lookup would require extrapolation into the past.  Requested time 1790156683.390012 but the earliest data is at time 1790156700.163605, when looking up transform from frame [base_link] to frame [map]
[component_container_isolated-1] 
[component_container_isolated-1] [WARN] [1790156713.205928703] [BehaviorTreeEngine]: Behavior Tree tick rate 100.00 was exceeded!
[component_container_isolated-1] [ERROR] [1790156713.306864034] [transformPoseInTargetFrame]: Extrapolation Error looking up target frame: Lookup would require extrapolation into the past.  Requested time 1790156683.390012 but the earliest data is at time 1790156700.163605, when looking up transform from frame [base_link] to frame [map]
[component_container_isolated-1] 
[component_container_isolated-1] [WARN] [1790156713.306950855] [BehaviorTreeEngine]: Behavior Tree tick rate 100.00 was exceeded!
[component_container_isolated-1] [ERROR] [1790156713.407890580] [transformPoseInTargetFrame]: Extrapolation Error looking up target frame: Lookup would require extrapolation into the past.  Requested time 1790156683.390012 but the earliest data is at time 1790156700.163605, when looking up transform from frame [base_link] to frame [map]
[component_container_isolated-1] 
[component_container_isolated-1] [WARN] [1790156713.407962654] [BehaviorTreeEngine]: Behavior Tree tick rate 100.00 was exceeded!
[component_container_isolated-1] [ERROR] [1790156713.509065645] [transformPoseInTargetFrame]: Extrapolation Error looking up target frame: Lookup would require extrapolation into the past.  Requested time 1790156683.390012 but the earliest data is at time 1790156700.163605, when looking up transform from frame [base_link] to frame [map]
[component_container_isolated-1] 
[component_container_isolated-1] [WARN] [1790156713.509142784] [BehaviorTreeEngine]: Behavior Tree tick rate 100.00 was exceeded!
[component_container_isolated-1] [ERROR] [1790156713.610177845] [transformPoseInTargetFrame]: Extrapolation Error looking up target frame: Lookup would require extrapolation into the past.  Requested time 1790156683.390012 but the earliest data is at time 1790156700.163605, when looking up transform from frame [base_link] to frame [map]
[component_container_isolated-1] 
[component_container_isolated-1] [WARN] [1790156713.610257684] [BehaviorTreeEngine]: Behavior Tree tick rate 100.00 was exceeded!
[component_container_isolated-1] [ERROR] [1790156713.675610381] [transformPoseInTargetFrame]: Extrapolation Error looking up target frame: Lookup would require extrapolation into the past.  Requested time 1790156683.390012 but the earliest data is at time 1790156700.163605, when looking up transform from frame [base_link] to frame [map]
[component_container_isolated-1] 
[component_container_isolated-1] [ERROR] [1790156713.711278662] [transformPoseInTargetFrame]: Extrapolation Error looking up target frame: Lookup would require extrapolation into the past.  Requested time 1790156683.390012 but the earliest data is at time 1790156700.163605, when looking up transform from frame [base_link] to frame [map]
[component_container_isolated-1] 
[component_container_isolated-1] [WARN] [1790156713.711372272] [BehaviorTreeEngine]: Behavior Tree tick rate 100.00 was exceeded!
[component_container_isolated-1] [ERROR] [1790156713.812521363] [transformPoseInTargetFrame]: Extrapolation Error looking up target frame: Lookup would require extrapolation into the past.  Requested time 1790156683.390012 but the earliest data is at time 1790156700.163605, when looking up transform from frame [base_link] to frame [map]
[component_container_isolated-1] 
[component_container_isolated-1] [WARN] [1790156713.812602111] [BehaviorTreeEngine]: Behavior Tree tick rate 100.00 was exceeded!
[component_container_isolated-1] [ERROR] [1790156713.913634503] [transformPoseInTargetFrame]: Extrapolation Error looking up target frame: Lookup would require extrapolation into the past.  Requested time 1790156683.390012 but the earliest data is at time 1790156700.163605, when looking up transform from frame [base_link] to frame [map]
[component_container_isolated-1] 
[component_container_isolated-1] [WARN] [1790156713.913712450] [BehaviorTreeEngine]: Behavior Tree tick rate 100.00 was exceeded!
[component_container_isolated-1] [ERROR] [1790156714.014660928] [transformPoseInTargetFrame]: Extrapolation Error looking up target frame: Lookup would require extrapolation into the past.  Requested time 1790156683.390012 but the earliest data is at time 1790156700.163605, when looking up transform from frame [base_link] to frame [map]
[component_container_isolated-1] 
[component_container_isolated-1] [WARN] [1790156714.014732366] [BehaviorTreeEngine]: Behavior Tree tick rate 100.00 was exceeded!
[component_container_isolated-1] [ERROR] [1790156714.115892846] [transformPoseInTargetFrame]: Extrapolation Error looking up target frame: Lookup would require extrapolation into the past.  Requested time 1790156683.390012 but the earliest data is at time 1790156700.163605, when looking up transform from frame [base_link] to frame [map]
[component_container_isolated-1] 
[component_container_isolated-1] [WARN] [1790156714.115958834] [BehaviorTreeEngine]: Behavior Tree tick rate 100.00 was exceeded!
[component_container_isolated-1] [ERROR] [1790156714.216840347] [transformPoseInTargetFrame]: Extrapolation Error looking up target frame: Lookup would require extrapolation into the past.  Requested time 1790156683.390012 but the earliest data is at time 1790156700.163605, when looking up transform from frame [base_link] to frame [map]
[component_container_isolated-1] 
[component_container_isolated-1] [WARN] [1790156714.216910661] [BehaviorTreeEngine]: Behavior Tree tick rate 100.00 was exceeded!
[component_container_isolated-1] [ERROR] [1790156714.317884863] [transformPoseInTargetFrame]: Extrapolation Error looking up target frame: Lookup would require extrapolation into the past.  Requested time 1790156683.390012 but the earliest data is at time 1790156700.163605, when looking up transform from frame [base_link] to frame [map]
[component_container_isolated-1] 
[component_container_isolated-1] [WARN] [1790156714.317955655] [BehaviorTreeEngine]: Behavior Tree tick rate 100.00 was exceeded!
[component_container_isolated-1] [ERROR] [1790156714.419396974] [transformPoseInTargetFrame]: Extrapolation Error looking up target frame: Lookup would require extrapolation into the past.  Requested time 1790156683.390012 but the earliest data is at time 1790156700.163605, when looking up transform from frame [base_link] to frame [map]
[component_container_isolated-1] 
[component_container_isolated-1] [WARN] [1790156714.419478805] [BehaviorTreeEngine]: Behavior Tree tick rate 100.00 was exceeded!
[component_container_isolated-1] [ERROR] [1790156714.520383471] [transformPoseInTargetFrame]: Extrapolation Error looking up target frame: Lookup would require extrapolation into the past.  Requested time 1790156683.390012 but the earliest data is at time 1790156700.163605, when looking up transform from frame [base_link] to frame [map]
[component_container_isolated-1] 
[component_container_isolated-1] [WARN] [1790156714.520462174] [BehaviorTreeEngine]: Behavior Tree tick rate 100.00 was exceeded!
[component_container_isolated-1] [ERROR] [1790156714.621331003] [transformPoseInTargetFrame]: Extrapolation Error looking up target frame: Lookup would require extrapolation into the past.  Requested time 1790156683.390012 but the earliest data is at time 1790156700.163605, when looking up transform from frame [base_link] to frame [map]
[component_container_isolated-1] 
[component_container_isolated-1] [WARN] [1790156714.621442839] [BehaviorTreeEngine]: Behavior Tree tick rate 100.00 was exceeded!
[component_container_isolated-1] [ERROR] [1790156714.675816021] [transformPoseInTargetFrame]: Extrapolation Error looking up target frame: Lookup would require extrapolation into the past.  Requested time 1790156683.390012 but the earliest data is at time 1790156700.163605, when looking up transform from frame [base_link] to frame [map]
[component_container_isolated-1] 
[component_container_isolated-1] [ERROR] [1790156714.722321891] [transformPoseInTargetFrame]: Extrapolation Error looking up target frame: Lookup would require extrapolation into the past.  Requested time 1790156683.390012 but the earliest data is at time 1790156700.163605, when looking up transform from frame [base_link] to frame [map]
[component_container_isolated-1] 
[component_container_isolated-1] [WARN] [1790156714.722408715] [BehaviorTreeEngine]: Behavior Tree tick rate 100.00 was exceeded!
[component_container_isolated-1] [ERROR] [1790156714.823368154] [transformPoseInTargetFrame]: Extrapolation Error looking up target frame: Lookup would require extrapolation into the past.  Requested time 1790156683.390012 but the earliest data is at time 1790156700.163605, when looking up transform from frame [base_link] to frame [map]
[component_container_isolated-1] 
[component_container_isolated-1] [WARN] [1790156714.823438801] [BehaviorTreeEngine]: Behavior Tree tick rate 100.00 was exceeded!
[component_container_isolated-1] [ERROR] [1790156714.924304831] [transformPoseInTargetFrame]: Extrapolation Error looking up target frame: Lookup would require extrapolation into the past.  Requested time 1790156683.390012 but the earliest data is at time 1790156700.163605, when looking up transform from frame [base_link] to frame [map]
[component_container_isolated-1] 
[component_container_isolated-1] [WARN] [1790156714.924376978] [BehaviorTreeEngine]: Behavior Tree tick rate 100.00 was exceeded!
[component_container_isolated-1] [ERROR] [1790156715.025357074] [transformPoseInTargetFrame]: Extrapolation Error looking up target frame: Lookup would require extrapolation into the past.  Requested time 1790156683.390012 but the earliest data is at time 1790156700.163605, when looking up transform from frame [base_link] to frame [map]
[component_container_isolated-1] 
[component_container_isolated-1] [WARN] [1790156715.025483556] [BehaviorTreeEngine]: Behavior Tree tick rate 100.00 was exceeded!
[component_container_isolated-1] [ERROR] [1790156715.126470405] [transformPoseInTargetFrame]: Extrapolation Error looking up target frame: Lookup would require extrapolation into the past.  Requested time 1790156683.390012 but the earliest data is at time 1790156700.163605, when looking up transform from frame [base_link] to frame [map]
[component_container_isolated-1] 
[component_container_isolated-1] [WARN] [1790156715.126550427] [BehaviorTreeEngine]: Behavior Tree tick rate 100.00 was exceeded!
[component_container_isolated-1] [ERROR] [1790156715.227848726] [transformPoseInTargetFrame]: Extrapolation Error looking up target frame: Lookup would require extrapolation into the past.  Requested time 1790156683.390012 but the earliest data is at time 1790156700.163605, when looking up transform from frame [base_link] to frame [map]
[component_container_isolated-1] 
[component_container_isolated-1] [WARN] [1790156715.227918766] [BehaviorTreeEngine]: Behavior Tree tick rate 100.00 was exceeded!
[component_container_isolated-1] [ERROR] [1790156715.329356030] [transformPoseInTargetFrame]: Extrapolation Error looking up target frame: Lookup would require extrapolation into the past.  Requested time 1790156683.390012 but the earliest data is at time 1790156700.163605, when looking up transform from frame [base_link] to frame [map]
[component_container_isolated-1] 
[component_container_isolated-1] [WARN] [1790156715.329478992] [BehaviorTreeEngine]: Behavior Tree tick rate 100.00 was exceeded!
[component_container_isolated-1] [ERROR] [1790156715.430411864] [transformPoseInTargetFrame]: Extrapolation Error looking up target frame: Lookup would require extrapolation into the past.  Requested time 1790156683.390012 but the earliest data is at time 1790156700.163605, when looking up transform from frame [base_link] to frame [map]
[component_container_isolated-1] 
[component_container_isolated-1] [WARN] [1790156715.430503275] [BehaviorTreeEngine]: Behavior Tree tick rate 100.00 was exceeded!
[component_container_isolated-1] [ERROR] [1790156715.531442222] [transformPoseInTargetFrame]: Extrapolation Error looking up target frame: Lookup would require extrapolation into the past.  Requested time 1790156683.390012 but the earliest data is at time 1790156700.163605, when looking up transform from frame [base_link] to frame [map]
[component_container_isolated-1] 
[component_container_isolated-1] [WARN] [1790156715.531531313] [BehaviorTreeEngine]: Behavior Tree tick rate 100.00 was exceeded!
[component_container_isolated-1] [ERROR] [1790156715.632466658] [transformPoseInTargetFrame]: Extrapolation Error looking up target frame: Lookup would require extrapolation into the past.  Requested time 1790156683.390012 but the earliest data is at time 1790156700.163605, when looking up transform from frame [base_link] to frame [map]
[component_container_isolated-1] 
[component_container_isolated-1] [WARN] [1790156715.632540824] [BehaviorTreeEngine]: Behavior Tree tick rate 100.00 was exceeded!
[component_container_isolated-1] [WARN] [1790156715.672965897] [BehaviorTreeEngine]: Behavior Tree tick rate 100.00 was exceeded!
[component_container_isolated-1] [WARN] [1790156715.673327937] [robot1.planner_server]: Planner loop missed its desired rate of 20.0000 Hz. Current loop rate is 0.1036 Hz
[component_container_isolated-1] [INFO] [1790156715.693700911] [robot1.controller_server]: Received a goal, begin computing control effort.
[component_container_isolated-1] [ERROR] [1790156715.696181101] [tf_help]: Transform data too old when converting from map to odom
[component_container_isolated-1] [ERROR] [1790156715.696214110] [tf_help]: Data time: 1790156715s 672958264ns, Transform time: 1790156712s 804729518ns
[component_container_isolated-1] [ERROR] [1790156715.746231655] [tf_help]: Transform data too old when converting from map to odom
[component_container_isolated-1] [ERROR] [1790156715.746269086] [tf_help]: Data time: 1790156715s 672958264ns, Transform time: 1790156712s 804729518ns
[component_container_isolated-1] [ERROR] [1790156715.796178380] [tf_help]: Transform data too old when converting from map to odom
[component_container_isolated-1] [ERROR] [1790156715.796213237] [tf_help]: Data time: 1790156715s 672958264ns, Transform time: 1790156712s 804729518ns
[component_container_isolated-1] [ERROR] [1790156715.814814717] [transformPoseInTargetFrame]: Extrapolation Error looking up target frame: Lookup would require extrapolation at time 1790156710.867119, but only time 1790156712.804729 is in the buffer, when looking up transform from frame [base_link] to frame [map]
[component_container_isolated-1] 
[component_container_isolated-1] [WARN] [1790156715.814876407] [BehaviorTreeEngine]: Behavior Tree tick rate 100.00 was exceeded!
[component_container_isolated-1] [ERROR] [1790156715.845726937] [tf_help]: Transform data too old when converting from map to odom
[component_container_isolated-1] [ERROR] [1790156715.845747155] [tf_help]: Data time: 1790156715s 672958264ns, Transform time: 1790156712s 804729518ns
[component_container_isolated-1] [WARN] [1790156715.875454997] [BehaviorTreeEngine]: Behavior Tree tick rate 100.00 was exceeded!
[component_container_isolated-1] [ERROR] [1790156715.893896433] [tf_help]: Transform data too old when converting from odom to map
[component_container_isolated-1] [ERROR] [1790156715.893919660] [tf_help]: Data time: 1790156714s 866191021ns, Transform time: 1790156712s 804729518ns
[component_container_isolated-1] [WARN] [1790156715.893936829] [robot1.controller_server]: Unable to transform robot pose into global plan's frame
[component_container_isolated-1] [ERROR] [1790156715.893989314] [tf_help]: Transform data too old when converting from map to odom
[component_container_isolated-1] [ERROR] [1790156715.893992110] [tf_help]: Data time: 1790156715s 672958264ns, Transform time: 1790156712s 804729518ns
[component_container_isolated-1] [INFO] [1790156716.743850930] [robot1.controller_server]: Passing new path to controller.
[component_container_isolated-1] [INFO] [1790156717.793839009] [robot1.controller_server]: Passing new path to controller.
[component_container_isolated-1] [INFO] [1790156718.793831202] [robot1.controller_server]: Passing new path to controller.
[component_container_isolated-1] [INFO] [1790156719.832258664] [robot1.local_costmap.local_costmap]: StaticLayer: Resizing static layer to 136 X 296 at 0.050000 m/pix
[component_container_isolated-1] [INFO] [1790156719.843824419] [robot1.controller_server]: Passing new path to controller.
[component_container_isolated-1] [INFO] [1790156720.372290810] [robot1.global_costmap.global_costmap]: StaticLayer: Resizing costmap to 136 X 296 at 0.050000 m/pix
[component_container_isolated-1] [INFO] [1790156720.832338212] [robot1.local_costmap.local_costmap]: StaticLayer: Resizing static layer to 136 X 297 at 0.050000 m/pix
[component_container_isolated-1] [INFO] [1790156720.843850427] [robot1.controller_server]: Passing new path to controller.
[component_container_isolated-1] [INFO] [1790156721.372293251] [robot1.global_costmap.global_costmap]: StaticLayer: Resizing costmap to 136 X 297 at 0.050000 m/pix
[component_container_isolated-1] [INFO] [1790156721.832206304] [robot1.local_costmap.local_costmap]: StaticLayer: Resizing static layer to 136 X 297 at 0.050000 m/pix
[component_container_isolated-1] [INFO] [1790156721.893855265] [robot1.controller_server]: Passing new path to controller.
[component_container_isolated-1] [INFO] [1790156722.372317434] [robot1.global_costmap.global_costmap]: StaticLayer: Resizing costmap to 136 X 297 at 0.050000 m/pix
[component_container_isolated-1] [INFO] [1790156722.832255077] [robot1.local_costmap.local_costmap]: StaticLayer: Resizing static layer to 138 X 297 at 0.050000 m/pix
[component_container_isolated-1] [INFO] [1790156722.893854117] [robot1.controller_server]: Passing new path to controller.
[component_container_isolated-1] [INFO] [1790156723.372280696] [robot1.global_costmap.global_costmap]: StaticLayer: Resizing costmap to 138 X 297 at 0.050000 m/pix
[component_container_isolated-1] [INFO] [1790156723.943839554] [robot1.controller_server]: Passing new path to controller.
[component_container_isolated-1] [INFO] [1790156724.943851674] [robot1.controller_server]: Passing new path to controller.
[component_container_isolated-1] [INFO] [1790156725.993845486] [robot1.controller_server]: Passing new path to controller.
[component_container_isolated-1] [INFO] [1790156727.043857605] [robot1.controller_server]: Passing new path to controller.
[component_container_isolated-1] [INFO] [1790156728.043863843] [robot1.controller_server]: Passing new path to controller.
[component_container_isolated-1] [INFO] [1790156728.832225372] [robot1.local_costmap.local_costmap]: StaticLayer: Resizing static layer to 158 X 298 at 0.050000 m/pix
[component_container_isolated-1] [INFO] [1790156729.093851675] [robot1.controller_server]: Passing new path to controller.
[component_container_isolated-1] [INFO] [1790156729.372264177] [robot1.global_costmap.global_costmap]: StaticLayer: Resizing costmap to 158 X 298 at 0.050000 m/pix
[component_container_isolated-1] [INFO] [1790156730.093854293] [robot1.controller_server]: Passing new path to controller.
[component_container_isolated-1] [INFO] [1790156730.832203996] [robot1.local_costmap.local_costmap]: StaticLayer: Resizing static layer to 174 X 299 at 0.050000 m/pix
[component_container_isolated-1] [INFO] [1790156731.143845529] [robot1.controller_server]: Passing new path to controller.
[component_container_isolated-1] [INFO] [1790156731.372297117] [robot1.global_costmap.global_costmap]: StaticLayer: Resizing costmap to 174 X 299 at 0.050000 m/pix
[component_container_isolated-1] [INFO] [1790156732.193851476] [robot1.controller_server]: Passing new path to controller.
[component_container_isolated-1] [INFO] [1790156732.895595400] [robot1.controller_server]: Reached the goal!
[component_container_isolated-1] [INFO] [1790156732.925649554] [robot1.bt_navigator]: Goal succeeded
[component_container_isolated-1] [INFO] [1790156783.693102452] [robot1.bt_navigator]: Begin navigating from current location (-1.57, -4.70) to (-0.63, -2.85)
[component_container_isolated-1] [INFO] [1790156783.713703572] [robot1.controller_server]: Received a goal, begin computing control effort.
[component_container_isolated-1] [INFO] [1790156784.763891196] [robot1.controller_server]: Passing new path to controller.
[component_container_isolated-1] [INFO] [1790156785.813978708] [robot1.controller_server]: Passing new path to controller.
[component_container_isolated-1] [INFO] [1790156785.832337937] [robot1.local_costmap.local_costmap]: StaticLayer: Resizing static layer to 176 X 299 at 0.050000 m/pix
[component_container_isolated-1] [INFO] [1790156786.372257560] [robot1.global_costmap.global_costmap]: StaticLayer: Resizing costmap to 176 X 299 at 0.050000 m/pix
[component_container_isolated-1] [INFO] [1790156786.813890806] [robot1.controller_server]: Passing new path to controller.
[component_container_isolated-1] [INFO] [1790156787.863913944] [robot1.controller_server]: Passing new path to controller.
[component_container_isolated-1] [INFO] [1790156788.863983754] [robot1.controller_server]: Passing new path to controller.
[component_container_isolated-1] [INFO] [1790156789.913911336] [robot1.controller_server]: Passing new path to controller.
[component_container_isolated-1] [INFO] [1790156790.963890439] [robot1.controller_server]: Passing new path to controller.
[component_container_isolated-1] [INFO] [1790156791.963890048] [robot1.controller_server]: Passing new path to controller.
[component_container_isolated-1] [INFO] [1790156793.013890900] [robot1.controller_server]: Passing new path to controller.
[component_container_isolated-1] [INFO] [1790156794.013889520] [robot1.controller_server]: Passing new path to controller.
[component_container_isolated-1] [INFO] [1790156794.215697705] [robot1.controller_server]: Reached the goal!
[component_container_isolated-1] [INFO] [1790156794.253291655] [robot1.bt_navigator]: Goal succeeded
[component_container_isolated-1] [INFO] [1790156815.763720383] [robot1.bt_navigator]: Begin navigating from current location (-0.75, -3.03) to (-1.09, -0.56)
[component_container_isolated-1] [INFO] [1790156815.784062984] [robot1.controller_server]: Received a goal, begin computing control effort.
[component_container_isolated-1] [INFO] [1790156816.834241502] [robot1.controller_server]: Passing new path to controller.
[component_container_isolated-1] [INFO] [1790156817.773902968] [robot1.bt_navigator]: Received goal preemption request
[component_container_isolated-1] [INFO] [1790156817.774035133] [robot1.bt_navigator]: Begin navigating from current location (-0.72, -2.70) to (-1.23, -1.67)
[component_container_isolated-1] [INFO] [1790156817.884237914] [robot1.controller_server]: Passing new path to controller.
[component_container_isolated-1] [INFO] [1790156818.773935638] [robot1.bt_navigator]: Received goal preemption request
[component_container_isolated-1] [INFO] [1790156818.774033273] [robot1.bt_navigator]: Begin navigating from current location (-0.74, -2.49) to (-1.53, -1.75)
[component_container_isolated-1] [INFO] [1790156818.884251152] [robot1.controller_server]: Passing new path to controller.
[component_container_isolated-1] [INFO] [1790156819.773942138] [robot1.bt_navigator]: Received goal preemption request
[component_container_isolated-1] [INFO] [1790156819.774128273] [robot1.bt_navigator]: Begin navigating from current location (-0.81, -2.31) to (-0.92, -1.42)
[component_container_isolated-1] [INFO] [1790156819.934270623] [robot1.controller_server]: Passing new path to controller.
[component_container_isolated-1] [INFO] [1790156820.763906925] [robot1.bt_navigator]: Received goal preemption request
[component_container_isolated-1] [INFO] [1790156820.764050788] [robot1.bt_navigator]: Begin navigating from current location (-0.86, -2.23) to (-1.17, -0.53)
[component_container_isolated-1] [INFO] [1790156820.934252199] [robot1.controller_server]: Passing new path to controller.
[component_container_isolated-1] [INFO] [1790156821.773911316] [robot1.bt_navigator]: Received goal preemption request
[component_container_isolated-1] [INFO] [1790156821.774051842] [robot1.bt_navigator]: Begin navigating from current location (-0.93, -2.05) to (-1.42, -0.43)
[component_container_isolated-1] [INFO] [1790156821.984332973] [robot1.controller_server]: Passing new path to controller.
[component_container_isolated-1] [INFO] [1790156822.763908027] [robot1.bt_navigator]: Received goal preemption request
[component_container_isolated-1] [INFO] [1790156822.764054625] [robot1.bt_navigator]: Begin navigating from current location (-0.93, -1.85) to (-1.10, -0.25)
[component_container_isolated-1] [INFO] [1790156822.984259664] [robot1.controller_server]: Passing new path to controller.
[component_container_isolated-1] [INFO] [1790156823.763960142] [robot1.bt_navigator]: Received goal preemption request
[component_container_isolated-1] [INFO] [1790156823.764092739] [robot1.bt_navigator]: Begin navigating from current location (-0.94, -1.64) to (-1.72, -0.46)
[component_container_isolated-1] [INFO] [1790156824.034337021] [robot1.controller_server]: Passing new path to controller.
[component_container_isolated-1] [INFO] [1790156824.773944131] [robot1.bt_navigator]: Received goal preemption request
[component_container_isolated-1] [INFO] [1790156824.774082257] [robot1.bt_navigator]: Begin navigating from current location (-0.95, -1.45) to (-1.44, -0.17)
[component_container_isolated-1] [INFO] [1790156825.034269278] [robot1.controller_server]: Passing new path to controller.
[component_container_isolated-1] [INFO] [1790156825.773957796] [robot1.bt_navigator]: Received goal preemption request
[component_container_isolated-1] [INFO] [1790156825.774108007] [robot1.bt_navigator]: Begin navigating from current location (-0.96, -1.28) to (-1.21, 0.14)
[component_container_isolated-1] [INFO] [1790156826.084239093] [robot1.controller_server]: Passing new path to controller.
[component_container_isolated-1] [INFO] [1790156826.773897728] [robot1.bt_navigator]: Received goal preemption request
[component_container_isolated-1] [INFO] [1790156826.773989469] [robot1.bt_navigator]: Begin navigating from current location (-0.96, -1.10) to (-0.85, 0.08)
[component_container_isolated-1] [INFO] [1790156827.084271896] [robot1.controller_server]: Passing new path to controller.
[component_container_isolated-1] [INFO] [1790156827.773891455] [robot1.bt_navigator]: Received goal preemption request
[component_container_isolated-1] [INFO] [1790156827.773988465] [robot1.bt_navigator]: Begin navigating from current location (-0.97, -0.94) to (-0.98, 0.31)
[component_container_isolated-1] [INFO] [1790156828.134240333] [robot1.controller_server]: Passing new path to controller.
[component_container_isolated-1] [INFO] [1790156828.773890962] [robot1.bt_navigator]: Received goal preemption request
[component_container_isolated-1] [INFO] [1790156828.773972166] [robot1.bt_navigator]: Begin navigating from current location (-0.97, -0.76) to (-0.64, 0.51)
[component_container_isolated-1] [INFO] [1790156829.134258469] [robot1.controller_server]: Passing new path to controller.
[component_container_isolated-1] [INFO] [1790156829.773938258] [robot1.bt_navigator]: Received goal preemption request
[component_container_isolated-1] [INFO] [1790156829.774027469] [robot1.bt_navigator]: Begin navigating from current location (-0.96, -0.60) to (-0.76, 0.85)
[component_container_isolated-1] [INFO] [1790156830.184299156] [robot1.controller_server]: Passing new path to controller.
[component_container_isolated-1] [INFO] [1790156830.773930892] [robot1.bt_navigator]: Received goal preemption request
[component_container_isolated-1] [INFO] [1790156830.774030265] [robot1.bt_navigator]: Begin navigating from current location (-0.94, -0.44) to (-0.84, 1.13)
[component_container_isolated-1] [INFO] [1790156831.234240477] [robot1.controller_server]: Passing new path to controller.
[component_container_isolated-1] [INFO] [1790156831.773891845] [robot1.bt_navigator]: Received goal preemption request
[component_container_isolated-1] [INFO] [1790156831.773996537] [robot1.bt_navigator]: Begin navigating from current location (-0.92, -0.30) to (-1.56, 1.57)
[component_container_isolated-1] [INFO] [1790156832.234238372] [robot1.controller_server]: Passing new path to controller.
[component_container_isolated-1] [INFO] [1790156832.773894050] [robot1.bt_navigator]: Received goal preemption request
[component_container_isolated-1] [INFO] [1790156832.773981925] [robot1.bt_navigator]: Begin navigating from current location (-0.92, -0.19) to (-1.28, 1.76)
[component_container_isolated-1] [INFO] [1790156833.284240099] [robot1.controller_server]: Passing new path to controller.
[component_container_isolated-1] [INFO] [1790156833.773922129] [robot1.bt_navigator]: Received goal preemption request
[component_container_isolated-1] [INFO] [1790156833.774008641] [robot1.bt_navigator]: Begin navigating from current location (-0.91, -0.04) to (-1.86, 1.55)
[component_container_isolated-1] [INFO] [1790156834.284239252] [robot1.controller_server]: Passing new path to controller.
[component_container_isolated-1] [INFO] [1790156834.773905994] [robot1.bt_navigator]: Received goal preemption request
[component_container_isolated-1] [INFO] [1790156834.774044582] [robot1.bt_navigator]: Begin navigating from current location (-0.90, 0.16) to (-1.54, 1.81)
[component_container_isolated-1] [INFO] [1790156835.334267459] [robot1.controller_server]: Passing new path to controller.
[component_container_isolated-1] [INFO] [1790156835.763899261] [robot1.bt_navigator]: Received goal preemption request
[component_container_isolated-1] [INFO] [1790156835.764019801] [robot1.bt_navigator]: Begin navigating from current location (-0.90, 0.37) to (-1.75, 1.76)
[component_container_isolated-1] [INFO] [1790156835.832251800] [robot1.local_costmap.local_costmap]: StaticLayer: Resizing static layer to 185 X 299 at 0.050000 m/pix
[component_container_isolated-1] [INFO] [1790156836.372254173] [robot1.global_costmap.global_costmap]: StaticLayer: Resizing costmap to 185 X 299 at 0.050000 m/pix
[component_container_isolated-1] [INFO] [1790156836.384242580] [robot1.controller_server]: Passing new path to controller.
[component_container_isolated-1] [INFO] [1790156836.773893573] [robot1.bt_navigator]: Received goal preemption request
[component_container_isolated-1] [INFO] [1790156836.773972923] [robot1.bt_navigator]: Begin navigating from current location (-0.89, 0.57) to (-0.95, 2.16)
[component_container_isolated-1] [INFO] [1790156837.384260170] [robot1.controller_server]: Passing new path to controller.
[component_container_isolated-1] [INFO] [1790156837.773929478] [robot1.bt_navigator]: Received goal preemption request
[component_container_isolated-1] [INFO] [1790156837.774025484] [robot1.bt_navigator]: Begin navigating from current location (-0.91, 0.76) to (-1.06, 1.89)
[component_container_isolated-1] [INFO] [1790156838.434369511] [robot1.controller_server]: Passing new path to controller.
[component_container_isolated-1] [INFO] [1790156838.773892066] [robot1.bt_navigator]: Received goal preemption request
[component_container_isolated-1] [INFO] [1790156838.773975057] [robot1.bt_navigator]: Begin navigating from current location (-0.94, 0.92) to (-0.91, 2.56)
[component_container_isolated-1] [INFO] [1790156839.372260252] [robot1.global_costmap.global_costmap]: StaticLayer: Resizing costmap to 187 X 299 at 0.050000 m/pix
[component_container_isolated-1] [INFO] [1790156839.432343210] [robot1.local_costmap.local_costmap]: StaticLayer: Resizing static layer to 187 X 299 at 0.050000 m/pix
[component_container_isolated-1] [INFO] [1790156839.434331297] [robot1.controller_server]: Passing new path to controller.
[component_container_isolated-1] [INFO] [1790156839.763899008] [robot1.bt_navigator]: Received goal preemption request
[component_container_isolated-1] [INFO] [1790156839.764004824] [robot1.bt_navigator]: Begin navigating from current location (-0.94, 1.08) to (-1.23, 2.78)
[component_container_isolated-1] [INFO] [1790156840.484242205] [robot1.controller_server]: Passing new path to controller.
[component_container_isolated-1] [INFO] [1790156840.773904962] [robot1.bt_navigator]: Received goal preemption request
[component_container_isolated-1] [INFO] [1790156840.774074750] [robot1.bt_navigator]: Begin navigating from current location (-0.95, 1.24) to (-1.19, 2.07)
[component_container_isolated-1] [INFO] [1790156841.534260339] [robot1.controller_server]: Passing new path to controller.
[component_container_isolated-1] [INFO] [1790156841.763890495] [robot1.bt_navigator]: Received goal preemption request
[component_container_isolated-1] [INFO] [1790156841.763980737] [robot1.bt_navigator]: Begin navigating from current location (-0.93, 1.41) to (-1.16, 2.99)
[component_container_isolated-1] [INFO] [1790156842.534238906] [robot1.controller_server]: Passing new path to controller.
[component_container_isolated-1] [INFO] [1790156842.773929163] [robot1.bt_navigator]: Received goal preemption request
[component_container_isolated-1] [INFO] [1790156842.774023877] [robot1.bt_navigator]: Begin navigating from current location (-0.93, 1.57) to (-1.59, 3.19)
[component_container_isolated-1] [INFO] [1790156843.584272392] [robot1.controller_server]: Passing new path to controller.
[component_container_isolated-1] [INFO] [1790156844.584237087] [robot1.controller_server]: Passing new path to controller.
[component_container_isolated-1] [INFO] [1790156845.372290042] [robot1.global_costmap.global_costmap]: StaticLayer: Resizing costmap to 189 X 299 at 0.050000 m/pix
[component_container_isolated-1] [INFO] [1790156845.432239948] [robot1.local_costmap.local_costmap]: StaticLayer: Resizing static layer to 189 X 299 at 0.050000 m/pix
[component_container_isolated-1] [INFO] [1790156845.634236814] [robot1.controller_server]: Passing new path to controller.
[component_container_isolated-1] [INFO] [1790156846.684235889] [robot1.controller_server]: Passing new path to controller.
[component_container_isolated-1] [INFO] [1790156847.684255347] [robot1.controller_server]: Passing new path to controller.
[component_container_isolated-1] [INFO] [1790156848.734256795] [robot1.controller_server]: Passing new path to controller.
[component_container_isolated-1] [INFO] [1790156849.734236873] [robot1.controller_server]: Passing new path to controller.
[component_container_isolated-1] [INFO] [1790156850.784280867] [robot1.controller_server]: Passing new path to controller.
[component_container_isolated-1] [INFO] [1790156851.784248411] [robot1.controller_server]: Passing new path to controller.
[component_container_isolated-1] [INFO] [1790156852.834245309] [robot1.controller_server]: Passing new path to controller.
[component_container_isolated-1] [INFO] [1790156853.834243227] [robot1.controller_server]: Passing new path to controller.
[component_container_isolated-1] [INFO] [1790156854.884278217] [robot1.controller_server]: Passing new path to controller.
[component_container_isolated-1] [INFO] [1790156855.884238358] [robot1.controller_server]: Passing new path to controller.
[component_container_isolated-1] [INFO] [1790156856.934247019] [robot1.controller_server]: Passing new path to controller.
[component_container_isolated-1] [INFO] [1790156857.984277229] [robot1.controller_server]: Passing new path to controller.
[component_container_isolated-1] [INFO] [1790156858.286009415] [robot1.controller_server]: Reached the goal!
[component_container_isolated-1] [INFO] [1790156858.323916133] [robot1.bt_navigator]: Goal succeeded
[component_container_isolated-1] [INFO] [1790156863.768276350] [robot1.bt_navigator]: Begin navigating from current location (-1.37, 3.12) to (0.40, 2.16)
[component_container_isolated-1] [INFO] [1790156863.788825234] [robot1.controller_server]: Received a goal, begin computing control effort.
[component_container_isolated-1] [INFO] [1790156864.839015041] [robot1.controller_server]: Passing new path to controller.
[component_container_isolated-1] [INFO] [1790156865.372287736] [robot1.global_costmap.global_costmap]: StaticLayer: Resizing costmap to 190 X 299 at 0.050000 m/pix
[component_container_isolated-1] [INFO] [1790156865.432224201] [robot1.local_costmap.local_costmap]: StaticLayer: Resizing static layer to 190 X 299 at 0.050000 m/pix
[component_container_isolated-1] [INFO] [1790156865.778468881] [robot1.bt_navigator]: Received goal preemption request
[component_container_isolated-1] [INFO] [1790156865.778538246] [robot1.bt_navigator]: Begin navigating from current location (-1.04, 2.88) to (0.33, 1.22)
[component_container_isolated-1] [INFO] [1790156865.889003319] [robot1.controller_server]: Passing new path to controller.
[component_container_isolated-1] [INFO] [1790156866.778503772] [robot1.bt_navigator]: Received goal preemption request
[component_container_isolated-1] [INFO] [1790156866.778589744] [robot1.bt_navigator]: Begin navigating from current location (-0.86, 2.81) to (0.58, 1.15)
[component_container_isolated-1] [INFO] [1790156866.889001266] [robot1.controller_server]: Passing new path to controller.
[component_container_isolated-1] [INFO] [1790156867.768482475] [robot1.bt_navigator]: Received goal preemption request
[component_container_isolated-1] [INFO] [1790156867.768574391] [robot1.bt_navigator]: Begin navigating from current location (-0.75, 2.64) to (0.76, 1.41)
[component_container_isolated-1] [INFO] [1790156867.939002645] [robot1.controller_server]: Passing new path to controller.
[component_container_isolated-1] [INFO] [1790156868.768476825] [robot1.bt_navigator]: Received goal preemption request
[component_container_isolated-1] [INFO] [1790156868.768569658] [robot1.bt_navigator]: Begin navigating from current location (-0.64, 2.54) to (0.94, 1.28)
[component_container_isolated-1] [INFO] [1790156868.939033466] [robot1.controller_server]: Passing new path to controller.
[component_container_isolated-1] [INFO] [1790156869.768519575] [robot1.bt_navigator]: Received goal preemption request
[component_container_isolated-1] [INFO] [1790156869.768606111] [robot1.bt_navigator]: Begin navigating from current location (-0.56, 2.43) to (0.79, 0.98)
[component_container_isolated-1] [INFO] [1790156869.989026508] [robot1.controller_server]: Passing new path to controller.
[component_container_isolated-1] [INFO] [1790156870.768479378] [robot1.bt_navigator]: Received goal preemption request
[component_container_isolated-1] [INFO] [1790156870.768589789] [robot1.bt_navigator]: Begin navigating from current location (-0.48, 2.37) to (1.13, 1.46)
[component_container_isolated-1] [INFO] [1790156871.039028775] [robot1.controller_server]: Passing new path to controller.
[component_container_isolated-1] [INFO] [1790156871.778475567] [robot1.bt_navigator]: Received goal preemption request
[component_container_isolated-1] [INFO] [1790156871.778565405] [robot1.bt_navigator]: Begin navigating from current location (-0.41, 2.29) to (0.37, 0.98)
[component_container_isolated-1] [INFO] [1790156872.039021261] [robot1.controller_server]: Passing new path to controller.
[component_container_isolated-1] [INFO] [1790156872.768452395] [robot1.bt_navigator]: Received goal preemption request
[component_container_isolated-1] [INFO] [1790156872.768542519] [robot1.bt_navigator]: Begin navigating from current location (-0.35, 2.22) to (0.32, 0.64)
[component_container_isolated-1] [INFO] [1790156873.089031153] [robot1.controller_server]: Passing new path to controller.
[component_container_isolated-1] [INFO] [1790156873.768461231] [robot1.bt_navigator]: Received goal preemption request
[component_container_isolated-1] [INFO] [1790156873.768533907] [robot1.bt_navigator]: Begin navigating from current location (-0.31, 2.16) to (0.91, 1.44)
[component_container_isolated-1] [INFO] [1790156874.089000580] [robot1.controller_server]: Passing new path to controller.
[component_container_isolated-1] [INFO] [1790156874.768464418] [robot1.bt_navigator]: Received goal preemption request
[component_container_isolated-1] [INFO] [1790156874.768540641] [robot1.bt_navigator]: Begin navigating from current location (-0.27, 2.11) to (0.82, 1.12)
[component_container_isolated-1] [INFO] [1790156875.139018493] [robot1.controller_server]: Passing new path to controller.
[component_container_isolated-1] [INFO] [1790156875.768520211] [robot1.bt_navigator]: Received goal preemption request
[component_container_isolated-1] [INFO] [1790156875.768604639] [robot1.bt_navigator]: Begin navigating from current location (-0.24, 2.07) to (1.24, 1.51)
[component_container_isolated-1] [INFO] [1790156876.189018679] [robot1.controller_server]: Passing new path to controller.
[component_container_isolated-1] [INFO] [1790156876.768490968] [robot1.bt_navigator]: Received goal preemption request
[component_container_isolated-1] [INFO] [1790156876.768574233] [robot1.bt_navigator]: Begin navigating from current location (-0.22, 2.04) to (1.45, 1.57)
[component_container_isolated-1] [INFO] [1790156877.189022633] [robot1.controller_server]: Passing new path to controller.
[component_container_isolated-1] [INFO] [1790156877.778477439] [robot1.bt_navigator]: Received goal preemption request
[component_container_isolated-1] [INFO] [1790156877.778558865] [robot1.bt_navigator]: Begin navigating from current location (-0.20, 2.01) to (2.69, 0.21)
[component_container_isolated-1] [INFO] [1790156878.239011097] [robot1.controller_server]: Passing new path to controller.
[component_container_isolated-1] [INFO] [1790156878.768483097] [robot1.bt_navigator]: Received goal preemption request
[component_container_isolated-1] [INFO] [1790156878.768575087] [robot1.bt_navigator]: Begin navigating from current location (-0.19, 2.03) to (2.93, 0.47)
[component_container_isolated-1] [INFO] [1790156879.239002819] [robot1.controller_server]: Passing new path to controller.
[component_container_isolated-1] [INFO] [1790156879.768487568] [robot1.bt_navigator]: Received goal preemption request
[component_container_isolated-1] [INFO] [1790156879.768581955] [robot1.bt_navigator]: Begin navigating from current location (-0.17, 2.01) to (2.76, -0.15)
[component_container_isolated-1] [INFO] [1790156880.289031518] [robot1.controller_server]: Passing new path to controller.
[component_container_isolated-1] [INFO] [1790156880.778482204] [robot1.bt_navigator]: Received goal preemption request
[component_container_isolated-1] [INFO] [1790156880.778563428] [robot1.bt_navigator]: Begin navigating from current location (-0.16, 2.00) to (0.93, 1.26)
[component_container_isolated-1] [INFO] [1790156881.339018243] [robot1.controller_server]: Passing new path to controller.
[component_container_isolated-1] [INFO] [1790156881.768453852] [robot1.bt_navigator]: Received goal preemption request
[component_container_isolated-1] [INFO] [1790156881.768569651] [robot1.bt_navigator]: Begin navigating from current location (-0.15, 1.98) to (1.21, 1.03)
[component_container_isolated-1] [INFO] [1790156882.339018938] [robot1.controller_server]: Passing new path to controller.
[component_container_isolated-1] [INFO] [1790156882.768446805] [robot1.bt_navigator]: Received goal preemption request
[component_container_isolated-1] [INFO] [1790156882.768550540] [robot1.bt_navigator]: Begin navigating from current location (-0.14, 1.97) to (1.63, 0.75)
[component_container_isolated-1] [INFO] [1790156883.389016000] [robot1.controller_server]: Passing new path to controller.
[component_container_isolated-1] [INFO] [1790156883.768519111] [robot1.bt_navigator]: Received goal preemption request
[component_container_isolated-1] [INFO] [1790156883.768661206] [robot1.bt_navigator]: Begin navigating from current location (-0.12, 1.95) to (0.63, 1.06)
[component_container_isolated-1] [INFO] [1790156884.389000078] [robot1.controller_server]: Passing new path to controller.
[component_container_isolated-1] [INFO] [1790156884.778502962] [robot1.bt_navigator]: Received goal preemption request
[component_container_isolated-1] [INFO] [1790156884.778590183] [robot1.bt_navigator]: Begin navigating from current location (-0.11, 1.94) to (0.94, 1.28)
[component_container_isolated-1] [ERROR] [1790156884.839075300] [robot1.controller_server]: Failed to make progress
[component_container_isolated-1] [WARN] [1790156884.839119970] [robot1.controller_server]: [follow_path] [ActionServer] Aborting handle.
[component_container_isolated-1] [INFO] [1790156884.858507525] [robot1.local_costmap.local_costmap]: Received request to clear entirely the local_costmap
[component_container_isolated-1] [INFO] [1790156884.858953062] [robot1.controller_server]: Received a goal, begin computing control effort.
[component_container_isolated-1] [WARN] [1790156885.041077001] [robot1.controller_server]: Control loop missed its desired rate of 20.0000Hz
[component_container_isolated-1] [INFO] [1790156885.452888670] [robot1.controller_server]: Passing new path to controller.
[component_container_isolated-1] [INFO] [1790156885.768442489] [robot1.bt_navigator]: Received goal preemption request
[component_container_isolated-1] [INFO] [1790156885.768551073] [robot1.bt_navigator]: Begin navigating from current location (-0.10, 1.93) to (1.15, 1.51)
[component_container_isolated-1] [INFO] [1790156886.482844103] [robot1.controller_server]: Passing new path to controller.
[component_container_isolated-1] [INFO] [1790156886.778483611] [robot1.bt_navigator]: Received goal preemption request
[component_container_isolated-1] [INFO] [1790156886.778591498] [robot1.bt_navigator]: Begin navigating from current location (-0.09, 1.92) to (1.64, 0.72)
[component_container_isolated-1] [INFO] [1790156887.491150361] [robot1.controller_server]: Passing new path to controller.
[component_container_isolated-1] [INFO] [1790156887.768484647] [robot1.bt_navigator]: Received goal preemption request
[component_container_isolated-1] [INFO] [1790156887.768621718] [robot1.bt_navigator]: Begin navigating from current location (-0.08, 1.90) to (0.62, 1.04)
[component_container_isolated-1] [INFO] [1790156888.541162327] [robot1.controller_server]: Passing new path to controller.
[component_container_isolated-1] [INFO] [1790156888.778503558] [robot1.bt_navigator]: Received goal preemption request
[component_container_isolated-1] [INFO] [1790156888.778621996] [robot1.bt_navigator]: Begin navigating from current location (-0.06, 1.88) to (0.73, 1.36)
[component_container_isolated-1] [INFO] [1790156889.541169010] [robot1.controller_server]: Passing new path to controller.
[component_container_isolated-1] [INFO] [1790156889.778482072] [robot1.bt_navigator]: Received goal preemption request
[component_container_isolated-1] [INFO] [1790156889.778614394] [robot1.bt_navigator]: Begin navigating from current location (-0.04, 1.86) to (1.18, 0.37)
[component_container_isolated-1] [INFO] [1790156890.591168787] [robot1.controller_server]: Passing new path to controller.
[component_container_isolated-1] [INFO] [1790156890.778448586] [robot1.bt_navigator]: Received goal preemption request
[component_container_isolated-1] [INFO] [1790156890.778536738] [robot1.bt_navigator]: Begin navigating from current location (-0.01, 1.83) to (1.06, 0.17)
[component_container_isolated-1] [INFO] [1790156891.641162374] [robot1.controller_server]: Passing new path to controller.
[component_container_isolated-1] [INFO] [1790156891.778517184] [robot1.bt_navigator]: Received goal preemption request
[component_container_isolated-1] [INFO] [1790156891.778616645] [robot1.bt_navigator]: Begin navigating from current location (0.00, 1.82) to (1.48, 0.33)
[component_container_isolated-1] [INFO] [1790156892.641162115] [robot1.controller_server]: Passing new path to controller.
[component_container_isolated-1] [INFO] [1790156892.768488989] [robot1.bt_navigator]: Received goal preemption request
[component_container_isolated-1] [INFO] [1790156892.768608345] [robot1.bt_navigator]: Begin navigating from current location (0.01, 1.80) to (2.65, 0.19)
[component_container_isolated-1] [INFO] [1790156893.691179006] [robot1.controller_server]: Passing new path to controller.
[component_container_isolated-1] [INFO] [1790156893.778457053] [robot1.bt_navigator]: Received goal preemption request
[component_container_isolated-1] [INFO] [1790156893.778580159] [robot1.bt_navigator]: Begin navigating from current location (0.03, 1.79) to (0.95, 1.49)
[component_container_isolated-1] [INFO] [1790156894.691160584] [robot1.controller_server]: Passing new path to controller.
[component_container_isolated-1] [INFO] [1790156894.768467763] [robot1.bt_navigator]: Received goal preemption request
[component_container_isolated-1] [INFO] [1790156894.768549520] [robot1.bt_navigator]: Begin navigating from current location (0.04, 1.77) to (0.92, 1.14)
[component_container_isolated-1] [ERROR] [1790156895.041190937] [robot1.controller_server]: Failed to make progress
[component_container_isolated-1] [WARN] [1790156895.041238808] [robot1.controller_server]: [follow_path] [ActionServer] Aborting handle.
[component_container_isolated-1] [INFO] [1790156895.058781829] [robot1.behavior_server]: Running spin
[component_container_isolated-1] [INFO] [1790156895.058825988] [robot1.behavior_server]: Turning 1.57 for spin behavior.
[component_container_isolated-1] [INFO] [1790156895.768396882] [robot1.bt_navigator]: Received goal preemption request
[component_container_isolated-1] [INFO] [1790156895.768479023] [robot1.bt_navigator]: Begin navigating from current location (0.06, 1.76) to (0.72, 1.33)
[component_container_isolated-1] [INFO] [1790156896.768430342] [robot1.bt_navigator]: Received goal preemption request
[component_container_isolated-1] [INFO] [1790156896.768525190] [robot1.bt_navigator]: Begin navigating from current location (0.06, 1.76) to (0.56, 1.01)
[component_container_isolated-1] [ERROR] [1790156897.658659752] [robot1.bt_navigator_navigate_to_pose_rclcpp_node]: Failed to get result for spin in node halt!
[component_container_isolated-1] [INFO] [1790156897.658734910] [robot1.bt_navigator]: [navigate_to_pose] [ActionServer] Client requested to cancel the goal. Cancelling.
[component_container_isolated-1] [INFO] [1790156897.658799338] [robot1.bt_navigator]: Goal canceled
[component_container_isolated-1] [INFO] [1790156897.658932404] [robot1.behavior_server]: Canceling spin
[component_container_isolated-1] [INFO] [1790156897.658996349] [robot1.behavior_server]: [spin] [ActionServer] Client requested to cancel the goal. Cancelling.
[component_container_isolated-1] [INFO] [1790156932.767373830] [robot1.bt_navigator]: Begin navigating from current location (0.06, 1.77) to (-0.80, 1.02)
[component_container_isolated-1] [INFO] [1790156932.787899718] [robot1.controller_server]: Received a goal, begin computing control effort.
[component_container_isolated-1] [INFO] [1790156933.838083503] [robot1.controller_server]: Passing new path to controller.
[component_container_isolated-1] [INFO] [1790156934.767589275] [robot1.bt_navigator]: Received goal preemption request
[component_container_isolated-1] [INFO] [1790156934.767718066] [robot1.bt_navigator]: Begin navigating from current location (-0.18, 1.50) to (-1.33, -1.34)
[component_container_isolated-1] [INFO] [1790156934.888105723] [robot1.controller_server]: Passing new path to controller.
[component_container_isolated-1] [INFO] [1790156935.767578651] [robot1.bt_navigator]: Received goal preemption request
[component_container_isolated-1] [INFO] [1790156935.767666152] [robot1.bt_navigator]: Begin navigating from current location (-0.33, 1.36) to (-2.04, -0.42)
[component_container_isolated-1] [INFO] [1790156935.888087783] [robot1.controller_server]: Passing new path to controller.
[component_container_isolated-1] [INFO] [1790156936.767578531] [robot1.bt_navigator]: Received goal preemption request
[component_container_isolated-1] [INFO] [1790156936.767675170] [robot1.bt_navigator]: Begin navigating from current location (-0.42, 1.19) to (-1.63, -1.42)
[component_container_isolated-1] [INFO] [1790156936.938088195] [robot1.controller_server]: Passing new path to controller.
[component_container_isolated-1] [INFO] [1790156937.767573038] [robot1.bt_navigator]: Received goal preemption request
[component_container_isolated-1] [INFO] [1790156937.767648825] [robot1.bt_navigator]: Begin navigating from current location (-0.49, 1.05) to (-2.02, -0.42)
[component_container_isolated-1] [INFO] [1790156937.938070846] [robot1.controller_server]: Passing new path to controller.
[component_container_isolated-1] [INFO] [1790156938.767576720] [robot1.bt_navigator]: Received goal preemption request
[component_container_isolated-1] [INFO] [1790156938.767665941] [robot1.bt_navigator]: Begin navigating from current location (-0.50, 0.91) to (-1.39, -1.18)
[component_container_isolated-1] [INFO] [1790156938.988085082] [robot1.controller_server]: Passing new path to controller.
[component_container_isolated-1] [INFO] [1790156939.767588895] [robot1.bt_navigator]: Received goal preemption request
[component_container_isolated-1] [INFO] [1790156939.767692303] [robot1.bt_navigator]: Begin navigating from current location (-0.55, 0.80) to (-1.65, -1.45)
[component_container_isolated-1] [INFO] [1790156940.038088626] [robot1.controller_server]: Passing new path to controller.
[component_container_isolated-1] [INFO] [1790156941.038081219] [robot1.controller_server]: Passing new path to controller.
[component_container_isolated-1] [INFO] [1790156942.088069391] [robot1.controller_server]: Passing new path to controller.
[component_container_isolated-1] [INFO] [1790156943.088082094] [robot1.controller_server]: Passing new path to controller.
[component_container_isolated-1] [INFO] [1790156944.138072737] [robot1.controller_server]: Passing new path to controller.
[component_container_isolated-1] [INFO] [1790156945.188083528] [robot1.controller_server]: Passing new path to controller.
[component_container_isolated-1] [INFO] [1790156946.188081635] [robot1.controller_server]: Passing new path to controller.
[component_container_isolated-1] [INFO] [1790156947.238068705] [robot1.controller_server]: Passing new path to controller.
[component_container_isolated-1] [INFO] [1790156948.238082957] [robot1.controller_server]: Passing new path to controller.
[component_container_isolated-1] [INFO] [1790156949.288070172] [robot1.controller_server]: Passing new path to controller.
[component_container_isolated-1] [INFO] [1790156950.338071621] [robot1.controller_server]: Passing new path to controller.
[component_container_isolated-1] [INFO] [1790156951.338070293] [robot1.controller_server]: Passing new path to controller.
[component_container_isolated-1] [INFO] [1790156951.372288645] [robot1.global_costmap.global_costmap]: StaticLayer: Resizing costmap to 190 X 302 at 0.050000 m/pix
[component_container_isolated-1] [INFO] [1790156951.432249474] [robot1.local_costmap.local_costmap]: StaticLayer: Resizing static layer to 190 X 302 at 0.050000 m/pix
[component_container_isolated-1] [INFO] [1790156952.388085702] [robot1.controller_server]: Passing new path to controller.
[component_container_isolated-1] [INFO] [1790156953.388069189] [robot1.controller_server]: Passing new path to controller.
[component_container_isolated-1] [INFO] [1790156954.438087227] [robot1.controller_server]: Passing new path to controller.
[component_container_isolated-1] [INFO] [1790156955.488082591] [robot1.controller_server]: Passing new path to controller.
[component_container_isolated-1] [INFO] [1790156956.488069437] [robot1.controller_server]: Passing new path to controller.
[component_container_isolated-1] [ERROR] [1790156957.337737699] [robot1.bt_navigator_navigate_to_pose_rclcpp_node]: Failed to get result for follow_path in node halt!
[component_container_isolated-1] [INFO] [1790156957.337794748] [robot1.bt_navigator]: [navigate_to_pose] [ActionServer] Client requested to cancel the goal. Cancelling.
[component_container_isolated-1] [INFO] [1790156957.337863521] [robot1.bt_navigator]: Goal canceled
[component_container_isolated-1] [INFO] [1790156957.338069053] [robot1.controller_server]: Goal was canceled. Stopping the robot.
[component_container_isolated-1] [INFO] [1790156957.338087357] [robot1.controller_server]: [follow_path] [ActionServer] Client requested to cancel the goal. Cancelling.
[component_container_isolated-1] [WARN] [1790157017.799531373] [robot1.planner_server.rclcpp]: failed to send response to /robot1/planner_server/get_state (timeout): client will not receive response, at ./src/rmw_response.cpp:154, at ./src/rcl/service.c:314
[component_container_isolated-1] [INFO] [1790157023.766607740] [robot1.bt_navigator]: Begin navigating from current location (-0.63, -0.85) to (-1.68, 1.19)
[component_container_isolated-1] [INFO] [1790157023.786915211] [robot1.controller_server]: Received a goal, begin computing control effort.
[component_container_isolated-1] [WARN] [1790157024.035651179] [robot1.bt_navigator.rclcpp]: failed to send response to /robot1/bt_navigator/get_state (timeout): client will not receive response, at ./src/rmw_response.cpp:154, at ./src/rcl/service.c:314
[component_container_isolated-1] [WARN] [1790157024.308040491] [BehaviorTreeEngine]: Behavior Tree tick rate 100.00 was exceeded!
[component_container_isolated-1] [WARN] [1790157024.308208585] [robot1.controller_server]: Control loop missed its desired rate of 20.0000Hz
[component_container_isolated-1] [INFO] [1790157024.823670236] [robot1.controller_server]: Passing new path to controller.
[component_container_isolated-1] [INFO] [1790157025.768137375] [robot1.bt_navigator]: Received goal preemption request
[component_container_isolated-1] [INFO] [1790157025.768217517] [robot1.bt_navigator]: Begin navigating from current location (-0.71, -0.80) to (-1.32, -0.10)
[component_container_isolated-1] [INFO] [1790157025.853506563] [robot1.controller_server]: Passing new path to controller.
[component_container_isolated-1] [INFO] [1790157026.768132655] [robot1.bt_navigator]: Received goal preemption request
[component_container_isolated-1] [INFO] [1790157026.768283971] [robot1.bt_navigator]: Begin navigating from current location (-0.85, -0.61) to (-1.12, 0.19)
[component_container_isolated-1] [INFO] [1790157026.908362125] [robot1.controller_server]: Passing new path to controller.
[component_container_isolated-1] [INFO] [1790157027.768110528] [robot1.bt_navigator]: Received goal preemption request
[component_container_isolated-1] [INFO] [1790157027.768195465] [robot1.bt_navigator]: Begin navigating from current location (-0.98, -0.40) to (-1.02, 2.06)
[component_container_isolated-1] [INFO] [1790157027.908281710] [robot1.controller_server]: Passing new path to controller.
[component_container_isolated-1] [INFO] [1790157028.768120102] [robot1.bt_navigator]: Received goal preemption request
[component_container_isolated-1] [INFO] [1790157028.768225220] [robot1.bt_navigator]: Begin navigating from current location (-1.06, -0.18) to (-1.66, 1.53)
[component_container_isolated-1] [INFO] [1790157028.958281211] [robot1.controller_server]: Passing new path to controller.
[component_container_isolated-1] [INFO] [1790157029.768108870] [robot1.bt_navigator]: Received goal preemption request
[component_container_isolated-1] [INFO] [1790157029.768192732] [robot1.bt_navigator]: Begin navigating from current location (-1.02, 0.07) to (-1.59, 1.82)
[component_container_isolated-1] [INFO] [1790157029.958281543] [robot1.controller_server]: Passing new path to controller.
[component_container_isolated-1] [WARN] [1790157030.518071784] [BehaviorTreeEngine]: Behavior Tree tick rate 100.00 was exceeded!
[component_container_isolated-1] [WARN] [1790157030.518298661] [robot1.controller_server]: Control loop missed its desired rate of 20.0000Hz
[component_container_isolated-1] [INFO] [1790157030.772985333] [robot1.bt_navigator]: Received goal preemption request
[component_container_isolated-1] [INFO] [1790157030.773104601] [robot1.bt_navigator]: Begin navigating from current location (-0.99, 0.31) to (-1.39, 1.65)
[component_container_isolated-1] [INFO] [1790157030.985538583] [robot1.controller_server]: Passing new path to controller.
[component_container_isolated-1] [INFO] [1790157031.768198014] [robot1.bt_navigator]: Received goal preemption request
[component_container_isolated-1] [INFO] [1790157031.768369656] [robot1.bt_navigator]: Begin navigating from current location (-0.97, 0.54) to (-1.05, 1.81)
[component_container_isolated-1] [INFO] [1790157032.015717423] [robot1.controller_server]: Passing new path to controller.
[component_container_isolated-1] [INFO] [1790157032.768222424] [robot1.bt_navigator]: Received goal preemption request
[component_container_isolated-1] [INFO] [1790157032.768307836] [robot1.bt_navigator]: Begin navigating from current location (-0.96, 0.80) to (-0.84, 2.14)
[component_container_isolated-1] [INFO] [1790157033.068371410] [robot1.controller_server]: Passing new path to controller.
[component_container_isolated-1] [WARN] [1790157033.082133967] [robot1.smoother_server.rclcpp]: failed to send response to /robot1/smoother_server/get_state (timeout): client will not receive response, at ./src/rmw_response.cpp:154, at ./src/rcl/service.c:314
[component_container_isolated-1] [INFO] [1790157033.768214496] [robot1.bt_navigator]: Received goal preemption request
[component_container_isolated-1] [INFO] [1790157033.768311373] [robot1.bt_navigator]: Begin navigating from current location (-0.94, 1.06) to (-1.13, 2.01)
[component_container_isolated-1] [INFO] [1790157033.868371260] [robot1.controller_server]: Goal was canceled. Stopping the robot.
[component_container_isolated-1] [INFO] [1790157033.868409155] [robot1.controller_server]: [follow_path] [ActionServer] Client requested to cancel the goal. Cancelling.
[component_container_isolated-1] [INFO] [1790157033.868469345] [robot1.bt_navigator]: [navigate_to_pose] [ActionServer] Client requested to cancel the goal. Cancelling.
[component_container_isolated-1] [INFO] [1790157033.868531165] [robot1.bt_navigator]: Goal canceled
[component_container_isolated-1] [WARN] [1790157039.223846587] [robot1.velocity_smoother.rclcpp]: failed to send response to /robot1/velocity_smoother/get_state (timeout): client will not receive response, at ./src/rmw_response.cpp:154, at ./src/rcl/service.c:314
[component_container_isolated-1] [WARN] [1790157047.051311265] [robot1.waypoint_follower.rclcpp]: failed to send response to /robot1/waypoint_follower/get_state (timeout): client will not receive response, at ./src/rmw_response.cpp:154, at ./src/rcl/service.c:314
[component_container_isolated-1] [INFO] [1790157058.886177380] [robot1.local_costmap.local_costmap]: Message Filter dropping message: frame 'rplidar_link' at time 1790157058.424 for reason 'the timestamp on the message is earlier than all the data in the transform cache'
[INFO] [launch]: All log files can be found below /home/danyalaziz/.ros/log/2026-09-23-14-53-57-538698-Precision-3660-38660
[INFO] [launch]: Default logging verbosity is set to INFO
[INFO] [component_container_isolated-1]: process started with pid [38676]
[component_container_isolated-1] [INFO] [1790157240.490635880] [robot1.nav2_container]: Load Library: /opt/ros/humble/lib/libcontroller_server_core.so
[component_container_isolated-1] [INFO] [1790157240.493284824] [robot1.nav2_container]: Found class: rclcpp_components::NodeFactoryTemplate<nav2_controller::ControllerServer>
[component_container_isolated-1] [INFO] [1790157240.493298872] [robot1.nav2_container]: Instantiate class: rclcpp_components::NodeFactoryTemplate<nav2_controller::ControllerServer>
[component_container_isolated-1] [INFO] [1790157240.527748379] [robot1.controller_server]: 
[component_container_isolated-1] 	controller_server lifecycle node launched. 
[component_container_isolated-1] 	Waiting on external lifecycle transitions to activate
[component_container_isolated-1] 	See https://design.ros2.org/articles/node_lifecycle.html for more information.
[component_container_isolated-1] [INFO] [1790157240.529159694] [robot1.controller_server]: Creating controller server
[component_container_isolated-1] [INFO] [1790157240.601005591] [robot1.local_costmap.local_costmap]: 
[component_container_isolated-1] 	local_costmap lifecycle node launched. 
[component_container_isolated-1] 	Waiting on external lifecycle transitions to activate
[component_container_isolated-1] 	See https://design.ros2.org/articles/node_lifecycle.html for more information.
[component_container_isolated-1] [INFO] [1790157240.601237449] [robot1.local_costmap.local_costmap]: Creating Costmap
[INFO] [launch_ros.actions.load_composable_nodes]: Loaded node '/robot1/controller_server' in container '/robot1/nav2_container'
[component_container_isolated-1] [INFO] [1790157240.602591479] [robot1.nav2_container]: Load Library: /opt/ros/humble/lib/libsmoother_server_core.so
[component_container_isolated-1] [INFO] [1790157240.603650620] [robot1.nav2_container]: Found class: rclcpp_components::NodeFactoryTemplate<nav2_smoother::SmootherServer>
[component_container_isolated-1] [INFO] [1790157240.603669924] [robot1.nav2_container]: Instantiate class: rclcpp_components::NodeFactoryTemplate<nav2_smoother::SmootherServer>
[component_container_isolated-1] [INFO] [1790157240.780013654] [robot1.smoother_server]: 
[component_container_isolated-1] 	smoother_server lifecycle node launched. 
[component_container_isolated-1] 	Waiting on external lifecycle transitions to activate
[component_container_isolated-1] 	See https://design.ros2.org/articles/node_lifecycle.html for more information.
[component_container_isolated-1] [INFO] [1790157240.780607575] [robot1.smoother_server]: Creating smoother server
[INFO] [launch_ros.actions.load_composable_nodes]: Loaded node '/robot1/smoother_server' in container '/robot1/nav2_container'
[component_container_isolated-1] [INFO] [1790157240.782038599] [robot1.nav2_container]: Load Library: /opt/ros/humble/lib/libplanner_server_core.so
[component_container_isolated-1] [INFO] [1790157240.782420084] [robot1.nav2_container]: Found class: rclcpp_components::NodeFactoryTemplate<nav2_planner::PlannerServer>
[component_container_isolated-1] [INFO] [1790157240.782426788] [robot1.nav2_container]: Instantiate class: rclcpp_components::NodeFactoryTemplate<nav2_planner::PlannerServer>
[component_container_isolated-1] [INFO] [1790157240.954861323] [robot1.planner_server]: 
[component_container_isolated-1] 	planner_server lifecycle node launched. 
[component_container_isolated-1] 	Waiting on external lifecycle transitions to activate
[component_container_isolated-1] 	See https://design.ros2.org/articles/node_lifecycle.html for more information.
[component_container_isolated-1] [INFO] [1790157240.955443413] [robot1.planner_server]: Creating
[component_container_isolated-1] [INFO] [1790157241.202654429] [robot1.global_costmap.global_costmap]: 
[component_container_isolated-1] 	global_costmap lifecycle node launched. 
[component_container_isolated-1] 	Waiting on external lifecycle transitions to activate
[component_container_isolated-1] 	See https://design.ros2.org/articles/node_lifecycle.html for more information.
[component_container_isolated-1] [INFO] [1790157241.202876563] [robot1.global_costmap.global_costmap]: Creating Costmap
[INFO] [launch_ros.actions.load_composable_nodes]: Loaded node '/robot1/planner_server' in container '/robot1/nav2_container'
[component_container_isolated-1] [INFO] [1790157241.204431155] [robot1.nav2_container]: Load Library: /opt/ros/humble/lib/libbehavior_server_core.so
[component_container_isolated-1] [INFO] [1790157241.205783603] [robot1.nav2_container]: Found class: rclcpp_components::NodeFactoryTemplate<behavior_server::BehaviorServer>
[component_container_isolated-1] [INFO] [1790157241.205797980] [robot1.nav2_container]: Instantiate class: rclcpp_components::NodeFactoryTemplate<behavior_server::BehaviorServer>
[component_container_isolated-1] [INFO] [1790157241.616435635] [robot1.behavior_server]: 
[component_container_isolated-1] 	behavior_server lifecycle node launched. 
[component_container_isolated-1] 	Waiting on external lifecycle transitions to activate
[component_container_isolated-1] 	See https://design.ros2.org/articles/node_lifecycle.html for more information.
[INFO] [launch_ros.actions.load_composable_nodes]: Loaded node '/robot1/behavior_server' in container '/robot1/nav2_container'
[component_container_isolated-1] [INFO] [1790157241.618292814] [robot1.nav2_container]: Load Library: /opt/ros/humble/lib/libbt_navigator_core.so
[component_container_isolated-1] [INFO] [1790157241.619170583] [robot1.nav2_container]: Found class: rclcpp_components::NodeFactoryTemplate<nav2_bt_navigator::BtNavigator>
[component_container_isolated-1] [INFO] [1790157241.619180456] [robot1.nav2_container]: Instantiate class: rclcpp_components::NodeFactoryTemplate<nav2_bt_navigator::BtNavigator>
[component_container_isolated-1] [INFO] [1790157241.988653284] [robot1.bt_navigator]: 
[component_container_isolated-1] 	bt_navigator lifecycle node launched. 
[component_container_isolated-1] 	Waiting on external lifecycle transitions to activate
[component_container_isolated-1] 	See https://design.ros2.org/articles/node_lifecycle.html for more information.
[component_container_isolated-1] [INFO] [1790157241.988685222] [robot1.bt_navigator]: Creating
[INFO] [launch_ros.actions.load_composable_nodes]: Loaded node '/robot1/bt_navigator' in container '/robot1/nav2_container'
[component_container_isolated-1] [INFO] [1790157241.989973217] [robot1.nav2_container]: Load Library: /opt/ros/humble/lib/libwaypoint_follower_core.so
[component_container_isolated-1] [INFO] [1790157241.990278991] [robot1.nav2_container]: Found class: rclcpp_components::NodeFactoryTemplate<nav2_waypoint_follower::WaypointFollower>
[component_container_isolated-1] [INFO] [1790157241.990285942] [robot1.nav2_container]: Instantiate class: rclcpp_components::NodeFactoryTemplate<nav2_waypoint_follower::WaypointFollower>
[component_container_isolated-1] [INFO] [1790157242.260660733] [robot1.waypoint_follower]: 
[component_container_isolated-1] 	waypoint_follower lifecycle node launched. 
[component_container_isolated-1] 	Waiting on external lifecycle transitions to activate
[component_container_isolated-1] 	See https://design.ros2.org/articles/node_lifecycle.html for more information.
[component_container_isolated-1] [INFO] [1790157242.260867437] [robot1.waypoint_follower]: Creating
[INFO] [launch_ros.actions.load_composable_nodes]: Loaded node '/robot1/waypoint_follower' in container '/robot1/nav2_container'
[component_container_isolated-1] [INFO] [1790157242.261983780] [robot1.nav2_container]: Load Library: /opt/ros/humble/lib/libvelocity_smoother_core.so
[component_container_isolated-1] [INFO] [1790157242.262354321] [robot1.nav2_container]: Found class: rclcpp_components::NodeFactoryTemplate<nav2_velocity_smoother::VelocitySmoother>
[component_container_isolated-1] [INFO] [1790157242.262361330] [robot1.nav2_container]: Instantiate class: rclcpp_components::NodeFactoryTemplate<nav2_velocity_smoother::VelocitySmoother>
[component_container_isolated-1] [INFO] [1790157242.771724869] [robot1.velocity_smoother]: 
[component_container_isolated-1] 	velocity_smoother lifecycle node launched. 
[component_container_isolated-1] 	Waiting on external lifecycle transitions to activate
[component_container_isolated-1] 	See https://design.ros2.org/articles/node_lifecycle.html for more information.
[INFO] [launch_ros.actions.load_composable_nodes]: Loaded node '/robot1/velocity_smoother' in container '/robot1/nav2_container'
[component_container_isolated-1] [INFO] [1790157242.772957775] [robot1.nav2_container]: Load Library: /opt/ros/humble/lib/libnav2_lifecycle_manager_core.so
[component_container_isolated-1] [INFO] [1790157242.773302380] [robot1.nav2_container]: Found class: rclcpp_components::NodeFactoryTemplate<nav2_lifecycle_manager::LifecycleManager>
[component_container_isolated-1] [INFO] [1790157242.773310355] [robot1.nav2_container]: Instantiate class: rclcpp_components::NodeFactoryTemplate<nav2_lifecycle_manager::LifecycleManager>
[component_container_isolated-1] [INFO] [1790157243.282210850] [robot1.lifecycle_manager_navigation]: Creating
[component_container_isolated-1] [INFO] [1790157243.437526174] [robot1.lifecycle_manager_navigation]: [34m[1mCreating and initializing lifecycle service clients[0m[0m
[INFO] [launch_ros.actions.load_composable_nodes]: Loaded node '/robot1/lifecycle_manager_navigation' in container '/robot1/nav2_container'
[INFO] [nav2_startup-2]: process started with pid [38871]
[nav2_startup-2] waiting for service to become available...
[nav2_startup-2] requester: making request: nav2_msgs.srv.ManageLifecycleNodes_Request(command=0)
[nav2_startup-2] 
[component_container_isolated-1] [INFO] [1790157259.279243329] [robot1.lifecycle_manager_navigation]: [34m[1mStarting managed nodes bringup...[0m[0m
[component_container_isolated-1] [INFO] [1790157259.279296004] [robot1.lifecycle_manager_navigation]: [34m[1mConfiguring controller_server[0m[0m
[component_container_isolated-1] [INFO] [1790157259.279608299] [robot1.controller_server]: Configuring controller interface
[component_container_isolated-1] [INFO] [1790157259.279715718] [robot1.controller_server]: getting goal checker plugins..
[component_container_isolated-1] [INFO] [1790157259.279744089] [robot1.controller_server]: Controller frequency set to 20.0000Hz
[component_container_isolated-1] [INFO] [1790157259.279758703] [robot1.local_costmap.local_costmap]: Configuring
[component_container_isolated-1] [INFO] [1790157259.383911486] [robot1.local_costmap.local_costmap]: Using plugin "static_layer"
[component_container_isolated-1] [INFO] [1790157259.385328178] [robot1.local_costmap.local_costmap]: Subscribing to the map topic (/robot1/map) with transient local durability
[component_container_isolated-1] [INFO] [1790157259.411330700] [robot1.local_costmap.local_costmap]: Initialized plugin "static_layer"
[component_container_isolated-1] [INFO] [1790157259.411347546] [robot1.local_costmap.local_costmap]: Using plugin "voxel_layer"
[component_container_isolated-1] [INFO] [1790157259.411575891] [robot1.local_costmap.local_costmap]: Subscribed to Topics: scan
[component_container_isolated-1] [INFO] [1790157259.489549442] [robot1.local_costmap.local_costmap]: Initialized plugin "voxel_layer"
[component_container_isolated-1] [INFO] [1790157259.489568930] [robot1.local_costmap.local_costmap]: Using plugin "inflation_layer"
[component_container_isolated-1] [INFO] [1790157259.489880012] [robot1.local_costmap.local_costmap]: Initialized plugin "inflation_layer"
[component_container_isolated-1] [INFO] [1790157259.695325179] [robot1.local_costmap.local_costmap]: StaticLayer: Resizing static layer to 251 X 205 at 0.050000 m/pix
[component_container_isolated-1] [INFO] [1790157259.695352682] [robot1.controller_server]: Created progress_checker : progress_checker of type nav2_controller::SimpleProgressChecker
[component_container_isolated-1] [INFO] [1790157259.695664287] [robot1.controller_server]: Created goal checker : general_goal_checker of type nav2_controller::SimpleGoalChecker
[component_container_isolated-1] [INFO] [1790157259.695755327] [robot1.controller_server]: Controller Server has general_goal_checker  goal checkers available.
[component_container_isolated-1] [INFO] [1790157259.696390481] [robot1.controller_server]: Created controller : FollowPath of type dwb_core::DWBLocalPlanner
[component_container_isolated-1] [INFO] [1790157259.696672394] [robot1.controller_server]: Setting transform_tolerance to 0.200000
[component_container_isolated-1] [INFO] [1790157259.838965985] [robot1.controller_server]: Using critic "RotateToGoal" (dwb_critics::RotateToGoalCritic)
[component_container_isolated-1] [INFO] [1790157259.839169247] [robot1.controller_server]: Critic plugin initialized
[component_container_isolated-1] [INFO] [1790157259.839208913] [robot1.controller_server]: Using critic "Oscillation" (dwb_critics::OscillationCritic)
[component_container_isolated-1] [INFO] [1790157259.839329138] [robot1.controller_server]: Critic plugin initialized
[component_container_isolated-1] [INFO] [1790157259.839366410] [robot1.controller_server]: Using critic "BaseObstacle" (dwb_critics::BaseObstacleCritic)
[component_container_isolated-1] [INFO] [1790157259.839416496] [robot1.controller_server]: Critic plugin initialized
[component_container_isolated-1] [INFO] [1790157259.839465278] [robot1.controller_server]: Using critic "GoalAlign" (dwb_critics::GoalAlignCritic)
[component_container_isolated-1] [INFO] [1790157259.839585810] [robot1.controller_server]: Critic plugin initialized
[component_container_isolated-1] [INFO] [1790157259.839626686] [robot1.controller_server]: Using critic "PathAlign" (dwb_critics::PathAlignCritic)
[component_container_isolated-1] [INFO] [1790157259.839741304] [robot1.controller_server]: Critic plugin initialized
[component_container_isolated-1] [INFO] [1790157259.839787456] [robot1.controller_server]: Using critic "PathDist" (dwb_critics::PathDistCritic)
[component_container_isolated-1] [INFO] [1790157259.839856637] [robot1.controller_server]: Critic plugin initialized
[component_container_isolated-1] [INFO] [1790157259.839897157] [robot1.controller_server]: Using critic "GoalDist" (dwb_critics::GoalDistCritic)
[component_container_isolated-1] [INFO] [1790157259.839972580] [robot1.controller_server]: Critic plugin initialized
[component_container_isolated-1] [INFO] [1790157259.839979685] [robot1.controller_server]: Controller Server has FollowPath  controllers available.
[component_container_isolated-1] [INFO] [1790157260.032916070] [robot1.lifecycle_manager_navigation]: [34m[1mConfiguring smoother_server[0m[0m
[component_container_isolated-1] [INFO] [1790157260.033061800] [robot1.smoother_server]: Configuring smoother server
[component_container_isolated-1] [INFO] [1790157260.200375384] [robot1.smoother_server]: Created smoother : simple_smoother of type nav2_smoother::SimpleSmoother
[component_container_isolated-1] [INFO] [1790157260.200637300] [robot1.smoother_server]: Smoother Server has simple_smoother  smoothers available.
[component_container_isolated-1] [INFO] [1790157260.358050479] [robot1.lifecycle_manager_navigation]: [34m[1mConfiguring planner_server[0m[0m
[component_container_isolated-1] [INFO] [1790157260.358194097] [robot1.planner_server]: Configuring
[component_container_isolated-1] [INFO] [1790157260.358222454] [robot1.global_costmap.global_costmap]: Configuring
[component_container_isolated-1] [INFO] [1790157260.505259699] [robot1.global_costmap.global_costmap]: Using plugin "static_layer"
[component_container_isolated-1] [INFO] [1790157260.505633719] [robot1.global_costmap.global_costmap]: Subscribing to the map topic (/robot1/map) with transient local durability
[component_container_isolated-1] [INFO] [1790157260.537917156] [robot1.global_costmap.global_costmap]: Initialized plugin "static_layer"
[component_container_isolated-1] [INFO] [1790157260.537933573] [robot1.global_costmap.global_costmap]: Using plugin "obstacle_layer"
[component_container_isolated-1] [INFO] [1790157260.538195834] [robot1.global_costmap.global_costmap]: Subscribed to Topics: scan
[component_container_isolated-1] [INFO] [1790157260.605117206] [robot1.global_costmap.global_costmap]: Initialized plugin "obstacle_layer"
[component_container_isolated-1] [INFO] [1790157260.605139640] [robot1.global_costmap.global_costmap]: Using plugin "inflation_layer"
[component_container_isolated-1] [INFO] [1790157260.605483838] [robot1.global_costmap.global_costmap]: Initialized plugin "inflation_layer"
[component_container_isolated-1] [INFO] [1790157260.851613778] [robot1.global_costmap.global_costmap]: StaticLayer: Resizing costmap to 251 X 205 at 0.050000 m/pix
[component_container_isolated-1] [INFO] [1790157260.851833551] [robot1.planner_server]: Created global planner plugin GridBased of type nav2_navfn_planner/NavfnPlanner
[component_container_isolated-1] [INFO] [1790157260.851851374] [robot1.planner_server]: Configuring plugin GridBased of type NavfnPlanner
[component_container_isolated-1] [INFO] [1790157260.852081209] [robot1.planner_server]: Planner Server has GridBased  planners available.
[component_container_isolated-1] [INFO] [1790157261.162449550] [robot1.lifecycle_manager_navigation]: [34m[1mConfiguring behavior_server[0m[0m
[component_container_isolated-1] [INFO] [1790157261.162681610] [robot1.behavior_server]: Configuring
[component_container_isolated-1] [INFO] [1790157261.361597202] [robot1.behavior_server]: Creating behavior plugin spin of type nav2_behaviors/Spin
[component_container_isolated-1] [INFO] [1790157261.362010869] [robot1.behavior_server]: Configuring spin
[component_container_isolated-1] [INFO] [1790157261.540599201] [robot1.behavior_server]: Creating behavior plugin backup of type nav2_behaviors/BackUp
[component_container_isolated-1] [INFO] [1790157261.541004777] [robot1.behavior_server]: Configuring backup
[component_container_isolated-1] [INFO] [1790157261.744060813] [robot1.behavior_server]: Creating behavior plugin drive_on_heading of type nav2_behaviors/DriveOnHeading
[component_container_isolated-1] [INFO] [1790157261.744462879] [robot1.behavior_server]: Configuring drive_on_heading
[component_container_isolated-1] [INFO] [1790157261.940633346] [robot1.behavior_server]: Creating behavior plugin assisted_teleop of type nav2_behaviors/AssistedTeleop
[component_container_isolated-1] [INFO] [1790157261.941474745] [robot1.behavior_server]: Configuring assisted_teleop
[component_container_isolated-1] [INFO] [1790157262.189411681] [robot1.behavior_server]: Creating behavior plugin wait of type nav2_behaviors/Wait
[component_container_isolated-1] [INFO] [1790157262.189817798] [robot1.behavior_server]: Configuring wait
[component_container_isolated-1] [INFO] [1790157262.404487276] [robot1.lifecycle_manager_navigation]: [34m[1mConfiguring bt_navigator[0m[0m
[component_container_isolated-1] [INFO] [1790157262.404675726] [robot1.bt_navigator]: Configuring
[component_container_isolated-1] [INFO] [1790157263.850920253] [robot1.lifecycle_manager_navigation]: [34m[1mConfiguring waypoint_follower[0m[0m
[component_container_isolated-1] [INFO] [1790157263.851003768] [robot1.waypoint_follower]: Configuring
[component_container_isolated-1] [INFO] [1790157264.220525216] [robot1.waypoint_follower]: Created waypoint_task_executor : wait_at_waypoint of type nav2_waypoint_follower::WaitAtWaypoint
[component_container_isolated-1] [INFO] [1790157264.220949704] [robot1.lifecycle_manager_navigation]: [34m[1mConfiguring velocity_smoother[0m[0m
[component_container_isolated-1] [INFO] [1790157264.221028680] [robot1.velocity_smoother]: Configuring velocity smoother
[component_container_isolated-1] [INFO] [1790157264.286899749] [robot1.lifecycle_manager_navigation]: [34m[1mActivating controller_server[0m[0m
[component_container_isolated-1] [INFO] [1790157264.286977472] [robot1.controller_server]: Activating
[component_container_isolated-1] [INFO] [1790157264.287006865] [robot1.local_costmap.local_costmap]: Activating
[component_container_isolated-1] [INFO] [1790157264.287016861] [robot1.local_costmap.local_costmap]: Checking transform
[component_container_isolated-1] [INFO] [1790157264.287095764] [robot1.local_costmap.local_costmap]: start
[component_container_isolated-1] [INFO] [1790157264.526318782] [robot1.controller_server]: Creating bond (controller_server) to lifecycle manager.
[component_container_isolated-1] [INFO] [1790157264.687574851] [robot1.lifecycle_manager_navigation]: Server controller_server connected with bond.
[component_container_isolated-1] [INFO] [1790157264.687626115] [robot1.lifecycle_manager_navigation]: [34m[1mActivating smoother_server[0m[0m
[component_container_isolated-1] [INFO] [1790157264.687776315] [robot1.smoother_server]: Activating
[component_container_isolated-1] [INFO] [1790157264.687795125] [robot1.smoother_server]: Creating bond (smoother_server) to lifecycle manager.
[component_container_isolated-1] [INFO] [1790157264.851242572] [robot1.lifecycle_manager_navigation]: Server smoother_server connected with bond.
[component_container_isolated-1] [INFO] [1790157264.851269693] [robot1.lifecycle_manager_navigation]: [34m[1mActivating planner_server[0m[0m
[component_container_isolated-1] [INFO] [1790157264.851574958] [robot1.planner_server]: Activating
[component_container_isolated-1] [INFO] [1790157264.851602875] [robot1.global_costmap.global_costmap]: Activating
[component_container_isolated-1] [INFO] [1790157264.851608929] [robot1.global_costmap.global_costmap]: Checking transform
[component_container_isolated-1] [INFO] [1790157264.851657430] [robot1.global_costmap.global_costmap]: start
[component_container_isolated-1] [INFO] [1790157265.878159142] [robot1.planner_server]: Activating plugin GridBased of type NavfnPlanner
[component_container_isolated-1] [INFO] [1790157265.901358445] [robot1.planner_server]: Creating bond (planner_server) to lifecycle manager.
[component_container_isolated-1] [INFO] [1790157266.081882979] [robot1.lifecycle_manager_navigation]: Server planner_server connected with bond.
[component_container_isolated-1] [INFO] [1790157266.081932623] [robot1.lifecycle_manager_navigation]: [34m[1mActivating behavior_server[0m[0m
[component_container_isolated-1] [INFO] [1790157266.082256552] [robot1.behavior_server]: Activating
[component_container_isolated-1] [INFO] [1790157266.082271752] [robot1.behavior_server]: Activating spin
[component_container_isolated-1] [INFO] [1790157266.082282849] [robot1.behavior_server]: Activating backup
[component_container_isolated-1] [INFO] [1790157266.082288031] [robot1.behavior_server]: Activating drive_on_heading
[component_container_isolated-1] [INFO] [1790157266.082293554] [robot1.behavior_server]: Activating assisted_teleop
[component_container_isolated-1] [INFO] [1790157266.082298899] [robot1.behavior_server]: Activating wait
[component_container_isolated-1] [INFO] [1790157266.082305723] [robot1.behavior_server]: Creating bond (behavior_server) to lifecycle manager.
[component_container_isolated-1] [INFO] [1790157266.257744691] [robot1.lifecycle_manager_navigation]: Server behavior_server connected with bond.
[component_container_isolated-1] [INFO] [1790157266.257790865] [robot1.lifecycle_manager_navigation]: [34m[1mActivating bt_navigator[0m[0m
[component_container_isolated-1] [INFO] [1790157266.258080256] [robot1.bt_navigator]: Activating
[component_container_isolated-1] [INFO] [1790157268.875159440] [robot1.bt_navigator]: Creating bond (bt_navigator) to lifecycle manager.
[component_container_isolated-1] [INFO] [1790157269.069964177] [robot1.lifecycle_manager_navigation]: Server bt_navigator connected with bond.
[component_container_isolated-1] [INFO] [1790157269.070015500] [robot1.lifecycle_manager_navigation]: [34m[1mActivating waypoint_follower[0m[0m
[component_container_isolated-1] [INFO] [1790157269.070229188] [robot1.waypoint_follower]: Activating
[component_container_isolated-1] [INFO] [1790157269.070254232] [robot1.waypoint_follower]: Creating bond (waypoint_follower) to lifecycle manager.
[component_container_isolated-1] [INFO] [1790157269.261916358] [robot1.lifecycle_manager_navigation]: Server waypoint_follower connected with bond.
[component_container_isolated-1] [INFO] [1790157269.261969976] [robot1.lifecycle_manager_navigation]: [34m[1mActivating velocity_smoother[0m[0m
[component_container_isolated-1] [INFO] [1790157269.262221910] [robot1.velocity_smoother]: Activating
[component_container_isolated-1] [INFO] [1790157269.262254097] [robot1.velocity_smoother]: Creating bond (velocity_smoother) to lifecycle manager.
[component_container_isolated-1] [INFO] [1790157269.452530831] [robot1.lifecycle_manager_navigation]: Server velocity_smoother connected with bond.
[component_container_isolated-1] [INFO] [1790157269.452605904] [robot1.lifecycle_manager_navigation]: [34m[1mManaged nodes are active[0m[0m
[component_container_isolated-1] [INFO] [1790157269.452637148] [robot1.lifecycle_manager_navigation]: [34m[1mCreating bond timer...[0m[0m
[nav2_startup-2] response:
[nav2_startup-2] nav2_msgs.srv.ManageLifecycleNodes_Response(success=True)
[nav2_startup-2] 
[INFO] [nav2_startup-2]: process has finished cleanly [pid 38871]
[component_container_isolated-1] [INFO] [1790157412.314236606] [robot1.bt_navigator]: Begin navigating from current location (-0.99, 1.15) to (-1.18, -0.09)
[component_container_isolated-1] [INFO] [1790157412.334731543] [robot1.controller_server]: Received a goal, begin computing control effort.
[component_container_isolated-1] [WARN] [1790157412.334779531] [robot1.controller_server]: No goal checker was specified in parameter 'current_goal_checker'. Server will use only plugin loaded general_goal_checker . This warning will appear once.
[component_container_isolated-1] [INFO] [1790157413.384963588] [robot1.controller_server]: Passing new path to controller.
[component_container_isolated-1] [INFO] [1790157413.851802568] [robot1.global_costmap.global_costmap]: StaticLayer: Resizing costmap to 260 X 265 at 0.050000 m/pix
[component_container_isolated-1] [INFO] [1790157413.887236023] [robot1.local_costmap.local_costmap]: StaticLayer: Resizing static layer to 260 X 265 at 0.050000 m/pix
[component_container_isolated-1] [INFO] [1790157414.434948493] [robot1.controller_server]: Passing new path to controller.
[component_container_isolated-1] [INFO] [1790157415.434967810] [robot1.controller_server]: Passing new path to controller.
[component_container_isolated-1] [INFO] [1790157415.851800390] [robot1.global_costmap.global_costmap]: StaticLayer: Resizing costmap to 262 X 265 at 0.050000 m/pix
[component_container_isolated-1] [INFO] [1790157415.887205473] [robot1.local_costmap.local_costmap]: StaticLayer: Resizing static layer to 262 X 265 at 0.050000 m/pix
[component_container_isolated-1] [ERROR] [1790157416.234584911] [robot1.bt_navigator_navigate_to_pose_rclcpp_node]: Failed to get result for follow_path in node halt!
[component_container_isolated-1] [INFO] [1790157416.234648285] [robot1.bt_navigator]: [navigate_to_pose] [ActionServer] Client requested to cancel the goal. Cancelling.
[component_container_isolated-1] [INFO] [1790157416.234721268] [robot1.bt_navigator]: Goal canceled
[component_container_isolated-1] [INFO] [1790157416.234961459] [robot1.controller_server]: Goal was canceled. Stopping the robot.
[component_container_isolated-1] [INFO] [1790157416.234996215] [robot1.controller_server]: [follow_path] [ActionServer] Client requested to cancel the goal. Cancelling.
[component_container_isolated-1] [INFO] [1790157426.487211829] [robot1.local_costmap.local_costmap]: StaticLayer: Resizing static layer to 270 X 268 at 0.050000 m/pix
[component_container_isolated-1] [INFO] [1790157426.851803351] [robot1.global_costmap.global_costmap]: StaticLayer: Resizing costmap to 270 X 268 at 0.050000 m/pix
[component_container_isolated-1] [INFO] [1790157454.487261870] [robot1.local_costmap.local_costmap]: StaticLayer: Resizing static layer to 321 X 268 at 0.050000 m/pix
[component_container_isolated-1] [INFO] [1790157454.851812676] [robot1.global_costmap.global_costmap]: StaticLayer: Resizing costmap to 321 X 268 at 0.050000 m/pix
[component_container_isolated-1] [INFO] [1790157458.851805167] [robot1.global_costmap.global_costmap]: StaticLayer: Resizing costmap to 321 X 269 at 0.050000 m/pix
[component_container_isolated-1] [INFO] [1790157458.887217208] [robot1.local_costmap.local_costmap]: StaticLayer: Resizing static layer to 321 X 269 at 0.050000 m/pix
[component_container_isolated-1] [INFO] [1790157491.214766543] [robot1.bt_navigator]: Begin navigating from current location (-1.61, 1.71) to (0.19, 0.11)
[component_container_isolated-1] [INFO] [1790157491.235099751] [robot1.controller_server]: Received a goal, begin computing control effort.
[component_container_isolated-1] [INFO] [1790157492.285272903] [robot1.controller_server]: Passing new path to controller.
[component_container_isolated-1] [INFO] [1790157493.335295623] [robot1.controller_server]: Passing new path to controller.
[component_container_isolated-1] [ERROR] [1790157493.336733510] [tf_help]: Transform data too old when converting from map to odom
[component_container_isolated-1] [ERROR] [1790157493.336746803] [tf_help]: Data time: 1790157493s 275296349ns, Transform time: 1790157492s 719298969ns
[component_container_isolated-1] [ERROR] [1790157493.386658013] [tf_help]: Transform data too old when converting from map to odom
[component_container_isolated-1] [ERROR] [1790157493.386680182] [tf_help]: Data time: 1790157493s 275296349ns, Transform time: 1790157492s 719298969ns
[component_container_isolated-1] [ERROR] [1790157493.436620678] [tf_help]: Transform data too old when converting from map to odom
[component_container_isolated-1] [ERROR] [1790157493.436640031] [tf_help]: Data time: 1790157493s 275296349ns, Transform time: 1790157492s 719298969ns
[component_container_isolated-1] [ERROR] [1790157493.486598890] [tf_help]: Transform data too old when converting from map to odom
[component_container_isolated-1] [ERROR] [1790157493.486624226] [tf_help]: Data time: 1790157493s 275296349ns, Transform time: 1790157492s 719298969ns
[component_container_isolated-1] [ERROR] [1790157493.536660355] [tf_help]: Transform data too old when converting from map to odom
[component_container_isolated-1] [ERROR] [1790157493.536686643] [tf_help]: Data time: 1790157493s 275296349ns, Transform time: 1790157492s 719298969ns
[component_container_isolated-1] [ERROR] [1790157493.586626126] [tf_help]: Transform data too old when converting from map to odom
[component_container_isolated-1] [ERROR] [1790157493.586648800] [tf_help]: Data time: 1790157493s 275296349ns, Transform time: 1790157492s 719298969ns
[component_container_isolated-1] [ERROR] [1790157493.636621811] [tf_help]: Transform data too old when converting from map to odom
[component_container_isolated-1] [ERROR] [1790157493.636641676] [tf_help]: Data time: 1790157493s 275296349ns, Transform time: 1790157492s 719298969ns
[component_container_isolated-1] [ERROR] [1790157493.686645951] [tf_help]: Transform data too old when converting from map to odom
[component_container_isolated-1] [ERROR] [1790157493.686666693] [tf_help]: Data time: 1790157493s 275296349ns, Transform time: 1790157492s 719298969ns
[component_container_isolated-1] [ERROR] [1790157493.736617216] [tf_help]: Transform data too old when converting from map to odom
[component_container_isolated-1] [ERROR] [1790157493.736636527] [tf_help]: Data time: 1790157493s 275296349ns, Transform time: 1790157492s 719298969ns
[component_container_isolated-1] [ERROR] [1790157493.786633831] [tf_help]: Transform data too old when converting from map to odom
[component_container_isolated-1] [ERROR] [1790157493.786658861] [tf_help]: Data time: 1790157493s 275296349ns, Transform time: 1790157492s 719298969ns
[component_container_isolated-1] [ERROR] [1790157493.836627893] [tf_help]: Transform data too old when converting from map to odom
[component_container_isolated-1] [ERROR] [1790157493.836653545] [tf_help]: Data time: 1790157493s 275296349ns, Transform time: 1790157492s 719298969ns
[component_container_isolated-1] [ERROR] [1790157493.886640598] [tf_help]: Transform data too old when converting from map to odom
[component_container_isolated-1] [ERROR] [1790157493.886663291] [tf_help]: Data time: 1790157493s 275296349ns, Transform time: 1790157492s 719298969ns
[component_container_isolated-1] [ERROR] [1790157493.936657176] [tf_help]: Transform data too old when converting from map to odom
[component_container_isolated-1] [ERROR] [1790157493.936685344] [tf_help]: Data time: 1790157493s 275296349ns, Transform time: 1790157492s 719298969ns
[component_container_isolated-1] [INFO] [1790157494.335293837] [robot1.controller_server]: Passing new path to controller.
[component_container_isolated-1] [ERROR] [1790157494.336706146] [tf_help]: Transform data too old when converting from map to odom
[component_container_isolated-1] [ERROR] [1790157494.336725868] [tf_help]: Data time: 1790157494s 295193115ns, Transform time: 1790157493s 627643177ns
[component_container_isolated-1] [ERROR] [1790157494.386662053] [tf_help]: Transform data too old when converting from map to odom
[component_container_isolated-1] [ERROR] [1790157494.386688474] [tf_help]: Data time: 1790157494s 295193115ns, Transform time: 1790157493s 627643177ns
[component_container_isolated-1] [ERROR] [1790157494.436735670] [tf_help]: Transform data too old when converting from map to odom
[component_container_isolated-1] [ERROR] [1790157494.436757315] [tf_help]: Data time: 1790157494s 295193115ns, Transform time: 1790157493s 627643177ns
[component_container_isolated-1] [ERROR] [1790157494.486765701] [tf_help]: Transform data too old when converting from map to odom
[component_container_isolated-1] [ERROR] [1790157494.486790370] [tf_help]: Data time: 1790157494s 295193115ns, Transform time: 1790157493s 627643177ns
[component_container_isolated-1] [ERROR] [1790157494.537149961] [tf_help]: Transform data too old when converting from map to odom
[component_container_isolated-1] [ERROR] [1790157494.537170853] [tf_help]: Data time: 1790157494s 295193115ns, Transform time: 1790157493s 627643177ns
[component_container_isolated-1] [ERROR] [1790157494.586833524] [tf_help]: Transform data too old when converting from map to odom
[component_container_isolated-1] [ERROR] [1790157494.586857520] [tf_help]: Data time: 1790157494s 295193115ns, Transform time: 1790157493s 627643177ns
[component_container_isolated-1] [ERROR] [1790157494.635325736] [tf_help]: Transform data too old when converting from odom to map
[component_container_isolated-1] [ERROR] [1790157494.635355170] [tf_help]: Data time: 1790157494s 75087520ns, Transform time: 1790157493s 627643177ns
[component_container_isolated-1] [WARN] [1790157494.635391284] [robot1.controller_server]: Unable to transform robot pose into global plan's frame
[component_container_isolated-1] [ERROR] [1790157494.635471066] [tf_help]: Transform data too old when converting from map to odom
[component_container_isolated-1] [ERROR] [1790157494.635475570] [tf_help]: Data time: 1790157494s 295193115ns, Transform time: 1790157493s 627643177ns
[component_container_isolated-1] [ERROR] [1790157494.685316200] [tf_help]: Transform data too old when converting from odom to map
[component_container_isolated-1] [ERROR] [1790157494.685339671] [tf_help]: Data time: 1790157494s 125005301ns, Transform time: 1790157493s 627643177ns
[component_container_isolated-1] [WARN] [1790157494.685360275] [robot1.controller_server]: Unable to transform robot pose into global plan's frame
[component_container_isolated-1] [ERROR] [1790157494.685431146] [tf_help]: Transform data too old when converting from map to odom
[component_container_isolated-1] [ERROR] [1790157494.685436088] [tf_help]: Data time: 1790157494s 295193115ns, Transform time: 1790157493s 627643177ns
[component_container_isolated-1] [INFO] [1790157495.215093473] [robot1.bt_navigator]: Received goal preemption request
[component_container_isolated-1] [INFO] [1790157495.215247294] [robot1.bt_navigator]: Begin navigating from current location (-1.38, 1.23) to (3.39, -2.79)
[component_container_isolated-1] [INFO] [1790157495.385289287] [robot1.controller_server]: Passing new path to controller.
[component_container_isolated-1] [INFO] [1790157495.851802827] [robot1.global_costmap.global_costmap]: StaticLayer: Resizing costmap to 321 X 270 at 0.050000 m/pix
[component_container_isolated-1] [INFO] [1790157495.887212576] [robot1.local_costmap.local_costmap]: StaticLayer: Resizing static layer to 321 X 270 at 0.050000 m/pix
[component_container_isolated-1] [INFO] [1790157496.225023767] [robot1.bt_navigator]: Received goal preemption request
[component_container_isolated-1] [INFO] [1790157496.225156810] [robot1.bt_navigator]: Begin navigating from current location (-1.21, 0.97) to (2.09, -2.94)
[component_container_isolated-1] [INFO] [1790157496.385295311] [robot1.controller_server]: Passing new path to controller.
[component_container_isolated-1] [INFO] [1790157497.224983398] [robot1.bt_navigator]: Received goal preemption request
[component_container_isolated-1] [INFO] [1790157497.225109501] [robot1.bt_navigator]: Begin navigating from current location (-1.07, 0.78) to (1.76, -3.19)
[component_container_isolated-1] [INFO] [1790157497.435293182] [robot1.controller_server]: Passing new path to controller.
[component_container_isolated-1] [INFO] [1790157497.851807031] [robot1.global_costmap.global_costmap]: StaticLayer: Resizing costmap to 321 X 276 at 0.050000 m/pix
[component_container_isolated-1] [INFO] [1790157497.887208993] [robot1.local_costmap.local_costmap]: StaticLayer: Resizing static layer to 321 X 276 at 0.050000 m/pix
[component_container_isolated-1] [INFO] [1790157498.225036794] [robot1.bt_navigator]: Received goal preemption request
[component_container_isolated-1] [INFO] [1790157498.225178105] [robot1.bt_navigator]: Begin navigating from current location (-0.93, 0.59) to (2.26, -2.78)
[component_container_isolated-1] [INFO] [1790157498.435273536] [robot1.controller_server]: Passing new path to controller.
[component_container_isolated-1] [INFO] [1790157499.214986216] [robot1.bt_navigator]: Received goal preemption request
[component_container_isolated-1] [INFO] [1790157499.215115347] [robot1.bt_navigator]: Begin navigating from current location (-0.79, 0.41) to (2.61, -2.76)
[component_container_isolated-1] [INFO] [1790157499.485275420] [robot1.controller_server]: Passing new path to controller.
[component_container_isolated-1] [INFO] [1790157500.214987596] [robot1.bt_navigator]: Received goal preemption request
[component_container_isolated-1] [INFO] [1790157500.215078434] [robot1.bt_navigator]: Begin navigating from current location (-0.63, 0.23) to (1.08, -0.67)
[component_container_isolated-1] [INFO] [1790157500.485289822] [robot1.controller_server]: Passing new path to controller.
[component_container_isolated-1] [INFO] [1790157501.214983817] [robot1.bt_navigator]: Received goal preemption request
[component_container_isolated-1] [INFO] [1790157501.215073938] [robot1.bt_navigator]: Begin navigating from current location (-0.48, 0.08) to (1.18, -2.54)
[component_container_isolated-1] [INFO] [1790157501.535288215] [robot1.controller_server]: Passing new path to controller.
[component_container_isolated-1] [INFO] [1790157502.225043909] [robot1.bt_navigator]: Received goal preemption request
[component_container_isolated-1] [INFO] [1790157502.225132032] [robot1.bt_navigator]: Begin navigating from current location (-0.32, -0.07) to (1.87, -1.71)
[component_container_isolated-1] [INFO] [1790157502.487272350] [robot1.local_costmap.local_costmap]: StaticLayer: Resizing static layer to 321 X 277 at 0.050000 m/pix
[component_container_isolated-1] [INFO] [1790157502.585272122] [robot1.controller_server]: Passing new path to controller.
[component_container_isolated-1] [INFO] [1790157502.851802935] [robot1.global_costmap.global_costmap]: StaticLayer: Resizing costmap to 321 X 277 at 0.050000 m/pix
[component_container_isolated-1] [INFO] [1790157503.214940822] [robot1.bt_navigator]: Received goal preemption request
[component_container_isolated-1] [INFO] [1790157503.215017147] [robot1.bt_navigator]: Begin navigating from current location (-0.20, -0.24) to (1.66, -2.07)
[component_container_isolated-1] [INFO] [1790157503.585294550] [robot1.controller_server]: Passing new path to controller.
[component_container_isolated-1] [INFO] [1790157503.851799289] [robot1.global_costmap.global_costmap]: StaticLayer: Resizing costmap to 321 X 278 at 0.050000 m/pix
[component_container_isolated-1] [INFO] [1790157503.887190350] [robot1.local_costmap.local_costmap]: StaticLayer: Resizing static layer to 321 X 278 at 0.050000 m/pix
[component_container_isolated-1] [INFO] [1790157504.224970422] [robot1.bt_navigator]: Received goal preemption request
[component_container_isolated-1] [INFO] [1790157504.225034308] [robot1.bt_navigator]: Begin navigating from current location (-0.05, -0.44) to (1.96, -3.18)
[component_container_isolated-1] [INFO] [1790157504.635327235] [robot1.controller_server]: Passing new path to controller.
[component_container_isolated-1] [INFO] [1790157505.224958087] [robot1.bt_navigator]: Received goal preemption request
[component_container_isolated-1] [INFO] [1790157505.225037772] [robot1.bt_navigator]: Begin navigating from current location (0.10, -0.56) to (2.23, -2.98)
[component_container_isolated-1] [INFO] [1790157505.635271487] [robot1.controller_server]: Passing new path to controller.
[component_container_isolated-1] [INFO] [1790157506.225036770] [robot1.bt_navigator]: Received goal preemption request
[component_container_isolated-1] [INFO] [1790157506.225143814] [robot1.bt_navigator]: Begin navigating from current location (0.26, -0.75) to (2.40, -2.83)
[component_container_isolated-1] [INFO] [1790157506.685273810] [robot1.controller_server]: Passing new path to controller.
[component_container_isolated-1] [INFO] [1790157507.214959313] [robot1.bt_navigator]: Received goal preemption request
[component_container_isolated-1] [INFO] [1790157507.215083411] [robot1.bt_navigator]: Begin navigating from current location (0.39, -0.94) to (2.49, -2.57)
[component_container_isolated-1] [INFO] [1790157507.735274511] [robot1.controller_server]: Passing new path to controller.
[component_container_isolated-1] [INFO] [1790157508.224962451] [robot1.bt_navigator]: Received goal preemption request
[component_container_isolated-1] [INFO] [1790157508.225026012] [robot1.bt_navigator]: Begin navigating from current location (0.57, -1.10) to (2.36, -2.90)
[component_container_isolated-1] [INFO] [1790157508.735280959] [robot1.controller_server]: Passing new path to controller.
[component_container_isolated-1] [INFO] [1790157509.214975027] [robot1.bt_navigator]: Received goal preemption request
[component_container_isolated-1] [INFO] [1790157509.215059884] [robot1.bt_navigator]: Begin navigating from current location (0.74, -1.24) to (2.77, -2.37)
[component_container_isolated-1] [INFO] [1790157509.785273480] [robot1.controller_server]: Passing new path to controller.
[component_container_isolated-1] [INFO] [1790157510.224956507] [robot1.bt_navigator]: Received goal preemption request
[component_container_isolated-1] [INFO] [1790157510.225038172] [robot1.bt_navigator]: Begin navigating from current location (0.89, -1.41) to (2.36, -3.26)
[component_container_isolated-1] [INFO] [1790157510.785290373] [robot1.controller_server]: Passing new path to controller.
[component_container_isolated-1] [INFO] [1790157511.214963179] [robot1.bt_navigator]: Received goal preemption request
[component_container_isolated-1] [INFO] [1790157511.215029522] [robot1.bt_navigator]: Begin navigating from current location (1.10, -1.54) to (3.10, -2.28)
[component_container_isolated-1] [INFO] [1790157511.835286913] [robot1.controller_server]: Passing new path to controller.
[component_container_isolated-1] [INFO] [1790157512.224971206] [robot1.bt_navigator]: Received goal preemption request
[component_container_isolated-1] [INFO] [1790157512.225055986] [robot1.bt_navigator]: Begin navigating from current location (1.25, -1.71) to (3.36, -2.52)
[component_container_isolated-1] [INFO] [1790157512.487208311] [robot1.local_costmap.local_costmap]: StaticLayer: Resizing static layer to 321 X 279 at 0.050000 m/pix
[component_container_isolated-1] [INFO] [1790157512.851807793] [robot1.global_costmap.global_costmap]: StaticLayer: Resizing costmap to 321 X 279 at 0.050000 m/pix
[component_container_isolated-1] [INFO] [1790157512.885273246] [robot1.controller_server]: Passing new path to controller.
[component_container_isolated-1] [INFO] [1790157513.487206376] [robot1.local_costmap.local_costmap]: StaticLayer: Resizing static layer to 325 X 279 at 0.050000 m/pix
[component_container_isolated-1] [INFO] [1790157513.851843558] [robot1.global_costmap.global_costmap]: StaticLayer: Resizing costmap to 325 X 279 at 0.050000 m/pix
[component_container_isolated-1] [INFO] [1790157513.885287818] [robot1.controller_server]: Passing new path to controller.
[component_container_isolated-1] [INFO] [1790157514.851802828] [robot1.global_costmap.global_costmap]: StaticLayer: Resizing costmap to 345 X 280 at 0.050000 m/pix
[component_container_isolated-1] [INFO] [1790157514.887204050] [robot1.local_costmap.local_costmap]: StaticLayer: Resizing static layer to 345 X 280 at 0.050000 m/pix
[component_container_isolated-1] [INFO] [1790157514.935288405] [robot1.controller_server]: Passing new path to controller.
[component_container_isolated-1] [INFO] [1790157515.935298046] [robot1.controller_server]: Passing new path to controller.
[component_container_isolated-1] [INFO] [1790157516.487265336] [robot1.local_costmap.local_costmap]: StaticLayer: Resizing static layer to 367 X 280 at 0.050000 m/pix
[component_container_isolated-1] [INFO] [1790157516.851806148] [robot1.global_costmap.global_costmap]: StaticLayer: Resizing costmap to 367 X 280 at 0.050000 m/pix
[component_container_isolated-1] [INFO] [1790157516.985275373] [robot1.controller_server]: Passing new path to controller.
[component_container_isolated-1] [INFO] [1790157517.851804727] [robot1.global_costmap.global_costmap]: StaticLayer: Resizing costmap to 370 X 280 at 0.050000 m/pix
[component_container_isolated-1] [INFO] [1790157517.887208245] [robot1.local_costmap.local_costmap]: StaticLayer: Resizing static layer to 370 X 280 at 0.050000 m/pix
[component_container_isolated-1] [INFO] [1790157517.985289906] [robot1.controller_server]: Passing new path to controller.
[component_container_isolated-1] [INFO] [1790157518.215012539] [robot1.bt_navigator]: Received goal preemption request
[component_container_isolated-1] [INFO] [1790157518.215198527] [robot1.bt_navigator]: Begin navigating from current location (2.57, -2.36) to (3.13, -2.67)
[component_container_isolated-1] [INFO] [1790157519.035320909] [robot1.controller_server]: Passing new path to controller.
[component_container_isolated-1] [INFO] [1790157519.214957905] [robot1.bt_navigator]: Received goal preemption request
[component_container_isolated-1] [INFO] [1790157519.215106831] [robot1.bt_navigator]: Begin navigating from current location (2.67, -2.40) to (3.03, -2.99)
[component_container_isolated-1] [INFO] [1790157519.851800958] [robot1.global_costmap.global_costmap]: StaticLayer: Resizing costmap to 375 X 280 at 0.050000 m/pix
[component_container_isolated-1] [INFO] [1790157519.887221209] [robot1.local_costmap.local_costmap]: StaticLayer: Resizing static layer to 375 X 280 at 0.050000 m/pix
[component_container_isolated-1] [INFO] [1790157520.085290120] [robot1.controller_server]: Passing new path to controller.
[component_container_isolated-1] [INFO] [1790157520.225048527] [robot1.bt_navigator]: Received goal preemption request
[component_container_isolated-1] [INFO] [1790157520.225130520] [robot1.bt_navigator]: Begin navigating from current location (2.91, -2.51) to (3.21, -2.95)
[component_container_isolated-1] [INFO] [1790157520.851804283] [robot1.global_costmap.global_costmap]: StaticLayer: Resizing costmap to 378 X 280 at 0.050000 m/pix
[component_container_isolated-1] [INFO] [1790157520.887213389] [robot1.local_costmap.local_costmap]: StaticLayer: Resizing static layer to 378 X 280 at 0.050000 m/pix
[component_container_isolated-1] [INFO] [1790157521.085272586] [robot1.controller_server]: Passing new path to controller.
[component_container_isolated-1] [INFO] [1790157521.214987344] [robot1.bt_navigator]: Received goal preemption request
[component_container_isolated-1] [INFO] [1790157521.215080937] [robot1.bt_navigator]: Begin navigating from current location (3.04, -2.63) to (3.56, -2.81)
[component_container_isolated-1] [INFO] [1790157521.851803141] [robot1.global_costmap.global_costmap]: StaticLayer: Resizing costmap to 382 X 280 at 0.050000 m/pix
[component_container_isolated-1] [INFO] [1790157521.887247727] [robot1.local_costmap.local_costmap]: StaticLayer: Resizing static layer to 382 X 280 at 0.050000 m/pix
[component_container_isolated-1] [INFO] [1790157522.135291815] [robot1.controller_server]: Passing new path to controller.
[component_container_isolated-1] [INFO] [1790157523.135270370] [robot1.controller_server]: Passing new path to controller.
[component_container_isolated-1] [INFO] [1790157523.487203938] [robot1.local_costmap.local_costmap]: StaticLayer: Resizing static layer to 384 X 280 at 0.050000 m/pix
[component_container_isolated-1] [INFO] [1790157523.851834905] [robot1.global_costmap.global_costmap]: StaticLayer: Resizing costmap to 384 X 280 at 0.050000 m/pix
[component_container_isolated-1] [INFO] [1790157524.185273725] [robot1.controller_server]: Passing new path to controller.
[component_container_isolated-1] [INFO] [1790157525.235310052] [robot1.controller_server]: Passing new path to controller.
[component_container_isolated-1] [INFO] [1790157526.235297005] [robot1.controller_server]: Passing new path to controller.
[component_container_isolated-1] [INFO] [1790157526.986996444] [robot1.controller_server]: Reached the goal!
[component_container_isolated-1] [INFO] [1790157527.025112665] [robot1.bt_navigator]: Goal succeeded
[component_container_isolated-1] [INFO] [1790157539.487247962] [robot1.local_costmap.local_costmap]: StaticLayer: Resizing static layer to 386 X 280 at 0.050000 m/pix
[component_container_isolated-1] [INFO] [1790157539.851808714] [robot1.global_costmap.global_costmap]: StaticLayer: Resizing costmap to 386 X 280 at 0.050000 m/pix
[component_container_isolated-1] [INFO] [1790157572.223228642] [robot1.global_costmap.global_costmap]: Message Filter dropping message: frame 'rplidar_link' at time 1790157568.441 for reason 'the timestamp on the message is earlier than all the data in the transform cache'
[component_container_isolated-1] [INFO] [1790157586.757263764] [robot1.local_costmap.local_costmap]: Message Filter dropping message: frame 'rplidar_link' at time 1790157580.650 for reason 'the timestamp on the message is earlier than all the data in the transform cache'
[component_container_isolated-1] [ERROR] [1790157587.154603284] [transformPoseInTargetFrame]: Extrapolation Error looking up target frame: Lookup would require extrapolation into the past.  Requested time 1790157570.575681 but the earliest data is at time 1790157570.669000, when looking up transform from frame [base_link] to frame [map]
[component_container_isolated-1] 
[component_container_isolated-1] [ERROR] [1790157588.154593065] [transformPoseInTargetFrame]: Extrapolation Error looking up target frame: Lookup would require extrapolation into the past.  Requested time 1790157570.575681 but the earliest data is at time 1790157570.669000, when looking up transform from frame [base_link] to frame [map]
[component_container_isolated-1] 
[component_container_isolated-1] [ERROR] [1790157589.154173008] [transformPoseInTargetFrame]: Extrapolation Error looking up target frame: Lookup would require extrapolation into the past.  Requested time 1790157570.575681 but the earliest data is at time 1790157570.669000, when looking up transform from frame [base_link] to frame [map]
[component_container_isolated-1] 
[component_container_isolated-1] [ERROR] [1790157590.154692950] [transformPoseInTargetFrame]: Extrapolation Error looking up target frame: Lookup would require extrapolation into the past.  Requested time 1790157570.575681 but the earliest data is at time 1790157579.218826, when looking up transform from frame [base_link] to frame [map]
[component_container_isolated-1] 
[component_container_isolated-1] [ERROR] [1790157591.154408798] [transformPoseInTargetFrame]: Extrapolation Error looking up target frame: Lookup would require extrapolation into the past.  Requested time 1790157570.575681 but the earliest data is at time 1790157579.218826, when looking up transform from frame [base_link] to frame [map]
[component_container_isolated-1] 
[component_container_isolated-1] [ERROR] [1790157592.154569557] [transformPoseInTargetFrame]: Extrapolation Error looking up target frame: Lookup would require extrapolation into the past.  Requested time 1790157570.575681 but the earliest data is at time 1790157579.218826, when looking up transform from frame [base_link] to frame [map]
[component_container_isolated-1] 
[component_container_isolated-1] [ERROR] [1790157593.154711204] [transformPoseInTargetFrame]: Extrapolation Error looking up target frame: Lookup would require extrapolation into the past.  Requested time 1790157570.575681 but the earliest data is at time 1790157579.218826, when looking up transform from frame [base_link] to frame [map]
[component_container_isolated-1] 
[component_container_isolated-1] [ERROR] [1790157594.154545514] [transformPoseInTargetFrame]: Extrapolation Error looking up target frame: Lookup would require extrapolation into the past.  Requested time 1790157570.575681 but the earliest data is at time 1790157579.218826, when looking up transform from frame [base_link] to frame [map]
[component_container_isolated-1] 
[component_container_isolated-1] [ERROR] [1790157595.154393977] [transformPoseInTargetFrame]: Extrapolation Error looking up target frame: Lookup would require extrapolation into the past.  Requested time 1790157570.575681 but the earliest data is at time 1790157579.218826, when looking up transform from frame [base_link] to frame [map]
[component_container_isolated-1] 
[component_container_isolated-1] [ERROR] [1790157596.154945724] [transformPoseInTargetFrame]: Extrapolation Error looking up target frame: Lookup would require extrapolation into the past.  Requested time 1790157570.575681 but the earliest data is at time 1790157585.280071, when looking up transform from frame [base_link] to frame [map]
[component_container_isolated-1] 
[component_container_isolated-1] [ERROR] [1790157597.156227167] [transformPoseInTargetFrame]: Extrapolation Error looking up target frame: Lookup would require extrapolation into the past.  Requested time 1790157570.575681 but the earliest data is at time 1790157585.280071, when looking up transform from frame [base_link] to frame [map]
[component_container_isolated-1] 
[component_container_isolated-1] [ERROR] [1790157598.157212478] [transformPoseInTargetFrame]: Extrapolation Error looking up target frame: Lookup would require extrapolation into the past.  Requested time 1790157570.575681 but the earliest data is at time 1790157585.280071, when looking up transform from frame [base_link] to frame [map]
[component_container_isolated-1] 
[component_container_isolated-1] [ERROR] [1790157599.156632433] [transformPoseInTargetFrame]: Extrapolation Error looking up target frame: Lookup would require extrapolation into the past.  Requested time 1790157570.575681 but the earliest data is at time 1790157585.280071, when looking up transform from frame [base_link] to frame [map]
[component_container_isolated-1] 
[component_container_isolated-1] [ERROR] [1790157600.156244266] [transformPoseInTargetFrame]: Extrapolation Error looking up target frame: Lookup would require extrapolation into the past.  Requested time 1790157570.575681 but the earliest data is at time 1790157585.569403, when looking up transform from frame [base_link] to frame [map]
[component_container_isolated-1] 
[component_container_isolated-1] [ERROR] [1790157601.157863731] [transformPoseInTargetFrame]: Extrapolation Error looking up target frame: Lookup would require extrapolation into the past.  Requested time 1790157570.575681 but the earliest data is at time 1790157585.869551, when looking up transform from frame [base_link] to frame [map]
[component_container_isolated-1] 
[component_container_isolated-1] [ERROR] [1790157602.154573859] [transformPoseInTargetFrame]: Extrapolation Error looking up target frame: Lookup would require extrapolation into the past.  Requested time 1790157570.575681 but the earliest data is at time 1790157589.820086, when looking up transform from frame [base_link] to frame [map]
[component_container_isolated-1] 
[component_container_isolated-1] [ERROR] [1790157604.156435283] [transformPoseInTargetFrame]: Extrapolation Error looking up target frame: Lookup would require extrapolation at time 1790157599.971168, but only time 1790157601.855899 is in the buffer, when looking up transform from frame [base_link] to frame [map]
[component_container_isolated-1] 
[component_container_isolated-1] [ERROR] [1790157605.156564055] [transformPoseInTargetFrame]: Extrapolation Error looking up target frame: Lookup would require extrapolation at time 1790157600.182116, but only time 1790157601.855899 is in the buffer, when looking up transform from frame [base_link] to frame [map]
[component_container_isolated-1] 
[component_container_isolated-1] [ERROR] [1790157606.154666316] [transformPoseInTargetFrame]: Extrapolation Error looking up target frame: Lookup would require extrapolation at time 1790157600.182116, but only time 1790157601.855899 is in the buffer, when looking up transform from frame [base_link] to frame [map]
[component_container_isolated-1] 
[component_container_isolated-1] [ERROR] [1790157607.154552649] [transformPoseInTargetFrame]: Extrapolation Error looking up target frame: Lookup would require extrapolation at time 1790157600.182116, but only time 1790157601.855899 is in the buffer, when looking up transform from frame [base_link] to frame [map]
[component_container_isolated-1] 
[component_container_isolated-1] [ERROR] [1790157608.154711958] [transformPoseInTargetFrame]: Extrapolation Error looking up target frame: Lookup would require extrapolation at time 1790157601.171165, but only time 1790157601.855899 is in the buffer, when looking up transform from frame [base_link] to frame [map]
[component_container_isolated-1] 
[component_container_isolated-1] [INFO] [1790157609.021659514] [robot1.local_costmap.local_costmap]: Message Filter dropping message: frame 'rplidar_link' at time 1790157601.726 for reason 'the timestamp on the message is earlier than all the data in the transform cache'
[component_container_isolated-1] [ERROR] [1790157609.154668317] [transformPoseInTargetFrame]: Extrapolation Error looking up target frame: Lookup would require extrapolation at time 1790157601.570070, but only time 1790157601.855899 is in the buffer, when looking up transform from frame [base_link] to frame [map]
[component_container_isolated-1] 
[component_container_isolated-1] [ERROR] [1790157610.155066312] [transformPoseInTargetFrame]: Extrapolation Error looking up target frame: Lookup would require extrapolation at time 1790157601.570070, but only time 1790157601.855899 is in the buffer, when looking up transform from frame [base_link] to frame [map]
[component_container_isolated-1] 
[component_container_isolated-1] [ERROR] [1790157611.154516494] [transformPoseInTargetFrame]: Extrapolation Error looking up target frame: Lookup would require extrapolation at time 1790157601.570070, but only time 1790157601.855899 is in the buffer, when looking up transform from frame [base_link] to frame [map]
[component_container_isolated-1] 
[component_container_isolated-1] [INFO] [1790157611.978487009] [robot1.local_costmap.local_costmap]: Message Filter dropping message: frame 'rplidar_link' at time 1790157607.387 for reason 'the timestamp on the message is earlier than all the data in the transform cache'
[component_container_isolated-1] [INFO] [1790157613.415492093] [robot1.bt_navigator]: Begin navigating from current location (3.33, -2.85) to (2.05, -3.63)
[component_container_isolated-1] [INFO] [1790157613.435977091] [robot1.controller_server]: Received a goal, begin computing control effort.
[component_container_isolated-1] [ERROR] [1790157613.438394987] [tf_help]: Transform data too old when converting from map to odom
[component_container_isolated-1] [ERROR] [1790157613.438422738] [tf_help]: Data time: 1790157613s 415990673ns, Transform time: 1790157609s 386658853ns
[component_container_isolated-1] [ERROR] [1790157613.488534814] [tf_help]: Transform data too old when converting from map to odom
[component_container_isolated-1] [ERROR] [1790157613.488579506] [tf_help]: Data time: 1790157613s 415990673ns, Transform time: 1790157609s 386658853ns
[component_container_isolated-1] [ERROR] [1790157613.537929801] [tf_help]: Transform data too old when converting from map to odom
[component_container_isolated-1] [ERROR] [1790157613.537958282] [tf_help]: Data time: 1790157613s 415990673ns, Transform time: 1790157609s 386658853ns
[component_container_isolated-1] [ERROR] [1790157613.587651548] [tf_help]: Transform data too old when converting from map to odom
[component_container_isolated-1] [ERROR] [1790157613.587674099] [tf_help]: Data time: 1790157613s 415990673ns, Transform time: 1790157609s 386658853ns
[component_container_isolated-1] [ERROR] [1790157613.637625770] [tf_help]: Transform data too old when converting from map to odom
[component_container_isolated-1] [ERROR] [1790157613.637646992] [tf_help]: Data time: 1790157613s 415990673ns, Transform time: 1790157609s 386658853ns
[component_container_isolated-1] [ERROR] [1790157613.687646980] [tf_help]: Transform data too old when converting from map to odom
[component_container_isolated-1] [ERROR] [1790157613.687671697] [tf_help]: Data time: 1790157613s 415990673ns, Transform time: 1790157609s 386658853ns
[component_container_isolated-1] [ERROR] [1790157613.737524580] [tf_help]: Transform data too old when converting from map to odom
[component_container_isolated-1] [ERROR] [1790157613.737542609] [tf_help]: Data time: 1790157613s 415990673ns, Transform time: 1790157609s 386658853ns
[component_container_isolated-1] [ERROR] [1790157613.787608425] [tf_help]: Transform data too old when converting from map to odom
[component_container_isolated-1] [ERROR] [1790157613.787632769] [tf_help]: Data time: 1790157613s 415990673ns, Transform time: 1790157609s 386658853ns
[component_container_isolated-1] [ERROR] [1790157613.837645125] [tf_help]: Transform data too old when converting from map to odom
[component_container_isolated-1] [ERROR] [1790157613.837667392] [tf_help]: Data time: 1790157613s 415990673ns, Transform time: 1790157609s 386658853ns
[component_container_isolated-1] [ERROR] [1790157613.887602853] [tf_help]: Transform data too old when converting from map to odom
[component_container_isolated-1] [ERROR] [1790157613.887623144] [tf_help]: Data time: 1790157613s 415990673ns, Transform time: 1790157609s 386658853ns
[component_container_isolated-1] [ERROR] [1790157613.937570100] [tf_help]: Transform data too old when converting from map to odom
[component_container_isolated-1] [ERROR] [1790157613.937590018] [tf_help]: Data time: 1790157613s 415990673ns, Transform time: 1790157609s 386658853ns
[component_container_isolated-1] [ERROR] [1790157613.987589872] [tf_help]: Transform data too old when converting from map to odom
[component_container_isolated-1] [ERROR] [1790157613.987614247] [tf_help]: Data time: 1790157613s 415990673ns, Transform time: 1790157609s 386658853ns
[component_container_isolated-1] [ERROR] [1790157614.037553163] [tf_help]: Transform data too old when converting from map to odom
[component_container_isolated-1] [ERROR] [1790157614.037576972] [tf_help]: Data time: 1790157613s 415990673ns, Transform time: 1790157609s 386658853ns
[component_container_isolated-1] [ERROR] [1790157614.087598769] [tf_help]: Transform data too old when converting from map to odom
[component_container_isolated-1] [ERROR] [1790157614.087624152] [tf_help]: Data time: 1790157613s 415990673ns, Transform time: 1790157609s 386658853ns
[component_container_isolated-1] [ERROR] [1790157614.137604023] [tf_help]: Transform data too old when converting from map to odom
[component_container_isolated-1] [ERROR] [1790157614.137624547] [tf_help]: Data time: 1790157613s 415990673ns, Transform time: 1790157609s 386658853ns
[component_container_isolated-1] [ERROR] [1790157614.187629965] [tf_help]: Transform data too old when converting from map to odom
[component_container_isolated-1] [ERROR] [1790157614.187653795] [tf_help]: Data time: 1790157613s 415990673ns, Transform time: 1790157609s 386658853ns
[component_container_isolated-1] [ERROR] [1790157614.237663416] [tf_help]: Transform data too old when converting from map to odom
[component_container_isolated-1] [ERROR] [1790157614.237687952] [tf_help]: Data time: 1790157613s 415990673ns, Transform time: 1790157609s 386658853ns
[component_container_isolated-1] [ERROR] [1790157614.287680577] [tf_help]: Transform data too old when converting from map to odom
[component_container_isolated-1] [ERROR] [1790157614.287702718] [tf_help]: Data time: 1790157613s 415990673ns, Transform time: 1790157609s 386658853ns
[component_container_isolated-1] [ERROR] [1790157614.337606195] [tf_help]: Transform data too old when converting from map to odom
[component_container_isolated-1] [ERROR] [1790157614.337626897] [tf_help]: Data time: 1790157613s 415990673ns, Transform time: 1790157609s 386658853ns
[component_container_isolated-1] [ERROR] [1790157614.387667747] [tf_help]: Transform data too old when converting from map to odom
[component_container_isolated-1] [ERROR] [1790157614.387692773] [tf_help]: Data time: 1790157613s 415990673ns, Transform time: 1790157609s 386658853ns
[component_container_isolated-1] [ERROR] [1790157614.437601848] [tf_help]: Transform data too old when converting from map to odom
[component_container_isolated-1] [ERROR] [1790157614.437622927] [tf_help]: Data time: 1790157613s 415990673ns, Transform time: 1790157609s 386658853ns
[component_container_isolated-1] [INFO] [1790157614.486178851] [robot1.controller_server]: Passing new path to controller.
[component_container_isolated-1] [ERROR] [1790157614.487720454] [tf_help]: Transform data too old when converting from map to odom
[component_container_isolated-1] [ERROR] [1790157614.487734479] [tf_help]: Data time: 1790157614s 445980045ns, Transform time: 1790157609s 386658853ns
[component_container_isolated-1] [ERROR] [1790157614.537615765] [tf_help]: Transform data too old when converting from map to odom
[component_container_isolated-1] [ERROR] [1790157614.537636273] [tf_help]: Data time: 1790157614s 445980045ns, Transform time: 1790157609s 386658853ns
[component_container_isolated-1] [ERROR] [1790157614.587621217] [tf_help]: Transform data too old when converting from map to odom
[component_container_isolated-1] [ERROR] [1790157614.587644165] [tf_help]: Data time: 1790157614s 445980045ns, Transform time: 1790157609s 386658853ns
[component_container_isolated-1] [ERROR] [1790157614.637585073] [tf_help]: Transform data too old when converting from map to odom
[component_container_isolated-1] [ERROR] [1790157614.637605216] [tf_help]: Data time: 1790157614s 445980045ns, Transform time: 1790157609s 386658853ns
[component_container_isolated-1] [ERROR] [1790157614.687657080] [tf_help]: Transform data too old when converting from map to odom
[component_container_isolated-1] [ERROR] [1790157614.687682589] [tf_help]: Data time: 1790157614s 445980045ns, Transform time: 1790157609s 386658853ns
[component_container_isolated-1] [ERROR] [1790157614.738117178] [tf_help]: Transform data too old when converting from map to odom
[component_container_isolated-1] [ERROR] [1790157614.738140581] [tf_help]: Data time: 1790157614s 445980045ns, Transform time: 1790157609s 386658853ns
[component_container_isolated-1] [ERROR] [1790157614.787658680] [tf_help]: Transform data too old when converting from map to odom
[component_container_isolated-1] [ERROR] [1790157614.787682316] [tf_help]: Data time: 1790157614s 445980045ns, Transform time: 1790157609s 386658853ns
[component_container_isolated-1] [ERROR] [1790157614.837631009] [tf_help]: Transform data too old when converting from map to odom
[component_container_isolated-1] [ERROR] [1790157614.837654769] [tf_help]: Data time: 1790157614s 445980045ns, Transform time: 1790157609s 386658853ns
[component_container_isolated-1] [ERROR] [1790157614.887591313] [tf_help]: Transform data too old when converting from map to odom
[component_container_isolated-1] [ERROR] [1790157614.887613612] [tf_help]: Data time: 1790157614s 445980045ns, Transform time: 1790157609s 386658853ns
[component_container_isolated-1] [ERROR] [1790157614.937558056] [tf_help]: Transform data too old when converting from map to odom
[component_container_isolated-1] [ERROR] [1790157614.937579798] [tf_help]: Data time: 1790157614s 445980045ns, Transform time: 1790157609s 386658853ns
[component_container_isolated-1] [ERROR] [1790157614.987579294] [tf_help]: Transform data too old when converting from map to odom
[component_container_isolated-1] [ERROR] [1790157614.987604644] [tf_help]: Data time: 1790157614s 445980045ns, Transform time: 1790157609s 386658853ns
[component_container_isolated-1] [ERROR] [1790157615.037670768] [tf_help]: Transform data too old when converting from map to odom
[component_container_isolated-1] [ERROR] [1790157615.037694746] [tf_help]: Data time: 1790157614s 445980045ns, Transform time: 1790157609s 386658853ns
[component_container_isolated-1] [ERROR] [1790157615.087786593] [tf_help]: Transform data too old when converting from map to odom
[component_container_isolated-1] [ERROR] [1790157615.087813864] [tf_help]: Data time: 1790157614s 445980045ns, Transform time: 1790157609s 386658853ns
[component_container_isolated-1] [ERROR] [1790157615.137659373] [tf_help]: Transform data too old when converting from map to odom
[component_container_isolated-1] [ERROR] [1790157615.137684822] [tf_help]: Data time: 1790157614s 445980045ns, Transform time: 1790157609s 386658853ns
[component_container_isolated-1] [ERROR] [1790157615.187650827] [tf_help]: Transform data too old when converting from map to odom
[component_container_isolated-1] [ERROR] [1790157615.187678876] [tf_help]: Data time: 1790157614s 445980045ns, Transform time: 1790157609s 386658853ns
[component_container_isolated-1] [ERROR] [1790157615.237630981] [tf_help]: Transform data too old when converting from map to odom
[component_container_isolated-1] [ERROR] [1790157615.237653931] [tf_help]: Data time: 1790157614s 445980045ns, Transform time: 1790157609s 386658853ns
[component_container_isolated-1] [ERROR] [1790157615.287654547] [tf_help]: Transform data too old when converting from map to odom
[component_container_isolated-1] [ERROR] [1790157615.287678492] [tf_help]: Data time: 1790157614s 445980045ns, Transform time: 1790157609s 386658853ns
[component_container_isolated-1] [ERROR] [1790157615.337646070] [tf_help]: Transform data too old when converting from map to odom
[component_container_isolated-1] [ERROR] [1790157615.337666882] [tf_help]: Data time: 1790157614s 445980045ns, Transform time: 1790157609s 386658853ns
[component_container_isolated-1] [ERROR] [1790157615.387617454] [tf_help]: Transform data too old when converting from map to odom
[component_container_isolated-1] [ERROR] [1790157615.387642095] [tf_help]: Data time: 1790157614s 445980045ns, Transform time: 1790157609s 386658853ns
[component_container_isolated-1] [INFO] [1790157615.425708134] [robot1.bt_navigator]: Received goal preemption request
[component_container_isolated-1] [INFO] [1790157615.425782072] [robot1.bt_navigator]: Begin navigating from current location (3.33, -2.85) to (2.03, -3.65)
[component_container_isolated-1] [ERROR] [1790157615.437636705] [tf_help]: Transform data too old when converting from map to odom
[component_container_isolated-1] [ERROR] [1790157615.437650340] [tf_help]: Data time: 1790157614s 445980045ns, Transform time: 1790157609s 386658853ns
[component_container_isolated-1] [ERROR] [1790157615.487621135] [tf_help]: Transform data too old when converting from map to odom
[component_container_isolated-1] [ERROR] [1790157615.487644891] [tf_help]: Data time: 1790157614s 445980045ns, Transform time: 1790157609s 386658853ns
[component_container_isolated-1] [INFO] [1790157615.536164627] [robot1.controller_server]: Passing new path to controller.
[component_container_isolated-1] [ERROR] [1790157615.537729535] [tf_help]: Transform data too old when converting from map to odom
[component_container_isolated-1] [ERROR] [1790157615.537742681] [tf_help]: Data time: 1790157615s 475875950ns, Transform time: 1790157609s 386658853ns
[component_container_isolated-1] [ERROR] [1790157615.587602613] [tf_help]: Transform data too old when converting from map to odom
[component_container_isolated-1] [ERROR] [1790157615.587628159] [tf_help]: Data time: 1790157615s 475875950ns, Transform time: 1790157609s 386658853ns
[component_container_isolated-1] [ERROR] [1790157615.637603701] [tf_help]: Transform data too old when converting from map to odom
[component_container_isolated-1] [ERROR] [1790157615.637624274] [tf_help]: Data time: 1790157615s 475875950ns, Transform time: 1790157609s 386658853ns
[component_container_isolated-1] [ERROR] [1790157615.687629530] [tf_help]: Transform data too old when converting from map to odom
[component_container_isolated-1] [ERROR] [1790157615.687650527] [tf_help]: Data time: 1790157615s 475875950ns, Transform time: 1790157609s 386658853ns
[component_container_isolated-1] [ERROR] [1790157615.737589020] [tf_help]: Transform data too old when converting from map to odom
[component_container_isolated-1] [ERROR] [1790157615.737611705] [tf_help]: Data time: 1790157615s 475875950ns, Transform time: 1790157609s 386658853ns
[component_container_isolated-1] [ERROR] [1790157615.787595784] [tf_help]: Transform data too old when converting from map to odom
[component_container_isolated-1] [ERROR] [1790157615.787643441] [tf_help]: Data time: 1790157615s 475875950ns, Transform time: 1790157609s 386658853ns
[component_container_isolated-1] [ERROR] [1790157615.837618197] [tf_help]: Transform data too old when converting from map to odom
[component_container_isolated-1] [ERROR] [1790157615.837638609] [tf_help]: Data time: 1790157615s 475875950ns, Transform time: 1790157609s 386658853ns
[component_container_isolated-1] [ERROR] [1790157615.887663111] [tf_help]: Transform data too old when converting from map to odom
[component_container_isolated-1] [ERROR] [1790157615.887689015] [tf_help]: Data time: 1790157615s 475875950ns, Transform time: 1790157609s 386658853ns
[component_container_isolated-1] [ERROR] [1790157615.937678744] [tf_help]: Transform data too old when converting from map to odom
[component_container_isolated-1] [ERROR] [1790157615.937727261] [tf_help]: Data time: 1790157615s 475875950ns, Transform time: 1790157609s 386658853ns
[component_container_isolated-1] [ERROR] [1790157615.987934286] [tf_help]: Transform data too old when converting from map to odom
[component_container_isolated-1] [ERROR] [1790157615.987963201] [tf_help]: Data time: 1790157615s 475875950ns, Transform time: 1790157609s 386658853ns
[component_container_isolated-1] [ERROR] [1790157616.037634581] [tf_help]: Transform data too old when converting from map to odom
[component_container_isolated-1] [ERROR] [1790157616.037657285] [tf_help]: Data time: 1790157615s 475875950ns, Transform time: 1790157609s 386658853ns
[component_container_isolated-1] [ERROR] [1790157616.087626244] [tf_help]: Transform data too old when converting from map to odom
[component_container_isolated-1] [ERROR] [1790157616.087648936] [tf_help]: Data time: 1790157615s 475875950ns, Transform time: 1790157609s 386658853ns
[component_container_isolated-1] [ERROR] [1790157616.137568212] [tf_help]: Transform data too old when converting from map to odom
[component_container_isolated-1] [ERROR] [1790157616.137586354] [tf_help]: Data time: 1790157615s 475875950ns, Transform time: 1790157609s 386658853ns
[component_container_isolated-1] [ERROR] [1790157616.187606822] [tf_help]: Transform data too old when converting from map to odom
[component_container_isolated-1] [ERROR] [1790157616.187634248] [tf_help]: Data time: 1790157615s 475875950ns, Transform time: 1790157609s 386658853ns
[component_container_isolated-1] [ERROR] [1790157616.238089402] [tf_help]: Transform data too old when converting from map to odom
[component_container_isolated-1] [ERROR] [1790157616.238116052] [tf_help]: Data time: 1790157615s 475875950ns, Transform time: 1790157609s 386658853ns
[component_container_isolated-1] [ERROR] [1790157616.287601307] [tf_help]: Transform data too old when converting from map to odom
[component_container_isolated-1] [ERROR] [1790157616.287623872] [tf_help]: Data time: 1790157615s 475875950ns, Transform time: 1790157609s 386658853ns
[component_container_isolated-1] [ERROR] [1790157616.336208746] [tf_help]: Transform data too old when converting from odom to map
[component_container_isolated-1] [ERROR] [1790157616.336243226] [tf_help]: Data time: 1790157611s 566246769ns, Transform time: 1790157609s 386658853ns
[component_container_isolated-1] [WARN] [1790157616.336264318] [robot1.controller_server]: Unable to transform robot pose into global plan's frame
[component_container_isolated-1] [ERROR] [1790157616.336339325] [tf_help]: Transform data too old when converting from map to odom
[component_container_isolated-1] [ERROR] [1790157616.336344341] [tf_help]: Data time: 1790157615s 475875950ns, Transform time: 1790157609s 386658853ns
[component_container_isolated-1] [ERROR] [1790157616.386208219] [tf_help]: Transform data too old when converting from odom to map
[component_container_isolated-1] [ERROR] [1790157616.386232734] [tf_help]: Data time: 1790157611s 566246769ns, Transform time: 1790157609s 386658853ns
[component_container_isolated-1] [WARN] [1790157616.386250107] [robot1.controller_server]: Unable to transform robot pose into global plan's frame
[component_container_isolated-1] [ERROR] [1790157616.386304104] [tf_help]: Transform data too old when converting from map to odom
[component_container_isolated-1] [ERROR] [1790157616.386306748] [tf_help]: Data time: 1790157615s 475875950ns, Transform time: 1790157609s 386658853ns
[component_container_isolated-1] [INFO] [1790157616.425703581] [robot1.bt_navigator]: Received goal preemption request
[component_container_isolated-1] [INFO] [1790157616.425823772] [robot1.bt_navigator]: Begin navigating from current location (3.33, -2.85) to (2.00, -3.18)
[component_container_isolated-1] [ERROR] [1790157616.436294865] [tf_help]: Transform data too old when converting from odom to map
[component_container_isolated-1] [ERROR] [1790157616.436312968] [tf_help]: Data time: 1790157611s 566246769ns, Transform time: 1790157609s 386658853ns
[component_container_isolated-1] [WARN] [1790157616.436329778] [robot1.controller_server]: Unable to transform robot pose into global plan's frame
[component_container_isolated-1] [ERROR] [1790157616.436381812] [tf_help]: Transform data too old when converting from map to odom
[component_container_isolated-1] [ERROR] [1790157616.436384493] [tf_help]: Data time: 1790157615s 475875950ns, Transform time: 1790157609s 386658853ns
[component_container_isolated-1] [ERROR] [1790157616.486236535] [tf_help]: Transform data too old when converting from odom to map
[component_container_isolated-1] [ERROR] [1790157616.486259977] [tf_help]: Data time: 1790157611s 566246769ns, Transform time: 1790157609s 386658853ns
[component_container_isolated-1] [WARN] [1790157616.486276524] [robot1.controller_server]: Unable to transform robot pose into global plan's frame
[component_container_isolated-1] [ERROR] [1790157616.486325772] [tf_help]: Transform data too old when converting from map to odom
[component_container_isolated-1] [ERROR] [1790157616.486328652] [tf_help]: Data time: 1790157615s 475875950ns, Transform time: 1790157609s 386658853ns
[component_container_isolated-1] [INFO] [1790157616.536260151] [robot1.controller_server]: Passing new path to controller.
[component_container_isolated-1] [ERROR] [1790157616.536419777] [tf_help]: Transform data too old when converting from odom to map
[component_container_isolated-1] [ERROR] [1790157616.536434418] [tf_help]: Data time: 1790157611s 566246769ns, Transform time: 1790157609s 386658853ns
[component_container_isolated-1] [WARN] [1790157616.536448827] [robot1.controller_server]: Unable to transform robot pose into global plan's frame
[component_container_isolated-1] [ERROR] [1790157616.536480637] [tf_help]: Transform data too old when converting from map to odom
[component_container_isolated-1] [ERROR] [1790157616.536490699] [tf_help]: Data time: 1790157616s 505869762ns, Transform time: 1790157609s 386658853ns
[component_container_isolated-1] [ERROR] [1790157616.586242965] [tf_help]: Transform data too old when converting from odom to map
[component_container_isolated-1] [ERROR] [1790157616.586265881] [tf_help]: Data time: 1790157611s 566246769ns, Transform time: 1790157609s 386658853ns
[component_container_isolated-1] [WARN] [1790157616.586281815] [robot1.controller_server]: Unable to transform robot pose into global plan's frame
[component_container_isolated-1] [ERROR] [1790157616.586331389] [tf_help]: Transform data too old when converting from map to odom
[component_container_isolated-1] [ERROR] [1790157616.586333763] [tf_help]: Data time: 1790157616s 505869762ns, Transform time: 1790157609s 386658853ns
[component_container_isolated-1] [ERROR] [1790157616.636200647] [tf_help]: Transform data too old when converting from odom to map
[component_container_isolated-1] [ERROR] [1790157616.636220480] [tf_help]: Data time: 1790157611s 566246769ns, Transform time: 1790157609s 386658853ns
[component_container_isolated-1] [WARN] [1790157616.636234592] [robot1.controller_server]: Unable to transform robot pose into global plan's frame
[component_container_isolated-1] [ERROR] [1790157616.636260191] [robot1.controller_server]: Controller patience exceeded
[component_container_isolated-1] [WARN] [1790157616.636275868] [robot1.controller_server]: [follow_path] [ActionServer] Aborting handle.
[component_container_isolated-1] [INFO] [1790157616.655895698] [robot1.local_costmap.local_costmap]: Received request to clear entirely the local_costmap
[component_container_isolated-1] [INFO] [1790157616.656368290] [robot1.controller_server]: Received a goal, begin computing control effort.
[component_container_isolated-1] [ERROR] [1790157616.696577473] [tf_help]: Transform data too old when converting from odom to map
[component_container_isolated-1] [ERROR] [1790157616.696618496] [tf_help]: Data time: 1790157611s 566246769ns, Transform time: 1790157609s 386658853ns
[component_container_isolated-1] [WARN] [1790157616.696750906] [robot1.controller_server]: Unable to transform robot pose into global plan's frame
[component_container_isolated-1] [ERROR] [1790157616.696813876] [tf_help]: Transform data too old when converting from map to odom
[component_container_isolated-1] [ERROR] [1790157616.696816862] [tf_help]: Data time: 1790157616s 505869762ns, Transform time: 1790157609s 386658853ns
[component_container_isolated-1] [ERROR] [1790157616.706507015] [tf_help]: Transform data too old when converting from odom to map
[component_container_isolated-1] [ERROR] [1790157616.706527852] [tf_help]: Data time: 1790157611s 566246769ns, Transform time: 1790157609s 386658853ns
[component_container_isolated-1] [WARN] [1790157616.706539907] [robot1.controller_server]: Unable to transform robot pose into global plan's frame
[component_container_isolated-1] [ERROR] [1790157616.706582002] [tf_help]: Transform data too old when converting from map to odom
[component_container_isolated-1] [ERROR] [1790157616.706584453] [tf_help]: Data time: 1790157616s 505869762ns, Transform time: 1790157609s 386658853ns
[component_container_isolated-1] [ERROR] [1790157616.756554358] [tf_help]: Transform data too old when converting from odom to map
[component_container_isolated-1] [ERROR] [1790157616.756576920] [tf_help]: Data time: 1790157611s 566246769ns, Transform time: 1790157609s 386658853ns
[component_container_isolated-1] [WARN] [1790157616.756593254] [robot1.controller_server]: Unable to transform robot pose into global plan's frame
[component_container_isolated-1] [ERROR] [1790157616.756643379] [tf_help]: Transform data too old when converting from map to odom
[component_container_isolated-1] [ERROR] [1790157616.756671251] [tf_help]: Data time: 1790157616s 505869762ns, Transform time: 1790157609s 386658853ns
[component_container_isolated-1] [ERROR] [1790157616.806555170] [tf_help]: Transform data too old when converting from odom to map
[component_container_isolated-1] [ERROR] [1790157616.806577454] [tf_help]: Data time: 1790157611s 566246769ns, Transform time: 1790157609s 386658853ns
[component_container_isolated-1] [WARN] [1790157616.806594469] [robot1.controller_server]: Unable to transform robot pose into global plan's frame
[component_container_isolated-1] [ERROR] [1790157616.806646677] [tf_help]: Transform data too old when converting from map to odom
[component_container_isolated-1] [ERROR] [1790157616.806649831] [tf_help]: Data time: 1790157616s 505869762ns, Transform time: 1790157609s 386658853ns
[component_container_isolated-1] [ERROR] [1790157616.856566185] [tf_help]: Transform data too old when converting from odom to map
[component_container_isolated-1] [ERROR] [1790157616.856586211] [tf_help]: Data time: 1790157611s 566246769ns, Transform time: 1790157609s 386658853ns
[component_container_isolated-1] [WARN] [1790157616.856601450] [robot1.controller_server]: Unable to transform robot pose into global plan's frame
[component_container_isolated-1] [ERROR] [1790157616.856648029] [tf_help]: Transform data too old when converting from map to odom
[component_container_isolated-1] [ERROR] [1790157616.856659275] [tf_help]: Data time: 1790157616s 505869762ns, Transform time: 1790157609s 386658853ns
[component_container_isolated-1] [ERROR] [1790157616.906570886] [tf_help]: Transform data too old when converting from odom to map
[component_container_isolated-1] [ERROR] [1790157616.906589195] [tf_help]: Data time: 1790157611s 566246769ns, Transform time: 1790157609s 386658853ns
[component_container_isolated-1] [WARN] [1790157616.906602849] [robot1.controller_server]: Unable to transform robot pose into global plan's frame
[component_container_isolated-1] [ERROR] [1790157616.906646581] [tf_help]: Transform data too old when converting from map to odom
[component_container_isolated-1] [ERROR] [1790157616.906648922] [tf_help]: Data time: 1790157616s 505869762ns, Transform time: 1790157609s 386658853ns
[component_container_isolated-1] [ERROR] [1790157616.956549384] [tf_help]: Transform data too old when converting from odom to map
[component_container_isolated-1] [ERROR] [1790157616.956567350] [tf_help]: Data time: 1790157611s 566246769ns, Transform time: 1790157609s 386658853ns
[component_container_isolated-1] [WARN] [1790157616.956582271] [robot1.controller_server]: Unable to transform robot pose into global plan's frame
[component_container_isolated-1] [ERROR] [1790157616.956596910] [robot1.controller_server]: Controller patience exceeded
[component_container_isolated-1] [WARN] [1790157616.956613169] [robot1.controller_server]: [follow_path] [ActionServer] Aborting handle.
[component_container_isolated-1] [INFO] [1790157616.975776452] [robot1.local_costmap.local_costmap]: Received request to clear entirely the local_costmap
[component_container_isolated-1] [INFO] [1790157616.975972051] [robot1.global_costmap.global_costmap]: Received request to clear entirely the global_costmap
[component_container_isolated-1] [INFO] [1790157617.425662762] [robot1.bt_navigator]: Received goal preemption request
[component_container_isolated-1] [INFO] [1790157617.425740814] [robot1.bt_navigator]: Begin navigating from current location (3.33, -2.85) to (1.85, -2.87)
[component_container_isolated-1] [WARN] [1790157617.856977791] [robot1.planner_server]: Planner loop missed its desired rate of 20.0000 Hz. Current loop rate is 1.1354 Hz
[component_container_isolated-1] [INFO] [1790157617.875989074] [robot1.controller_server]: Received a goal, begin computing control effort.
[component_container_isolated-1] [ERROR] [1790157617.876106714] [tf_help]: Transform data too old when converting from odom to map
[component_container_isolated-1] [ERROR] [1790157617.876136857] [tf_help]: Data time: 1790157612s 270407904ns, Transform time: 1790157609s 386658853ns
[component_container_isolated-1] [WARN] [1790157617.876160828] [robot1.controller_server]: Unable to transform robot pose into global plan's frame
[component_container_isolated-1] [ERROR] [1790157617.876246527] [tf_help]: Transform data too old when converting from map to odom
[component_container_isolated-1] [ERROR] [1790157617.876254135] [tf_help]: Data time: 1790157617s 856374188ns, Transform time: 1790157609s 386658853ns
[component_container_isolated-1] [ERROR] [1790157617.926203299] [tf_help]: Transform data too old when converting from odom to map
[component_container_isolated-1] [ERROR] [1790157617.926237604] [tf_help]: Data time: 1790157612s 270407904ns, Transform time: 1790157609s 386658853ns
[component_container_isolated-1] [WARN] [1790157617.926261127] [robot1.controller_server]: Unable to transform robot pose into global plan's frame
[component_container_isolated-1] [ERROR] [1790157617.926352168] [tf_help]: Transform data too old when converting from map to odom
[component_container_isolated-1] [ERROR] [1790157617.926359550] [tf_help]: Data time: 1790157617s 856374188ns, Transform time: 1790157609s 386658853ns
[component_container_isolated-1] [ERROR] [1790157617.976294995] [tf_help]: Transform data too old when converting from odom to map
[component_container_isolated-1] [ERROR] [1790157617.976330649] [tf_help]: Data time: 1790157612s 270407904ns, Transform time: 1790157609s 386658853ns
[component_container_isolated-1] [WARN] [1790157617.976354448] [robot1.controller_server]: Unable to transform robot pose into global plan's frame
[component_container_isolated-1] [ERROR] [1790157617.976449728] [tf_help]: Transform data too old when converting from map to odom
[component_container_isolated-1] [ERROR] [1790157617.976458073] [tf_help]: Data time: 1790157617s 856374188ns, Transform time: 1790157609s 386658853ns
[component_container_isolated-1] [ERROR] [1790157618.026210090] [tf_help]: Transform data too old when converting from odom to map
[component_container_isolated-1] [ERROR] [1790157618.026244976] [tf_help]: Data time: 1790157612s 270407904ns, Transform time: 1790157609s 386658853ns
[component_container_isolated-1] [WARN] [1790157618.026267854] [robot1.controller_server]: Unable to transform robot pose into global plan's frame
[component_container_isolated-1] [ERROR] [1790157618.026358944] [tf_help]: Transform data too old when converting from map to odom
[component_container_isolated-1] [ERROR] [1790157618.026366575] [tf_help]: Data time: 1790157617s 856374188ns, Transform time: 1790157609s 386658853ns
[component_container_isolated-1] [ERROR] [1790157618.076281136] [tf_help]: Transform data too old when converting from odom to map
[component_container_isolated-1] [ERROR] [1790157618.076314320] [tf_help]: Data time: 1790157612s 270407904ns, Transform time: 1790157609s 386658853ns
[component_container_isolated-1] [WARN] [1790157618.076337251] [robot1.controller_server]: Unable to transform robot pose into global plan's frame
[component_container_isolated-1] [ERROR] [1790157618.076425545] [tf_help]: Transform data too old when converting from map to odom
[component_container_isolated-1] [ERROR] [1790157618.076433058] [tf_help]: Data time: 1790157617s 856374188ns, Transform time: 1790157609s 386658853ns
[component_container_isolated-1] [ERROR] [1790157618.126288489] [tf_help]: Transform data too old when converting from odom to map
[component_container_isolated-1] [ERROR] [1790157618.126321967] [tf_help]: Data time: 1790157612s 270407904ns, Transform time: 1790157609s 386658853ns
[component_container_isolated-1] [WARN] [1790157618.126344936] [robot1.controller_server]: Unable to transform robot pose into global plan's frame
[component_container_isolated-1] [ERROR] [1790157618.126435087] [tf_help]: Transform data too old when converting from map to odom
[component_container_isolated-1] [ERROR] [1790157618.126443148] [tf_help]: Data time: 1790157617s 856374188ns, Transform time: 1790157609s 386658853ns
[component_container_isolated-1] [ERROR] [1790157618.176157218] [tf_help]: Transform data too old when converting from odom to map
[component_container_isolated-1] [ERROR] [1790157618.176183053] [tf_help]: Data time: 1790157612s 270407904ns, Transform time: 1790157609s 386658853ns
[component_container_isolated-1] [WARN] [1790157618.176200096] [robot1.controller_server]: Unable to transform robot pose into global plan's frame
[component_container_isolated-1] [ERROR] [1790157618.176216912] [robot1.controller_server]: Controller patience exceeded
[component_container_isolated-1] [WARN] [1790157618.176234426] [robot1.controller_server]: [follow_path] [ActionServer] Aborting handle.
[component_container_isolated-1] [INFO] [1790157618.195746634] [robot1.local_costmap.local_costmap]: Received request to clear entirely the local_costmap
[component_container_isolated-1] [INFO] [1790157618.196029825] [robot1.controller_server]: Received a goal, begin computing control effort.
[component_container_isolated-1] [ERROR] [1790157618.296336938] [tf_help]: Transform data too old when converting from odom to map
[component_container_isolated-1] [ERROR] [1790157618.296383320] [tf_help]: Data time: 1790157612s 270407904ns, Transform time: 1790157609s 386658853ns
[component_container_isolated-1] [WARN] [1790157618.296407057] [robot1.controller_server]: Unable to transform robot pose into global plan's frame
[component_container_isolated-1] [ERROR] [1790157618.296501944] [tf_help]: Transform data too old when converting from map to odom
[component_container_isolated-1] [ERROR] [1790157618.296509757] [tf_help]: Data time: 1790157617s 856374188ns, Transform time: 1790157609s 386658853ns
[component_container_isolated-1] [WARN] [1790157618.296527623] [robot1.controller_server]: Control loop missed its desired rate of 20.0000Hz
[component_container_isolated-1] [ERROR] [1790157618.296689756] [tf_help]: Transform data too old when converting from odom to map
[component_container_isolated-1] [ERROR] [1790157618.296710156] [tf_help]: Data time: 1790157612s 270407904ns, Transform time: 1790157609s 386658853ns
[component_container_isolated-1] [WARN] [1790157618.296727714] [robot1.controller_server]: Unable to transform robot pose into global plan's frame
[component_container_isolated-1] [ERROR] [1790157618.296781622] [tf_help]: Transform data too old when converting from map to odom
[component_container_isolated-1] [ERROR] [1790157618.296784081] [tf_help]: Data time: 1790157617s 856374188ns, Transform time: 1790157609s 386658853ns
[component_container_isolated-1] [ERROR] [1790157618.347043382] [tf_help]: Transform data too old when converting from odom to map
[component_container_isolated-1] [ERROR] [1790157618.347066041] [tf_help]: Data time: 1790157612s 270407904ns, Transform time: 1790157609s 386658853ns
[component_container_isolated-1] [WARN] [1790157618.347081660] [robot1.controller_server]: Unable to transform robot pose into global plan's frame
[component_container_isolated-1] [ERROR] [1790157618.347131992] [tf_help]: Transform data too old when converting from map to odom
[component_container_isolated-1] [ERROR] [1790157618.347134504] [tf_help]: Data time: 1790157617s 856374188ns, Transform time: 1790157609s 386658853ns
[component_container_isolated-1] [ERROR] [1790157618.397345817] [tf_help]: Transform data too old when converting from odom to map
[component_container_isolated-1] [ERROR] [1790157618.397372222] [tf_help]: Data time: 1790157612s 270407904ns, Transform time: 1790157609s 386658853ns
[component_container_isolated-1] [WARN] [1790157618.397388445] [robot1.controller_server]: Unable to transform robot pose into global plan's frame
[component_container_isolated-1] [ERROR] [1790157618.397440234] [tf_help]: Transform data too old when converting from map to odom
[component_container_isolated-1] [ERROR] [1790157618.397442624] [tf_help]: Data time: 1790157617s 856374188ns, Transform time: 1790157609s 386658853ns
[component_container_isolated-1] [INFO] [1790157618.425661011] [robot1.bt_navigator]: Received goal preemption request
[component_container_isolated-1] [INFO] [1790157618.425740100] [robot1.bt_navigator]: Begin navigating from current location (3.33, -2.85) to (2.01, -3.52)
[component_container_isolated-1] [ERROR] [1790157618.447584194] [tf_help]: Transform data too old when converting from odom to map
[component_container_isolated-1] [ERROR] [1790157618.447600217] [tf_help]: Data time: 1790157612s 270407904ns, Transform time: 1790157609s 386658853ns
[component_container_isolated-1] [WARN] [1790157618.447615937] [robot1.controller_server]: Unable to transform robot pose into global plan's frame
[component_container_isolated-1] [ERROR] [1790157618.447663612] [tf_help]: Transform data too old when converting from map to odom
[component_container_isolated-1] [ERROR] [1790157618.447666063] [tf_help]: Data time: 1790157617s 856374188ns, Transform time: 1790157609s 386658853ns
[component_container_isolated-1] [ERROR] [1790157618.497765089] [tf_help]: Transform data too old when converting from odom to map
[component_container_isolated-1] [ERROR] [1790157618.497785053] [tf_help]: Data time: 1790157612s 270407904ns, Transform time: 1790157609s 386658853ns
[component_container_isolated-1] [WARN] [1790157618.497801235] [robot1.controller_server]: Unable to transform robot pose into global plan's frame
[component_container_isolated-1] [ERROR] [1790157618.497817199] [robot1.controller_server]: Controller patience exceeded
[component_container_isolated-1] [WARN] [1790157618.497834520] [robot1.controller_server]: [follow_path] [ActionServer] Aborting handle.
[component_container_isolated-1] [INFO] [1790157618.515888240] [robot1.behavior_server]: Running spin
[component_container_isolated-1] [INFO] [1790157618.515960210] [robot1.behavior_server]: Turning 1.57 for spin behavior.
[component_container_isolated-1] [INFO] [1790157619.425610454] [robot1.bt_navigator]: Received goal preemption request
[component_container_isolated-1] [INFO] [1790157619.425694097] [robot1.bt_navigator]: Begin navigating from current location (3.33, -2.85) to (1.58, -2.65)
[component_container_isolated-1] [INFO] [1790157620.425652228] [robot1.bt_navigator]: Received goal preemption request
[component_container_isolated-1] [INFO] [1790157620.425754479] [robot1.bt_navigator]: Begin navigating from current location (3.33, -2.85) to (1.70, -3.72)
[component_container_isolated-1] [INFO] [1790157621.425635402] [robot1.bt_navigator]: Received goal preemption request
[component_container_isolated-1] [INFO] [1790157621.425769769] [robot1.bt_navigator]: Begin navigating from current location (3.33, -2.85) to (1.24, -2.77)
[component_container_isolated-1] [INFO] [1790157622.425705417] [robot1.bt_navigator]: Received goal preemption request
[component_container_isolated-1] [INFO] [1790157622.425858493] [robot1.bt_navigator]: Begin navigating from current location (3.33, -2.85) to (0.90, -2.63)
[component_container_isolated-1] [INFO] [1790157623.425665019] [robot1.bt_navigator]: Received goal preemption request
[component_container_isolated-1] [INFO] [1790157623.425800669] [robot1.bt_navigator]: Begin navigating from current location (3.33, -2.85) to (2.00, -3.18)
[component_container_isolated-1] [ERROR] [1790157625.376491727] [transformPoseInTargetFrame]: Extrapolation Error looking up target frame: Lookup would require extrapolation into the past.  Requested time 1790157609.386659 but the earliest data is at time 1790157611.972295, when looking up transform from frame [base_link] to frame [map]
[component_container_isolated-1] 
[component_container_isolated-1] [WARN] [1790157625.376599658] [BehaviorTreeEngine]: Behavior Tree tick rate 100.00 was exceeded!
[component_container_isolated-1] [ERROR] [1790157625.477598440] [transformPoseInTargetFrame]: Extrapolation Error looking up target frame: Lookup would require extrapolation into the past.  Requested time 1790157609.386659 but the earliest data is at time 1790157612.131193, when looking up transform from frame [base_link] to frame [map]
[component_container_isolated-1] 
[component_container_isolated-1] [WARN] [1790157625.477680091] [BehaviorTreeEngine]: Behavior Tree tick rate 100.00 was exceeded!
[component_container_isolated-1] [ERROR] [1790157625.578667234] [transformPoseInTargetFrame]: Extrapolation Error looking up target frame: Lookup would require extrapolation into the past.  Requested time 1790157609.386659 but the earliest data is at time 1790157612.131193, when looking up transform from frame [base_link] to frame [map]
[component_container_isolated-1] 
[component_container_isolated-1] [WARN] [1790157625.578738634] [BehaviorTreeEngine]: Behavior Tree tick rate 100.00 was exceeded!
[component_container_isolated-1] [ERROR] [1790157625.679747914] [transformPoseInTargetFrame]: Extrapolation Error looking up target frame: Lookup would require extrapolation into the past.  Requested time 1790157609.386659 but the earliest data is at time 1790157612.131193, when looking up transform from frame [base_link] to frame [map]
[component_container_isolated-1] 
[component_container_isolated-1] [WARN] [1790157625.679814999] [BehaviorTreeEngine]: Behavior Tree tick rate 100.00 was exceeded!
[component_container_isolated-1] [ERROR] [1790157625.780688048] [transformPoseInTargetFrame]: Extrapolation Error looking up target frame: Lookup would require extrapolation into the past.  Requested time 1790157609.386659 but the earliest data is at time 1790157612.131193, when looking up transform from frame [base_link] to frame [map]
[component_container_isolated-1] 
[component_container_isolated-1] [WARN] [1790157625.780774401] [BehaviorTreeEngine]: Behavior Tree tick rate 100.00 was exceeded!
[component_container_isolated-1] [ERROR] [1790157625.881732277] [transformPoseInTargetFrame]: Extrapolation Error looking up target frame: Lookup would require extrapolation into the past.  Requested time 1790157609.386659 but the earliest data is at time 1790157612.131193, when looking up transform from frame [base_link] to frame [map]
[component_container_isolated-1] 
[component_container_isolated-1] [WARN] [1790157625.881798015] [BehaviorTreeEngine]: Behavior Tree tick rate 100.00 was exceeded!
[component_container_isolated-1] [ERROR] [1790157625.982754323] [transformPoseInTargetFrame]: Extrapolation Error looking up target frame: Lookup would require extrapolation into the past.  Requested time 1790157609.386659 but the earliest data is at time 1790157612.131193, when looking up transform from frame [base_link] to frame [map]
[component_container_isolated-1] 
[component_container_isolated-1] [WARN] [1790157625.982834194] [BehaviorTreeEngine]: Behavior Tree tick rate 100.00 was exceeded!
[component_container_isolated-1] [ERROR] [1790157626.083724254] [transformPoseInTargetFrame]: Extrapolation Error looking up target frame: Lookup would require extrapolation into the past.  Requested time 1790157609.386659 but the earliest data is at time 1790157612.180900, when looking up transform from frame [base_link] to frame [map]
[component_container_isolated-1] 
[component_container_isolated-1] [WARN] [1790157626.083798770] [BehaviorTreeEngine]: Behavior Tree tick rate 100.00 was exceeded!
[component_container_isolated-1] [ERROR] [1790157626.154564047] [transformPoseInTargetFrame]: Extrapolation Error looking up target frame: Lookup would require extrapolation into the past.  Requested time 1790157609.386659 but the earliest data is at time 1790157612.180900, when looking up transform from frame [base_link] to frame [map]
[component_container_isolated-1] 
[component_container_isolated-1] [ERROR] [1790157626.184714670] [transformPoseInTargetFrame]: Extrapolation Error looking up target frame: Lookup would require extrapolation into the past.  Requested time 1790157609.386659 but the earliest data is at time 1790157612.180900, when looking up transform from frame [base_link] to frame [map]
[component_container_isolated-1] 
[component_container_isolated-1] [WARN] [1790157626.184783671] [BehaviorTreeEngine]: Behavior Tree tick rate 100.00 was exceeded!
[component_container_isolated-1] [ERROR] [1790157626.285655458] [transformPoseInTargetFrame]: Extrapolation Error looking up target frame: Lookup would require extrapolation into the past.  Requested time 1790157609.386659 but the earliest data is at time 1790157612.180900, when looking up transform from frame [base_link] to frame [map]
[component_container_isolated-1] 
[component_container_isolated-1] [WARN] [1790157626.285713593] [BehaviorTreeEngine]: Behavior Tree tick rate 100.00 was exceeded!
[component_container_isolated-1] [ERROR] [1790157626.386621885] [transformPoseInTargetFrame]: Extrapolation Error looking up target frame: Lookup would require extrapolation into the past.  Requested time 1790157609.386659 but the earliest data is at time 1790157612.180900, when looking up transform from frame [base_link] to frame [map]
[component_container_isolated-1] 
[component_container_isolated-1] [WARN] [1790157626.386698168] [BehaviorTreeEngine]: Behavior Tree tick rate 100.00 was exceeded!
[component_container_isolated-1] [ERROR] [1790157626.487839251] [transformPoseInTargetFrame]: Extrapolation Error looking up target frame: Lookup would require extrapolation into the past.  Requested time 1790157609.386659 but the earliest data is at time 1790157612.180900, when looking up transform from frame [base_link] to frame [map]
[component_container_isolated-1] 
[component_container_isolated-1] [WARN] [1790157626.487904467] [BehaviorTreeEngine]: Behavior Tree tick rate 100.00 was exceeded!
[component_container_isolated-1] [ERROR] [1790157626.588749018] [transformPoseInTargetFrame]: Extrapolation Error looking up target frame: Lookup would require extrapolation into the past.  Requested time 1790157609.386659 but the earliest data is at time 1790157612.180900, when looking up transform from frame [base_link] to frame [map]
[component_container_isolated-1] 
[component_container_isolated-1] [WARN] [1790157626.588817154] [BehaviorTreeEngine]: Behavior Tree tick rate 100.00 was exceeded!
[component_container_isolated-1] [ERROR] [1790157626.689750376] [transformPoseInTargetFrame]: Extrapolation Error looking up target frame: Lookup would require extrapolation into the past.  Requested time 1790157609.386659 but the earliest data is at time 1790157612.180900, when looking up transform from frame [base_link] to frame [map]
[component_container_isolated-1] 
[component_container_isolated-1] [WARN] [1790157626.689827970] [BehaviorTreeEngine]: Behavior Tree tick rate 100.00 was exceeded!
[component_container_isolated-1] [ERROR] [1790157626.790936054] [transformPoseInTargetFrame]: Extrapolation Error looking up target frame: Lookup would require extrapolation into the past.  Requested time 1790157609.386659 but the earliest data is at time 1790157612.180900, when looking up transform from frame [base_link] to frame [map]
[component_container_isolated-1] 
[component_container_isolated-1] [WARN] [1790157626.791012779] [BehaviorTreeEngine]: Behavior Tree tick rate 100.00 was exceeded!
[component_container_isolated-1] [ERROR] [1790157626.891837479] [transformPoseInTargetFrame]: Extrapolation Error looking up target frame: Lookup would require extrapolation into the past.  Requested time 1790157609.386659 but the earliest data is at time 1790157612.270408, when looking up transform from frame [base_link] to frame [map]
[component_container_isolated-1] 
[component_container_isolated-1] [WARN] [1790157626.891899486] [BehaviorTreeEngine]: Behavior Tree tick rate 100.00 was exceeded!
[component_container_isolated-1] [ERROR] [1790157626.992801898] [transformPoseInTargetFrame]: Extrapolation Error looking up target frame: Lookup would require extrapolation into the past.  Requested time 1790157609.386659 but the earliest data is at time 1790157612.270408, when looking up transform from frame [base_link] to frame [map]
[component_container_isolated-1] 
[component_container_isolated-1] [WARN] [1790157626.992876206] [BehaviorTreeEngine]: Behavior Tree tick rate 100.00 was exceeded!
[component_container_isolated-1] [ERROR] [1790157627.093804182] [transformPoseInTargetFrame]: Extrapolation Error looking up target frame: Lookup would require extrapolation into the past.  Requested time 1790157609.386659 but the earliest data is at time 1790157616.583093, when looking up transform from frame [base_link] to frame [map]
[component_container_isolated-1] 
[component_container_isolated-1] [WARN] [1790157627.093903006] [BehaviorTreeEngine]: Behavior Tree tick rate 100.00 was exceeded!
[component_container_isolated-1] [ERROR] [1790157627.155384641] [transformPoseInTargetFrame]: Extrapolation Error looking up target frame: Lookup would require extrapolation into the past.  Requested time 1790157609.386659 but the earliest data is at time 1790157616.583093, when looking up transform from frame [base_link] to frame [map]
[component_container_isolated-1] 
[component_container_isolated-1] [ERROR] [1790157627.194798758] [transformPoseInTargetFrame]: Extrapolation Error looking up target frame: Lookup would require extrapolation into the past.  Requested time 1790157609.386659 but the earliest data is at time 1790157616.583093, when looking up transform from frame [base_link] to frame [map]
[component_container_isolated-1] 
[component_container_isolated-1] [WARN] [1790157627.194880195] [BehaviorTreeEngine]: Behavior Tree tick rate 100.00 was exceeded!
[component_container_isolated-1] [ERROR] [1790157627.295768854] [transformPoseInTargetFrame]: Extrapolation Error looking up target frame: Lookup would require extrapolation into the past.  Requested time 1790157609.386659 but the earliest data is at time 1790157616.583093, when looking up transform from frame [base_link] to frame [map]
[component_container_isolated-1] 
[component_container_isolated-1] [WARN] [1790157627.295845571] [BehaviorTreeEngine]: Behavior Tree tick rate 100.00 was exceeded!
[component_container_isolated-1] [ERROR] [1790157627.396901254] [transformPoseInTargetFrame]: Extrapolation Error looking up target frame: Lookup would require extrapolation into the past.  Requested time 1790157609.386659 but the earliest data is at time 1790157616.583093, when looking up transform from frame [base_link] to frame [map]
[component_container_isolated-1] 
[component_container_isolated-1] [WARN] [1790157627.396974561] [BehaviorTreeEngine]: Behavior Tree tick rate 100.00 was exceeded!
[component_container_isolated-1] [ERROR] [1790157627.497934930] [transformPoseInTargetFrame]: Extrapolation Error looking up target frame: Lookup would require extrapolation into the past.  Requested time 1790157609.386659 but the earliest data is at time 1790157616.583093, when looking up transform from frame [base_link] to frame [map]
[component_container_isolated-1] 
[component_container_isolated-1] [WARN] [1790157627.498020653] [BehaviorTreeEngine]: Behavior Tree tick rate 100.00 was exceeded!
[component_container_isolated-1] [ERROR] [1790157627.599670307] [transformPoseInTargetFrame]: Extrapolation Error looking up target frame: Lookup would require extrapolation into the past.  Requested time 1790157609.386659 but the earliest data is at time 1790157616.583093, when looking up transform from frame [base_link] to frame [map]
[component_container_isolated-1] 
[component_container_isolated-1] [WARN] [1790157627.599794930] [BehaviorTreeEngine]: Behavior Tree tick rate 100.00 was exceeded!
[component_container_isolated-1] [ERROR] [1790157627.701742864] [transformPoseInTargetFrame]: Extrapolation Error looking up target frame: Lookup would require extrapolation into the past.  Requested time 1790157609.386659 but the earliest data is at time 1790157616.583093, when looking up transform from frame [base_link] to frame [map]
[component_container_isolated-1] 
[component_container_isolated-1] [WARN] [1790157627.701842208] [BehaviorTreeEngine]: Behavior Tree tick rate 100.00 was exceeded!
[component_container_isolated-1] [ERROR] [1790157627.803133135] [transformPoseInTargetFrame]: Extrapolation Error looking up target frame: Lookup would require extrapolation into the past.  Requested time 1790157609.386659 but the earliest data is at time 1790157616.583093, when looking up transform from frame [base_link] to frame [map]
[component_container_isolated-1] 
[component_container_isolated-1] [WARN] [1790157627.803199797] [BehaviorTreeEngine]: Behavior Tree tick rate 100.00 was exceeded!
[component_container_isolated-1] [ERROR] [1790157627.904140170] [transformPoseInTargetFrame]: Extrapolation Error looking up target frame: Lookup would require extrapolation into the past.  Requested time 1790157609.386659 but the earliest data is at time 1790157616.583093, when looking up transform from frame [base_link] to frame [map]
[component_container_isolated-1] 
[component_container_isolated-1] [WARN] [1790157627.904249714] [BehaviorTreeEngine]: Behavior Tree tick rate 100.00 was exceeded!
[component_container_isolated-1] [ERROR] [1790157628.005286855] [transformPoseInTargetFrame]: Extrapolation Error looking up target frame: Lookup would require extrapolation into the past.  Requested time 1790157609.386659 but the earliest data is at time 1790157616.583093, when looking up transform from frame [base_link] to frame [map]
[component_container_isolated-1] 
[component_container_isolated-1] [WARN] [1790157628.005362133] [BehaviorTreeEngine]: Behavior Tree tick rate 100.00 was exceeded!
[component_container_isolated-1] [ERROR] [1790157628.106332367] [transformPoseInTargetFrame]: Extrapolation Error looking up target frame: Lookup would require extrapolation into the past.  Requested time 1790157609.386659 but the earliest data is at time 1790157616.583093, when looking up transform from frame [base_link] to frame [map]
[component_container_isolated-1] 
[component_container_isolated-1] [WARN] [1790157628.106443364] [BehaviorTreeEngine]: Behavior Tree tick rate 100.00 was exceeded!
[component_container_isolated-1] [ERROR] [1790157628.154958452] [transformPoseInTargetFrame]: Extrapolation Error looking up target frame: Lookup would require extrapolation into the past.  Requested time 1790157609.386659 but the earliest data is at time 1790157616.583093, when looking up transform from frame [base_link] to frame [map]
[component_container_isolated-1] 
[component_container_isolated-1] [ERROR] [1790157628.207340181] [transformPoseInTargetFrame]: Extrapolation Error looking up target frame: Lookup would require extrapolation into the past.  Requested time 1790157609.386659 but the earliest data is at time 1790157616.583093, when looking up transform from frame [base_link] to frame [map]
[component_container_isolated-1] 
[component_container_isolated-1] [WARN] [1790157628.207431003] [BehaviorTreeEngine]: Behavior Tree tick rate 100.00 was exceeded!
[component_container_isolated-1] [ERROR] [1790157628.308353367] [transformPoseInTargetFrame]: Extrapolation Error looking up target frame: Lookup would require extrapolation into the past.  Requested time 1790157609.386659 but the earliest data is at time 1790157616.583093, when looking up transform from frame [base_link] to frame [map]
[component_container_isolated-1] 
[component_container_isolated-1] [WARN] [1790157628.308424994] [BehaviorTreeEngine]: Behavior Tree tick rate 100.00 was exceeded!
[component_container_isolated-1] [ERROR] [1790157628.409805513] [transformPoseInTargetFrame]: Extrapolation Error looking up target frame: Lookup would require extrapolation into the past.  Requested time 1790157609.386659 but the earliest data is at time 1790157616.583093, when looking up transform from frame [base_link] to frame [map]
[component_container_isolated-1] 
[component_container_isolated-1] [WARN] [1790157628.409880899] [BehaviorTreeEngine]: Behavior Tree tick rate 100.00 was exceeded!
[component_container_isolated-1] [ERROR] [1790157628.511009018] [transformPoseInTargetFrame]: Extrapolation Error looking up target frame: Lookup would require extrapolation into the past.  Requested time 1790157609.386659 but the earliest data is at time 1790157616.583093, when looking up transform from frame [base_link] to frame [map]
[component_container_isolated-1] 
[component_container_isolated-1] [WARN] [1790157628.511079060] [BehaviorTreeEngine]: Behavior Tree tick rate 100.00 was exceeded!
[component_container_isolated-1] [WARN] [1790157628.516116985] [robot1.behavior_server]: Exceeded time allowance before reaching the Spin goal - Exiting Spin
[component_container_isolated-1] [WARN] [1790157628.516135354] [robot1.behavior_server]: spin failed
[component_container_isolated-1] [WARN] [1790157628.516142877] [robot1.behavior_server]: [spin] [ActionServer] Aborting handle.
[component_container_isolated-1] [ERROR] [1790157628.612034659] [transformPoseInTargetFrame]: Extrapolation Error looking up target frame: Lookup would require extrapolation into the past.  Requested time 1790157609.386659 but the earliest data is at time 1790157616.583093, when looking up transform from frame [base_link] to frame [map]
[component_container_isolated-1] 
[component_container_isolated-1] [WARN] [1790157628.612151933] [BehaviorTreeEngine]: Behavior Tree tick rate 100.00 was exceeded!
[component_container_isolated-1] [ERROR] [1790157628.713219500] [transformPoseInTargetFrame]: Extrapolation Error looking up target frame: Lookup would require extrapolation into the past.  Requested time 1790157609.386659 but the earliest data is at time 1790157616.583093, when looking up transform from frame [base_link] to frame [map]
[component_container_isolated-1] 
[component_container_isolated-1] [WARN] [1790157628.713308801] [BehaviorTreeEngine]: Behavior Tree tick rate 100.00 was exceeded!
[component_container_isolated-1] [INFO] [1790157628.713678804] [robot1.behavior_server]: Running wait
[component_container_isolated-1] [ERROR] [1790157628.814488529] [transformPoseInTargetFrame]: Extrapolation Error looking up target frame: Lookup would require extrapolation into the past.  Requested time 1790157609.386659 but the earliest data is at time 1790157616.583093, when looking up transform from frame [base_link] to frame [map]
[component_container_isolated-1] 
[component_container_isolated-1] [WARN] [1790157628.814583675] [BehaviorTreeEngine]: Behavior Tree tick rate 100.00 was exceeded!
[component_container_isolated-1] [ERROR] [1790157628.915659842] [transformPoseInTargetFrame]: Extrapolation Error looking up target frame: Lookup would require extrapolation into the past.  Requested time 1790157609.386659 but the earliest data is at time 1790157616.583093, when looking up transform from frame [base_link] to frame [map]
[component_container_isolated-1] 
[component_container_isolated-1] [WARN] [1790157628.915739015] [BehaviorTreeEngine]: Behavior Tree tick rate 100.00 was exceeded!
[component_container_isolated-1] [ERROR] [1790157629.016709638] [transformPoseInTargetFrame]: Extrapolation Error looking up target frame: Lookup would require extrapolation into the past.  Requested time 1790157609.386659 but the earliest data is at time 1790157616.583093, when looking up transform from frame [base_link] to frame [map]
[component_container_isolated-1] 
[component_container_isolated-1] [WARN] [1790157629.016805601] [BehaviorTreeEngine]: Behavior Tree tick rate 100.00 was exceeded!
[component_container_isolated-1] [ERROR] [1790157629.117802236] [transformPoseInTargetFrame]: Extrapolation Error looking up target frame: Lookup would require extrapolation into the past.  Requested time 1790157609.386659 but the earliest data is at time 1790157616.583093, when looking up transform from frame [base_link] to frame [map]
[component_container_isolated-1] 
[component_container_isolated-1] [WARN] [1790157629.117897592] [BehaviorTreeEngine]: Behavior Tree tick rate 100.00 was exceeded!
[component_container_isolated-1] [ERROR] [1790157629.154619494] [transformPoseInTargetFrame]: Extrapolation Error looking up target frame: Lookup would require extrapolation into the past.  Requested time 1790157609.386659 but the earliest data is at time 1790157616.583093, when looking up transform from frame [base_link] to frame [map]
[component_container_isolated-1] 
[component_container_isolated-1] [ERROR] [1790157629.219248482] [transformPoseInTargetFrame]: Extrapolation Error looking up target frame: Lookup would require extrapolation into the past.  Requested time 1790157609.386659 but the earliest data is at time 1790157616.583093, when looking up transform from frame [base_link] to frame [map]
[component_container_isolated-1] 
[component_container_isolated-1] [WARN] [1790157629.219357305] [BehaviorTreeEngine]: Behavior Tree tick rate 100.00 was exceeded!
[component_container_isolated-1] [ERROR] [1790157629.320286849] [transformPoseInTargetFrame]: Extrapolation Error looking up target frame: Lookup would require extrapolation into the past.  Requested time 1790157609.386659 but the earliest data is at time 1790157616.583093, when looking up transform from frame [base_link] to frame [map]
[component_container_isolated-1] 
[component_container_isolated-1] [WARN] [1790157629.320355772] [BehaviorTreeEngine]: Behavior Tree tick rate 100.00 was exceeded!
[component_container_isolated-1] [ERROR] [1790157629.421706396] [transformPoseInTargetFrame]: Extrapolation Error looking up target frame: Lookup would require extrapolation into the past.  Requested time 1790157609.386659 but the earliest data is at time 1790157616.583093, when looking up transform from frame [base_link] to frame [map]
[component_container_isolated-1] 
[component_container_isolated-1] [WARN] [1790157629.421797878] [BehaviorTreeEngine]: Behavior Tree tick rate 100.00 was exceeded!
[component_container_isolated-1] [ERROR] [1790157629.523550279] [transformPoseInTargetFrame]: Extrapolation Error looking up target frame: Lookup would require extrapolation into the past.  Requested time 1790157609.386659 but the earliest data is at time 1790157616.583093, when looking up transform from frame [base_link] to frame [map]
[component_container_isolated-1] 
[component_container_isolated-1] [WARN] [1790157629.523628869] [BehaviorTreeEngine]: Behavior Tree tick rate 100.00 was exceeded!
[component_container_isolated-1] [ERROR] [1790157629.625601017] [transformPoseInTargetFrame]: Extrapolation Error looking up target frame: Lookup would require extrapolation into the past.  Requested time 1790157609.386659 but the earliest data is at time 1790157616.583093, when looking up transform from frame [base_link] to frame [map]
[component_container_isolated-1] 
[component_container_isolated-1] [WARN] [1790157629.625674598] [BehaviorTreeEngine]: Behavior Tree tick rate 100.00 was exceeded!
[component_container_isolated-1] [ERROR] [1790157629.727596577] [transformPoseInTargetFrame]: Extrapolation Error looking up target frame: Lookup would require extrapolation into the past.  Requested time 1790157609.386659 but the earliest data is at time 1790157616.583093, when looking up transform from frame [base_link] to frame [map]
[component_container_isolated-1] 
[component_container_isolated-1] [WARN] [1790157629.727670228] [BehaviorTreeEngine]: Behavior Tree tick rate 100.00 was exceeded!
[component_container_isolated-1] [ERROR] [1790157629.829526775] [transformPoseInTargetFrame]: Extrapolation Error looking up target frame: Lookup would require extrapolation into the past.  Requested time 1790157609.386659 but the earliest data is at time 1790157616.583093, when looking up transform from frame [base_link] to frame [map]
[component_container_isolated-1] 
[component_container_isolated-1] [WARN] [1790157629.829595598] [BehaviorTreeEngine]: Behavior Tree tick rate 100.00 was exceeded!
[component_container_isolated-1] [ERROR] [1790157629.931611162] [transformPoseInTargetFrame]: Extrapolation Error looking up target frame: Lookup would require extrapolation into the past.  Requested time 1790157609.386659 but the earliest data is at time 1790157616.583093, when looking up transform from frame [base_link] to frame [map]
[component_container_isolated-1] 
[component_container_isolated-1] [WARN] [1790157629.931672148] [BehaviorTreeEngine]: Behavior Tree tick rate 100.00 was exceeded!
[component_container_isolated-1] [ERROR] [1790157630.033145246] [transformPoseInTargetFrame]: Extrapolation Error looking up target frame: Lookup would require extrapolation into the past.  Requested time 1790157609.386659 but the earliest data is at time 1790157616.583093, when looking up transform from frame [base_link] to frame [map]
[component_container_isolated-1] 
[component_container_isolated-1] [WARN] [1790157630.033227084] [BehaviorTreeEngine]: Behavior Tree tick rate 100.00 was exceeded!
[component_container_isolated-1] [ERROR] [1790157630.134167487] [transformPoseInTargetFrame]: Extrapolation Error looking up target frame: Lookup would require extrapolation into the past.  Requested time 1790157609.386659 but the earliest data is at time 1790157616.583093, when looking up transform from frame [base_link] to frame [map]
[component_container_isolated-1] 
[component_container_isolated-1] [WARN] [1790157630.134247755] [BehaviorTreeEngine]: Behavior Tree tick rate 100.00 was exceeded!
[component_container_isolated-1] [ERROR] [1790157630.154648930] [transformPoseInTargetFrame]: Extrapolation Error looking up target frame: Lookup would require extrapolation into the past.  Requested time 1790157609.386659 but the earliest data is at time 1790157616.583093, when looking up transform from frame [base_link] to frame [map]
[component_container_isolated-1] 
[component_container_isolated-1] [ERROR] [1790157630.235234193] [transformPoseInTargetFrame]: Extrapolation Error looking up target frame: Lookup would require extrapolation into the past.  Requested time 1790157609.386659 but the earliest data is at time 1790157616.583093, when looking up transform from frame [base_link] to frame [map]
[component_container_isolated-1] 
[component_container_isolated-1] [WARN] [1790157630.235306150] [BehaviorTreeEngine]: Behavior Tree tick rate 100.00 was exceeded!
[component_container_isolated-1] [ERROR] [1790157630.336207849] [transformPoseInTargetFrame]: Extrapolation Error looking up target frame: Lookup would require extrapolation into the past.  Requested time 1790157609.386659 but the earliest data is at time 1790157616.583093, when looking up transform from frame [base_link] to frame [map]
[component_container_isolated-1] 
[component_container_isolated-1] [WARN] [1790157630.336296131] [BehaviorTreeEngine]: Behavior Tree tick rate 100.00 was exceeded!
[component_container_isolated-1] [ERROR] [1790157630.437296625] [transformPoseInTargetFrame]: Extrapolation Error looking up target frame: Lookup would require extrapolation into the past.  Requested time 1790157609.386659 but the earliest data is at time 1790157616.583093, when looking up transform from frame [base_link] to frame [map]
[component_container_isolated-1] 
[component_container_isolated-1] [WARN] [1790157630.437398344] [BehaviorTreeEngine]: Behavior Tree tick rate 100.00 was exceeded!
[component_container_isolated-1] [ERROR] [1790157630.538769069] [transformPoseInTargetFrame]: Extrapolation Error looking up target frame: Lookup would require extrapolation into the past.  Requested time 1790157609.386659 but the earliest data is at time 1790157616.583093, when looking up transform from frame [base_link] to frame [map]
[component_container_isolated-1] 
[component_container_isolated-1] [WARN] [1790157630.538829290] [BehaviorTreeEngine]: Behavior Tree tick rate 100.00 was exceeded!
[component_container_isolated-1] [ERROR] [1790157630.640409102] [transformPoseInTargetFrame]: Extrapolation Error looking up target frame: Lookup would require extrapolation into the past.  Requested time 1790157609.386659 but the earliest data is at time 1790157616.583093, when looking up transform from frame [base_link] to frame [map]
[component_container_isolated-1] 
[component_container_isolated-1] [WARN] [1790157630.640482361] [BehaviorTreeEngine]: Behavior Tree tick rate 100.00 was exceeded!
[component_container_isolated-1] [ERROR] [1790157630.741734751] [transformPoseInTargetFrame]: Extrapolation Error looking up target frame: Lookup would require extrapolation into the past.  Requested time 1790157609.386659 but the earliest data is at time 1790157616.583093, when looking up transform from frame [base_link] to frame [map]
[component_container_isolated-1] 
[component_container_isolated-1] [WARN] [1790157630.741831801] [BehaviorTreeEngine]: Behavior Tree tick rate 100.00 was exceeded!
[component_container_isolated-1] [ERROR] [1790157630.842929358] [transformPoseInTargetFrame]: Extrapolation Error looking up target frame: Lookup would require extrapolation into the past.  Requested time 1790157609.386659 but the earliest data is at time 1790157616.583093, when looking up transform from frame [base_link] to frame [map]
[component_container_isolated-1] 
[component_container_isolated-1] [WARN] [1790157630.842996319] [BehaviorTreeEngine]: Behavior Tree tick rate 100.00 was exceeded!
[component_container_isolated-1] [ERROR] [1790157630.943892263] [transformPoseInTargetFrame]: Extrapolation Error looking up target frame: Lookup would require extrapolation into the past.  Requested time 1790157609.386659 but the earliest data is at time 1790157616.583093, when looking up transform from frame [base_link] to frame [map]
[component_container_isolated-1] 
[component_container_isolated-1] [WARN] [1790157630.943955893] [BehaviorTreeEngine]: Behavior Tree tick rate 100.00 was exceeded!
[component_container_isolated-1] [ERROR] [1790157631.045195430] [transformPoseInTargetFrame]: Extrapolation Error looking up target frame: Lookup would require extrapolation into the past.  Requested time 1790157609.386659 but the earliest data is at time 1790157616.583093, when looking up transform from frame [base_link] to frame [map]
[component_container_isolated-1] 
[component_container_isolated-1] [WARN] [1790157631.045270035] [BehaviorTreeEngine]: Behavior Tree tick rate 100.00 was exceeded!
[component_container_isolated-1] [ERROR] [1790157631.146853477] [transformPoseInTargetFrame]: Extrapolation Error looking up target frame: Lookup would require extrapolation into the past.  Requested time 1790157609.386659 but the earliest data is at time 1790157616.583093, when looking up transform from frame [base_link] to frame [map]
[component_container_isolated-1] 
[component_container_isolated-1] [WARN] [1790157631.146923869] [BehaviorTreeEngine]: Behavior Tree tick rate 100.00 was exceeded!
[component_container_isolated-1] [ERROR] [1790157631.155029300] [transformPoseInTargetFrame]: Extrapolation Error looking up target frame: Lookup would require extrapolation into the past.  Requested time 1790157609.386659 but the earliest data is at time 1790157616.583093, when looking up transform from frame [base_link] to frame [map]
[component_container_isolated-1] 
[component_container_isolated-1] [ERROR] [1790157631.248011781] [transformPoseInTargetFrame]: Extrapolation Error looking up target frame: Lookup would require extrapolation into the past.  Requested time 1790157609.386659 but the earliest data is at time 1790157616.583093, when looking up transform from frame [base_link] to frame [map]
[component_container_isolated-1] 
[component_container_isolated-1] [WARN] [1790157631.248088463] [BehaviorTreeEngine]: Behavior Tree tick rate 100.00 was exceeded!
[component_container_isolated-1] [ERROR] [1790157631.349248112] [transformPoseInTargetFrame]: Extrapolation Error looking up target frame: Lookup would require extrapolation into the past.  Requested time 1790157609.386659 but the earliest data is at time 1790157616.583093, when looking up transform from frame [base_link] to frame [map]
[component_container_isolated-1] 
[component_container_isolated-1] [WARN] [1790157631.349334739] [BehaviorTreeEngine]: Behavior Tree tick rate 100.00 was exceeded!
[component_container_isolated-1] [ERROR] [1790157631.450330784] [transformPoseInTargetFrame]: Extrapolation Error looking up target frame: Lookup would require extrapolation into the past.  Requested time 1790157609.386659 but the earliest data is at time 1790157616.583093, when looking up transform from frame [base_link] to frame [map]
[component_container_isolated-1] 
[component_container_isolated-1] [WARN] [1790157631.450422348] [BehaviorTreeEngine]: Behavior Tree tick rate 100.00 was exceeded!
[component_container_isolated-1] [ERROR] [1790157631.551492054] [transformPoseInTargetFrame]: Extrapolation Error looking up target frame: Lookup would require extrapolation into the past.  Requested time 1790157609.386659 but the earliest data is at time 1790157616.583093, when looking up transform from frame [base_link] to frame [map]
[component_container_isolated-1] 
[component_container_isolated-1] [WARN] [1790157631.551571619] [BehaviorTreeEngine]: Behavior Tree tick rate 100.00 was exceeded!
[component_container_isolated-1] [ERROR] [1790157631.653213237] [transformPoseInTargetFrame]: Extrapolation Error looking up target frame: Lookup would require extrapolation into the past.  Requested time 1790157609.386659 but the earliest data is at time 1790157616.583093, when looking up transform from frame [base_link] to frame [map]
[component_container_isolated-1] 
[component_container_isolated-1] [WARN] [1790157631.653297685] [BehaviorTreeEngine]: Behavior Tree tick rate 100.00 was exceeded!
[component_container_isolated-1] [ERROR] [1790157631.754456674] [transformPoseInTargetFrame]: Extrapolation Error looking up target frame: Lookup would require extrapolation into the past.  Requested time 1790157609.386659 but the earliest data is at time 1790157616.583093, when looking up transform from frame [base_link] to frame [map]
[component_container_isolated-1] 
[component_container_isolated-1] [WARN] [1790157631.754541851] [BehaviorTreeEngine]: Behavior Tree tick rate 100.00 was exceeded!
[component_container_isolated-1] [ERROR] [1790157631.855456385] [transformPoseInTargetFrame]: Extrapolation Error looking up target frame: Lookup would require extrapolation into the past.  Requested time 1790157609.386659 but the earliest data is at time 1790157616.583093, when looking up transform from frame [base_link] to frame [map]
[component_container_isolated-1] 
[component_container_isolated-1] [WARN] [1790157631.855568415] [BehaviorTreeEngine]: Behavior Tree tick rate 100.00 was exceeded!
[component_container_isolated-1] [ERROR] [1790157631.957092309] [transformPoseInTargetFrame]: Extrapolation Error looking up target frame: Lookup would require extrapolation into the past.  Requested time 1790157609.386659 but the earliest data is at time 1790157616.583093, when looking up transform from frame [base_link] to frame [map]
[component_container_isolated-1] 
[component_container_isolated-1] [WARN] [1790157631.957193536] [BehaviorTreeEngine]: Behavior Tree tick rate 100.00 was exceeded!
[component_container_isolated-1] [ERROR] [1790157632.058639926] [transformPoseInTargetFrame]: Extrapolation Error looking up target frame: Lookup would require extrapolation into the past.  Requested time 1790157609.386659 but the earliest data is at time 1790157616.583093, when looking up transform from frame [base_link] to frame [map]
[component_container_isolated-1] 
[component_container_isolated-1] [WARN] [1790157632.058710925] [BehaviorTreeEngine]: Behavior Tree tick rate 100.00 was exceeded!
[component_container_isolated-1] [ERROR] [1790157632.155744359] [transformPoseInTargetFrame]: Extrapolation Error looking up target frame: Lookup would require extrapolation into the past.  Requested time 1790157609.386659 but the earliest data is at time 1790157616.583093, when looking up transform from frame [base_link] to frame [map]
[component_container_isolated-1] 
[component_container_isolated-1] [ERROR] [1790157632.159668217] [transformPoseInTargetFrame]: Extrapolation Error looking up target frame: Lookup would require extrapolation into the past.  Requested time 1790157609.386659 but the earliest data is at time 1790157616.583093, when looking up transform from frame [base_link] to frame [map]
[component_container_isolated-1] 
[component_container_isolated-1] [WARN] [1790157632.159726771] [BehaviorTreeEngine]: Behavior Tree tick rate 100.00 was exceeded!
[component_container_isolated-1] [ERROR] [1790157632.260737551] [transformPoseInTargetFrame]: Extrapolation Error looking up target frame: Lookup would require extrapolation into the past.  Requested time 1790157609.386659 but the earliest data is at time 1790157616.583093, when looking up transform from frame [base_link] to frame [map]
[component_container_isolated-1] 
[component_container_isolated-1] [WARN] [1790157632.260813660] [BehaviorTreeEngine]: Behavior Tree tick rate 100.00 was exceeded!
[component_container_isolated-1] [ERROR] [1790157632.361656655] [transformPoseInTargetFrame]: Extrapolation Error looking up target frame: Lookup would require extrapolation into the past.  Requested time 1790157609.386659 but the earliest data is at time 1790157616.583093, when looking up transform from frame [base_link] to frame [map]
[component_container_isolated-1] 
[component_container_isolated-1] [WARN] [1790157632.361730480] [BehaviorTreeEngine]: Behavior Tree tick rate 100.00 was exceeded!
[component_container_isolated-1] [ERROR] [1790157632.381909899] [robot1.bt_navigator_navigate_to_pose_rclcpp_node]: Failed to get result for wait in node halt!
[component_container_isolated-1] [INFO] [1790157632.381969620] [robot1.bt_navigator]: [navigate_to_pose] [ActionServer] Client requested to cancel the goal. Cancelling.
[component_container_isolated-1] [INFO] [1790157632.382036517] [robot1.bt_navigator]: Goal canceled
[component_container_isolated-1] [INFO] [1790157632.413792620] [robot1.behavior_server]: Canceling wait
[component_container_isolated-1] [INFO] [1790157632.413886797] [robot1.behavior_server]: [wait] [ActionServer] Client requested to cancel the goal. Cancelling.
[component_container_isolated-1] [ERROR] [1790157633.154823391] [transformPoseInTargetFrame]: Extrapolation Error looking up target frame: Lookup would require extrapolation into the past.  Requested time 1790157609.386659 but the earliest data is at time 1790157616.583093, when looking up transform from frame [base_link] to frame [map]
[component_container_isolated-1] 
[component_container_isolated-1] [ERROR] [1790157634.156102567] [transformPoseInTargetFrame]: Extrapolation Error looking up target frame: Lookup would require extrapolation into the past.  Requested time 1790157609.386659 but the earliest data is at time 1790157616.583093, when looking up transform from frame [base_link] to frame [map]
[component_container_isolated-1] 
[component_container_isolated-1] [ERROR] [1790157635.157445541] [transformPoseInTargetFrame]: Extrapolation Error looking up target frame: Lookup would require extrapolation into the past.  Requested time 1790157609.386659 but the earliest data is at time 1790157616.583093, when looking up transform from frame [base_link] to frame [map]
[component_container_isolated-1] 
[component_container_isolated-1] [ERROR] [1790157636.156568115] [transformPoseInTargetFrame]: Extrapolation Error looking up target frame: Lookup would require extrapolation into the past.  Requested time 1790157609.386659 but the earliest data is at time 1790157616.583093, when looking up transform from frame [base_link] to frame [map]
[component_container_isolated-1] 
[component_container_isolated-1] [ERROR] [1790157637.156038646] [transformPoseInTargetFrame]: Extrapolation Error looking up target frame: Lookup would require extrapolation into the past.  Requested time 1790157609.386659 but the earliest data is at time 1790157621.922156, when looking up transform from frame [base_link] to frame [map]
[component_container_isolated-1] 
[component_container_isolated-1] [ERROR] [1790157638.157130195] [transformPoseInTargetFrame]: Extrapolation Error looking up target frame: Lookup would require extrapolation into the past.  Requested time 1790157609.386659 but the earliest data is at time 1790157621.922156, when looking up transform from frame [base_link] to frame [map]
[component_container_isolated-1] 
[component_container_isolated-1] [ERROR] [1790157639.154643158] [transformPoseInTargetFrame]: Extrapolation Error looking up target frame: Lookup would require extrapolation into the past.  Requested time 1790157609.386659 but the earliest data is at time 1790157621.922156, when looking up transform from frame [base_link] to frame [map]
[component_container_isolated-1] 
[component_container_isolated-1] [ERROR] [1790157640.156215937] [transformPoseInTargetFrame]: Extrapolation Error looking up target frame: Lookup would require extrapolation into the past.  Requested time 1790157609.386659 but the earliest data is at time 1790157621.922156, when looking up transform from frame [base_link] to frame [map]
[component_container_isolated-1] 
[component_container_isolated-1] [ERROR] [1790157641.154956126] [transformPoseInTargetFrame]: Extrapolation Error looking up target frame: Lookup would require extrapolation into the past.  Requested time 1790157609.386659 but the earliest data is at time 1790157621.922156, when looking up transform from frame [base_link] to frame [map]
[component_container_isolated-1] 
[component_container_isolated-1] [ERROR] [1790157642.154674414] [transformPoseInTargetFrame]: Extrapolation Error looking up target frame: Lookup would require extrapolation into the past.  Requested time 1790157609.386659 but the earliest data is at time 1790157621.922156, when looking up transform from frame [base_link] to frame [map]
[component_container_isolated-1] 
[component_container_isolated-1] [INFO] [1790157642.294950275] [robot1.global_costmap.global_costmap]: Message Filter dropping message: frame 'rplidar_link' at time 1790157633.192 for reason 'the timestamp on the message is earlier than all the data in the transform cache'
[component_container_isolated-1] [ERROR] [1790157643.154727552] [transformPoseInTargetFrame]: Extrapolation Error looking up target frame: Lookup would require extrapolation into the past.  Requested time 1790157609.386659 but the earliest data is at time 1790157621.922156, when looking up transform from frame [base_link] to frame [map]
[component_container_isolated-1] 
[component_container_isolated-1] [ERROR] [1790157644.154970367] [transformPoseInTargetFrame]: Extrapolation Error looking up target frame: Lookup would require extrapolation into the past.  Requested time 1790157609.386659 but the earliest data is at time 1790157621.922156, when looking up transform from frame [base_link] to frame [map]
[component_container_isolated-1] 
[component_container_isolated-1] [ERROR] [1790157645.154437505] [transformPoseInTargetFrame]: Extrapolation Error looking up target frame: Lookup would require extrapolation into the past.  Requested time 1790157609.386659 but the earliest data is at time 1790157621.922156, when looking up transform from frame [base_link] to frame [map]
[component_container_isolated-1] 
[component_container_isolated-1] [ERROR] [1790157646.155014378] [transformPoseInTargetFrame]: Extrapolation Error looking up target frame: Lookup would require extrapolation into the past.  Requested time 1790157609.386659 but the earliest data is at time 1790157621.922156, when looking up transform from frame [base_link] to frame [map]
[component_container_isolated-1] 
[component_container_isolated-1] [ERROR] [1790157647.155125179] [transformPoseInTargetFrame]: Extrapolation Error looking up target frame: Lookup would require extrapolation into the past.  Requested time 1790157609.386659 but the earliest data is at time 1790157631.381630, when looking up transform from frame [base_link] to frame [map]
[component_container_isolated-1] 
[component_container_isolated-1] [ERROR] [1790157648.154676843] [transformPoseInTargetFrame]: Extrapolation Error looking up target frame: Lookup would require extrapolation into the past.  Requested time 1790157609.386659 but the earliest data is at time 1790157631.381630, when looking up transform from frame [base_link] to frame [map]
[component_container_isolated-1] 
[component_container_isolated-1] [ERROR] [1790157649.155368340] [transformPoseInTargetFrame]: Extrapolation Error looking up target frame: Lookup would require extrapolation into the past.  Requested time 1790157609.386659 but the earliest data is at time 1790157631.381630, when looking up transform from frame [base_link] to frame [map]
[component_container_isolated-1] 
[component_container_isolated-1] [ERROR] [1790157650.154375191] [transformPoseInTargetFrame]: Extrapolation Error looking up target frame: Lookup would require extrapolation into the past.  Requested time 1790157609.386659 but the earliest data is at time 1790157631.381630, when looking up transform from frame [base_link] to frame [map]
[component_container_isolated-1] 
[component_container_isolated-1] [ERROR] [1790157651.154303044] [transformPoseInTargetFrame]: Extrapolation Error looking up target frame: Lookup would require extrapolation into the past.  Requested time 1790157609.386659 but the earliest data is at time 1790157631.381630, when looking up transform from frame [base_link] to frame [map]
[component_container_isolated-1] 
[component_container_isolated-1] [ERROR] [1790157652.154456819] [transformPoseInTargetFrame]: Extrapolation Error looking up target frame: Lookup would require extrapolation into the past.  Requested time 1790157609.386659 but the earliest data is at time 1790157636.817488, when looking up transform from frame [base_link] to frame [map]
[component_container_isolated-1] 
[component_container_isolated-1] [ERROR] [1790157653.154609505] [transformPoseInTargetFrame]: Extrapolation Error looking up target frame: Lookup would require extrapolation into the past.  Requested time 1790157609.386659 but the earliest data is at time 1790157636.817488, when looking up transform from frame [base_link] to frame [map]
[component_container_isolated-1] 
[component_container_isolated-1] [ERROR] [1790157654.155608220] [transformPoseInTargetFrame]: Extrapolation Error looking up target frame: Lookup would require extrapolation into the past.  Requested time 1790157609.386659 but the earliest data is at time 1790157636.817488, when looking up transform from frame [base_link] to frame [map]
[component_container_isolated-1] 
[component_container_isolated-1] [ERROR] [1790157655.154288182] [transformPoseInTargetFrame]: Extrapolation Error looking up target frame: Lookup would require extrapolation into the past.  Requested time 1790157609.386659 but the earliest data is at time 1790157636.817488, when looking up transform from frame [base_link] to frame [map]
[component_container_isolated-1] 
[component_container_isolated-1] [ERROR] [1790157656.154311637] [transformPoseInTargetFrame]: Extrapolation Error looking up target frame: Lookup would require extrapolation into the past.  Requested time 1790157609.386659 but the earliest data is at time 1790157636.817488, when looking up transform from frame [base_link] to frame [map]
[component_container_isolated-1] 
[component_container_isolated-1] [ERROR] [1790157657.154664760] [transformPoseInTargetFrame]: Extrapolation Error looking up target frame: Lookup would require extrapolation into the past.  Requested time 1790157609.386659 but the earliest data is at time 1790157636.817488, when looking up transform from frame [base_link] to frame [map]
[component_container_isolated-1] 
[component_container_isolated-1] [ERROR] [1790157658.154351985] [transformPoseInTargetFrame]: Extrapolation Error looking up target frame: Lookup would require extrapolation into the past.  Requested time 1790157609.386659 but the earliest data is at time 1790157636.817488, when looking up transform from frame [base_link] to frame [map]
[component_container_isolated-1] 
[component_container_isolated-1] [ERROR] [1790157659.154463419] [transformPoseInTargetFrame]: Extrapolation Error looking up target frame: Lookup would require extrapolation into the past.  Requested time 1790157609.386659 but the earliest data is at time 1790157645.731783, when looking up transform from frame [base_link] to frame [map]
[component_container_isolated-1] 
[component_container_isolated-1] [ERROR] [1790157660.154030022] [transformPoseInTargetFrame]: Extrapolation Error looking up target frame: Lookup would require extrapolation into the past.  Requested time 1790157609.386659 but the earliest data is at time 1790157645.731783, when looking up transform from frame [base_link] to frame [map]
[component_container_isolated-1] 
[component_container_isolated-1] [ERROR] [1790157661.155153999] [transformPoseInTargetFrame]: Extrapolation Error looking up target frame: Lookup would require extrapolation into the past.  Requested time 1790157609.386659 but the earliest data is at time 1790157645.731783, when looking up transform from frame [base_link] to frame [map]
[component_container_isolated-1] 
[component_container_isolated-1] [ERROR] [1790157662.154804534] [transformPoseInTargetFrame]: Extrapolation Error looking up target frame: Lookup would require extrapolation into the past.  Requested time 1790157609.386659 but the earliest data is at time 1790157645.731783, when looking up transform from frame [base_link] to frame [map]
[component_container_isolated-1] 
[component_container_isolated-1] [ERROR] [1790157663.154724635] [transformPoseInTargetFrame]: Extrapolation Error looking up target frame: Lookup would require extrapolation into the past.  Requested time 1790157609.386659 but the earliest data is at time 1790157651.573331, when looking up transform from frame [base_link] to frame [map]
[component_container_isolated-1] 
[component_container_isolated-1] [ERROR] [1790157664.154762177] [transformPoseInTargetFrame]: Extrapolation Error looking up target frame: Lookup would require extrapolation into the past.  Requested time 1790157609.386659 but the earliest data is at time 1790157651.573331, when looking up transform from frame [base_link] to frame [map]
[component_container_isolated-1] 
[component_container_isolated-1] [INFO] [1790157664.156393621] [robot1.local_costmap.local_costmap]: Message Filter dropping message: frame 'rplidar_link' at time 1790157658.766 for reason 'the timestamp on the message is earlier than all the data in the transform cache'
[component_container_isolated-1] [ERROR] [1790157665.154727481] [transformPoseInTargetFrame]: Extrapolation Error looking up target frame: Lookup would require extrapolation into the past.  Requested time 1790157609.386659 but the earliest data is at time 1790157651.573331, when looking up transform from frame [base_link] to frame [map]
[component_container_isolated-1] 
[component_container_isolated-1] [ERROR] [1790157666.155674280] [transformPoseInTargetFrame]: Extrapolation Error looking up target frame: Lookup would require extrapolation into the past.  Requested time 1790157609.386659 but the earliest data is at time 1790157651.573331, when looking up transform from frame [base_link] to frame [map]
[component_container_isolated-1] 
[component_container_isolated-1] [ERROR] [1790157667.156188736] [transformPoseInTargetFrame]: Extrapolation Error looking up target frame: Lookup would require extrapolation into the past.  Requested time 1790157609.386659 but the earliest data is at time 1790157651.573331, when looking up transform from frame [base_link] to frame [map]
[component_container_isolated-1] 
[component_container_isolated-1] [ERROR] [1790157668.154780623] [transformPoseInTargetFrame]: Extrapolation Error looking up target frame: Lookup would require extrapolation into the past.  Requested time 1790157609.386659 but the earliest data is at time 1790157651.573331, when looking up transform from frame [base_link] to frame [map]
[component_container_isolated-1] 
[component_container_isolated-1] [ERROR] [1790157669.154702199] [transformPoseInTargetFrame]: Extrapolation Error looking up target frame: Lookup would require extrapolation into the past.  Requested time 1790157609.386659 but the earliest data is at time 1790157658.022408, when looking up transform from frame [base_link] to frame [map]
[component_container_isolated-1] 
[component_container_isolated-1] [INFO] [1790157743.215233320] [robot1.bt_navigator]: Begin navigating from current location (2.55, -2.28) to (-0.12, 0.26)
[component_container_isolated-1] [INFO] [1790157743.235664444] [robot1.controller_server]: Received a goal, begin computing control effort.
[component_container_isolated-1] [INFO] [1790157744.225473066] [robot1.bt_navigator]: Received goal preemption request
[component_container_isolated-1] [INFO] [1790157744.225585393] [robot1.bt_navigator]: Begin navigating from current location (2.44, -2.22) to (-1.54, 1.34)
[component_container_isolated-1] [INFO] [1790157744.285793698] [robot1.controller_server]: Passing new path to controller.
[component_container_isolated-1] [INFO] [1790157745.225451322] [robot1.bt_navigator]: Received goal preemption request
[component_container_isolated-1] [INFO] [1790157745.225544580] [robot1.bt_navigator]: Begin navigating from current location (2.23, -2.08) to (-1.11, 0.54)
[component_container_isolated-1] [INFO] [1790157745.335791397] [robot1.controller_server]: Passing new path to controller.
[component_container_isolated-1] [INFO] [1790157746.225435268] [robot1.bt_navigator]: Received goal preemption request
[component_container_isolated-1] [INFO] [1790157746.225529521] [robot1.bt_navigator]: Begin navigating from current location (2.03, -1.94) to (-1.34, 0.64)
[component_container_isolated-1] [INFO] [1790157746.335810611] [robot1.controller_server]: Passing new path to controller.
[component_container_isolated-1] [INFO] [1790157747.225430651] [robot1.bt_navigator]: Received goal preemption request
[component_container_isolated-1] [INFO] [1790157747.225507745] [robot1.bt_navigator]: Begin navigating from current location (1.79, -1.78) to (-1.05, 0.92)
[component_container_isolated-1] [INFO] [1790157747.385794981] [robot1.controller_server]: Passing new path to controller.
[component_container_isolated-1] [INFO] [1790157748.225465924] [robot1.bt_navigator]: Received goal preemption request
[component_container_isolated-1] [INFO] [1790157748.225554230] [robot1.bt_navigator]: Begin navigating from current location (1.62, -1.66) to (-1.48, 0.39)
[component_container_isolated-1] [INFO] [1790157748.385791089] [robot1.controller_server]: Passing new path to controller.
[component_container_isolated-1] [INFO] [1790157748.487311500] [robot1.local_costmap.local_costmap]: StaticLayer: Resizing static layer to 386 X 281 at 0.050000 m/pix
[component_container_isolated-1] [INFO] [1790157748.851837309] [robot1.global_costmap.global_costmap]: StaticLayer: Resizing costmap to 386 X 281 at 0.050000 m/pix
[component_container_isolated-1] [INFO] [1790157749.215441654] [robot1.bt_navigator]: Received goal preemption request
[component_container_isolated-1] [INFO] [1790157749.215531994] [robot1.bt_navigator]: Begin navigating from current location (1.42, -1.50) to (-1.62, 0.13)
[component_container_isolated-1] [INFO] [1790157749.435791490] [robot1.controller_server]: Passing new path to controller.
[component_container_isolated-1] [INFO] [1790157750.215440276] [robot1.bt_navigator]: Received goal preemption request
[component_container_isolated-1] [INFO] [1790157750.215528576] [robot1.bt_navigator]: Begin navigating from current location (1.21, -1.37) to (-1.82, 0.33)
[component_container_isolated-1] [INFO] [1790157750.485790147] [robot1.controller_server]: Passing new path to controller.
[component_container_isolated-1] [INFO] [1790157751.235446022] [robot1.bt_navigator]: Received goal preemption request
[component_container_isolated-1] [INFO] [1790157751.235566635] [robot1.bt_navigator]: Begin navigating from current location (1.00, -1.24) to (-1.13, 1.15)
[component_container_isolated-1] [INFO] [1790157751.485791629] [robot1.controller_server]: Passing new path to controller.
[component_container_isolated-1] [INFO] [1790157752.215420587] [robot1.bt_navigator]: Received goal preemption request
[component_container_isolated-1] [INFO] [1790157752.215529640] [robot1.bt_navigator]: Begin navigating from current location (0.79, -1.11) to (-1.27, 1.46)
[component_container_isolated-1] [INFO] [1790157752.535793559] [robot1.controller_server]: Passing new path to controller.
[component_container_isolated-1] [INFO] [1790157753.215446214] [robot1.bt_navigator]: Received goal preemption request
[component_container_isolated-1] [INFO] [1790157753.215542846] [robot1.bt_navigator]: Begin navigating from current location (0.64, -0.95) to (-1.52, 1.10)
[component_container_isolated-1] [INFO] [1790157753.535791327] [robot1.controller_server]: Passing new path to controller.
[component_container_isolated-1] [INFO] [1790157754.225438488] [robot1.bt_navigator]: Received goal preemption request
[component_container_isolated-1] [INFO] [1790157754.225542844] [robot1.bt_navigator]: Begin navigating from current location (0.48, -0.77) to (-1.51, 1.34)
[component_container_isolated-1] [INFO] [1790157754.585811621] [robot1.controller_server]: Passing new path to controller.
[component_container_isolated-1] [INFO] [1790157755.215431139] [robot1.bt_navigator]: Received goal preemption request
[component_container_isolated-1] [INFO] [1790157755.215502955] [robot1.bt_navigator]: Begin navigating from current location (0.29, -0.59) to (-1.74, 1.45)
[component_container_isolated-1] [INFO] [1790157755.635793495] [robot1.controller_server]: Passing new path to controller.
[component_container_isolated-1] [INFO] [1790157756.215411279] [robot1.bt_navigator]: Received goal preemption request
[component_container_isolated-1] [INFO] [1790157756.215516880] [robot1.bt_navigator]: Begin navigating from current location (0.13, -0.41) to (-1.92, 1.05)
[component_container_isolated-1] [INFO] [1790157756.635790895] [robot1.controller_server]: Passing new path to controller.
[component_container_isolated-1] [INFO] [1790157757.215432244] [robot1.bt_navigator]: Received goal preemption request
[component_container_isolated-1] [INFO] [1790157757.215504947] [robot1.bt_navigator]: Begin navigating from current location (-0.06, -0.24) to (-1.39, 1.59)
[component_container_isolated-1] [INFO] [1790157757.685791939] [robot1.controller_server]: Passing new path to controller.
[component_container_isolated-1] [INFO] [1790157758.215442576] [robot1.bt_navigator]: Received goal preemption request
[component_container_isolated-1] [INFO] [1790157758.215537348] [robot1.bt_navigator]: Begin navigating from current location (-0.25, -0.08) to (-1.96, 1.30)
[component_container_isolated-1] [INFO] [1790157758.685790920] [robot1.controller_server]: Passing new path to controller.
[component_container_isolated-1] [INFO] [1790157759.225471218] [robot1.bt_navigator]: Received goal preemption request
[component_container_isolated-1] [INFO] [1790157759.225566160] [robot1.bt_navigator]: Begin navigating from current location (-0.42, 0.11) to (-1.53, 1.83)
[component_container_isolated-1] [INFO] [1790157759.735790611] [robot1.controller_server]: Passing new path to controller.
[component_container_isolated-1] [INFO] [1790157760.225476445] [robot1.bt_navigator]: Received goal preemption request
[component_container_isolated-1] [INFO] [1790157760.225621377] [robot1.bt_navigator]: Begin navigating from current location (-0.61, 0.27) to (-1.71, 1.21)
[component_container_isolated-1] [INFO] [1790157760.785804470] [robot1.controller_server]: Passing new path to controller.
[component_container_isolated-1] [INFO] [1790157761.215464971] [robot1.bt_navigator]: Received goal preemption request
[component_container_isolated-1] [INFO] [1790157761.215568067] [robot1.bt_navigator]: Begin navigating from current location (-0.79, 0.45) to (-1.90, 0.71)
[component_container_isolated-1] [INFO] [1790157761.785791389] [robot1.controller_server]: Passing new path to controller.
[component_container_isolated-1] [INFO] [1790157762.215478990] [robot1.bt_navigator]: Received goal preemption request
[component_container_isolated-1] [INFO] [1790157762.215670022] [robot1.bt_navigator]: Begin navigating from current location (-0.97, 0.61) to (-2.18, 0.81)
[component_container_isolated-1] [INFO] [1790157762.835790766] [robot1.controller_server]: Passing new path to controller.
[component_container_isolated-1] [INFO] [1790157763.215422906] [robot1.bt_navigator]: Received goal preemption request
[component_container_isolated-1] [INFO] [1790157763.215615073] [robot1.bt_navigator]: Begin navigating from current location (-1.20, 0.71) to (-2.46, 1.07)
[component_container_isolated-1] [INFO] [1790157763.835792300] [robot1.controller_server]: Passing new path to controller.
[component_container_isolated-1] [INFO] [1790157764.215409406] [robot1.bt_navigator]: Received goal preemption request
[component_container_isolated-1] [INFO] [1790157764.215514404] [robot1.bt_navigator]: Begin navigating from current location (-1.45, 0.71) to (-2.65, 0.95)
[component_container_isolated-1] [INFO] [1790157764.885807612] [robot1.controller_server]: Passing new path to controller.
[component_container_isolated-1] [INFO] [1790157765.935791519] [robot1.controller_server]: Passing new path to controller.
[component_container_isolated-1] [INFO] [1790157766.935791584] [robot1.controller_server]: Passing new path to controller.
[component_container_isolated-1] [INFO] [1790157767.985793740] [robot1.controller_server]: Passing new path to controller.
[component_container_isolated-1] [INFO] [1790157768.985791098] [robot1.controller_server]: Passing new path to controller.
[component_container_isolated-1] [INFO] [1790157770.035792541] [robot1.controller_server]: Passing new path to controller.
[component_container_isolated-1] [INFO] [1790157771.085793245] [robot1.controller_server]: Passing new path to controller.
[component_container_isolated-1] [INFO] [1790157772.085791812] [robot1.controller_server]: Passing new path to controller.
[component_container_isolated-1] [INFO] [1790157772.787577285] [robot1.controller_server]: Reached the goal!
[component_container_isolated-1] [INFO] [1790157772.825493002] [robot1.bt_navigator]: Goal succeeded
[component_container_isolated-1] [INFO] [1790157804.219519200] [robot1.bt_navigator]: Begin navigating from current location (-2.46, 1.04) to (-1.77, 0.00)
[component_container_isolated-1] [INFO] [1790157804.239812244] [robot1.controller_server]: Received a goal, begin computing control effort.
[component_container_isolated-1] [INFO] [1790157805.219705569] [robot1.bt_navigator]: Received goal preemption request
[component_container_isolated-1] [INFO] [1790157805.219841718] [robot1.bt_navigator]: Begin navigating from current location (-2.30, 0.99) to (0.21, -0.06)
[component_container_isolated-1] [INFO] [1790157805.290012133] [robot1.controller_server]: Passing new path to controller.
[component_container_isolated-1] [INFO] [1790157806.219695246] [robot1.bt_navigator]: Received goal preemption request
[component_container_isolated-1] [INFO] [1790157806.219784997] [robot1.bt_navigator]: Begin navigating from current location (-2.10, 0.96) to (0.33, -0.35)
[component_container_isolated-1] [INFO] [1790157806.340023713] [robot1.controller_server]: Passing new path to controller.
[component_container_isolated-1] [INFO] [1790157807.219716440] [robot1.bt_navigator]: Received goal preemption request
[component_container_isolated-1] [INFO] [1790157807.219847631] [robot1.bt_navigator]: Begin navigating from current location (-1.86, 0.92) to (0.07, -0.57)
[component_container_isolated-1] [INFO] [1790157807.340017418] [robot1.controller_server]: Passing new path to controller.
[component_container_isolated-1] [INFO] [1790157808.219690017] [robot1.bt_navigator]: Received goal preemption request
[component_container_isolated-1] [INFO] [1790157808.219773993] [robot1.bt_navigator]: Begin navigating from current location (-1.62, 0.82) to (0.52, -0.14)
[component_container_isolated-1] [INFO] [1790157808.390015605] [robot1.controller_server]: Passing new path to controller.
[component_container_isolated-1] [INFO] [1790157809.219721769] [robot1.bt_navigator]: Received goal preemption request
[component_container_isolated-1] [INFO] [1790157809.219794883] [robot1.bt_navigator]: Begin navigating from current location (-1.41, 0.67) to (-0.16, -1.58)
[component_container_isolated-1] [INFO] [1790157809.390014552] [robot1.controller_server]: Passing new path to controller.
[component_container_isolated-1] [INFO] [1790157810.219692667] [robot1.bt_navigator]: Received goal preemption request
[component_container_isolated-1] [INFO] [1790157810.219769032] [robot1.bt_navigator]: Begin navigating from current location (-1.23, 0.53) to (-0.83, -0.77)
[component_container_isolated-1] [INFO] [1790157810.440045551] [robot1.controller_server]: Passing new path to controller.
[component_container_isolated-1] [INFO] [1790157811.219693865] [robot1.bt_navigator]: Received goal preemption request
[component_container_isolated-1] [INFO] [1790157811.219779468] [robot1.bt_navigator]: Begin navigating from current location (-1.09, 0.35) to (-0.64, -0.91)
[component_container_isolated-1] [INFO] [1790157811.490013137] [robot1.controller_server]: Passing new path to controller.
[component_container_isolated-1] [INFO] [1790157812.219689692] [robot1.bt_navigator]: Received goal preemption request
[component_container_isolated-1] [INFO] [1790157812.219802253] [robot1.bt_navigator]: Begin navigating from current location (-1.01, 0.12) to (-0.36, -1.87)
[component_container_isolated-1] [INFO] [1790157812.490014783] [robot1.controller_server]: Passing new path to controller.
[component_container_isolated-1] [INFO] [1790157813.219696480] [robot1.bt_navigator]: Received goal preemption request
[component_container_isolated-1] [INFO] [1790157813.219791854] [robot1.bt_navigator]: Begin navigating from current location (-0.91, -0.08) to (-0.21, -1.64)
[component_container_isolated-1] [INFO] [1790157813.540133208] [robot1.controller_server]: Passing new path to controller.
[component_container_isolated-1] [INFO] [1790157814.219698865] [robot1.bt_navigator]: Received goal preemption request
[component_container_isolated-1] [INFO] [1790157814.219798732] [robot1.bt_navigator]: Begin navigating from current location (-0.78, -0.28) to (0.02, -1.61)
[component_container_isolated-1] [INFO] [1790157814.540015284] [robot1.controller_server]: Passing new path to controller.
[component_container_isolated-1] [INFO] [1790157815.219693274] [robot1.bt_navigator]: Received goal preemption request
[component_container_isolated-1] [INFO] [1790157815.219775663] [robot1.bt_navigator]: Begin navigating from current location (-0.64, -0.48) to (-0.37, -1.93)
[component_container_isolated-1] [INFO] [1790157815.590014673] [robot1.controller_server]: Passing new path to controller.
[component_container_isolated-1] [INFO] [1790157816.219738502] [robot1.bt_navigator]: Received goal preemption request
[component_container_isolated-1] [INFO] [1790157816.219815142] [robot1.bt_navigator]: Begin navigating from current location (-0.51, -0.67) to (0.47, -1.67)
[component_container_isolated-1] [INFO] [1790157816.590046215] [robot1.controller_server]: Passing new path to controller.
[component_container_isolated-1] [INFO] [1790157817.219750803] [robot1.bt_navigator]: Received goal preemption request
[component_container_isolated-1] [INFO] [1790157817.219907162] [robot1.bt_navigator]: Begin navigating from current location (-0.38, -0.84) to (0.15, -1.41)
[component_container_isolated-1] [INFO] [1790157817.640110064] [robot1.controller_server]: Passing new path to controller.
[component_container_isolated-1] [INFO] [1790157818.219686749] [robot1.bt_navigator]: Received goal preemption request
[component_container_isolated-1] [INFO] [1790157818.219760197] [robot1.bt_navigator]: Begin navigating from current location (-0.20, -1.03) to (0.72, -1.93)
[component_container_isolated-1] [INFO] [1790157818.640014608] [robot1.controller_server]: Passing new path to controller.
[component_container_isolated-1] [INFO] [1790157819.690028029] [robot1.controller_server]: Passing new path to controller.
[component_container_isolated-1] [INFO] [1790157820.740035206] [robot1.controller_server]: Passing new path to controller.
[component_container_isolated-1] [INFO] [1790157821.740031415] [robot1.controller_server]: Passing new path to controller.
[component_container_isolated-1] [INFO] [1790157822.790030736] [robot1.controller_server]: Passing new path to controller.
[component_container_isolated-1] [INFO] [1790157823.790013066] [robot1.controller_server]: Passing new path to controller.
[component_container_isolated-1] [INFO] [1790157824.840027917] [robot1.controller_server]: Passing new path to controller.
[component_container_isolated-1] [INFO] [1790157825.840013850] [robot1.controller_server]: Passing new path to controller.
[component_container_isolated-1] [INFO] [1790157825.941826586] [robot1.controller_server]: Reached the goal!
[component_container_isolated-1] [INFO] [1790157825.979721194] [robot1.bt_navigator]: Goal succeeded
[component_container_isolated-1] [INFO] [1790157910.213569043] [robot1.bt_navigator]: Begin navigating from current location (0.57, -1.80) to (1.18, -1.31)
[component_container_isolated-1] [INFO] [1790157910.233953558] [robot1.controller_server]: Received a goal, begin computing control effort.
[component_container_isolated-1] [INFO] [1790157911.284150309] [robot1.controller_server]: Passing new path to controller.
[component_container_isolated-1] [INFO] [1790157912.284142036] [robot1.controller_server]: Passing new path to controller.
[component_container_isolated-1] [ERROR] [1790157913.233911600] [robot1.bt_navigator_navigate_to_pose_rclcpp_node]: Failed to get result for follow_path in node halt!
[component_container_isolated-1] [INFO] [1790157913.233967676] [robot1.bt_navigator]: [navigate_to_pose] [ActionServer] Client requested to cancel the goal. Cancelling.
[component_container_isolated-1] [INFO] [1790157913.234026464] [robot1.bt_navigator]: Goal canceled
[component_container_isolated-1] [INFO] [1790157913.234130829] [robot1.controller_server]: Goal was canceled. Stopping the robot.
[component_container_isolated-1] [INFO] [1790157913.234155731] [robot1.controller_server]: [follow_path] [ActionServer] Client requested to cancel the goal. Cancelling.
[component_container_isolated-1] [INFO] [1790157941.213756489] [robot1.bt_navigator]: Begin navigating from current location (1.02, -1.46) to (-1.67, 0.12)
[component_container_isolated-1] [INFO] [1790157941.234274873] [robot1.controller_server]: Received a goal, begin computing control effort.
[component_container_isolated-1] [INFO] [1790157942.223955246] [robot1.bt_navigator]: Received goal preemption request
[component_container_isolated-1] [INFO] [1790157942.224061742] [robot1.bt_navigator]: Begin navigating from current location (0.88, -1.37) to (-0.59, -0.97)
[component_container_isolated-1] [INFO] [1790157942.284546594] [robot1.controller_server]: Passing new path to controller.
[component_container_isolated-1] [INFO] [1790157942.434560407] [robot1.controller_server]: Goal was canceled. Stopping the robot.
[component_container_isolated-1] [INFO] [1790157942.434593206] [robot1.controller_server]: [follow_path] [ActionServer] Client requested to cancel the goal. Cancelling.
[component_container_isolated-1] [INFO] [1790157942.434642421] [robot1.bt_navigator]: [navigate_to_pose] [ActionServer] Client requested to cancel the goal. Cancelling.
[component_container_isolated-1] [INFO] [1790157942.434711573] [robot1.bt_navigator]: Goal canceled
[component_container_isolated-1] [INFO] [1790157948.216686105] [robot1.bt_navigator]: Begin navigating from current location (0.75, -1.31) to (-1.70, 0.19)
[component_container_isolated-1] [INFO] [1790157948.237228466] [robot1.controller_server]: Received a goal, begin computing control effort.
[component_container_isolated-1] [INFO] [1790157949.226922621] [robot1.bt_navigator]: Received goal preemption request
[component_container_isolated-1] [INFO] [1790157949.227059971] [robot1.bt_navigator]: Begin navigating from current location (0.60, -1.21) to (-0.63, -0.99)
[component_container_isolated-1] [INFO] [1790157949.287416737] [robot1.controller_server]: Passing new path to controller.
[component_container_isolated-1] [INFO] [1790157950.216865704] [robot1.bt_navigator]: Received goal preemption request
[component_container_isolated-1] [INFO] [1790157950.216947266] [robot1.bt_navigator]: Begin navigating from current location (0.39, -1.10) to (-0.65, -0.61)
[component_container_isolated-1] [INFO] [1790157950.337396433] [robot1.controller_server]: Passing new path to controller.
[component_container_isolated-1] [INFO] [1790157951.226860087] [robot1.bt_navigator]: Received goal preemption request
[component_container_isolated-1] [INFO] [1790157951.226967167] [robot1.bt_navigator]: Begin navigating from current location (0.15, -1.00) to (-1.61, 0.23)
[component_container_isolated-1] [INFO] [1790157951.337399036] [robot1.controller_server]: Passing new path to controller.
[component_container_isolated-1] [INFO] [1790157952.216857532] [robot1.bt_navigator]: Received goal preemption request
[component_container_isolated-1] [INFO] [1790157952.216946144] [robot1.bt_navigator]: Begin navigating from current location (-0.04, -0.91) to (-1.67, -0.02)
[component_container_isolated-1] [INFO] [1790157952.387411085] [robot1.controller_server]: Passing new path to controller.
[component_container_isolated-1] [INFO] [1790157953.216871091] [robot1.bt_navigator]: Received goal preemption request
[component_container_isolated-1] [INFO] [1790157953.216976547] [robot1.bt_navigator]: Begin navigating from current location (-0.24, -0.77) to (-1.62, 0.66)
[component_container_isolated-1] [INFO] [1790157953.387410410] [robot1.controller_server]: Passing new path to controller.
[component_container_isolated-1] [INFO] [1790157954.216863475] [robot1.bt_navigator]: Received goal preemption request
[component_container_isolated-1] [INFO] [1790157954.216955744] [robot1.bt_navigator]: Begin navigating from current location (-0.41, -0.61) to (-1.34, -0.31)
[component_container_isolated-1] [INFO] [1790157954.437411790] [robot1.controller_server]: Passing new path to controller.
[component_container_isolated-1] [INFO] [1790157955.216863325] [robot1.bt_navigator]: Received goal preemption request
[component_container_isolated-1] [INFO] [1790157955.216977835] [robot1.bt_navigator]: Begin navigating from current location (-0.59, -0.44) to (-1.78, 0.42)
[component_container_isolated-1] [INFO] [1790157955.487410579] [robot1.controller_server]: Passing new path to controller.
[component_container_isolated-1] [INFO] [1790157956.216861509] [robot1.bt_navigator]: Received goal preemption request
[component_container_isolated-1] [INFO] [1790157956.216943413] [robot1.bt_navigator]: Begin navigating from current location (-0.77, -0.31) to (-2.94, 2.00)
[component_container_isolated-1] [INFO] [1790157956.487395843] [robot1.controller_server]: Passing new path to controller.
[component_container_isolated-1] [INFO] [1790157957.216882676] [robot1.bt_navigator]: Received goal preemption request
[component_container_isolated-1] [INFO] [1790157957.216949454] [robot1.bt_navigator]: Begin navigating from current location (-0.94, -0.14) to (-3.27, 1.44)
[component_container_isolated-1] [INFO] [1790157957.537492563] [robot1.controller_server]: Passing new path to controller.
[component_container_isolated-1] [INFO] [1790157958.216902709] [robot1.bt_navigator]: Received goal preemption request
[component_container_isolated-1] [INFO] [1790157958.216984698] [robot1.bt_navigator]: Begin navigating from current location (-1.03, 0.05) to (-3.14, 1.79)
[component_container_isolated-1] [INFO] [1790157958.537409614] [robot1.controller_server]: Passing new path to controller.
[component_container_isolated-1] [INFO] [1790157959.216874686] [robot1.bt_navigator]: Received goal preemption request
[component_container_isolated-1] [INFO] [1790157959.216964122] [robot1.bt_navigator]: Begin navigating from current location (-1.09, 0.31) to (-3.18, 2.18)
[component_container_isolated-1] [INFO] [1790157959.587398865] [robot1.controller_server]: Passing new path to controller.
[component_container_isolated-1] [INFO] [1790157960.216892659] [robot1.bt_navigator]: Received goal preemption request
[component_container_isolated-1] [INFO] [1790157960.216972327] [robot1.bt_navigator]: Begin navigating from current location (-1.17, 0.52) to (-3.40, 2.49)
[component_container_isolated-1] [INFO] [1790157960.637429190] [robot1.controller_server]: Passing new path to controller.
[component_container_isolated-1] [INFO] [1790157961.216865232] [robot1.bt_navigator]: Received goal preemption request
[component_container_isolated-1] [INFO] [1790157961.216967121] [robot1.bt_navigator]: Begin navigating from current location (-1.23, 0.76) to (-3.38, 1.66)
[component_container_isolated-1] [INFO] [1790157961.637400673] [robot1.controller_server]: Passing new path to controller.
[component_container_isolated-1] [INFO] [1790157962.687483564] [robot1.controller_server]: Passing new path to controller.
[component_container_isolated-1] [INFO] [1790157963.687419529] [robot1.controller_server]: Passing new path to controller.
[component_container_isolated-1] [INFO] [1790157964.737396654] [robot1.controller_server]: Passing new path to controller.
[component_container_isolated-1] [INFO] [1790157965.737411069] [robot1.controller_server]: Passing new path to controller.
[component_container_isolated-1] [INFO] [1790157966.787411795] [robot1.controller_server]: Passing new path to controller.
[component_container_isolated-1] [INFO] [1790157967.837418593] [robot1.controller_server]: Passing new path to controller.
[component_container_isolated-1] [INFO] [1790157968.837418500] [robot1.controller_server]: Passing new path to controller.
[component_container_isolated-1] [INFO] [1790157969.887415102] [robot1.controller_server]: Passing new path to controller.
[component_container_isolated-1] [INFO] [1790157970.887417689] [robot1.controller_server]: Passing new path to controller.
[component_container_isolated-1] [INFO] [1790157971.937488230] [robot1.controller_server]: Passing new path to controller.
[component_container_isolated-1] [INFO] [1790157972.987401135] [robot1.controller_server]: Passing new path to controller.
[component_container_isolated-1] [INFO] [1790157973.216869915] [robot1.bt_navigator]: Received goal preemption request
[component_container_isolated-1] [INFO] [1790157973.216972271] [robot1.bt_navigator]: Begin navigating from current location (-2.55, 2.13) to (-3.07, 2.22)
[component_container_isolated-1] [INFO] [1790157973.987397238] [robot1.controller_server]: Passing new path to controller.
[component_container_isolated-1] [INFO] [1790157974.216872764] [robot1.bt_navigator]: Received goal preemption request
[component_container_isolated-1] [INFO] [1790157974.217036113] [robot1.bt_navigator]: Begin navigating from current location (-2.78, 2.06) to (-3.08, 2.49)
[component_container_isolated-1] [INFO] [1790157975.037396866] [robot1.controller_server]: Passing new path to controller.
[component_container_isolated-1] [INFO] [1790157976.037419604] [robot1.controller_server]: Passing new path to controller.
[component_container_isolated-1] [INFO] [1790157977.087412792] [robot1.controller_server]: Passing new path to controller.
[component_container_isolated-1] [INFO] [1790157978.087394474] [robot1.controller_server]: Passing new path to controller.
[component_container_isolated-1] [INFO] [1790157979.137416461] [robot1.controller_server]: Passing new path to controller.
[component_container_isolated-1] [INFO] [1790157980.137394970] [robot1.controller_server]: Passing new path to controller.
[component_container_isolated-1] [INFO] [1790157980.589185453] [robot1.controller_server]: Reached the goal!
[component_container_isolated-1] [INFO] [1790157980.626885376] [robot1.bt_navigator]: Goal succeeded
[component_container_isolated-1] [INFO] [1790158024.215183305] [robot1.bt_navigator]: Begin navigating from current location (-3.02, 2.26) to (-2.96, 1.04)
[component_container_isolated-1] [INFO] [1790158024.235643548] [robot1.controller_server]: Received a goal, begin computing control effort.
[component_container_isolated-1] [INFO] [1790158025.285805539] [robot1.controller_server]: Passing new path to controller.
[component_container_isolated-1] [INFO] [1790158026.335807201] [robot1.controller_server]: Passing new path to controller.
[component_container_isolated-1] [INFO] [1790158026.487180520] [robot1.local_costmap.local_costmap]: StaticLayer: Resizing static layer to 386 X 286 at 0.050000 m/pix
[component_container_isolated-1] [INFO] [1790158026.851805907] [robot1.global_costmap.global_costmap]: StaticLayer: Resizing costmap to 386 X 286 at 0.050000 m/pix
[component_container_isolated-1] [INFO] [1790158027.335904592] [robot1.controller_server]: Passing new path to controller.
[component_container_isolated-1] [INFO] [1790158028.385820175] [robot1.controller_server]: Passing new path to controller.
[component_container_isolated-1] [INFO] [1790158028.587007341] [robot1.controller_server]: Reached the goal!
[component_container_isolated-1] [INFO] [1790158028.625460098] [robot1.bt_navigator]: Goal succeeded
[component_container_isolated-1] [INFO] [1790158039.164597060] [robot1.bt_navigator]: Begin navigating from current location (-2.96, 1.29) to (-2.46, -0.94)
[component_container_isolated-1] [INFO] [1790158039.185080049] [robot1.controller_server]: Received a goal, begin computing control effort.
[component_container_isolated-1] [INFO] [1790158040.235278880] [robot1.controller_server]: Passing new path to controller.
[component_container_isolated-1] [INFO] [1790158041.285287620] [robot1.controller_server]: Passing new path to controller.
[component_container_isolated-1] [INFO] [1790158042.285264067] [robot1.controller_server]: Passing new path to controller.
[component_container_isolated-1] [INFO] [1790158042.487242336] [robot1.local_costmap.local_costmap]: StaticLayer: Resizing static layer to 386 X 288 at 0.050000 m/pix
[component_container_isolated-1] [INFO] [1790158042.851804143] [robot1.global_costmap.global_costmap]: StaticLayer: Resizing costmap to 386 X 288 at 0.050000 m/pix
[component_container_isolated-1] [INFO] [1790158043.335286424] [robot1.controller_server]: Passing new path to controller.
[component_container_isolated-1] [INFO] [1790158044.335283070] [robot1.controller_server]: Passing new path to controller.
[component_container_isolated-1] [INFO] [1790158045.385263580] [robot1.controller_server]: Passing new path to controller.
[component_container_isolated-1] [INFO] [1790158046.435278183] [robot1.controller_server]: Passing new path to controller.
[component_container_isolated-1] [INFO] [1790158047.435288824] [robot1.controller_server]: Passing new path to controller.
[component_container_isolated-1] [INFO] [1790158048.485281570] [robot1.controller_server]: Passing new path to controller.
[component_container_isolated-1] [INFO] [1790158049.485288011] [robot1.controller_server]: Passing new path to controller.
[component_container_isolated-1] [INFO] [1790158050.535284364] [robot1.controller_server]: Passing new path to controller.
[component_container_isolated-1] [INFO] [1790158051.585263121] [robot1.controller_server]: Passing new path to controller.
[component_container_isolated-1] [INFO] [1790158052.585263628] [robot1.controller_server]: Passing new path to controller.
[component_container_isolated-1] [INFO] [1790158053.635274007] [robot1.controller_server]: Passing new path to controller.
[component_container_isolated-1] [INFO] [1790158054.635263716] [robot1.controller_server]: Passing new path to controller.
[component_container_isolated-1] [INFO] [1790158055.685284518] [robot1.controller_server]: Passing new path to controller.
[component_container_isolated-1] [INFO] [1790158056.735293888] [robot1.controller_server]: Passing new path to controller.
[component_container_isolated-1] [INFO] [1790158057.735284938] [robot1.controller_server]: Passing new path to controller.
[component_container_isolated-1] [INFO] [1790158058.785286725] [robot1.controller_server]: Passing new path to controller.
[component_container_isolated-1] [INFO] [1790158059.785283255] [robot1.controller_server]: Passing new path to controller.
[component_container_isolated-1] [INFO] [1790158060.835281893] [robot1.controller_server]: Passing new path to controller.
[component_container_isolated-1] [INFO] [1790158061.885263294] [robot1.controller_server]: Passing new path to controller.
[component_container_isolated-1] [INFO] [1790158062.885281601] [robot1.controller_server]: Passing new path to controller.
[component_container_isolated-1] [INFO] [1790158063.935292403] [robot1.controller_server]: Passing new path to controller.
[component_container_isolated-1] [INFO] [1790158064.935261692] [robot1.controller_server]: Passing new path to controller.
[component_container_isolated-1] [INFO] [1790158065.985267236] [robot1.controller_server]: Passing new path to controller.
[component_container_isolated-1] [INFO] [1790158067.035276571] [robot1.controller_server]: Passing new path to controller.
[component_container_isolated-1] [INFO] [1790158068.035278966] [robot1.controller_server]: Passing new path to controller.
[component_container_isolated-1] [INFO] [1790158069.085279947] [robot1.controller_server]: Passing new path to controller.
[component_container_isolated-1] [INFO] [1790158070.085263236] [robot1.controller_server]: Passing new path to controller.
[component_container_isolated-1] [INFO] [1790158071.135264503] [robot1.controller_server]: Passing new path to controller.
[component_container_isolated-1] [INFO] [1790158072.135262361] [robot1.controller_server]: Passing new path to controller.
[component_container_isolated-1] [INFO] [1790158073.185279282] [robot1.controller_server]: Passing new path to controller.
[component_container_isolated-1] [INFO] [1790158074.235361033] [robot1.controller_server]: Passing new path to controller.
[component_container_isolated-1] [INFO] [1790158075.235262528] [robot1.controller_server]: Passing new path to controller.
[component_container_isolated-1] [INFO] [1790158075.885350023] [robot1.controller_server]: Goal was canceled. Stopping the robot.
[component_container_isolated-1] [INFO] [1790158075.885376376] [robot1.controller_server]: [follow_path] [ActionServer] Client requested to cancel the goal. Cancelling.
[component_container_isolated-1] [INFO] [1790158075.885463590] [robot1.bt_navigator]: [navigate_to_pose] [ActionServer] Client requested to cancel the goal. Cancelling.
[component_container_isolated-1] [INFO] [1790158075.885556613] [robot1.bt_navigator]: Goal canceled
[component_container_isolated-1] [INFO] [1790158221.050707372] [robot1.global_costmap.global_costmap]: Message Filter dropping message: frame 'rplidar_link' at time 1790158220.619 for reason 'the timestamp on the message is earlier than all the data in the transform cache'
[component_container_isolated-1] [INFO] [1790158223.637696275] [robot1.global_costmap.global_costmap]: Message Filter dropping message: frame 'rplidar_link' at time 1790158223.214 for reason 'the timestamp on the message is earlier than all the data in the transform cache'
[component_container_isolated-1] [INFO] [1790158226.505206293] [robot1.global_costmap.global_costmap]: Message Filter dropping message: frame 'rplidar_link' at time 1790158226.079 for reason 'the timestamp on the message is earlier than all the data in the transform cache'
[component_container_isolated-1] [INFO] [1790158229.089544032] [robot1.global_costmap.global_costmap]: Message Filter dropping message: frame 'rplidar_link' at time 1790158228.685 for reason 'the timestamp on the message is earlier than all the data in the transform cache'
[component_container_isolated-1] [INFO] [1790158231.699827515] [robot1.global_costmap.global_costmap]: Message Filter dropping message: frame 'rplidar_link' at time 1790158231.280 for reason 'the timestamp on the message is earlier than all the data in the transform cache'
[component_container_isolated-1] [INFO] [1790158234.286431381] [robot1.global_costmap.global_costmap]: Message Filter dropping message: frame 'rplidar_link' at time 1790158233.887 for reason 'the timestamp on the message is earlier than all the data in the transform cache'
[component_container_isolated-1] [INFO] [1790158236.888717133] [robot1.global_costmap.global_costmap]: Message Filter dropping message: frame 'rplidar_link' at time 1790158236.482 for reason 'the timestamp on the message is earlier than all the data in the transform cache'
[component_container_isolated-1] [INFO] [1790158239.481060689] [robot1.global_costmap.global_costmap]: Message Filter dropping message: frame 'rplidar_link' at time 1790158239.076 for reason 'the timestamp on the message is earlier than all the data in the transform cache'
[component_container_isolated-1] [INFO] [1790158242.088270416] [robot1.global_costmap.global_costmap]: Message Filter dropping message: frame 'rplidar_link' at time 1790158241.683 for reason 'the timestamp on the message is earlier than all the data in the transform cache'
[component_container_isolated-1] [ERROR] [1790158242.154494076] [transformPoseInTargetFrame]: Extrapolation Error looking up target frame: Lookup would require extrapolation into the past.  Requested time 1790158231.325639 but the earliest data is at time 1790158231.872368, when looking up transform from frame [base_link] to frame [map]
[component_container_isolated-1] 
[component_container_isolated-1] [ERROR] [1790158243.154358388] [transformPoseInTargetFrame]: Extrapolation Error looking up target frame: Lookup would require extrapolation into the past.  Requested time 1790158231.325639 but the earliest data is at time 1790158232.832462, when looking up transform from frame [base_link] to frame [map]
[component_container_isolated-1] 
[component_container_isolated-1] [ERROR] [1790158244.154836982] [transformPoseInTargetFrame]: Extrapolation Error looking up target frame: Lookup would require extrapolation into the past.  Requested time 1790158231.325639 but the earliest data is at time 1790158233.822471, when looking up transform from frame [base_link] to frame [map]
[component_container_isolated-1] 
[component_container_isolated-1] [INFO] [1790158244.675993229] [robot1.global_costmap.global_costmap]: Message Filter dropping message: frame 'rplidar_link' at time 1790158244.277 for reason 'the timestamp on the message is earlier than all the data in the transform cache'
[component_container_isolated-1] [ERROR] [1790158245.155555561] [transformPoseInTargetFrame]: Extrapolation Error looking up target frame: Lookup would require extrapolation into the past.  Requested time 1790158231.325639 but the earliest data is at time 1790158234.880483, when looking up transform from frame [base_link] to frame [map]
[component_container_isolated-1] 
[component_container_isolated-1] [ERROR] [1790158246.154778676] [transformPoseInTargetFrame]: Extrapolation Error looking up target frame: Lookup would require extrapolation into the past.  Requested time 1790158231.325639 but the earliest data is at time 1790158235.872434, when looking up transform from frame [base_link] to frame [map]
[component_container_isolated-1] 
[component_container_isolated-1] [ERROR] [1790158247.155125916] [transformPoseInTargetFrame]: Extrapolation Error looking up target frame: Lookup would require extrapolation into the past.  Requested time 1790158231.325639 but the earliest data is at time 1790158236.833065, when looking up transform from frame [base_link] to frame [map]
[component_container_isolated-1] 
[component_container_isolated-1] [INFO] [1790158247.267630965] [robot1.global_costmap.global_costmap]: Message Filter dropping message: frame 'rplidar_link' at time 1790158246.884 for reason 'the timestamp on the message is earlier than all the data in the transform cache'
[component_container_isolated-1] [ERROR] [1790158248.155327279] [transformPoseInTargetFrame]: Extrapolation Error looking up target frame: Lookup would require extrapolation into the past.  Requested time 1790158231.325639 but the earliest data is at time 1790158237.873123, when looking up transform from frame [base_link] to frame [map]
[component_container_isolated-1] 
[component_container_isolated-1] [ERROR] [1790158249.155046206] [transformPoseInTargetFrame]: Extrapolation Error looking up target frame: Lookup would require extrapolation into the past.  Requested time 1790158231.325639 but the earliest data is at time 1790158238.832715, when looking up transform from frame [base_link] to frame [map]
[component_container_isolated-1] 
[component_container_isolated-1] [INFO] [1790158249.871121923] [robot1.global_costmap.global_costmap]: Message Filter dropping message: frame 'rplidar_link' at time 1790158249.491 for reason 'the timestamp on the message is earlier than all the data in the transform cache'
[component_container_isolated-1] [ERROR] [1790158250.154614737] [transformPoseInTargetFrame]: Extrapolation Error looking up target frame: Lookup would require extrapolation into the past.  Requested time 1790158231.325639 but the earliest data is at time 1790158239.872446, when looking up transform from frame [base_link] to frame [map]
[component_container_isolated-1] 
[component_container_isolated-1] [ERROR] [1790158251.154446008] [transformPoseInTargetFrame]: Extrapolation Error looking up target frame: Lookup would require extrapolation into the past.  Requested time 1790158231.325639 but the earliest data is at time 1790158240.864329, when looking up transform from frame [base_link] to frame [map]
[component_container_isolated-1] 
[component_container_isolated-1] [ERROR] [1790158252.154649606] [transformPoseInTargetFrame]: Extrapolation Error looking up target frame: Lookup would require extrapolation into the past.  Requested time 1790158231.325639 but the earliest data is at time 1790158241.874266, when looking up transform from frame [base_link] to frame [map]
[component_container_isolated-1] 
[component_container_isolated-1] [INFO] [1790158252.475488323] [robot1.global_costmap.global_costmap]: Message Filter dropping message: frame 'rplidar_link' at time 1790158252.086 for reason 'the timestamp on the message is earlier than all the data in the transform cache'
[component_container_isolated-1] [ERROR] [1790158253.154758097] [transformPoseInTargetFrame]: Extrapolation Error looking up target frame: Lookup would require extrapolation into the past.  Requested time 1790158231.325639 but the earliest data is at time 1790158242.883307, when looking up transform from frame [base_link] to frame [map]
[component_container_isolated-1] 
[component_container_isolated-1] [ERROR] [1790158254.155256999] [transformPoseInTargetFrame]: Extrapolation Error looking up target frame: Lookup would require extrapolation into the past.  Requested time 1790158231.325639 but the earliest data is at time 1790158243.873272, when looking up transform from frame [base_link] to frame [map]
[component_container_isolated-1] 
[component_container_isolated-1] [INFO] [1790158255.068844007] [robot1.global_costmap.global_costmap]: Message Filter dropping message: frame 'rplidar_link' at time 1790158254.692 for reason 'the timestamp on the message is earlier than all the data in the transform cache'
[component_container_isolated-1] [ERROR] [1790158255.155040760] [transformPoseInTargetFrame]: Extrapolation Error looking up target frame: Lookup would require extrapolation into the past.  Requested time 1790158231.325639 but the earliest data is at time 1790158244.832748, when looking up transform from frame [base_link] to frame [map]
[component_container_isolated-1] 
[component_container_isolated-1] [ERROR] [1790158256.155026377] [transformPoseInTargetFrame]: Extrapolation Error looking up target frame: Lookup would require extrapolation into the past.  Requested time 1790158231.325639 but the earliest data is at time 1790158245.825322, when looking up transform from frame [base_link] to frame [map]
[component_container_isolated-1] 
[component_container_isolated-1] [ERROR] [1790158257.154528243] [transformPoseInTargetFrame]: Extrapolation Error looking up target frame: Lookup would require extrapolation into the past.  Requested time 1790158231.325639 but the earliest data is at time 1790158246.814083, when looking up transform from frame [base_link] to frame [map]
[component_container_isolated-1] 
[component_container_isolated-1] [INFO] [1790158257.670842763] [robot1.global_costmap.global_costmap]: Message Filter dropping message: frame 'rplidar_link' at time 1790158257.287 for reason 'the timestamp on the message is earlier than all the data in the transform cache'
[component_container_isolated-1] [ERROR] [1790158258.154354162] [transformPoseInTargetFrame]: Extrapolation Error looking up target frame: Lookup would require extrapolation into the past.  Requested time 1790158231.325639 but the earliest data is at time 1790158247.874284, when looking up transform from frame [base_link] to frame [map]
[component_container_isolated-1] 
[component_container_isolated-1] [ERROR] [1790158259.154326943] [transformPoseInTargetFrame]: Extrapolation Error looking up target frame: Lookup would require extrapolation into the past.  Requested time 1790158231.325639 but the earliest data is at time 1790158248.883876, when looking up transform from frame [base_link] to frame [map]
[component_container_isolated-1] 
[component_container_isolated-1] [ERROR] [1790158260.154393457] [transformPoseInTargetFrame]: Extrapolation Error looking up target frame: Lookup would require extrapolation into the past.  Requested time 1790158231.325639 but the earliest data is at time 1790158249.874293, when looking up transform from frame [base_link] to frame [map]
[component_container_isolated-1] 
[component_container_isolated-1] [INFO] [1790158260.270083028] [robot1.global_costmap.global_costmap]: Message Filter dropping message: frame 'rplidar_link' at time 1790158259.894 for reason 'the timestamp on the message is earlier than all the data in the transform cache'
[component_container_isolated-1] [ERROR] [1790158261.154507659] [transformPoseInTargetFrame]: Extrapolation Error looking up target frame: Lookup would require extrapolation into the past.  Requested time 1790158231.325639 but the earliest data is at time 1790158250.814929, when looking up transform from frame [base_link] to frame [map]
[component_container_isolated-1] 
[component_container_isolated-1] [ERROR] [1790158262.154723184] [transformPoseInTargetFrame]: Extrapolation Error looking up target frame: Lookup would require extrapolation into the past.  Requested time 1790158231.325639 but the earliest data is at time 1790158251.823459, when looking up transform from frame [base_link] to frame [map]
[component_container_isolated-1] 
[component_container_isolated-1] [INFO] [1790158262.869235722] [robot1.global_costmap.global_costmap]: Message Filter dropping message: frame 'rplidar_link' at time 1790158262.489 for reason 'the timestamp on the message is earlier than all the data in the transform cache'
[component_container_isolated-1] [ERROR] [1790158263.154445863] [transformPoseInTargetFrame]: Extrapolation Error looking up target frame: Lookup would require extrapolation into the past.  Requested time 1790158231.325639 but the earliest data is at time 1790158252.863479, when looking up transform from frame [base_link] to frame [map]
[component_container_isolated-1] 
[component_container_isolated-1] [ERROR] [1790158264.155126944] [transformPoseInTargetFrame]: Extrapolation Error looking up target frame: Lookup would require extrapolation into the past.  Requested time 1790158231.325639 but the earliest data is at time 1790158253.874305, when looking up transform from frame [base_link] to frame [map]
[component_container_isolated-1] 
[component_container_isolated-1] [ERROR] [1790158265.155659355] [transformPoseInTargetFrame]: Extrapolation Error looking up target frame: Lookup would require extrapolation into the past.  Requested time 1790158231.325639 but the earliest data is at time 1790158254.884950, when looking up transform from frame [base_link] to frame [map]
[component_container_isolated-1] 
[component_container_isolated-1] [INFO] [1790158265.458737301] [robot1.global_costmap.global_costmap]: Message Filter dropping message: frame 'rplidar_link' at time 1790158265.096 for reason 'the timestamp on the message is earlier than all the data in the transform cache'
[component_container_isolated-1] [ERROR] [1790158266.156783763] [transformPoseInTargetFrame]: Extrapolation Error looking up target frame: Lookup would require extrapolation into the past.  Requested time 1790158231.325639 but the earliest data is at time 1790158255.873434, when looking up transform from frame [base_link] to frame [map]
[component_container_isolated-1] 
[component_container_isolated-1] [ERROR] [1790158267.155663343] [transformPoseInTargetFrame]: Extrapolation Error looking up target frame: Lookup would require extrapolation into the past.  Requested time 1790158231.325639 but the earliest data is at time 1790158256.883407, when looking up transform from frame [base_link] to frame [map]
[component_container_isolated-1] 
[component_container_isolated-1] [INFO] [1790158268.061076676] [robot1.global_costmap.global_costmap]: Message Filter dropping message: frame 'rplidar_link' at time 1790158267.690 for reason 'the timestamp on the message is earlier than all the data in the transform cache'
[component_container_isolated-1] [ERROR] [1790158268.156945615] [transformPoseInTargetFrame]: Extrapolation Error looking up target frame: Lookup would require extrapolation into the past.  Requested time 1790158231.325639 but the earliest data is at time 1790158257.825732, when looking up transform from frame [base_link] to frame [map]
[component_container_isolated-1] 
[component_container_isolated-1] [ERROR] [1790158269.155905864] [transformPoseInTargetFrame]: Extrapolation Error looking up target frame: Lookup would require extrapolation into the past.  Requested time 1790158231.325639 but the earliest data is at time 1790158258.883486, when looking up transform from frame [base_link] to frame [map]
[component_container_isolated-1] 
[component_container_isolated-1] [ERROR] [1790158270.154463363] [transformPoseInTargetFrame]: Extrapolation Error looking up target frame: Lookup would require extrapolation into the past.  Requested time 1790158231.325639 but the earliest data is at time 1790158259.876324, when looking up transform from frame [base_link] to frame [map]
[component_container_isolated-1] 
[component_container_isolated-1] [INFO] [1790158270.653167048] [robot1.global_costmap.global_costmap]: Message Filter dropping message: frame 'rplidar_link' at time 1790158270.284 for reason 'the timestamp on the message is earlier than all the data in the transform cache'
[component_container_isolated-1] [ERROR] [1790158271.154753181] [transformPoseInTargetFrame]: Extrapolation Error looking up target frame: Lookup would require extrapolation into the past.  Requested time 1790158231.325639 but the earliest data is at time 1790158260.863631, when looking up transform from frame [base_link] to frame [map]
[component_container_isolated-1] 
[component_container_isolated-1] [ERROR] [1790158272.154276217] [transformPoseInTargetFrame]: Extrapolation Error looking up target frame: Lookup would require extrapolation into the past.  Requested time 1790158231.325639 but the earliest data is at time 1790158261.874332, when looking up transform from frame [base_link] to frame [map]
[component_container_isolated-1] 
[component_container_isolated-1] [ERROR] [1790158273.154733065] [transformPoseInTargetFrame]: Extrapolation Error looking up target frame: Lookup would require extrapolation into the past.  Requested time 1790158231.325639 but the earliest data is at time 1790158262.883644, when looking up transform from frame [base_link] to frame [map]
[component_container_isolated-1] 
[component_container_isolated-1] [INFO] [1790158273.243788448] [robot1.global_costmap.global_costmap]: Message Filter dropping message: frame 'rplidar_link' at time 1790158272.888 for reason 'the timestamp on the message is earlier than all the data in the transform cache'
[component_container_isolated-1] [ERROR] [1790158274.154500956] [transformPoseInTargetFrame]: Extrapolation Error looking up target frame: Lookup would require extrapolation into the past.  Requested time 1790158231.325639 but the earliest data is at time 1790158263.824454, when looking up transform from frame [base_link] to frame [map]
[component_container_isolated-1] 
[component_container_isolated-1] [ERROR] [1790158275.155569108] [transformPoseInTargetFrame]: Extrapolation Error looking up target frame: Lookup would require extrapolation into the past.  Requested time 1790158231.325639 but the earliest data is at time 1790158264.866132, when looking up transform from frame [base_link] to frame [map]
[component_container_isolated-1] 
[component_container_isolated-1] [INFO] [1790158275.835364909] [robot1.global_costmap.global_costmap]: Message Filter dropping message: frame 'rplidar_link' at time 1790158275.479 for reason 'the timestamp on the message is earlier than all the data in the transform cache'
[component_container_isolated-1] [ERROR] [1790158276.154342359] [transformPoseInTargetFrame]: Extrapolation Error looking up target frame: Lookup would require extrapolation into the past.  Requested time 1790158231.325639 but the earliest data is at time 1790158265.824469, when looking up transform from frame [base_link] to frame [map]
[component_container_isolated-1] 
[component_container_isolated-1] [ERROR] [1790158277.154313516] [transformPoseInTargetFrame]: Extrapolation Error looking up target frame: Lookup would require extrapolation into the past.  Requested time 1790158231.325639 but the earliest data is at time 1790158266.863480, when looking up transform from frame [base_link] to frame [map]
[component_container_isolated-1] 
[component_container_isolated-1] [ERROR] [1790158278.154074373] [transformPoseInTargetFrame]: Extrapolation Error looking up target frame: Lookup would require extrapolation into the past.  Requested time 1790158231.325639 but the earliest data is at time 1790158267.875350, when looking up transform from frame [base_link] to frame [map]
[component_container_isolated-1] 
[component_container_isolated-1] [INFO] [1790158278.429029578] [robot1.global_costmap.global_costmap]: Message Filter dropping message: frame 'rplidar_link' at time 1790158278.061 for reason 'the timestamp on the message is earlier than all the data in the transform cache'
[component_container_isolated-1] [ERROR] [1790158279.154637995] [transformPoseInTargetFrame]: Extrapolation Error looking up target frame: Lookup would require extrapolation into the past.  Requested time 1790158231.325639 but the earliest data is at time 1790158268.833775, when looking up transform from frame [base_link] to frame [map]
[component_container_isolated-1] 
[component_container_isolated-1] [ERROR] [1790158280.154575561] [transformPoseInTargetFrame]: Extrapolation Error looking up target frame: Lookup would require extrapolation into the past.  Requested time 1790158279.874392 but the earliest data is at time 1790158281.161438, when looking up transform from frame [base_link] to frame [map]
[component_container_isolated-1] 
[component_container_isolated-1] [INFO] [1790158281.019285446] [robot1.global_costmap.global_costmap]: Message Filter dropping message: frame 'rplidar_link' at time 1790158280.587 for reason 'the timestamp on the message is earlier than all the data in the transform cache'
[component_container_isolated-1] [ERROR] [1790158281.155021264] [transformPoseInTargetFrame]: Extrapolation Error looking up target frame: Lookup would require extrapolation into the past.  Requested time 1790158280.865200 but the earliest data is at time 1790158281.161438, when looking up transform from frame [base_link] to frame [map]
[component_container_isolated-1] 
