[INFO] [launch]: All log files can be found below /home/danyalaziz/.ros/log/2026-09-25-08-21-01-017490-Precision-3660-44259
[INFO] [launch]: Default logging verbosity is set to INFO
[INFO] [component_container_isolated-1]: process started with pid [44275]
[component_container_isolated-1] [INFO] [1790306462.835656651] [robot1.nav2_container]: Load Library: /opt/ros/humble/lib/libcontroller_server_core.so
[component_container_isolated-1] [INFO] [1790306462.988602756] [robot1.nav2_container]: Found class: rclcpp_components::NodeFactoryTemplate<nav2_controller::ControllerServer>
[component_container_isolated-1] [INFO] [1790306462.988646259] [robot1.nav2_container]: Instantiate class: rclcpp_components::NodeFactoryTemplate<nav2_controller::ControllerServer>
[component_container_isolated-1] [INFO] [1790306463.139046146] [robot1.controller_server]: 
[component_container_isolated-1] 	controller_server lifecycle node launched. 
[component_container_isolated-1] 	Waiting on external lifecycle transitions to activate
[component_container_isolated-1] 	See https://design.ros2.org/articles/node_lifecycle.html for more information.
[component_container_isolated-1] [INFO] [1790306463.307369498] [robot1.controller_server]: Creating controller server
[component_container_isolated-1] [INFO] [1790306463.342480207] [robot1.local_costmap.local_costmap]: 
[component_container_isolated-1] 	local_costmap lifecycle node launched. 
[component_container_isolated-1] 	Waiting on external lifecycle transitions to activate
[component_container_isolated-1] 	See https://design.ros2.org/articles/node_lifecycle.html for more information.
[component_container_isolated-1] [INFO] [1790306463.350123352] [robot1.local_costmap.local_costmap]: Creating Costmap
[INFO] [launch_ros.actions.load_composable_nodes]: Loaded node '/robot1/controller_server' in container '/robot1/nav2_container'
[component_container_isolated-1] [INFO] [1790306463.358625999] [robot1.nav2_container]: Load Library: /opt/ros/humble/lib/libsmoother_server_core.so
[component_container_isolated-1] [INFO] [1790306463.376240454] [robot1.nav2_container]: Found class: rclcpp_components::NodeFactoryTemplate<nav2_smoother::SmootherServer>
[component_container_isolated-1] [INFO] [1790306463.376263562] [robot1.nav2_container]: Instantiate class: rclcpp_components::NodeFactoryTemplate<nav2_smoother::SmootherServer>
[component_container_isolated-1] [INFO] [1790306463.528101373] [robot1.smoother_server]: 
[component_container_isolated-1] 	smoother_server lifecycle node launched. 
[component_container_isolated-1] 	Waiting on external lifecycle transitions to activate
[component_container_isolated-1] 	See https://design.ros2.org/articles/node_lifecycle.html for more information.
[component_container_isolated-1] [INFO] [1790306463.528661511] [robot1.smoother_server]: Creating smoother server
[INFO] [launch_ros.actions.load_composable_nodes]: Loaded node '/robot1/smoother_server' in container '/robot1/nav2_container'
[component_container_isolated-1] [INFO] [1790306463.547983358] [robot1.nav2_container]: Load Library: /opt/ros/humble/lib/libplanner_server_core.so
[component_container_isolated-1] [INFO] [1790306463.554273081] [robot1.nav2_container]: Found class: rclcpp_components::NodeFactoryTemplate<nav2_planner::PlannerServer>
[component_container_isolated-1] [INFO] [1790306463.554297204] [robot1.nav2_container]: Instantiate class: rclcpp_components::NodeFactoryTemplate<nav2_planner::PlannerServer>
[component_container_isolated-1] [INFO] [1790306463.974133618] [robot1.planner_server]: 
[component_container_isolated-1] 	planner_server lifecycle node launched. 
[component_container_isolated-1] 	Waiting on external lifecycle transitions to activate
[component_container_isolated-1] 	See https://design.ros2.org/articles/node_lifecycle.html for more information.
[component_container_isolated-1] [INFO] [1790306463.974761202] [robot1.planner_server]: Creating
[component_container_isolated-1] [INFO] [1790306464.332956296] [robot1.global_costmap.global_costmap]: 
[component_container_isolated-1] 	global_costmap lifecycle node launched. 
[component_container_isolated-1] 	Waiting on external lifecycle transitions to activate
[component_container_isolated-1] 	See https://design.ros2.org/articles/node_lifecycle.html for more information.
[component_container_isolated-1] [INFO] [1790306464.333172545] [robot1.global_costmap.global_costmap]: Creating Costmap
[INFO] [launch_ros.actions.load_composable_nodes]: Loaded node '/robot1/planner_server' in container '/robot1/nav2_container'
[component_container_isolated-1] [INFO] [1790306464.344287784] [robot1.nav2_container]: Load Library: /opt/ros/humble/lib/libbehavior_server_core.so
[component_container_isolated-1] [INFO] [1790306464.373097462] [robot1.nav2_container]: Found class: rclcpp_components::NodeFactoryTemplate<behavior_server::BehaviorServer>
[component_container_isolated-1] [INFO] [1790306464.373111142] [robot1.nav2_container]: Instantiate class: rclcpp_components::NodeFactoryTemplate<behavior_server::BehaviorServer>
[component_container_isolated-1] [INFO] [1790306464.812261613] [robot1.behavior_server]: 
[component_container_isolated-1] 	behavior_server lifecycle node launched. 
[component_container_isolated-1] 	Waiting on external lifecycle transitions to activate
[component_container_isolated-1] 	See https://design.ros2.org/articles/node_lifecycle.html for more information.
[INFO] [launch_ros.actions.load_composable_nodes]: Loaded node '/robot1/behavior_server' in container '/robot1/nav2_container'
[component_container_isolated-1] [INFO] [1790306464.814518248] [robot1.nav2_container]: Load Library: /opt/ros/humble/lib/libbt_navigator_core.so
[component_container_isolated-1] [INFO] [1790306464.861389480] [robot1.nav2_container]: Found class: rclcpp_components::NodeFactoryTemplate<nav2_bt_navigator::BtNavigator>
[component_container_isolated-1] [INFO] [1790306464.861412500] [robot1.nav2_container]: Instantiate class: rclcpp_components::NodeFactoryTemplate<nav2_bt_navigator::BtNavigator>
[component_container_isolated-1] [INFO] [1790306465.529624355] [robot1.bt_navigator]: 
[component_container_isolated-1] 	bt_navigator lifecycle node launched. 
[component_container_isolated-1] 	Waiting on external lifecycle transitions to activate
[component_container_isolated-1] 	See https://design.ros2.org/articles/node_lifecycle.html for more information.
[component_container_isolated-1] [INFO] [1790306465.529662535] [robot1.bt_navigator]: Creating
[INFO] [launch_ros.actions.load_composable_nodes]: Loaded node '/robot1/bt_navigator' in container '/robot1/nav2_container'
[component_container_isolated-1] [INFO] [1790306465.531444099] [robot1.nav2_container]: Load Library: /opt/ros/humble/lib/libwaypoint_follower_core.so
[component_container_isolated-1] [INFO] [1790306465.551466456] [robot1.nav2_container]: Found class: rclcpp_components::NodeFactoryTemplate<nav2_waypoint_follower::WaypointFollower>
[component_container_isolated-1] [INFO] [1790306465.551478707] [robot1.nav2_container]: Instantiate class: rclcpp_components::NodeFactoryTemplate<nav2_waypoint_follower::WaypointFollower>
[component_container_isolated-1] [INFO] [1790306465.939678768] [robot1.waypoint_follower]: 
[component_container_isolated-1] 	waypoint_follower lifecycle node launched. 
[component_container_isolated-1] 	Waiting on external lifecycle transitions to activate
[component_container_isolated-1] 	See https://design.ros2.org/articles/node_lifecycle.html for more information.
[component_container_isolated-1] [INFO] [1790306465.940291416] [robot1.waypoint_follower]: Creating
[INFO] [launch_ros.actions.load_composable_nodes]: Loaded node '/robot1/waypoint_follower' in container '/robot1/nav2_container'
[component_container_isolated-1] [INFO] [1790306465.943987624] [robot1.nav2_container]: Load Library: /opt/ros/humble/lib/libvelocity_smoother_core.so
[component_container_isolated-1] [INFO] [1790306465.993876990] [robot1.nav2_container]: Found class: rclcpp_components::NodeFactoryTemplate<nav2_velocity_smoother::VelocitySmoother>
[component_container_isolated-1] [INFO] [1790306465.993905426] [robot1.nav2_container]: Instantiate class: rclcpp_components::NodeFactoryTemplate<nav2_velocity_smoother::VelocitySmoother>
[component_container_isolated-1] [INFO] [1790306466.705061699] [robot1.velocity_smoother]: 
[component_container_isolated-1] 	velocity_smoother lifecycle node launched. 
[component_container_isolated-1] 	Waiting on external lifecycle transitions to activate
[component_container_isolated-1] 	See https://design.ros2.org/articles/node_lifecycle.html for more information.
[INFO] [launch_ros.actions.load_composable_nodes]: Loaded node '/robot1/velocity_smoother' in container '/robot1/nav2_container'
[component_container_isolated-1] [INFO] [1790306466.714375861] [robot1.nav2_container]: Load Library: /opt/ros/humble/lib/libnav2_lifecycle_manager_core.so
[component_container_isolated-1] [INFO] [1790306466.721730391] [robot1.nav2_container]: Found class: rclcpp_components::NodeFactoryTemplate<nav2_lifecycle_manager::LifecycleManager>
[component_container_isolated-1] [INFO] [1790306466.721741162] [robot1.nav2_container]: Instantiate class: rclcpp_components::NodeFactoryTemplate<nav2_lifecycle_manager::LifecycleManager>
[component_container_isolated-1] [INFO] [1790306467.319960182] [robot1.lifecycle_manager_navigation]: Creating
[component_container_isolated-1] [INFO] [1790306467.454560473] [robot1.lifecycle_manager_navigation]: [34m[1mCreating and initializing lifecycle service clients[0m[0m
[INFO] [launch_ros.actions.load_composable_nodes]: Loaded node '/robot1/lifecycle_manager_navigation' in container '/robot1/nav2_container'
[INFO] [nav2_startup-2]: process started with pid [44422]
[nav2_startup-2] waiting for service to become available...
[nav2_startup-2] requester: making request: nav2_msgs.srv.ManageLifecycleNodes_Request(command=0)
[nav2_startup-2] 
[component_container_isolated-1] [INFO] [1790306482.762462250] [robot1.lifecycle_manager_navigation]: [34m[1mStarting managed nodes bringup...[0m[0m
[component_container_isolated-1] [INFO] [1790306482.762516955] [robot1.lifecycle_manager_navigation]: [34m[1mConfiguring controller_server[0m[0m
[component_container_isolated-1] [INFO] [1790306482.762855050] [robot1.controller_server]: Configuring controller interface
[component_container_isolated-1] [INFO] [1790306482.762966156] [robot1.controller_server]: getting goal checker plugins..
[component_container_isolated-1] [INFO] [1790306482.762989226] [robot1.controller_server]: Controller frequency set to 20.0000Hz
[component_container_isolated-1] [INFO] [1790306482.763001776] [robot1.local_costmap.local_costmap]: Configuring
[component_container_isolated-1] [INFO] [1790306482.831553138] [robot1.local_costmap.local_costmap]: Using plugin "static_layer"
[component_container_isolated-1] [INFO] [1790306482.845036881] [robot1.local_costmap.local_costmap]: Subscribing to the map topic (/robot1/map) with transient local durability
[component_container_isolated-1] [INFO] [1790306482.851757345] [robot1.local_costmap.local_costmap]: Initialized plugin "static_layer"
[component_container_isolated-1] [INFO] [1790306482.851774346] [robot1.local_costmap.local_costmap]: Using plugin "voxel_layer"
[component_container_isolated-1] [INFO] [1790306482.851992229] [robot1.local_costmap.local_costmap]: Subscribed to Topics: scan
[component_container_isolated-1] [INFO] [1790306482.918650733] [robot1.local_costmap.local_costmap]: Initialized plugin "voxel_layer"
[component_container_isolated-1] [INFO] [1790306482.918669298] [robot1.local_costmap.local_costmap]: Using plugin "inflation_layer"
[component_container_isolated-1] [INFO] [1790306482.919057351] [robot1.local_costmap.local_costmap]: Initialized plugin "inflation_layer"
[component_container_isolated-1] [INFO] [1790306483.051642086] [robot1.local_costmap.local_costmap]: StaticLayer: Resizing static layer to 115 X 282 at 0.050000 m/pix
[component_container_isolated-1] [INFO] [1790306483.052159408] [robot1.controller_server]: Created progress_checker : progress_checker of type nav2_controller::SimpleProgressChecker
[component_container_isolated-1] [INFO] [1790306483.052763845] [robot1.controller_server]: Created goal checker : general_goal_checker of type nav2_controller::SimpleGoalChecker
[component_container_isolated-1] [INFO] [1790306483.052873795] [robot1.controller_server]: Controller Server has general_goal_checker  goal checkers available.
[component_container_isolated-1] [INFO] [1790306483.099493247] [robot1.controller_server]: Created controller : FollowPath of type dwb_core::DWBLocalPlanner
[component_container_isolated-1] [INFO] [1790306483.099779867] [robot1.controller_server]: Setting transform_tolerance to 0.200000
[component_container_isolated-1] [INFO] [1790306483.204904235] [robot1.controller_server]: Using critic "RotateToGoal" (dwb_critics::RotateToGoalCritic)
[component_container_isolated-1] [INFO] [1790306483.205086506] [robot1.controller_server]: Critic plugin initialized
[component_container_isolated-1] [INFO] [1790306483.205134560] [robot1.controller_server]: Using critic "Oscillation" (dwb_critics::OscillationCritic)
[component_container_isolated-1] [INFO] [1790306483.205251095] [robot1.controller_server]: Critic plugin initialized
[component_container_isolated-1] [INFO] [1790306483.205289925] [robot1.controller_server]: Using critic "BaseObstacle" (dwb_critics::BaseObstacleCritic)
[component_container_isolated-1] [INFO] [1790306483.205484604] [robot1.controller_server]: Critic plugin initialized
[component_container_isolated-1] [INFO] [1790306483.205598022] [robot1.controller_server]: Using critic "GoalAlign" (dwb_critics::GoalAlignCritic)
[component_container_isolated-1] [INFO] [1790306483.205861256] [robot1.controller_server]: Critic plugin initialized
[component_container_isolated-1] [INFO] [1790306483.205943907] [robot1.controller_server]: Using critic "PathAlign" (dwb_critics::PathAlignCritic)
[component_container_isolated-1] [INFO] [1790306483.206184080] [robot1.controller_server]: Critic plugin initialized
[component_container_isolated-1] [INFO] [1790306483.206264981] [robot1.controller_server]: Using critic "PathDist" (dwb_critics::PathDistCritic)
[component_container_isolated-1] [INFO] [1790306483.206441473] [robot1.controller_server]: Critic plugin initialized
[component_container_isolated-1] [INFO] [1790306483.206531519] [robot1.controller_server]: Using critic "GoalDist" (dwb_critics::GoalDistCritic)
[component_container_isolated-1] [INFO] [1790306483.206703226] [robot1.controller_server]: Critic plugin initialized
[component_container_isolated-1] [INFO] [1790306483.206718083] [robot1.controller_server]: Controller Server has FollowPath  controllers available.
[component_container_isolated-1] [INFO] [1790306483.330778797] [robot1.lifecycle_manager_navigation]: [34m[1mConfiguring smoother_server[0m[0m
[component_container_isolated-1] [INFO] [1790306483.330907731] [robot1.smoother_server]: Configuring smoother server
[component_container_isolated-1] [INFO] [1790306483.444295253] [robot1.smoother_server]: Created smoother : simple_smoother of type nav2_smoother::SimpleSmoother
[component_container_isolated-1] [INFO] [1790306483.444623397] [robot1.smoother_server]: Smoother Server has simple_smoother  smoothers available.
[component_container_isolated-1] [INFO] [1790306483.561774954] [robot1.lifecycle_manager_navigation]: [34m[1mConfiguring planner_server[0m[0m
[component_container_isolated-1] [INFO] [1790306483.561908160] [robot1.planner_server]: Configuring
[component_container_isolated-1] [INFO] [1790306483.561936145] [robot1.global_costmap.global_costmap]: Configuring
[component_container_isolated-1] [INFO] [1790306483.654582441] [robot1.global_costmap.global_costmap]: Using plugin "static_layer"
[component_container_isolated-1] [INFO] [1790306483.654925373] [robot1.global_costmap.global_costmap]: Subscribing to the map topic (/robot1/map) with transient local durability
[component_container_isolated-1] [INFO] [1790306483.672290414] [robot1.global_costmap.global_costmap]: Initialized plugin "static_layer"
[component_container_isolated-1] [INFO] [1790306483.672314136] [robot1.global_costmap.global_costmap]: Using plugin "obstacle_layer"
[component_container_isolated-1] [INFO] [1790306483.672872781] [robot1.global_costmap.global_costmap]: Subscribed to Topics: scan
[component_container_isolated-1] [INFO] [1790306483.712444515] [robot1.global_costmap.global_costmap]: Initialized plugin "obstacle_layer"
[component_container_isolated-1] [INFO] [1790306483.712459326] [robot1.global_costmap.global_costmap]: Using plugin "inflation_layer"
[component_container_isolated-1] [INFO] [1790306483.712729119] [robot1.global_costmap.global_costmap]: Initialized plugin "inflation_layer"
[component_container_isolated-1] [INFO] [1790306483.883486661] [robot1.global_costmap.global_costmap]: StaticLayer: Resizing costmap to 115 X 282 at 0.050000 m/pix
[component_container_isolated-1] [INFO] [1790306483.894734520] [robot1.planner_server]: Created global planner plugin GridBased of type nav2_navfn_planner/NavfnPlanner
[component_container_isolated-1] [INFO] [1790306483.894752972] [robot1.planner_server]: Configuring plugin GridBased of type NavfnPlanner
[component_container_isolated-1] [INFO] [1790306483.894975100] [robot1.planner_server]: Planner Server has GridBased  planners available.
[component_container_isolated-1] [INFO] [1790306484.117485118] [robot1.lifecycle_manager_navigation]: [34m[1mConfiguring behavior_server[0m[0m
[component_container_isolated-1] [INFO] [1790306484.117638221] [robot1.behavior_server]: Configuring
[component_container_isolated-1] [INFO] [1790306484.244785277] [robot1.behavior_server]: Creating behavior plugin spin of type nav2_behaviors/Spin
[component_container_isolated-1] [INFO] [1790306484.250717127] [robot1.behavior_server]: Configuring spin
[component_container_isolated-1] [INFO] [1790306484.365621474] [robot1.behavior_server]: Creating behavior plugin backup of type nav2_behaviors/BackUp
[component_container_isolated-1] [INFO] [1790306484.379209893] [robot1.behavior_server]: Configuring backup
[component_container_isolated-1] [INFO] [1790306484.495664857] [robot1.behavior_server]: Creating behavior plugin drive_on_heading of type nav2_behaviors/DriveOnHeading
[component_container_isolated-1] [INFO] [1790306484.502955074] [robot1.behavior_server]: Configuring drive_on_heading
[component_container_isolated-1] [INFO] [1790306484.610337825] [robot1.behavior_server]: Creating behavior plugin assisted_teleop of type nav2_behaviors/AssistedTeleop
[component_container_isolated-1] [INFO] [1790306484.613729685] [robot1.behavior_server]: Configuring assisted_teleop
[component_container_isolated-1] [INFO] [1790306484.771178903] [robot1.behavior_server]: Creating behavior plugin wait of type nav2_behaviors/Wait
[component_container_isolated-1] [INFO] [1790306484.778038716] [robot1.behavior_server]: Configuring wait
[component_container_isolated-1] [INFO] [1790306484.909477608] [robot1.lifecycle_manager_navigation]: [34m[1mConfiguring bt_navigator[0m[0m
[component_container_isolated-1] [INFO] [1790306484.909608218] [robot1.bt_navigator]: Configuring
[component_container_isolated-1] [INFO] [1790306486.293028957] [robot1.lifecycle_manager_navigation]: [34m[1mConfiguring waypoint_follower[0m[0m
[component_container_isolated-1] [INFO] [1790306486.293181373] [robot1.waypoint_follower]: Configuring
[component_container_isolated-1] [INFO] [1790306486.538917736] [robot1.waypoint_follower]: Created waypoint_task_executor : wait_at_waypoint of type nav2_waypoint_follower::WaitAtWaypoint
[component_container_isolated-1] [INFO] [1790306486.539578012] [robot1.lifecycle_manager_navigation]: [34m[1mConfiguring velocity_smoother[0m[0m
[component_container_isolated-1] [INFO] [1790306486.539745413] [robot1.velocity_smoother]: Configuring velocity smoother
[component_container_isolated-1] [INFO] [1790306486.585345916] [robot1.lifecycle_manager_navigation]: [34m[1mActivating controller_server[0m[0m
[component_container_isolated-1] [INFO] [1790306486.585482493] [robot1.controller_server]: Activating
[component_container_isolated-1] [INFO] [1790306486.585506690] [robot1.local_costmap.local_costmap]: Activating
[component_container_isolated-1] [INFO] [1790306486.585513993] [robot1.local_costmap.local_costmap]: Checking transform
[component_container_isolated-1] [INFO] [1790306486.585579356] [robot1.local_costmap.local_costmap]: start
[component_container_isolated-1] [INFO] [1790306486.805576822] [robot1.controller_server]: Creating bond (controller_server) to lifecycle manager.
[component_container_isolated-1] [INFO] [1790306486.973363717] [robot1.lifecycle_manager_navigation]: Server controller_server connected with bond.
[component_container_isolated-1] [INFO] [1790306486.973433933] [robot1.lifecycle_manager_navigation]: [34m[1mActivating smoother_server[0m[0m
[component_container_isolated-1] [INFO] [1790306486.973721807] [robot1.smoother_server]: Activating
[component_container_isolated-1] [INFO] [1790306486.973741499] [robot1.smoother_server]: Creating bond (smoother_server) to lifecycle manager.
[component_container_isolated-1] [INFO] [1790306487.116726710] [robot1.lifecycle_manager_navigation]: Server smoother_server connected with bond.
[component_container_isolated-1] [INFO] [1790306487.116758327] [robot1.lifecycle_manager_navigation]: [34m[1mActivating planner_server[0m[0m
[component_container_isolated-1] [INFO] [1790306487.117061702] [robot1.planner_server]: Activating
[component_container_isolated-1] [INFO] [1790306487.117101299] [robot1.global_costmap.global_costmap]: Activating
[component_container_isolated-1] [INFO] [1790306487.117112178] [robot1.global_costmap.global_costmap]: Checking transform
[component_container_isolated-1] [INFO] [1790306487.117189616] [robot1.global_costmap.global_costmap]: start
[component_container_isolated-1] [INFO] [1790306488.126629145] [robot1.planner_server]: Activating plugin GridBased of type NavfnPlanner
[component_container_isolated-1] [INFO] [1790306488.139514660] [robot1.planner_server]: Creating bond (planner_server) to lifecycle manager.
[component_container_isolated-1] [INFO] [1790306488.310910524] [robot1.lifecycle_manager_navigation]: Server planner_server connected with bond.
[component_container_isolated-1] [INFO] [1790306488.311008514] [robot1.lifecycle_manager_navigation]: [34m[1mActivating behavior_server[0m[0m
[component_container_isolated-1] [INFO] [1790306488.311222432] [robot1.behavior_server]: Activating
[component_container_isolated-1] [INFO] [1790306488.311234242] [robot1.behavior_server]: Activating spin
[component_container_isolated-1] [INFO] [1790306488.311245105] [robot1.behavior_server]: Activating backup
[component_container_isolated-1] [INFO] [1790306488.311250559] [robot1.behavior_server]: Activating drive_on_heading
[component_container_isolated-1] [INFO] [1790306488.311255560] [robot1.behavior_server]: Activating assisted_teleop
[component_container_isolated-1] [INFO] [1790306488.311260478] [robot1.behavior_server]: Activating wait
[component_container_isolated-1] [INFO] [1790306488.311266741] [robot1.behavior_server]: Creating bond (behavior_server) to lifecycle manager.
[component_container_isolated-1] [INFO] [1790306488.450978380] [robot1.lifecycle_manager_navigation]: Server behavior_server connected with bond.
[component_container_isolated-1] [INFO] [1790306488.451058548] [robot1.lifecycle_manager_navigation]: [34m[1mActivating bt_navigator[0m[0m
[component_container_isolated-1] [INFO] [1790306488.451249035] [robot1.bt_navigator]: Activating
[component_container_isolated-1] [INFO] [1790306490.253903394] [robot1.bt_navigator]: Creating bond (bt_navigator) to lifecycle manager.
[component_container_isolated-1] [INFO] [1790306490.412221590] [robot1.lifecycle_manager_navigation]: Server bt_navigator connected with bond.
[component_container_isolated-1] [INFO] [1790306490.412245001] [robot1.lifecycle_manager_navigation]: [34m[1mActivating waypoint_follower[0m[0m
[component_container_isolated-1] [INFO] [1790306490.412463043] [robot1.waypoint_follower]: Activating
[component_container_isolated-1] [INFO] [1790306490.412483644] [robot1.waypoint_follower]: Creating bond (waypoint_follower) to lifecycle manager.
[component_container_isolated-1] [INFO] [1790306490.629701001] [robot1.lifecycle_manager_navigation]: Server waypoint_follower connected with bond.
[component_container_isolated-1] [INFO] [1790306490.629794514] [robot1.lifecycle_manager_navigation]: [34m[1mActivating velocity_smoother[0m[0m
[component_container_isolated-1] [INFO] [1790306490.630098525] [robot1.velocity_smoother]: Activating
[component_container_isolated-1] [INFO] [1790306490.630130521] [robot1.velocity_smoother]: Creating bond (velocity_smoother) to lifecycle manager.
[component_container_isolated-1] [INFO] [1790306490.789893486] [robot1.lifecycle_manager_navigation]: Server velocity_smoother connected with bond.
[component_container_isolated-1] [INFO] [1790306490.790007766] [robot1.lifecycle_manager_navigation]: [34m[1mManaged nodes are active[0m[0m
[component_container_isolated-1] [INFO] [1790306490.790019531] [robot1.lifecycle_manager_navigation]: [34m[1mCreating bond timer...[0m[0m
[nav2_startup-2] response:
[nav2_startup-2] nav2_msgs.srv.ManageLifecycleNodes_Response(success=True)
[nav2_startup-2] 
[INFO] [nav2_startup-2]: process has finished cleanly [pid 44422]
[component_container_isolated-1] [INFO] [1790306535.563279555] [robot1.local_costmap.local_costmap]: Message Filter dropping message: frame 'rplidar_link' at time 1790306535.143 for reason 'the timestamp on the message is earlier than all the data in the transform cache'
[component_container_isolated-1] [INFO] [1790306670.014600956] [robot1.bt_navigator]: Begin navigating from current location (-0.13, -0.01) to (0.41, 1.39)
[component_container_isolated-1] [INFO] [1790306670.035123194] [robot1.controller_server]: Received a goal, begin computing control effort.
[component_container_isolated-1] [WARN] [1790306670.035174310] [robot1.controller_server]: No goal checker was specified in parameter 'current_goal_checker'. Server will use only plugin loaded general_goal_checker . This warning will appear once.
[component_container_isolated-1] [INFO] [1790306671.024847681] [robot1.bt_navigator]: Received goal preemption request
[component_container_isolated-1] [INFO] [1790306671.024961211] [robot1.bt_navigator]: Begin navigating from current location (-0.08, 0.14) to (0.38, 1.46)
[component_container_isolated-1] [INFO] [1790306671.085331160] [robot1.controller_server]: Passing new path to controller.
[component_container_isolated-1] [INFO] [1790306671.586918226] [robot1.local_costmap.local_costmap]: StaticLayer: Resizing static layer to 162 X 293 at 0.050000 m/pix
[component_container_isolated-1] [INFO] [1790306672.024889214] [robot1.bt_navigator]: Received goal preemption request
[component_container_isolated-1] [INFO] [1790306672.025029053] [robot1.bt_navigator]: Begin navigating from current location (-0.05, 0.38) to (0.60, 1.27)
[component_container_isolated-1] [INFO] [1790306672.085336541] [robot1.controller_server]: Passing new path to controller.
[component_container_isolated-1] [INFO] [1790306672.117407444] [robot1.global_costmap.global_costmap]: StaticLayer: Resizing costmap to 162 X 293 at 0.050000 m/pix
[component_container_isolated-1] [INFO] [1790306672.986631616] [robot1.local_costmap.local_costmap]: StaticLayer: Resizing static layer to 163 X 293 at 0.050000 m/pix
[component_container_isolated-1] [INFO] [1790306673.024821589] [robot1.bt_navigator]: Received goal preemption request
[component_container_isolated-1] [INFO] [1790306673.024928010] [robot1.bt_navigator]: Begin navigating from current location (-0.00, 0.62) to (0.94, 2.85)
[component_container_isolated-1] [INFO] [1790306673.117388310] [robot1.global_costmap.global_costmap]: StaticLayer: Resizing costmap to 163 X 293 at 0.050000 m/pix
[component_container_isolated-1] [INFO] [1790306673.135310730] [robot1.controller_server]: Passing new path to controller.
[component_container_isolated-1] [INFO] [1790306674.024808941] [robot1.bt_navigator]: Received goal preemption request
[component_container_isolated-1] [INFO] [1790306674.024889062] [robot1.bt_navigator]: Begin navigating from current location (0.07, 0.86) to (1.15, 2.70)
[component_container_isolated-1] [INFO] [1790306674.185326340] [robot1.controller_server]: Passing new path to controller.
[component_container_isolated-1] [INFO] [1790306675.014785238] [robot1.bt_navigator]: Received goal preemption request
[component_container_isolated-1] [INFO] [1790306675.014862941] [robot1.bt_navigator]: Begin navigating from current location (0.14, 1.09) to (1.23, 3.03)
[component_container_isolated-1] [INFO] [1790306675.185334158] [robot1.controller_server]: Passing new path to controller.
[component_container_isolated-1] [INFO] [1790306675.986683556] [robot1.local_costmap.local_costmap]: StaticLayer: Resizing static layer to 182 X 293 at 0.050000 m/pix
[component_container_isolated-1] [INFO] [1790306676.024778395] [robot1.bt_navigator]: Received goal preemption request
[component_container_isolated-1] [INFO] [1790306676.024847466] [robot1.bt_navigator]: Begin navigating from current location (0.20, 1.32) to (0.84, 3.36)
[component_container_isolated-1] [INFO] [1790306676.117424416] [robot1.global_costmap.global_costmap]: StaticLayer: Resizing costmap to 182 X 293 at 0.050000 m/pix
[component_container_isolated-1] [INFO] [1790306676.235328475] [robot1.controller_server]: Passing new path to controller.
[component_container_isolated-1] [INFO] [1790306677.014775653] [robot1.bt_navigator]: Received goal preemption request
[component_container_isolated-1] [INFO] [1790306677.014849155] [robot1.bt_navigator]: Begin navigating from current location (0.24, 1.56) to (1.51, 2.85)
[component_container_isolated-1] [INFO] [1790306677.235361221] [robot1.controller_server]: Passing new path to controller.
[component_container_isolated-1] [INFO] [1790306678.014778714] [robot1.bt_navigator]: Received goal preemption request
[component_container_isolated-1] [INFO] [1790306678.014836861] [robot1.bt_navigator]: Begin navigating from current location (0.31, 1.80) to (0.91, 3.09)
[component_container_isolated-1] [INFO] [1790306678.285368711] [robot1.controller_server]: Passing new path to controller.
[component_container_isolated-1] [INFO] [1790306679.024867922] [robot1.bt_navigator]: Received goal preemption request
[component_container_isolated-1] [INFO] [1790306679.024957985] [robot1.bt_navigator]: Begin navigating from current location (0.40, 2.02) to (1.09, 3.70)
[component_container_isolated-1] [INFO] [1790306679.285332190] [robot1.controller_server]: Passing new path to controller.
[component_container_isolated-1] [INFO] [1790306680.024813592] [robot1.bt_navigator]: Received goal preemption request
[component_container_isolated-1] [INFO] [1790306680.024898895] [robot1.bt_navigator]: Begin navigating from current location (0.49, 2.25) to (1.03, 3.48)
[component_container_isolated-1] [INFO] [1790306680.335329894] [robot1.controller_server]: Passing new path to controller.
[component_container_isolated-1] [INFO] [1790306680.987100465] [robot1.local_costmap.local_costmap]: StaticLayer: Resizing static layer to 182 X 293 at 0.050000 m/pix
[component_container_isolated-1] [INFO] [1790306681.117369825] [robot1.global_costmap.global_costmap]: StaticLayer: Resizing costmap to 182 X 293 at 0.050000 m/pix
[component_container_isolated-1] [INFO] [1790306681.385325097] [robot1.controller_server]: Passing new path to controller.
[component_container_isolated-1] [INFO] [1790306682.385357258] [robot1.controller_server]: Passing new path to controller.
[component_container_isolated-1] [INFO] [1790306682.586636032] [robot1.local_costmap.local_costmap]: StaticLayer: Resizing static layer to 182 X 293 at 0.050000 m/pix
[component_container_isolated-1] [INFO] [1790306683.117360850] [robot1.global_costmap.global_costmap]: StaticLayer: Resizing costmap to 182 X 293 at 0.050000 m/pix
[component_container_isolated-1] [INFO] [1790306683.435311421] [robot1.controller_server]: Passing new path to controller.
[component_container_isolated-1] [INFO] [1790306683.986499220] [robot1.local_costmap.local_costmap]: StaticLayer: Resizing static layer to 182 X 293 at 0.050000 m/pix
[component_container_isolated-1] [INFO] [1790306684.117402713] [robot1.global_costmap.global_costmap]: StaticLayer: Resizing costmap to 182 X 293 at 0.050000 m/pix
[component_container_isolated-1] [INFO] [1790306684.435473776] [robot1.controller_server]: Passing new path to controller.
[component_container_isolated-1] [INFO] [1790306685.485311995] [robot1.controller_server]: Passing new path to controller.
[component_container_isolated-1] [INFO] [1790306686.535329655] [robot1.controller_server]: Passing new path to controller.
[component_container_isolated-1] [INFO] [1790306687.535381919] [robot1.controller_server]: Passing new path to controller.
[component_container_isolated-1] [INFO] [1790306687.987111778] [robot1.controller_server]: Reached the goal!
[component_container_isolated-1] [INFO] [1790306688.024936049] [robot1.bt_navigator]: Goal succeeded
[component_container_isolated-1] [INFO] [1790306694.015678793] [robot1.bt_navigator]: Begin navigating from current location (0.91, 3.29) to (1.11, 3.98)
[component_container_isolated-1] [INFO] [1790306694.035954628] [robot1.controller_server]: Received a goal, begin computing control effort.
[component_container_isolated-1] [INFO] [1790306695.086224160] [robot1.controller_server]: Passing new path to controller.
[component_container_isolated-1] [ERROR] [1790306696.036044830] [robot1.bt_navigator_navigate_to_pose_rclcpp_node]: Failed to get result for follow_path in node halt!
[component_container_isolated-1] [INFO] [1790306696.036149530] [robot1.controller_server]: Goal was canceled. Stopping the robot.
[component_container_isolated-1] [INFO] [1790306696.036175934] [robot1.controller_server]: [follow_path] [ActionServer] Client requested to cancel the goal. Cancelling.
[component_container_isolated-1] [INFO] [1790306696.036163119] [robot1.bt_navigator]: [navigate_to_pose] [ActionServer] Client requested to cancel the goal. Cancelling.
[component_container_isolated-1] [INFO] [1790306696.036243758] [robot1.bt_navigator]: Goal canceled
[component_container_isolated-1] [INFO] [1790306718.019912405] [robot1.bt_navigator]: Begin navigating from current location (1.04, 3.70) to (-1.16, 2.60)
[component_container_isolated-1] [INFO] [1790306718.040357866] [robot1.controller_server]: Received a goal, begin computing control effort.
[component_container_isolated-1] [INFO] [1790306719.090534743] [robot1.controller_server]: Passing new path to controller.
[component_container_isolated-1] [INFO] [1790306719.985704702] [robot1.local_costmap.local_costmap]: StaticLayer: Resizing static layer to 182 X 294 at 0.050000 m/pix
[component_container_isolated-1] [INFO] [1790306720.117356409] [robot1.global_costmap.global_costmap]: StaticLayer: Resizing costmap to 182 X 294 at 0.050000 m/pix
[component_container_isolated-1] [INFO] [1790306720.140532210] [robot1.controller_server]: Passing new path to controller.
[component_container_isolated-1] [INFO] [1790306721.140532084] [robot1.controller_server]: Passing new path to controller.
[component_container_isolated-1] [INFO] [1790306722.190529606] [robot1.controller_server]: Passing new path to controller.
[component_container_isolated-1] [INFO] [1790306723.190530567] [robot1.controller_server]: Passing new path to controller.
[component_container_isolated-1] [INFO] [1790306724.240529102] [robot1.controller_server]: Passing new path to controller.
[component_container_isolated-1] [INFO] [1790306725.290530582] [robot1.controller_server]: Passing new path to controller.
[component_container_isolated-1] [INFO] [1790306725.585752486] [robot1.local_costmap.local_costmap]: StaticLayer: Resizing static layer to 183 X 294 at 0.050000 m/pix
[component_container_isolated-1] [INFO] [1790306726.117385237] [robot1.global_costmap.global_costmap]: StaticLayer: Resizing costmap to 183 X 294 at 0.050000 m/pix
[component_container_isolated-1] [INFO] [1790306726.290531183] [robot1.controller_server]: Passing new path to controller.
[component_container_isolated-1] [INFO] [1790306726.585713064] [robot1.local_costmap.local_costmap]: StaticLayer: Resizing static layer to 185 X 294 at 0.050000 m/pix
[component_container_isolated-1] [INFO] [1790306727.117357467] [robot1.global_costmap.global_costmap]: StaticLayer: Resizing costmap to 185 X 294 at 0.050000 m/pix
[component_container_isolated-1] [INFO] [1790306727.340551064] [robot1.controller_server]: Passing new path to controller.
[component_container_isolated-1] [INFO] [1790306727.541888639] [robot1.controller_server]: Reached the goal!
[component_container_isolated-1] [INFO] [1790306727.580067834] [robot1.bt_navigator]: Goal succeeded
[component_container_isolated-1] [INFO] [1790306728.016568684] [robot1.bt_navigator]: Begin navigating from current location (-0.98, 2.73) to (-1.40, 2.75)
[component_container_isolated-1] [INFO] [1790306728.036985092] [robot1.controller_server]: Received a goal, begin computing control effort.
[component_container_isolated-1] [INFO] [1790306729.087175962] [robot1.controller_server]: Passing new path to controller.
[component_container_isolated-1] [INFO] [1790306729.439045144] [robot1.controller_server]: Reached the goal!
[component_container_isolated-1] [INFO] [1790306729.476770133] [robot1.bt_navigator]: Goal succeeded
[component_container_isolated-1] [INFO] [1790306729.585708913] [robot1.local_costmap.local_costmap]: StaticLayer: Resizing static layer to 185 X 294 at 0.050000 m/pix
[component_container_isolated-1] [INFO] [1790306730.117417233] [robot1.global_costmap.global_costmap]: StaticLayer: Resizing costmap to 185 X 294 at 0.050000 m/pix
[component_container_isolated-1] [INFO] [1790306805.022690199] [robot1.bt_navigator]: Begin navigating from current location (-1.10, 2.29) to (-0.22, -4.97)
[component_container_isolated-1] [INFO] [1790306805.043258667] [robot1.controller_server]: Received a goal, begin computing control effort.
[component_container_isolated-1] [INFO] [1790306806.022928037] [robot1.bt_navigator]: Received goal preemption request
[component_container_isolated-1] [INFO] [1790306806.023064391] [robot1.bt_navigator]: Begin navigating from current location (-1.12, 2.17) to (-1.38, -6.03)
[component_container_isolated-1] [INFO] [1790306806.093451323] [robot1.controller_server]: Passing new path to controller.
[component_container_isolated-1] [INFO] [1790306807.022926972] [robot1.bt_navigator]: Received goal preemption request
[component_container_isolated-1] [INFO] [1790306807.023009462] [robot1.bt_navigator]: Begin navigating from current location (-1.14, 1.93) to (-0.19, -5.08)
[component_container_isolated-1] [INFO] [1790306807.093444150] [robot1.controller_server]: Passing new path to controller.
[component_container_isolated-1] [INFO] [1790306807.585678190] [robot1.local_costmap.local_costmap]: StaticLayer: Resizing static layer to 185 X 294 at 0.050000 m/pix
[component_container_isolated-1] [INFO] [1790306808.032896292] [robot1.bt_navigator]: Received goal preemption request
[component_container_isolated-1] [INFO] [1790306808.032995272] [robot1.bt_navigator]: Begin navigating from current location (-1.12, 1.64) to (-0.52, -5.20)
[component_container_isolated-1] [INFO] [1790306808.117368945] [robot1.global_costmap.global_costmap]: StaticLayer: Resizing costmap to 185 X 294 at 0.050000 m/pix
[component_container_isolated-1] [INFO] [1790306808.143530191] [robot1.controller_server]: Passing new path to controller.
[component_container_isolated-1] [INFO] [1790306809.022897998] [robot1.bt_navigator]: Received goal preemption request
[component_container_isolated-1] [INFO] [1790306809.022986175] [robot1.bt_navigator]: Begin navigating from current location (-1.12, 1.41) to (0.03, -5.11)
[component_container_isolated-1] [INFO] [1790306809.193467110] [robot1.controller_server]: Passing new path to controller.
[component_container_isolated-1] [INFO] [1790306810.022897843] [robot1.bt_navigator]: Received goal preemption request
[component_container_isolated-1] [INFO] [1790306810.022990172] [robot1.bt_navigator]: Begin navigating from current location (-1.14, 1.15) to (-0.89, -5.44)
[component_container_isolated-1] [INFO] [1790306810.193450912] [robot1.controller_server]: Passing new path to controller.
[component_container_isolated-1] [INFO] [1790306810.585778039] [robot1.local_costmap.local_costmap]: StaticLayer: Resizing static layer to 185 X 294 at 0.050000 m/pix
[component_container_isolated-1] [INFO] [1790306811.032890491] [robot1.bt_navigator]: Received goal preemption request
[component_container_isolated-1] [INFO] [1790306811.032959189] [robot1.bt_navigator]: Begin navigating from current location (-1.13, 0.90) to (-0.30, -0.82)
[component_container_isolated-1] [INFO] [1790306811.117328883] [robot1.global_costmap.global_costmap]: StaticLayer: Resizing costmap to 185 X 294 at 0.050000 m/pix
[component_container_isolated-1] [INFO] [1790306811.243448235] [robot1.controller_server]: Passing new path to controller.
[component_container_isolated-1] [INFO] [1790306812.022899263] [robot1.bt_navigator]: Received goal preemption request
[component_container_isolated-1] [INFO] [1790306812.022999877] [robot1.bt_navigator]: Begin navigating from current location (-1.11, 0.67) to (-1.15, -0.93)
[component_container_isolated-1] [INFO] [1790306812.243446314] [robot1.controller_server]: Passing new path to controller.
[component_container_isolated-1] [INFO] [1790306813.032922245] [robot1.bt_navigator]: Received goal preemption request
[component_container_isolated-1] [INFO] [1790306813.033005348] [robot1.bt_navigator]: Begin navigating from current location (-1.06, 0.43) to (-0.91, -1.24)
[component_container_isolated-1] [INFO] [1790306813.293447768] [robot1.controller_server]: Passing new path to controller.
[component_container_isolated-1] [INFO] [1790306813.585781193] [robot1.local_costmap.local_costmap]: StaticLayer: Resizing static layer to 185 X 296 at 0.050000 m/pix
[component_container_isolated-1] [INFO] [1790306814.022871005] [robot1.bt_navigator]: Received goal preemption request
[component_container_isolated-1] [INFO] [1790306814.022961862] [robot1.bt_navigator]: Begin navigating from current location (-1.03, 0.18) to (-1.25, -5.22)
[component_container_isolated-1] [INFO] [1790306814.117326350] [robot1.global_costmap.global_costmap]: StaticLayer: Resizing costmap to 185 X 296 at 0.050000 m/pix
[component_container_isolated-1] [INFO] [1790306814.343446089] [robot1.controller_server]: Passing new path to controller.
[component_container_isolated-1] [INFO] [1790306815.032894354] [robot1.bt_navigator]: Received goal preemption request
[component_container_isolated-1] [INFO] [1790306815.032975146] [robot1.bt_navigator]: Begin navigating from current location (-1.02, -0.06) to (-1.54, -3.90)
[component_container_isolated-1] [INFO] [1790306815.343445606] [robot1.controller_server]: Passing new path to controller.
[component_container_isolated-1] [INFO] [1790306815.585701499] [robot1.local_costmap.local_costmap]: StaticLayer: Resizing static layer to 185 X 297 at 0.050000 m/pix
[component_container_isolated-1] [INFO] [1790306816.022870928] [robot1.bt_navigator]: Received goal preemption request
[component_container_isolated-1] [INFO] [1790306816.022977645] [robot1.bt_navigator]: Begin navigating from current location (-1.04, -0.30) to (-1.51, -2.64)
[component_container_isolated-1] [INFO] [1790306816.117377900] [robot1.global_costmap.global_costmap]: StaticLayer: Resizing costmap to 185 X 297 at 0.050000 m/pix
[component_container_isolated-1] [INFO] [1790306816.393446020] [robot1.controller_server]: Passing new path to controller.
[component_container_isolated-1] [INFO] [1790306816.985708257] [robot1.local_costmap.local_costmap]: StaticLayer: Resizing static layer to 185 X 300 at 0.050000 m/pix
[component_container_isolated-1] [INFO] [1790306817.032896291] [robot1.bt_navigator]: Received goal preemption request
[component_container_isolated-1] [INFO] [1790306817.032982782] [robot1.bt_navigator]: Begin navigating from current location (-0.99, -0.52) to (-1.15, -2.80)
[component_container_isolated-1] [INFO] [1790306817.117367253] [robot1.global_costmap.global_costmap]: StaticLayer: Resizing costmap to 185 X 300 at 0.050000 m/pix
[component_container_isolated-1] [INFO] [1790306817.393460172] [robot1.controller_server]: Passing new path to controller.
[component_container_isolated-1] [INFO] [1790306818.022862190] [robot1.bt_navigator]: Received goal preemption request
[component_container_isolated-1] [INFO] [1790306818.022948373] [robot1.bt_navigator]: Begin navigating from current location (-0.96, -0.76) to (-0.71, -5.32)
[component_container_isolated-1] [INFO] [1790306818.443445641] [robot1.controller_server]: Passing new path to controller.
[component_container_isolated-1] [INFO] [1790306819.022887009] [robot1.bt_navigator]: Received goal preemption request
[component_container_isolated-1] [INFO] [1790306819.023025564] [robot1.bt_navigator]: Begin navigating from current location (-0.93, -0.99) to (-1.37, -2.70)
[component_container_isolated-1] [INFO] [1790306819.493457707] [robot1.controller_server]: Passing new path to controller.
[component_container_isolated-1] [INFO] [1790306819.985699268] [robot1.local_costmap.local_costmap]: StaticLayer: Resizing static layer to 185 X 301 at 0.050000 m/pix
[component_container_isolated-1] [INFO] [1790306820.032905578] [robot1.bt_navigator]: Received goal preemption request
[component_container_isolated-1] [INFO] [1790306820.033061856] [robot1.bt_navigator]: Begin navigating from current location (-0.90, -1.24) to (-1.49, -3.95)
[component_container_isolated-1] [INFO] [1790306820.117322913] [robot1.global_costmap.global_costmap]: StaticLayer: Resizing costmap to 185 X 301 at 0.050000 m/pix
[component_container_isolated-1] [INFO] [1790306820.493446559] [robot1.controller_server]: Passing new path to controller.
[component_container_isolated-1] [INFO] [1790306821.022900865] [robot1.bt_navigator]: Received goal preemption request
[component_container_isolated-1] [INFO] [1790306821.023037663] [robot1.bt_navigator]: Begin navigating from current location (-0.90, -1.47) to (-0.25, -5.22)
[component_container_isolated-1] [INFO] [1790306821.543446151] [robot1.controller_server]: Passing new path to controller.
[component_container_isolated-1] [INFO] [1790306822.022888280] [robot1.bt_navigator]: Received goal preemption request
[component_container_isolated-1] [INFO] [1790306822.022975749] [robot1.bt_navigator]: Begin navigating from current location (-0.91, -1.72) to (-1.50, -5.08)
[component_container_isolated-1] [INFO] [1790306822.543426724] [robot1.controller_server]: Passing new path to controller.
[component_container_isolated-1] [INFO] [1790306823.022885412] [robot1.bt_navigator]: Received goal preemption request
[component_container_isolated-1] [INFO] [1790306823.022972746] [robot1.bt_navigator]: Begin navigating from current location (-0.90, -1.95) to (0.42, -6.23)
[component_container_isolated-1] [INFO] [1790306823.593446890] [robot1.controller_server]: Passing new path to controller.
[component_container_isolated-1] [INFO] [1790306824.032902489] [robot1.bt_navigator]: Received goal preemption request
[component_container_isolated-1] [INFO] [1790306824.032991966] [robot1.bt_navigator]: Begin navigating from current location (-0.89, -2.22) to (-1.29, -5.07)
[component_container_isolated-1] [INFO] [1790306824.643446743] [robot1.controller_server]: Passing new path to controller.
[component_container_isolated-1] [INFO] [1790306825.022871324] [robot1.bt_navigator]: Received goal preemption request
[component_container_isolated-1] [INFO] [1790306825.022980314] [robot1.bt_navigator]: Begin navigating from current location (-0.88, -2.44) to (-0.25, -5.25)
[component_container_isolated-1] [INFO] [1790306825.643465524] [robot1.controller_server]: Passing new path to controller.
[component_container_isolated-1] [INFO] [1790306826.022881994] [robot1.bt_navigator]: Received goal preemption request
[component_container_isolated-1] [INFO] [1790306826.022955253] [robot1.bt_navigator]: Begin navigating from current location (-0.90, -2.68) to (-1.22, -5.28)
[component_container_isolated-1] [INFO] [1790306826.585699383] [robot1.local_costmap.local_costmap]: StaticLayer: Resizing static layer to 185 X 310 at 0.050000 m/pix
[component_container_isolated-1] [INFO] [1790306826.693447983] [robot1.controller_server]: Passing new path to controller.
[component_container_isolated-1] [INFO] [1790306827.022912246] [robot1.bt_navigator]: Received goal preemption request
[component_container_isolated-1] [INFO] [1790306827.023003032] [robot1.bt_navigator]: Begin navigating from current location (-0.87, -2.94) to (0.35, -6.10)
[component_container_isolated-1] [INFO] [1790306827.117400008] [robot1.global_costmap.global_costmap]: StaticLayer: Resizing costmap to 185 X 310 at 0.050000 m/pix
[component_container_isolated-1] [INFO] [1790306827.693445856] [robot1.controller_server]: Passing new path to controller.
[component_container_isolated-1] [INFO] [1790306828.022857976] [robot1.bt_navigator]: Received goal preemption request
[component_container_isolated-1] [INFO] [1790306828.022945135] [robot1.bt_navigator]: Begin navigating from current location (-0.89, -3.19) to (-1.12, -5.24)
[component_container_isolated-1] [INFO] [1790306828.743447439] [robot1.controller_server]: Passing new path to controller.
[component_container_isolated-1] [INFO] [1790306829.022856171] [robot1.bt_navigator]: Received goal preemption request
[component_container_isolated-1] [INFO] [1790306829.022942327] [robot1.bt_navigator]: Begin navigating from current location (-0.85, -3.44) to (-1.33, -5.33)
[component_container_isolated-1] [INFO] [1790306829.793446869] [robot1.controller_server]: Passing new path to controller.
[component_container_isolated-1] [INFO] [1790306830.022901367] [robot1.bt_navigator]: Received goal preemption request
[component_container_isolated-1] [INFO] [1790306830.022980966] [robot1.bt_navigator]: Begin navigating from current location (-0.85, -3.68) to (-1.54, -5.20)
[component_container_isolated-1] [INFO] [1790306830.793478242] [robot1.controller_server]: Passing new path to controller.
[component_container_isolated-1] [INFO] [1790306831.022889661] [robot1.bt_navigator]: Received goal preemption request
[component_container_isolated-1] [INFO] [1790306831.022993998] [robot1.bt_navigator]: Begin navigating from current location (-0.88, -3.93) to (-2.05, -5.47)
[component_container_isolated-1] [INFO] [1790306831.843445758] [robot1.controller_server]: Passing new path to controller.
[component_container_isolated-1] [INFO] [1790306832.022890776] [robot1.bt_navigator]: Received goal preemption request
[component_container_isolated-1] [INFO] [1790306832.022970325] [robot1.bt_navigator]: Begin navigating from current location (-0.97, -4.16) to (-1.79, -6.34)
[component_container_isolated-1] [INFO] [1790306832.843447060] [robot1.controller_server]: Passing new path to controller.
[component_container_isolated-1] [INFO] [1790306833.022884597] [robot1.bt_navigator]: Received goal preemption request
[component_container_isolated-1] [INFO] [1790306833.023030876] [robot1.bt_navigator]: Begin navigating from current location (-1.06, -4.37) to (-1.55, -5.00)
[component_container_isolated-1] [INFO] [1790306833.893447974] [robot1.controller_server]: Passing new path to controller.
[component_container_isolated-1] [INFO] [1790306834.022922932] [robot1.bt_navigator]: Received goal preemption request
[component_container_isolated-1] [INFO] [1790306834.023008226] [robot1.bt_navigator]: Begin navigating from current location (-1.14, -4.60) to (-1.04, -5.28)
[component_container_isolated-1] [INFO] [1790306834.943446084] [robot1.controller_server]: Passing new path to controller.
[component_container_isolated-1] [INFO] [1790306835.022994307] [robot1.bt_navigator]: Received goal preemption request
[component_container_isolated-1] [INFO] [1790306835.023137425] [robot1.bt_navigator]: Begin navigating from current location (-1.20, -4.81) to (-0.75, -5.29)
[component_container_isolated-1] [INFO] [1790306835.943444999] [robot1.controller_server]: Passing new path to controller.
[component_container_isolated-1] [INFO] [1790306836.022939230] [robot1.bt_navigator]: Received goal preemption request
[component_container_isolated-1] [INFO] [1790306836.023079002] [robot1.bt_navigator]: Begin navigating from current location (-1.28, -4.99) to (-1.11, -5.50)
[component_container_isolated-1] [INFO] [1790306836.993448649] [robot1.controller_server]: Passing new path to controller.
[component_container_isolated-1] [INFO] [1790306837.695570441] [robot1.controller_server]: Reached the goal!
[component_container_isolated-1] [INFO] [1790306837.733006484] [robot1.bt_navigator]: Goal succeeded
[component_container_isolated-1] [INFO] [1790306908.018619218] [robot1.bt_navigator]: Begin navigating from current location (-1.14, -5.29) to (-0.46, -3.39)
[component_container_isolated-1] [INFO] [1790306908.039039811] [robot1.controller_server]: Received a goal, begin computing control effort.
[component_container_isolated-1] [INFO] [1790306909.089212540] [robot1.controller_server]: Passing new path to controller.
[component_container_isolated-1] [INFO] [1790306910.139216935] [robot1.controller_server]: Passing new path to controller.
[component_container_isolated-1] [INFO] [1790306911.139235394] [robot1.controller_server]: Passing new path to controller.
[component_container_isolated-1] [INFO] [1790306912.189211721] [robot1.controller_server]: Passing new path to controller.
[component_container_isolated-1] [INFO] [1790306913.189227597] [robot1.controller_server]: Passing new path to controller.
[component_container_isolated-1] [INFO] [1790306914.239212599] [robot1.controller_server]: Passing new path to controller.
[component_container_isolated-1] [INFO] [1790306915.289210831] [robot1.controller_server]: Passing new path to controller.
[component_container_isolated-1] [INFO] [1790306915.790414203] [robot1.controller_server]: Reached the goal!
[component_container_isolated-1] [INFO] [1790306915.828814298] [robot1.bt_navigator]: Goal succeeded
[component_container_isolated-1] [INFO] [1790306916.025504838] [robot1.bt_navigator]: Begin navigating from current location (-0.53, -3.60) to (-0.23, -3.43)
[component_container_isolated-1] [INFO] [1790306916.045898816] [robot1.controller_server]: Received a goal, begin computing control effort.
[component_container_isolated-1] [INFO] [1790306916.947258706] [robot1.controller_server]: Reached the goal!
[component_container_isolated-1] [INFO] [1790306916.985704061] [robot1.bt_navigator]: Goal succeeded
[component_container_isolated-1] [INFO] [1790306967.985672757] [robot1.local_costmap.local_costmap]: StaticLayer: Resizing static layer to 185 X 311 at 0.050000 m/pix
[component_container_isolated-1] [INFO] [1790306968.117454115] [robot1.global_costmap.global_costmap]: StaticLayer: Resizing costmap to 185 X 311 at 0.050000 m/pix
[component_container_isolated-1] [INFO] [1790307175.023133677] [robot1.global_costmap.global_costmap]: Message Filter dropping message: frame 'rplidar_link' at time 1790307174.595 for reason 'the timestamp on the message is earlier than all the data in the transform cache'
[component_container_isolated-1] [INFO] [1790308672.019495365] [robot1.bt_navigator]: Begin navigating from current location (-0.14, -0.04) to (-1.16, -0.56)
[component_container_isolated-1] [INFO] [1790308672.039814791] [robot1.controller_server]: Received a goal, begin computing control effort.
[component_container_isolated-1] [INFO] [1790308673.090001903] [robot1.controller_server]: Passing new path to controller.
[component_container_isolated-1] [INFO] [1790308674.140004915] [robot1.controller_server]: Passing new path to controller.
[component_container_isolated-1] [INFO] [1790308675.140025254] [robot1.controller_server]: Passing new path to controller.
[component_container_isolated-1] [INFO] [1790308676.190001946] [robot1.controller_server]: Passing new path to controller.
[component_container_isolated-1] [INFO] [1790308676.291808647] [robot1.controller_server]: Reached the goal!
[component_container_isolated-1] [INFO] [1790308676.329697209] [robot1.bt_navigator]: Goal succeeded
[component_container_isolated-1] [INFO] [1790308707.017843090] [robot1.bt_navigator]: Begin navigating from current location (-0.99, -0.43) to (1.20, 5.43)
[component_container_isolated-1] [INFO] [1790308707.038257754] [robot1.controller_server]: Received a goal, begin computing control effort.
[component_container_isolated-1] [INFO] [1790308708.088442801] [robot1.controller_server]: Passing new path to controller.
[component_container_isolated-1] [INFO] [1790308709.018065971] [robot1.bt_navigator]: Received goal preemption request
[component_container_isolated-1] [INFO] [1790308709.018135842] [robot1.bt_navigator]: Begin navigating from current location (-0.98, -0.13) to (-0.25, 3.66)
[component_container_isolated-1] [INFO] [1790308709.138446661] [robot1.controller_server]: Passing new path to controller.
[component_container_isolated-1] [INFO] [1790308710.018019791] [robot1.bt_navigator]: Received goal preemption request
[component_container_isolated-1] [INFO] [1790308710.018112295] [robot1.bt_navigator]: Begin navigating from current location (-0.97, -0.01) to (1.00, 4.78)
[component_container_isolated-1] [INFO] [1790308710.138442957] [robot1.controller_server]: Passing new path to controller.
[component_container_isolated-1] [INFO] [1790308711.018046551] [robot1.bt_navigator]: Received goal preemption request
[component_container_isolated-1] [INFO] [1790308711.018130153] [robot1.bt_navigator]: Begin navigating from current location (-0.96, 0.12) to (0.16, 6.10)
[component_container_isolated-1] [INFO] [1790308711.188443590] [robot1.controller_server]: Passing new path to controller.
[component_container_isolated-1] [INFO] [1790308712.028052651] [robot1.bt_navigator]: Received goal preemption request
[component_container_isolated-1] [INFO] [1790308712.028135983] [robot1.bt_navigator]: Begin navigating from current location (-0.93, 0.18) to (-0.96, 3.55)
[component_container_isolated-1] [INFO] [1790308712.188442579] [robot1.controller_server]: Passing new path to controller.
[component_container_isolated-1] [INFO] [1790308713.028051107] [robot1.bt_navigator]: Received goal preemption request
[component_container_isolated-1] [INFO] [1790308713.028137754] [robot1.bt_navigator]: Begin navigating from current location (-0.91, 0.22) to (-0.56, 3.72)
[component_container_isolated-1] [INFO] [1790308713.238441277] [robot1.controller_server]: Passing new path to controller.
[component_container_isolated-1] [INFO] [1790308714.028069626] [robot1.bt_navigator]: Received goal preemption request
[component_container_isolated-1] [INFO] [1790308714.028143816] [robot1.bt_navigator]: Begin navigating from current location (-0.90, 0.26) to (-0.67, 3.93)
[component_container_isolated-1] [INFO] [1790308714.288444353] [robot1.controller_server]: Passing new path to controller.
[component_container_isolated-1] [INFO] [1790308715.028053415] [robot1.bt_navigator]: Received goal preemption request
[component_container_isolated-1] [INFO] [1790308715.028138533] [robot1.bt_navigator]: Begin navigating from current location (-0.92, 0.27) to (-1.08, 3.67)
[component_container_isolated-1] [INFO] [1790308715.288434645] [robot1.controller_server]: Passing new path to controller.
[component_container_isolated-1] [INFO] [1790308716.018022964] [robot1.bt_navigator]: Received goal preemption request
[component_container_isolated-1] [INFO] [1790308716.018156247] [robot1.bt_navigator]: Begin navigating from current location (-0.91, 0.30) to (-1.13, 3.96)
[component_container_isolated-1] [INFO] [1790308716.338444449] [robot1.controller_server]: Passing new path to controller.
[component_container_isolated-1] [INFO] [1790308717.018082437] [robot1.bt_navigator]: Received goal preemption request
[component_container_isolated-1] [INFO] [1790308717.018211044] [robot1.bt_navigator]: Begin navigating from current location (-0.91, 0.32) to (-0.45, 3.93)
[component_container_isolated-1] [INFO] [1790308717.338441680] [robot1.controller_server]: Passing new path to controller.
[component_container_isolated-1] [INFO] [1790308718.028167686] [robot1.bt_navigator]: Received goal preemption request
[component_container_isolated-1] [INFO] [1790308718.028246958] [robot1.bt_navigator]: Begin navigating from current location (-0.90, 0.34) to (-0.84, 3.66)
[component_container_isolated-1] [INFO] [1790308718.388443976] [robot1.controller_server]: Passing new path to controller.
[component_container_isolated-1] [INFO] [1790308719.028018325] [robot1.bt_navigator]: Received goal preemption request
[component_container_isolated-1] [INFO] [1790308719.028109888] [robot1.bt_navigator]: Begin navigating from current location (-0.90, 0.34) to (-0.23, 3.94)
[component_container_isolated-1] [INFO] [1790308719.438456339] [robot1.controller_server]: Passing new path to controller.
[component_container_isolated-1] [INFO] [1790308720.028059747] [robot1.bt_navigator]: Received goal preemption request
[component_container_isolated-1] [INFO] [1790308720.028205224] [robot1.bt_navigator]: Begin navigating from current location (-0.90, 0.34) to (-0.18, 3.63)
[component_container_isolated-1] [INFO] [1790308720.438443445] [robot1.controller_server]: Passing new path to controller.
[component_container_isolated-1] [ERROR] [1790308720.788491984] [robot1.controller_server]: Failed to make progress
[component_container_isolated-1] [WARN] [1790308720.788568009] [robot1.controller_server]: [follow_path] [ActionServer] Aborting handle.
[component_container_isolated-1] [INFO] [1790308720.808105463] [robot1.local_costmap.local_costmap]: Received request to clear entirely the local_costmap
[component_container_isolated-1] [INFO] [1790308720.808388050] [robot1.controller_server]: Received a goal, begin computing control effort.
[component_container_isolated-1] [WARN] [1790308720.990751401] [robot1.controller_server]: Control loop missed its desired rate of 20.0000Hz
[component_container_isolated-1] [INFO] [1790308721.018003552] [robot1.bt_navigator]: Received goal preemption request
[component_container_isolated-1] [INFO] [1790308721.018087781] [robot1.bt_navigator]: Begin navigating from current location (-0.90, 0.36) to (0.66, 6.19)
[component_container_isolated-1] [INFO] [1790308721.507371517] [robot1.controller_server]: Passing new path to controller.
[component_container_isolated-1] [INFO] [1790308721.985698865] [robot1.local_costmap.local_costmap]: StaticLayer: Resizing static layer to 185 X 311 at 0.050000 m/pix
[component_container_isolated-1] [INFO] [1790308722.028008407] [robot1.bt_navigator]: Received goal preemption request
[component_container_isolated-1] [INFO] [1790308722.028093847] [robot1.bt_navigator]: Begin navigating from current location (-0.90, 0.53) to (0.59, 6.41)
[component_container_isolated-1] [INFO] [1790308722.117361965] [robot1.global_costmap.global_costmap]: StaticLayer: Resizing costmap to 185 X 311 at 0.050000 m/pix
[component_container_isolated-1] [INFO] [1790308722.539128568] [robot1.controller_server]: Passing new path to controller.
[component_container_isolated-1] [INFO] [1790308723.018022362] [robot1.bt_navigator]: Received goal preemption request
[component_container_isolated-1] [INFO] [1790308723.018110701] [robot1.bt_navigator]: Begin navigating from current location (-0.88, 0.77) to (0.13, 6.14)
[component_container_isolated-1] [INFO] [1790308723.540811313] [robot1.controller_server]: Passing new path to controller.
[component_container_isolated-1] [INFO] [1790308724.028014026] [robot1.bt_navigator]: Received goal preemption request
[component_container_isolated-1] [INFO] [1790308724.028101639] [robot1.bt_navigator]: Begin navigating from current location (-0.82, 1.01) to (-0.30, 3.57)
[component_container_isolated-1] [INFO] [1790308724.590827177] [robot1.controller_server]: Passing new path to controller.
[component_container_isolated-1] [INFO] [1790308725.028031895] [robot1.bt_navigator]: Received goal preemption request
[component_container_isolated-1] [INFO] [1790308725.028140225] [robot1.bt_navigator]: Begin navigating from current location (-0.80, 1.27) to (-0.62, 3.69)
[component_container_isolated-1] [INFO] [1790308725.590808992] [robot1.controller_server]: Passing new path to controller.
[component_container_isolated-1] [INFO] [1790308726.018047567] [robot1.bt_navigator]: Received goal preemption request
[component_container_isolated-1] [INFO] [1790308726.018138640] [robot1.bt_navigator]: Begin navigating from current location (-0.76, 1.53) to (-0.32, 3.87)
[component_container_isolated-1] [INFO] [1790308726.640833930] [robot1.controller_server]: Passing new path to controller.
[component_container_isolated-1] [INFO] [1790308727.028017740] [robot1.bt_navigator]: Received goal preemption request
[component_container_isolated-1] [INFO] [1790308727.028112095] [robot1.bt_navigator]: Begin navigating from current location (-0.75, 1.78) to (0.08, 3.62)
[component_container_isolated-1] [INFO] [1790308727.640826273] [robot1.controller_server]: Passing new path to controller.
[component_container_isolated-1] [INFO] [1790308728.028041358] [robot1.bt_navigator]: Received goal preemption request
[component_container_isolated-1] [INFO] [1790308728.028116545] [robot1.bt_navigator]: Begin navigating from current location (-0.72, 2.03) to (-0.67, 3.97)
[component_container_isolated-1] [INFO] [1790308728.690809834] [robot1.controller_server]: Passing new path to controller.
[component_container_isolated-1] [INFO] [1790308729.018018685] [robot1.bt_navigator]: Received goal preemption request
[component_container_isolated-1] [INFO] [1790308729.018131342] [robot1.bt_navigator]: Begin navigating from current location (-0.66, 2.27) to (0.19, 3.87)
[component_container_isolated-1] [INFO] [1790308729.740834476] [robot1.controller_server]: Passing new path to controller.
[component_container_isolated-1] [INFO] [1790308730.018047184] [robot1.bt_navigator]: Received goal preemption request
[component_container_isolated-1] [INFO] [1790308730.018138482] [robot1.bt_navigator]: Begin navigating from current location (-0.60, 2.53) to (-1.02, 4.04)
[component_container_isolated-1] [INFO] [1790308730.740809648] [robot1.controller_server]: Passing new path to controller.
[component_container_isolated-1] [INFO] [1790308731.028052615] [robot1.bt_navigator]: Received goal preemption request
[component_container_isolated-1] [INFO] [1790308731.028137659] [robot1.bt_navigator]: Begin navigating from current location (-0.53, 2.76) to (0.22, 4.24)
[component_container_isolated-1] [INFO] [1790308731.790826257] [robot1.controller_server]: Passing new path to controller.
[component_container_isolated-1] [INFO] [1790308732.018048508] [robot1.bt_navigator]: Received goal preemption request
[component_container_isolated-1] [INFO] [1790308732.018135396] [robot1.bt_navigator]: Begin navigating from current location (-0.53, 2.98) to (-0.93, 4.38)
[component_container_isolated-1] [INFO] [1790308732.790809137] [robot1.controller_server]: Passing new path to controller.
[component_container_isolated-1] [INFO] [1790308733.840834493] [robot1.controller_server]: Passing new path to controller.
[component_container_isolated-1] [INFO] [1790308734.890829635] [robot1.controller_server]: Passing new path to controller.
[component_container_isolated-1] [INFO] [1790308735.890811153] [robot1.controller_server]: Passing new path to controller.
[component_container_isolated-1] [INFO] [1790308736.940813068] [robot1.controller_server]: Passing new path to controller.
[component_container_isolated-1] [INFO] [1790308737.940829293] [robot1.controller_server]: Passing new path to controller.
[component_container_isolated-1] [INFO] [1790308738.990817402] [robot1.controller_server]: Passing new path to controller.
[component_container_isolated-1] [INFO] [1790308740.040810435] [robot1.controller_server]: Passing new path to controller.
[component_container_isolated-1] [INFO] [1790308740.892563317] [robot1.controller_server]: Reached the goal!
[component_container_isolated-1] [INFO] [1790308740.928017216] [robot1.bt_navigator]: Goal succeeded
[component_container_isolated-1] [INFO] [1790308780.026732865] [robot1.bt_navigator]: Begin navigating from current location (-0.92, 4.16) to (-2.03, 1.43)
[component_container_isolated-1] [INFO] [1790308780.047084939] [robot1.controller_server]: Received a goal, begin computing control effort.
[component_container_isolated-1] [INFO] [1790308781.026990580] [robot1.bt_navigator]: Received goal preemption request
[component_container_isolated-1] [INFO] [1790308781.027095683] [robot1.bt_navigator]: Begin navigating from current location (-0.92, 3.99) to (-1.35, -0.27)
[component_container_isolated-1] [INFO] [1790308781.097292434] [robot1.controller_server]: Passing new path to controller.
[component_container_isolated-1] [INFO] [1790308782.026946802] [robot1.bt_navigator]: Received goal preemption request
[component_container_isolated-1] [INFO] [1790308782.027075535] [robot1.bt_navigator]: Begin navigating from current location (-0.94, 3.74) to (-1.69, -0.31)
[component_container_isolated-1] [INFO] [1790308782.147326318] [robot1.controller_server]: Passing new path to controller.
[component_container_isolated-1] [INFO] [1790308783.026942061] [robot1.bt_navigator]: Received goal preemption request
[component_container_isolated-1] [INFO] [1790308783.027023163] [robot1.bt_navigator]: Begin navigating from current location (-0.95, 3.49) to (-1.92, 1.33)
[component_container_isolated-1] [INFO] [1790308783.147290199] [robot1.controller_server]: Passing new path to controller.
[component_container_isolated-1] [INFO] [1790308784.026932411] [robot1.bt_navigator]: Received goal preemption request
[component_container_isolated-1] [INFO] [1790308784.026998215] [robot1.bt_navigator]: Begin navigating from current location (-0.99, 3.20) to (-1.57, 1.50)
[component_container_isolated-1] [INFO] [1790308784.197314045] [robot1.controller_server]: Passing new path to controller.
[component_container_isolated-1] [INFO] [1790308785.026931303] [robot1.bt_navigator]: Received goal preemption request
[component_container_isolated-1] [INFO] [1790308785.027018213] [robot1.bt_navigator]: Begin navigating from current location (-1.04, 2.96) to (-1.54, 1.28)
[component_container_isolated-1] [INFO] [1790308785.197287725] [robot1.controller_server]: Passing new path to controller.
[component_container_isolated-1] [INFO] [1790308786.026931631] [robot1.bt_navigator]: Received goal preemption request
[component_container_isolated-1] [INFO] [1790308786.027011564] [robot1.bt_navigator]: Begin navigating from current location (-1.12, 2.70) to (-1.18, 1.28)
[component_container_isolated-1] [INFO] [1790308786.247289486] [robot1.controller_server]: Passing new path to controller.
[component_container_isolated-1] [INFO] [1790308787.026934162] [robot1.bt_navigator]: Received goal preemption request
[component_container_isolated-1] [INFO] [1790308787.027005193] [robot1.bt_navigator]: Begin navigating from current location (-1.15, 2.45) to (-1.35, 1.10)
[component_container_isolated-1] [INFO] [1790308787.297295676] [robot1.controller_server]: Passing new path to controller.
[component_container_isolated-1] [INFO] [1790308788.026942292] [robot1.bt_navigator]: Received goal preemption request
[component_container_isolated-1] [INFO] [1790308788.027032748] [robot1.bt_navigator]: Begin navigating from current location (-1.18, 2.20) to (-2.15, 1.38)
[component_container_isolated-1] [INFO] [1790308788.297290640] [robot1.controller_server]: Passing new path to controller.
[component_container_isolated-1] [INFO] [1790308789.016859428] [robot1.bt_navigator]: Received goal preemption request
[component_container_isolated-1] [INFO] [1790308789.016988947] [robot1.bt_navigator]: Begin navigating from current location (-1.19, 1.97) to (-0.99, 0.91)
[component_container_isolated-1] [INFO] [1790308789.347326531] [robot1.controller_server]: Passing new path to controller.
[component_container_isolated-1] [INFO] [1790308790.026936831] [robot1.bt_navigator]: Received goal preemption request
[component_container_isolated-1] [INFO] [1790308790.027013098] [robot1.bt_navigator]: Begin navigating from current location (-1.34, 1.78) to (-1.16, 0.62)
[component_container_isolated-1] [INFO] [1790308790.347294247] [robot1.controller_server]: Passing new path to controller.
[component_container_isolated-1] [INFO] [1790308791.397309785] [robot1.controller_server]: Passing new path to controller.
[component_container_isolated-1] [INFO] [1790308792.447291764] [robot1.controller_server]: Passing new path to controller.
[component_container_isolated-1] [INFO] [1790308793.447289083] [robot1.controller_server]: Passing new path to controller.
[component_container_isolated-1] [INFO] [1790308794.497324509] [robot1.controller_server]: Passing new path to controller.
[component_container_isolated-1] [INFO] [1790308795.497324084] [robot1.controller_server]: Passing new path to controller.
[component_container_isolated-1] [INFO] [1790308796.547322300] [robot1.controller_server]: Passing new path to controller.
[component_container_isolated-1] [INFO] [1790308797.597292879] [robot1.controller_server]: Passing new path to controller.
[component_container_isolated-1] [INFO] [1790308797.599251363] [robot1.controller_server]: Reached the goal!
[component_container_isolated-1] [INFO] [1790308797.646953026] [robot1.bt_navigator]: Goal succeeded
[component_container_isolated-1] [INFO] [1790308853.015500501] [robot1.bt_navigator]: Begin navigating from current location (-1.26, 0.80) to (0.91, 5.99)
[component_container_isolated-1] [INFO] [1790308853.035868525] [robot1.controller_server]: Received a goal, begin computing control effort.
[component_container_isolated-1] [INFO] [1790308854.086080181] [robot1.controller_server]: Passing new path to controller.
[component_container_isolated-1] [INFO] [1790308855.025701948] [robot1.bt_navigator]: Received goal preemption request
[component_container_isolated-1] [INFO] [1790308855.025792492] [robot1.bt_navigator]: Begin navigating from current location (-1.15, 1.21) to (-0.43, 3.58)
[component_container_isolated-1] [INFO] [1790308855.136084794] [robot1.controller_server]: Passing new path to controller.
[component_container_isolated-1] [INFO] [1790308856.025660098] [robot1.bt_navigator]: Received goal preemption request
[component_container_isolated-1] [INFO] [1790308856.025735990] [robot1.bt_navigator]: Begin navigating from current location (-1.08, 1.45) to (-0.26, 3.73)
[component_container_isolated-1] [INFO] [1790308856.136089177] [robot1.controller_server]: Passing new path to controller.
[component_container_isolated-1] [INFO] [1790308857.025691859] [robot1.bt_navigator]: Received goal preemption request
[component_container_isolated-1] [INFO] [1790308857.025751552] [robot1.bt_navigator]: Begin navigating from current location (-1.02, 1.71) to (-0.75, 3.78)
[component_container_isolated-1] [INFO] [1790308857.186062558] [robot1.controller_server]: Passing new path to controller.
[component_container_isolated-1] [INFO] [1790308858.025701941] [robot1.bt_navigator]: Received goal preemption request
[component_container_isolated-1] [INFO] [1790308858.025791155] [robot1.bt_navigator]: Begin navigating from current location (-0.98, 1.96) to (-0.05, 3.51)
[component_container_isolated-1] [INFO] [1790308858.186061353] [robot1.controller_server]: Passing new path to controller.
[component_container_isolated-1] [INFO] [1790308859.115670785] [robot1.bt_navigator]: Received goal preemption request
[component_container_isolated-1] [INFO] [1790308859.115757716] [robot1.bt_navigator]: Begin navigating from current location (-0.93, 2.22) to (0.06, 3.83)
[component_container_isolated-1] [INFO] [1790308859.236064562] [robot1.controller_server]: Passing new path to controller.
[component_container_isolated-1] [INFO] [1790308860.025683997] [robot1.bt_navigator]: Received goal preemption request
[component_container_isolated-1] [INFO] [1790308860.025805179] [robot1.bt_navigator]: Begin navigating from current location (-0.82, 2.43) to (-0.54, 3.88)
[component_container_isolated-1] [INFO] [1790308860.286084732] [robot1.controller_server]: Passing new path to controller.
[component_container_isolated-1] [INFO] [1790308861.025707031] [robot1.bt_navigator]: Received goal preemption request
[component_container_isolated-1] [INFO] [1790308861.025790853] [robot1.bt_navigator]: Begin navigating from current location (-0.70, 2.66) to (-1.11, 4.06)
[component_container_isolated-1] [INFO] [1790308861.286080498] [robot1.controller_server]: Passing new path to controller.
[component_container_isolated-1] [INFO] [1790308862.025694656] [robot1.bt_navigator]: Received goal preemption request
[component_container_isolated-1] [INFO] [1790308862.025815601] [robot1.bt_navigator]: Begin navigating from current location (-0.70, 2.90) to (-1.02, 4.42)
[component_container_isolated-1] [INFO] [1790308862.336086195] [robot1.controller_server]: Passing new path to controller.
[component_container_isolated-1] [INFO] [1790308863.025659520] [robot1.bt_navigator]: Received goal preemption request
[component_container_isolated-1] [INFO] [1790308863.025731219] [robot1.bt_navigator]: Begin navigating from current location (-0.73, 3.14) to (0.11, 4.19)
[component_container_isolated-1] [INFO] [1790308863.336067378] [robot1.controller_server]: Passing new path to controller.
[component_container_isolated-1] [INFO] [1790308864.386080394] [robot1.controller_server]: Passing new path to controller.
[component_container_isolated-1] [INFO] [1790308865.386079795] [robot1.controller_server]: Passing new path to controller.
[component_container_isolated-1] [INFO] [1790308866.436081761] [robot1.controller_server]: Passing new path to controller.
[component_container_isolated-1] [INFO] [1790308867.486067569] [robot1.controller_server]: Passing new path to controller.
[component_container_isolated-1] [INFO] [1790308868.486086130] [robot1.controller_server]: Passing new path to controller.
[component_container_isolated-1] [INFO] [1790308869.536089911] [robot1.controller_server]: Passing new path to controller.
[component_container_isolated-1] [INFO] [1790308870.536088716] [robot1.controller_server]: Passing new path to controller.
[component_container_isolated-1] [INFO] [1790308871.586081895] [robot1.controller_server]: Passing new path to controller.
[component_container_isolated-1] [INFO] [1790308871.837850968] [robot1.controller_server]: Reached the goal!
[component_container_isolated-1] [INFO] [1790308871.875685236] [robot1.bt_navigator]: Goal succeeded
[component_container_isolated-1] [INFO] [1790308897.020185604] [robot1.bt_navigator]: Begin navigating from current location (-0.07, 4.06) to (-0.77, -1.08)
[component_container_isolated-1] [INFO] [1790308897.040796284] [robot1.controller_server]: Received a goal, begin computing control effort.
[component_container_isolated-1] [INFO] [1790308898.020399751] [robot1.bt_navigator]: Received goal preemption request
[component_container_isolated-1] [INFO] [1790308898.020498707] [robot1.bt_navigator]: Begin navigating from current location (-0.08, 3.88) to (-1.64, 1.49)
[component_container_isolated-1] [INFO] [1790308898.091066306] [robot1.controller_server]: Passing new path to controller.
[component_container_isolated-1] [INFO] [1790308899.030405629] [robot1.bt_navigator]: Received goal preemption request
[component_container_isolated-1] [INFO] [1790308899.030498182] [robot1.bt_navigator]: Begin navigating from current location (-0.12, 3.63) to (-1.35, 1.35)
[component_container_isolated-1] [INFO] [1790308899.141011558] [robot1.controller_server]: Passing new path to controller.
[component_container_isolated-1] [INFO] [1790308900.020388921] [robot1.bt_navigator]: Received goal preemption request
[component_container_isolated-1] [INFO] [1790308900.020459053] [robot1.bt_navigator]: Begin navigating from current location (-0.22, 3.40) to (-1.31, 1.11)
[component_container_isolated-1] [INFO] [1790308900.141065276] [robot1.controller_server]: Passing new path to controller.
[component_container_isolated-1] [INFO] [1790308901.020356174] [robot1.bt_navigator]: Received goal preemption request
[component_container_isolated-1] [INFO] [1790308901.020434923] [robot1.bt_navigator]: Begin navigating from current location (-0.37, 3.19) to (-1.65, 1.16)
[component_container_isolated-1] [INFO] [1790308901.190977477] [robot1.controller_server]: Passing new path to controller.
[component_container_isolated-1] [INFO] [1790308902.020392839] [robot1.bt_navigator]: Received goal preemption request
[component_container_isolated-1] [INFO] [1790308902.020498162] [robot1.bt_navigator]: Begin navigating from current location (-0.45, 2.96) to (-1.64, -0.07)
[component_container_isolated-1] [INFO] [1790308902.190978355] [robot1.controller_server]: Passing new path to controller.
[component_container_isolated-1] [INFO] [1790308903.030393193] [robot1.bt_navigator]: Received goal preemption request
[component_container_isolated-1] [INFO] [1790308903.030470268] [robot1.bt_navigator]: Begin navigating from current location (-0.52, 2.71) to (-1.25, 1.31)
[component_container_isolated-1] [INFO] [1790308903.240978665] [robot1.controller_server]: Passing new path to controller.
[component_container_isolated-1] [INFO] [1790308904.020394661] [robot1.bt_navigator]: Received goal preemption request
[component_container_isolated-1] [INFO] [1790308904.020495636] [robot1.bt_navigator]: Begin navigating from current location (-0.63, 2.47) to (-1.41, 0.99)
[component_container_isolated-1] [INFO] [1790308904.240991367] [robot1.controller_server]: Passing new path to controller.
[component_container_isolated-1] [INFO] [1790308905.020390219] [robot1.bt_navigator]: Received goal preemption request
[component_container_isolated-1] [INFO] [1790308905.020467532] [robot1.bt_navigator]: Begin navigating from current location (-0.72, 2.24) to (-1.42, 0.60)
[component_container_isolated-1] [INFO] [1790308905.291005894] [robot1.controller_server]: Passing new path to controller.
[component_container_isolated-1] [INFO] [1790308906.020365434] [robot1.bt_navigator]: Received goal preemption request
[component_container_isolated-1] [INFO] [1790308906.020455887] [robot1.bt_navigator]: Begin navigating from current location (-0.79, 2.01) to (-1.05, 0.59)
[component_container_isolated-1] [INFO] [1790308906.341001303] [robot1.controller_server]: Passing new path to controller.
[component_container_isolated-1] [INFO] [1790308907.030399348] [robot1.bt_navigator]: Received goal preemption request
[component_container_isolated-1] [INFO] [1790308907.030493521] [robot1.bt_navigator]: Begin navigating from current location (-0.90, 1.76) to (-1.11, 0.32)
[component_container_isolated-1] [INFO] [1790308907.340995413] [robot1.controller_server]: Passing new path to controller.
[component_container_isolated-1] [INFO] [1790308908.030401033] [robot1.bt_navigator]: Received goal preemption request
[component_container_isolated-1] [INFO] [1790308908.030490564] [robot1.bt_navigator]: Begin navigating from current location (-0.92, 1.51) to (-1.24, -0.08)
[component_container_isolated-1] [INFO] [1790308908.390986104] [robot1.controller_server]: Passing new path to controller.
[component_container_isolated-1] [INFO] [1790308909.030393110] [robot1.bt_navigator]: Received goal preemption request
[component_container_isolated-1] [INFO] [1790308909.030468928] [robot1.bt_navigator]: Begin navigating from current location (-0.93, 1.26) to (-0.93, 0.11)
[component_container_isolated-1] [INFO] [1790308909.390992512] [robot1.controller_server]: Passing new path to controller.
[component_container_isolated-1] [INFO] [1790308910.020391846] [robot1.bt_navigator]: Received goal preemption request
[component_container_isolated-1] [INFO] [1790308910.020483591] [robot1.bt_navigator]: Begin navigating from current location (-0.96, 1.01) to (-0.23, -0.89)
[component_container_isolated-1] [INFO] [1790308910.440980800] [robot1.controller_server]: Passing new path to controller.
[component_container_isolated-1] [INFO] [1790308911.030392919] [robot1.bt_navigator]: Received goal preemption request
[component_container_isolated-1] [INFO] [1790308911.030473823] [robot1.bt_navigator]: Begin navigating from current location (-0.97, 0.77) to (-0.49, -1.08)
[component_container_isolated-1] [INFO] [1790308911.440993377] [robot1.controller_server]: Passing new path to controller.
[component_container_isolated-1] [INFO] [1790308912.030384582] [robot1.bt_navigator]: Received goal preemption request
[component_container_isolated-1] [INFO] [1790308912.030469345] [robot1.bt_navigator]: Begin navigating from current location (-0.89, 0.53) to (-0.58, -1.30)
[component_container_isolated-1] [INFO] [1790308912.490990034] [robot1.controller_server]: Passing new path to controller.
[component_container_isolated-1] [INFO] [1790308913.020400190] [robot1.bt_navigator]: Received goal preemption request
[component_container_isolated-1] [INFO] [1790308913.020482146] [robot1.bt_navigator]: Begin navigating from current location (-0.83, 0.26) to (-0.30, -1.27)
[component_container_isolated-1] [INFO] [1790308913.540979476] [robot1.controller_server]: Passing new path to controller.
[component_container_isolated-1] [INFO] [1790308914.030369530] [robot1.bt_navigator]: Received goal preemption request
[component_container_isolated-1] [INFO] [1790308914.030516800] [robot1.bt_navigator]: Begin navigating from current location (-0.81, 0.02) to (-0.08, -1.22)
[component_container_isolated-1] [INFO] [1790308914.540976835] [robot1.controller_server]: Passing new path to controller.
[component_container_isolated-1] [INFO] [1790308915.020408326] [robot1.bt_navigator]: Received goal preemption request
[component_container_isolated-1] [INFO] [1790308915.020486285] [robot1.bt_navigator]: Begin navigating from current location (-0.76, -0.23) to (-1.22, -2.67)
[component_container_isolated-1] [INFO] [1790308915.590991912] [robot1.controller_server]: Passing new path to controller.
[component_container_isolated-1] [INFO] [1790308916.020389114] [robot1.bt_navigator]: Received goal preemption request
[component_container_isolated-1] [INFO] [1790308916.020468548] [robot1.bt_navigator]: Begin navigating from current location (-0.63, -0.46) to (-1.53, -2.67)
[component_container_isolated-1] [INFO] [1790308916.590999652] [robot1.controller_server]: Passing new path to controller.
[component_container_isolated-1] [INFO] [1790308917.020394830] [robot1.bt_navigator]: Received goal preemption request
[component_container_isolated-1] [INFO] [1790308917.020487609] [robot1.bt_navigator]: Begin navigating from current location (-0.61, -0.69) to (-0.38, -5.26)
[component_container_isolated-1] [INFO] [1790308917.640977812] [robot1.controller_server]: Passing new path to controller.
[component_container_isolated-1] [INFO] [1790308918.030361244] [robot1.bt_navigator]: Received goal preemption request
[component_container_isolated-1] [INFO] [1790308918.030450307] [robot1.bt_navigator]: Begin navigating from current location (-0.65, -0.95) to (-0.12, -4.02)
[component_container_isolated-1] [INFO] [1790308918.640990658] [robot1.controller_server]: Passing new path to controller.
[component_container_isolated-1] [INFO] [1790308919.690978145] [robot1.controller_server]: Passing new path to controller.
[component_container_isolated-1] [INFO] [1790308920.740991268] [robot1.controller_server]: Passing new path to controller.
[component_container_isolated-1] [INFO] [1790308921.740979658] [robot1.controller_server]: Passing new path to controller.
[component_container_isolated-1] [INFO] [1790308922.790998795] [robot1.controller_server]: Passing new path to controller.
[component_container_isolated-1] [INFO] [1790308923.790977398] [robot1.controller_server]: Passing new path to controller.
[component_container_isolated-1] [INFO] [1790308924.840977920] [robot1.controller_server]: Passing new path to controller.
[component_container_isolated-1] [INFO] [1790308925.840993826] [robot1.controller_server]: Passing new path to controller.
[component_container_isolated-1] [INFO] [1790308926.890990908] [robot1.controller_server]: Passing new path to controller.
[component_container_isolated-1] [INFO] [1790308927.940978993] [robot1.controller_server]: Passing new path to controller.
[component_container_isolated-1] [INFO] [1790308928.941004064] [robot1.controller_server]: Passing new path to controller.
[component_container_isolated-1] [INFO] [1790308929.990977407] [robot1.controller_server]: Passing new path to controller.
[component_container_isolated-1] [INFO] [1790308930.990992182] [robot1.controller_server]: Passing new path to controller.
[component_container_isolated-1] [INFO] [1790308932.040991102] [robot1.controller_server]: Passing new path to controller.
[component_container_isolated-1] [INFO] [1790308932.143892102] [robot1.controller_server]: Reached the goal!
[component_container_isolated-1] [INFO] [1790308932.180398853] [robot1.bt_navigator]: Goal succeeded
[component_container_isolated-1] [INFO] [1790308961.022541221] [robot1.bt_navigator]: Begin navigating from current location (-0.27, -3.87) to (-1.24, -2.72)
[component_container_isolated-1] [INFO] [1790308961.042825369] [robot1.controller_server]: Received a goal, begin computing control effort.
[component_container_isolated-1] [INFO] [1790308962.093069904] [robot1.controller_server]: Passing new path to controller.
[component_container_isolated-1] [INFO] [1790308963.093046557] [robot1.controller_server]: Passing new path to controller.
[component_container_isolated-1] [INFO] [1790308964.143043593] [robot1.controller_server]: Passing new path to controller.
[component_container_isolated-1] [INFO] [1790308965.143052915] [robot1.controller_server]: Passing new path to controller.
[component_container_isolated-1] [INFO] [1790308966.022791742] [robot1.bt_navigator]: Received goal preemption request
[component_container_isolated-1] [INFO] [1790308966.022889066] [robot1.bt_navigator]: Begin navigating from current location (-1.01, -2.93) to (-1.09, -1.65)
[component_container_isolated-1] [INFO] [1790308966.193043494] [robot1.controller_server]: Passing new path to controller.
[component_container_isolated-1] [INFO] [1790308967.022776984] [robot1.bt_navigator]: Received goal preemption request
[component_container_isolated-1] [INFO] [1790308967.022875289] [robot1.bt_navigator]: Begin navigating from current location (-1.13, -2.77) to (-1.44, -2.10)
[component_container_isolated-1] [INFO] [1790308967.193045738] [robot1.controller_server]: Passing new path to controller.
[component_container_isolated-1] [INFO] [1790308968.022749984] [robot1.bt_navigator]: Received goal preemption request
[component_container_isolated-1] [INFO] [1790308968.022824465] [robot1.bt_navigator]: Begin navigating from current location (-1.22, -2.55) to (-1.50, -2.03)
[component_container_isolated-1] [INFO] [1790308968.243047754] [robot1.controller_server]: Passing new path to controller.
[component_container_isolated-1] [INFO] [1790308969.022769305] [robot1.bt_navigator]: Received goal preemption request
[component_container_isolated-1] [INFO] [1790308969.022867170] [robot1.bt_navigator]: Begin navigating from current location (-1.28, -2.33) to (-1.21, -1.74)
[component_container_isolated-1] [INFO] [1790308969.293044716] [robot1.controller_server]: Passing new path to controller.
[component_container_isolated-1] [INFO] [1790308970.293042600] [robot1.controller_server]: Passing new path to controller.
[component_container_isolated-1] [INFO] [1790308971.343042963] [robot1.controller_server]: Passing new path to controller.
[component_container_isolated-1] [INFO] [1790308972.343044342] [robot1.controller_server]: Passing new path to controller.
[component_container_isolated-1] [INFO] [1790308973.393045275] [robot1.controller_server]: Passing new path to controller.
[component_container_isolated-1] [INFO] [1790308973.794952752] [robot1.controller_server]: Reached the goal!
[component_container_isolated-1] [INFO] [1790308973.832868692] [robot1.bt_navigator]: Goal succeeded
[component_container_isolated-1] [INFO] [1790309025.064163987] [robot1.bt_navigator]: Begin navigating from current location (-1.36, -1.92) to (-1.29, -4.10)
[component_container_isolated-1] [INFO] [1790309025.084565560] [robot1.controller_server]: Received a goal, begin computing control effort.
[component_container_isolated-1] [INFO] [1790309026.134764760] [robot1.controller_server]: Passing new path to controller.
[component_container_isolated-1] [INFO] [1790309027.184748464] [robot1.controller_server]: Passing new path to controller.
[component_container_isolated-1] [INFO] [1790309028.024389120] [robot1.bt_navigator]: Received goal preemption request
[component_container_isolated-1] [INFO] [1790309028.024463985] [robot1.bt_navigator]: Begin navigating from current location (-1.22, -2.30) to (0.32, -6.33)
[component_container_isolated-1] [INFO] [1790309028.184767605] [robot1.controller_server]: Passing new path to controller.
[component_container_isolated-1] [INFO] [1790309029.024382003] [robot1.bt_navigator]: Received goal preemption request
[component_container_isolated-1] [INFO] [1790309029.024488444] [robot1.bt_navigator]: Begin navigating from current location (-1.18, -2.55) to (0.22, -6.36)
[component_container_isolated-1] [INFO] [1790309029.234750392] [robot1.controller_server]: Passing new path to controller.
[component_container_isolated-1] [INFO] [1790309029.586250890] [robot1.local_costmap.local_costmap]: StaticLayer: Resizing static layer to 185 X 315 at 0.050000 m/pix
[component_container_isolated-1] [INFO] [1790309030.024383283] [robot1.bt_navigator]: Received goal preemption request
[component_container_isolated-1] [INFO] [1790309030.024494373] [robot1.bt_navigator]: Begin navigating from current location (-1.15, -2.80) to (-0.98, -4.28)
[component_container_isolated-1] [INFO] [1790309030.117358125] [robot1.global_costmap.global_costmap]: StaticLayer: Resizing costmap to 185 X 315 at 0.050000 m/pix
[component_container_isolated-1] [INFO] [1790309030.234744766] [robot1.controller_server]: Passing new path to controller.
[component_container_isolated-1] [INFO] [1790309031.024308888] [robot1.bt_navigator]: Received goal preemption request
[component_container_isolated-1] [INFO] [1790309031.024401087] [robot1.bt_navigator]: Begin navigating from current location (-1.09, -3.05) to (0.30, -6.31)
[component_container_isolated-1] [INFO] [1790309031.117322450] [robot1.global_costmap.global_costmap]: StaticLayer: Resizing costmap to 185 X 316 at 0.050000 m/pix
[component_container_isolated-1] [INFO] [1790309031.186109609] [robot1.local_costmap.local_costmap]: StaticLayer: Resizing static layer to 185 X 316 at 0.050000 m/pix
[component_container_isolated-1] [INFO] [1790309031.284754739] [robot1.controller_server]: Passing new path to controller.
[component_container_isolated-1] [INFO] [1790309032.024307668] [robot1.bt_navigator]: Received goal preemption request
[component_container_isolated-1] [INFO] [1790309032.024411224] [robot1.bt_navigator]: Begin navigating from current location (-1.05, -3.32) to (0.38, -6.30)
[component_container_isolated-1] [INFO] [1790309032.334763641] [robot1.controller_server]: Passing new path to controller.
[component_container_isolated-1] [INFO] [1790309033.024306245] [robot1.bt_navigator]: Received goal preemption request
[component_container_isolated-1] [INFO] [1790309033.024410908] [robot1.bt_navigator]: Begin navigating from current location (-0.99, -3.55) to (-0.91, -4.28)
[component_container_isolated-1] [INFO] [1790309033.334744678] [robot1.controller_server]: Passing new path to controller.
[component_container_isolated-1] [INFO] [1790309034.024377788] [robot1.bt_navigator]: Received goal preemption request
[component_container_isolated-1] [INFO] [1790309034.024472609] [robot1.bt_navigator]: Begin navigating from current location (-0.93, -3.79) to (0.39, -6.31)
[component_container_isolated-1] [INFO] [1790309034.384771404] [robot1.controller_server]: Passing new path to controller.
[component_container_isolated-1] [INFO] [1790309035.024438611] [robot1.bt_navigator]: Received goal preemption request
[component_container_isolated-1] [INFO] [1790309035.024533165] [robot1.bt_navigator]: Begin navigating from current location (-0.87, -4.02) to (0.35, -6.31)
[component_container_isolated-1] [INFO] [1790309035.384795472] [robot1.controller_server]: Passing new path to controller.
[component_container_isolated-1] [INFO] [1790309036.024379470] [robot1.bt_navigator]: Received goal preemption request
[component_container_isolated-1] [INFO] [1790309036.024480280] [robot1.bt_navigator]: Begin navigating from current location (-0.79, -4.25) to (0.35, -6.31)
[component_container_isolated-1] [INFO] [1790309036.434760854] [robot1.controller_server]: Passing new path to controller.
[component_container_isolated-1] [INFO] [1790309037.024383733] [robot1.bt_navigator]: Received goal preemption request
[component_container_isolated-1] [INFO] [1790309037.024480675] [robot1.bt_navigator]: Begin navigating from current location (-0.67, -4.46) to (0.36, -6.32)
[component_container_isolated-1] [INFO] [1790309037.434765329] [robot1.controller_server]: Passing new path to controller.
[component_container_isolated-1] [INFO] [1790309038.024307105] [robot1.bt_navigator]: Received goal preemption request
[component_container_isolated-1] [INFO] [1790309038.024408496] [robot1.bt_navigator]: Begin navigating from current location (-0.52, -4.66) to (0.37, -6.35)
[component_container_isolated-1] [INFO] [1790309038.484782636] [robot1.controller_server]: Passing new path to controller.
[component_container_isolated-1] [INFO] [1790309039.014371348] [robot1.bt_navigator]: Received goal preemption request
[component_container_isolated-1] [INFO] [1790309039.014463469] [robot1.bt_navigator]: Begin navigating from current location (-0.39, -4.88) to (-0.60, -5.93)
[component_container_isolated-1] [INFO] [1790309039.534760061] [robot1.controller_server]: Passing new path to controller.
[component_container_isolated-1] [INFO] [1790309040.534746315] [robot1.controller_server]: Passing new path to controller.
[component_container_isolated-1] [INFO] [1790309040.585969655] [robot1.local_costmap.local_costmap]: StaticLayer: Resizing static layer to 185 X 317 at 0.050000 m/pix
[component_container_isolated-1] [INFO] [1790309041.117367687] [robot1.global_costmap.global_costmap]: StaticLayer: Resizing costmap to 185 X 317 at 0.050000 m/pix
[component_container_isolated-1] [INFO] [1790309041.584770903] [robot1.controller_server]: Passing new path to controller.
[component_container_isolated-1] [INFO] [1790309042.584875224] [robot1.controller_server]: Passing new path to controller.
[component_container_isolated-1] [INFO] [1790309043.634762973] [robot1.controller_server]: Passing new path to controller.
[component_container_isolated-1] [INFO] [1790309044.684770256] [robot1.controller_server]: Passing new path to controller.
[component_container_isolated-1] [INFO] [1790309045.684767025] [robot1.controller_server]: Passing new path to controller.
[component_container_isolated-1] [INFO] [1790309045.936826334] [robot1.controller_server]: Reached the goal!
[component_container_isolated-1] [INFO] [1790309045.974369115] [robot1.bt_navigator]: Goal succeeded
[component_container_isolated-1] [INFO] [1790309066.018684786] [robot1.bt_navigator]: Begin navigating from current location (-0.50, -5.73) to (-0.61, -2.66)
[component_container_isolated-1] [INFO] [1790309066.039228672] [robot1.controller_server]: Received a goal, begin computing control effort.
[component_container_isolated-1] [INFO] [1790309067.089471572] [robot1.controller_server]: Passing new path to controller.
[component_container_isolated-1] [INFO] [1790309068.028899737] [robot1.bt_navigator]: Received goal preemption request
[component_container_isolated-1] [INFO] [1790309068.028999458] [robot1.bt_navigator]: Begin navigating from current location (-0.58, -5.36) to (-0.07, -3.67)
[component_container_isolated-1] [INFO] [1790309068.139480737] [robot1.controller_server]: Passing new path to controller.
[component_container_isolated-1] [INFO] [1790309069.018884808] [robot1.bt_navigator]: Received goal preemption request
[component_container_isolated-1] [INFO] [1790309069.018966864] [robot1.bt_navigator]: Begin navigating from current location (-0.58, -5.11) to (-0.44, -3.49)
[component_container_isolated-1] [INFO] [1790309069.139459931] [robot1.controller_server]: Passing new path to controller.
[component_container_isolated-1] [INFO] [1790309070.028880725] [robot1.bt_navigator]: Received goal preemption request
[component_container_isolated-1] [INFO] [1790309070.028962912] [robot1.bt_navigator]: Begin navigating from current location (-0.55, -4.85) to (-1.51, -2.86)
[component_container_isolated-1] [INFO] [1790309070.189458543] [robot1.controller_server]: Passing new path to controller.
[component_container_isolated-1] [INFO] [1790309071.028890928] [robot1.bt_navigator]: Received goal preemption request
[component_container_isolated-1] [INFO] [1790309071.028987840] [robot1.bt_navigator]: Begin navigating from current location (-0.55, -4.60) to (-0.14, -3.50)
[component_container_isolated-1] [INFO] [1790309071.189472905] [robot1.controller_server]: Passing new path to controller.
[component_container_isolated-1] [INFO] [1790309072.018849720] [robot1.bt_navigator]: Received goal preemption request
[component_container_isolated-1] [INFO] [1790309072.018933692] [robot1.bt_navigator]: Begin navigating from current location (-0.58, -4.36) to (-0.18, -3.24)
[component_container_isolated-1] [INFO] [1790309072.239456024] [robot1.controller_server]: Passing new path to controller.
[component_container_isolated-1] [INFO] [1790309073.018895269] [robot1.bt_navigator]: Received goal preemption request
[component_container_isolated-1] [INFO] [1790309073.019004844] [robot1.bt_navigator]: Begin navigating from current location (-0.52, -4.12) to (-0.36, -2.77)
[component_container_isolated-1] [INFO] [1790309073.289459523] [robot1.controller_server]: Passing new path to controller.
[component_container_isolated-1] [INFO] [1790309074.028912553] [robot1.bt_navigator]: Received goal preemption request
[component_container_isolated-1] [INFO] [1790309074.029001382] [robot1.bt_navigator]: Begin navigating from current location (-0.47, -3.87) to (-0.34, -3.45)
[component_container_isolated-1] [INFO] [1790309074.289459230] [robot1.controller_server]: Passing new path to controller.
[component_container_isolated-1] [INFO] [1790309074.940750595] [robot1.controller_server]: Reached the goal!
[component_container_isolated-1] [INFO] [1790309074.978924424] [robot1.bt_navigator]: Goal succeeded
[component_container_isolated-1] [INFO] [1790309085.018352410] [robot1.bt_navigator]: Begin navigating from current location (-0.45, -3.66) to (-0.32, -2.72)
[component_container_isolated-1] [INFO] [1790309085.038629639] [robot1.controller_server]: Received a goal, begin computing control effort.
[component_container_isolated-1] [INFO] [1790309086.088815310] [robot1.controller_server]: Passing new path to controller.
[component_container_isolated-1] [INFO] [1790309087.138813184] [robot1.controller_server]: Passing new path to controller.
[component_container_isolated-1] [ERROR] [1790309088.038721640] [robot1.bt_navigator_navigate_to_pose_rclcpp_node]: Failed to get result for follow_path in node halt!
[component_container_isolated-1] [INFO] [1790309088.038791694] [robot1.bt_navigator]: [navigate_to_pose] [ActionServer] Client requested to cancel the goal. Cancelling.
[component_container_isolated-1] [INFO] [1790309088.038836350] [robot1.controller_server]: Goal was canceled. Stopping the robot.
[component_container_isolated-1] [INFO] [1790309088.038883855] [robot1.controller_server]: [follow_path] [ActionServer] Client requested to cancel the goal. Cancelling.
[component_container_isolated-1] [INFO] [1790309088.038871583] [robot1.bt_navigator]: Goal canceled
[component_container_isolated-1] [INFO] [1790309159.022644918] [robot1.bt_navigator]: Begin navigating from current location (-0.67, -2.33) to (-0.16, 6.04)
[component_container_isolated-1] [INFO] [1790309159.043351443] [robot1.controller_server]: Received a goal, begin computing control effort.
[component_container_isolated-1] [INFO] [1790309160.093580162] [robot1.controller_server]: Passing new path to controller.
[component_container_isolated-1] [INFO] [1790309161.032938287] [robot1.bt_navigator]: Received goal preemption request
[component_container_isolated-1] [INFO] [1790309161.033092707] [robot1.bt_navigator]: Begin navigating from current location (-0.65, -1.91) to (0.87, 6.03)
[component_container_isolated-1] [INFO] [1790309161.093580184] [robot1.controller_server]: Passing new path to controller.
[component_container_isolated-1] [INFO] [1790309162.022826067] [robot1.bt_navigator]: Received goal preemption request
[component_container_isolated-1] [INFO] [1790309162.022928584] [robot1.bt_navigator]: Begin navigating from current location (-0.65, -1.65) to (-0.04, 3.45)
[component_container_isolated-1] [INFO] [1790309162.143579219] [robot1.controller_server]: Passing new path to controller.
[component_container_isolated-1] [INFO] [1790309163.022861855] [robot1.bt_navigator]: Received goal preemption request
[component_container_isolated-1] [INFO] [1790309163.022961825] [robot1.bt_navigator]: Begin navigating from current location (-0.62, -1.39) to (0.26, 6.15)
[component_container_isolated-1] [INFO] [1790309163.117392472] [robot1.global_costmap.global_costmap]: StaticLayer: Resizing costmap to 185 X 318 at 0.050000 m/pix
[component_container_isolated-1] [INFO] [1790309163.185711170] [robot1.local_costmap.local_costmap]: StaticLayer: Resizing static layer to 185 X 318 at 0.050000 m/pix
[component_container_isolated-1] [INFO] [1790309163.193578970] [robot1.controller_server]: Passing new path to controller.
[component_container_isolated-1] [INFO] [1790309164.022949031] [robot1.bt_navigator]: Received goal preemption request
[component_container_isolated-1] [INFO] [1790309164.023111620] [robot1.bt_navigator]: Begin navigating from current location (-0.60, -1.13) to (0.57, 6.09)
[component_container_isolated-1] [INFO] [1790309164.193597963] [robot1.controller_server]: Passing new path to controller.
[component_container_isolated-1] [INFO] [1790309165.022830799] [robot1.bt_navigator]: Received goal preemption request
[component_container_isolated-1] [INFO] [1790309165.022963301] [robot1.bt_navigator]: Begin navigating from current location (-0.60, -0.88) to (-0.04, 6.12)
[component_container_isolated-1] [INFO] [1790309165.243602638] [robot1.controller_server]: Passing new path to controller.
[component_container_isolated-1] [INFO] [1790309166.022844553] [robot1.bt_navigator]: Received goal preemption request
[component_container_isolated-1] [INFO] [1790309166.023040043] [robot1.bt_navigator]: Begin navigating from current location (-0.58, -0.63) to (-0.13, 3.52)
[component_container_isolated-1] [INFO] [1790309166.117409108] [robot1.global_costmap.global_costmap]: StaticLayer: Resizing costmap to 185 X 319 at 0.050000 m/pix
[component_container_isolated-1] [INFO] [1790309166.185734159] [robot1.local_costmap.local_costmap]: StaticLayer: Resizing static layer to 185 X 319 at 0.050000 m/pix
[component_container_isolated-1] [INFO] [1790309166.243579778] [robot1.controller_server]: Passing new path to controller.
[component_container_isolated-1] [INFO] [1790309167.022848232] [robot1.bt_navigator]: Received goal preemption request
[component_container_isolated-1] [INFO] [1790309167.022936352] [robot1.bt_navigator]: Begin navigating from current location (-0.56, -0.38) to (0.32, 6.18)
[component_container_isolated-1] [INFO] [1790309167.293583970] [robot1.controller_server]: Passing new path to controller.
[component_container_isolated-1] [INFO] [1790309168.022833865] [robot1.bt_navigator]: Received goal preemption request
[component_container_isolated-1] [INFO] [1790309168.022974317] [robot1.bt_navigator]: Begin navigating from current location (-0.56, -0.13) to (-0.07, 3.55)
[component_container_isolated-1] [INFO] [1790309168.343606194] [robot1.controller_server]: Passing new path to controller.
[component_container_isolated-1] [INFO] [1790309169.022848843] [robot1.bt_navigator]: Received goal preemption request
[component_container_isolated-1] [INFO] [1790309169.022947049] [robot1.bt_navigator]: Begin navigating from current location (-0.53, 0.12) to (-0.24, 3.74)
[component_container_isolated-1] [INFO] [1790309169.343580534] [robot1.controller_server]: Passing new path to controller.
[component_container_isolated-1] [INFO] [1790309170.022960162] [robot1.bt_navigator]: Received goal preemption request
[component_container_isolated-1] [INFO] [1790309170.023101246] [robot1.bt_navigator]: Begin navigating from current location (-0.53, 0.38) to (0.19, 3.62)
[component_container_isolated-1] [INFO] [1790309170.117437742] [robot1.global_costmap.global_costmap]: StaticLayer: Resizing costmap to 185 X 321 at 0.050000 m/pix
[component_container_isolated-1] [INFO] [1790309170.185701279] [robot1.local_costmap.local_costmap]: StaticLayer: Resizing static layer to 185 X 321 at 0.050000 m/pix
[component_container_isolated-1] [INFO] [1790309170.393578711] [robot1.controller_server]: Passing new path to controller.
[component_container_isolated-1] [INFO] [1790309171.022838562] [robot1.bt_navigator]: Received goal preemption request
[component_container_isolated-1] [INFO] [1790309171.023000681] [robot1.bt_navigator]: Begin navigating from current location (-0.51, 0.63) to (-0.55, 3.69)
[component_container_isolated-1] [INFO] [1790309171.393937929] [robot1.controller_server]: Passing new path to controller.
[component_container_isolated-1] [INFO] [1790309172.022815858] [robot1.bt_navigator]: Received goal preemption request
[component_container_isolated-1] [INFO] [1790309172.022920217] [robot1.bt_navigator]: Begin navigating from current location (-0.50, 0.87) to (0.26, 3.83)
[component_container_isolated-1] [INFO] [1790309172.443579262] [robot1.controller_server]: Passing new path to controller.
[component_container_isolated-1] [INFO] [1790309173.022856270] [robot1.bt_navigator]: Received goal preemption request
[component_container_isolated-1] [INFO] [1790309173.022971025] [robot1.bt_navigator]: Begin navigating from current location (-0.48, 1.13) to (-0.96, 3.95)
[component_container_isolated-1] [INFO] [1790309173.493600158] [robot1.controller_server]: Passing new path to controller.
[component_container_isolated-1] [INFO] [1790309174.022856576] [robot1.bt_navigator]: Received goal preemption request
[component_container_isolated-1] [INFO] [1790309174.022954977] [robot1.bt_navigator]: Begin navigating from current location (-0.44, 1.39) to (-0.06, 3.92)
[component_container_isolated-1] [INFO] [1790309174.493579008] [robot1.controller_server]: Passing new path to controller.
[component_container_isolated-1] [INFO] [1790309175.022847436] [robot1.bt_navigator]: Received goal preemption request
[component_container_isolated-1] [INFO] [1790309175.022935911] [robot1.bt_navigator]: Begin navigating from current location (-0.44, 1.64) to (-0.48, 3.95)
[component_container_isolated-1] [INFO] [1790309175.543742801] [robot1.controller_server]: Passing new path to controller.
[component_container_isolated-1] [INFO] [1790309176.022966193] [robot1.bt_navigator]: Received goal preemption request
[component_container_isolated-1] [INFO] [1790309176.023111364] [robot1.bt_navigator]: Begin navigating from current location (-0.43, 1.90) to (0.08, 4.11)
[component_container_isolated-1] [INFO] [1790309176.543581660] [robot1.controller_server]: Passing new path to controller.
[component_container_isolated-1] [INFO] [1790309177.022855668] [robot1.bt_navigator]: Received goal preemption request
[component_container_isolated-1] [INFO] [1790309177.022957754] [robot1.bt_navigator]: Begin navigating from current location (-0.41, 2.15) to (0.19, 4.35)
[component_container_isolated-1] [INFO] [1790309177.593639990] [robot1.controller_server]: Passing new path to controller.
[component_container_isolated-1] [INFO] [1790309178.022847684] [robot1.bt_navigator]: Received goal preemption request
[component_container_isolated-1] [INFO] [1790309178.022971019] [robot1.bt_navigator]: Begin navigating from current location (-0.38, 2.41) to (-0.96, 4.35)
[component_container_isolated-1] [INFO] [1790309178.593578771] [robot1.controller_server]: Passing new path to controller.
[component_container_isolated-1] [INFO] [1790309179.022861783] [robot1.bt_navigator]: Received goal preemption request
[component_container_isolated-1] [INFO] [1790309179.022988044] [robot1.bt_navigator]: Begin navigating from current location (-0.34, 2.66) to (0.20, 4.63)
[component_container_isolated-1] [INFO] [1790309179.643597748] [robot1.controller_server]: Passing new path to controller.
[component_container_isolated-1] [INFO] [1790309180.022930798] [robot1.bt_navigator]: Received goal preemption request
[component_container_isolated-1] [INFO] [1790309180.023027139] [robot1.bt_navigator]: Begin navigating from current location (-0.37, 2.90) to (-0.71, 4.12)
[component_container_isolated-1] [INFO] [1790309180.693587857] [robot1.controller_server]: Passing new path to controller.
[component_container_isolated-1] [INFO] [1790309181.022896072] [robot1.bt_navigator]: Received goal preemption request
[component_container_isolated-1] [INFO] [1790309181.023080020] [robot1.bt_navigator]: Begin navigating from current location (-0.37, 3.13) to (0.52, 4.17)
[component_container_isolated-1] [INFO] [1790309181.693580722] [robot1.controller_server]: Passing new path to controller.
[component_container_isolated-1] [INFO] [1790309182.743594233] [robot1.controller_server]: Passing new path to controller.
[component_container_isolated-1] [INFO] [1790309183.743580130] [robot1.controller_server]: Passing new path to controller.
[component_container_isolated-1] [INFO] [1790309184.793581238] [robot1.controller_server]: Passing new path to controller.
[component_container_isolated-1] [INFO] [1790309185.843580456] [robot1.controller_server]: Passing new path to controller.
[component_container_isolated-1] [INFO] [1790309186.843581065] [robot1.controller_server]: Passing new path to controller.
[component_container_isolated-1] [INFO] [1790309187.893598204] [robot1.controller_server]: Passing new path to controller.
[component_container_isolated-1] [INFO] [1790309188.893580282] [robot1.controller_server]: Passing new path to controller.
[component_container_isolated-1] [INFO] [1790309189.943580489] [robot1.controller_server]: Passing new path to controller.
[component_container_isolated-1] [INFO] [1790309190.445416800] [robot1.controller_server]: Reached the goal!
[component_container_isolated-1] [INFO] [1790309190.482856769] [robot1.bt_navigator]: Goal succeeded
[component_container_isolated-1] [INFO] [1790309208.021109637] [robot1.bt_navigator]: Begin navigating from current location (0.31, 4.08) to (-1.92, 1.62)
[component_container_isolated-1] [INFO] [1790309208.041493615] [robot1.controller_server]: Received a goal, begin computing control effort.
[component_container_isolated-1] [INFO] [1790309209.031325016] [robot1.bt_navigator]: Received goal preemption request
[component_container_isolated-1] [INFO] [1790309209.031427583] [robot1.bt_navigator]: Begin navigating from current location (0.25, 3.94) to (-1.15, 0.69)
[component_container_isolated-1] [INFO] [1790309209.091703903] [robot1.controller_server]: Passing new path to controller.
[component_container_isolated-1] [INFO] [1790309210.031307334] [robot1.bt_navigator]: Received goal preemption request
[component_container_isolated-1] [INFO] [1790309210.031406848] [robot1.bt_navigator]: Begin navigating from current location (0.13, 3.72) to (-1.15, 1.21)
[component_container_isolated-1] [INFO] [1790309210.141680384] [robot1.controller_server]: Passing new path to controller.
[component_container_isolated-1] [INFO] [1790309211.021281453] [robot1.bt_navigator]: Received goal preemption request
[component_container_isolated-1] [INFO] [1790309211.021370782] [robot1.bt_navigator]: Begin navigating from current location (0.04, 3.48) to (-0.97, 1.04)
[component_container_isolated-1] [INFO] [1790309211.141678157] [robot1.controller_server]: Passing new path to controller.
[component_container_isolated-1] [INFO] [1790309212.021295835] [robot1.bt_navigator]: Received goal preemption request
[component_container_isolated-1] [INFO] [1790309212.021432336] [robot1.bt_navigator]: Begin navigating from current location (-0.07, 3.26) to (-1.43, 1.11)
[component_container_isolated-1] [INFO] [1790309212.191693288] [robot1.controller_server]: Passing new path to controller.
[component_container_isolated-1] [INFO] [1790309213.031282735] [robot1.bt_navigator]: Received goal preemption request
[component_container_isolated-1] [INFO] [1790309213.031385959] [robot1.bt_navigator]: Begin navigating from current location (-0.15, 3.01) to (-1.06, 0.83)
[component_container_isolated-1] [INFO] [1790309213.191677583] [robot1.controller_server]: Passing new path to controller.
[component_container_isolated-1] [INFO] [1790309214.021285667] [robot1.bt_navigator]: Received goal preemption request
[component_container_isolated-1] [INFO] [1790309214.021389449] [robot1.bt_navigator]: Begin navigating from current location (-0.27, 2.79) to (-1.61, 1.30)
[component_container_isolated-1] [INFO] [1790309214.241687800] [robot1.controller_server]: Passing new path to controller.
[component_container_isolated-1] [INFO] [1790309215.021305382] [robot1.bt_navigator]: Received goal preemption request
[component_container_isolated-1] [INFO] [1790309215.021391700] [robot1.bt_navigator]: Begin navigating from current location (-0.37, 2.56) to (-1.15, 0.71)
[component_container_isolated-1] [INFO] [1790309215.291679833] [robot1.controller_server]: Passing new path to controller.
[component_container_isolated-1] [INFO] [1790309216.021306550] [robot1.bt_navigator]: Received goal preemption request
[component_container_isolated-1] [INFO] [1790309216.021407375] [robot1.bt_navigator]: Begin navigating from current location (-0.53, 2.36) to (-1.51, 0.77)
[component_container_isolated-1] [INFO] [1790309216.291681142] [robot1.controller_server]: Passing new path to controller.
[component_container_isolated-1] [INFO] [1790309217.021280243] [robot1.bt_navigator]: Received goal preemption request
[component_container_isolated-1] [INFO] [1790309217.021382365] [robot1.bt_navigator]: Begin navigating from current location (-0.66, 2.12) to (-1.27, 0.41)
[component_container_isolated-1] [INFO] [1790309217.341660131] [robot1.controller_server]: Passing new path to controller.
[component_container_isolated-1] [INFO] [1790309218.021289117] [robot1.bt_navigator]: Received goal preemption request
[component_container_isolated-1] [INFO] [1790309218.021404285] [robot1.bt_navigator]: Begin navigating from current location (-0.71, 1.88) to (-1.00, 0.52)
[component_container_isolated-1] [INFO] [1790309218.341700246] [robot1.controller_server]: Passing new path to controller.
[component_container_isolated-1] [INFO] [1790309219.021307696] [robot1.bt_navigator]: Received goal preemption request
[component_container_isolated-1] [INFO] [1790309219.021417867] [robot1.bt_navigator]: Begin navigating from current location (-0.80, 1.65) to (-1.00, 0.20)
[component_container_isolated-1] [INFO] [1790309219.391692872] [robot1.controller_server]: Passing new path to controller.
[component_container_isolated-1] [INFO] [1790309220.031305859] [robot1.bt_navigator]: Received goal preemption request
[component_container_isolated-1] [INFO] [1790309220.031415097] [robot1.bt_navigator]: Begin navigating from current location (-0.84, 1.39) to (-0.15, -0.87)
[component_container_isolated-1] [INFO] [1790309220.441685675] [robot1.controller_server]: Passing new path to controller.
[component_container_isolated-1] [INFO] [1790309221.021308345] [robot1.bt_navigator]: Received goal preemption request
[component_container_isolated-1] [INFO] [1790309221.021420400] [robot1.bt_navigator]: Begin navigating from current location (-0.86, 1.14) to (-0.38, -0.98)
[component_container_isolated-1] [INFO] [1790309221.441693696] [robot1.controller_server]: Passing new path to controller.
[component_container_isolated-1] [INFO] [1790309222.021306359] [robot1.bt_navigator]: Received goal preemption request
[component_container_isolated-1] [INFO] [1790309222.021423053] [robot1.bt_navigator]: Begin navigating from current location (-0.80, 0.90) to (-0.69, -1.13)
[component_container_isolated-1] [INFO] [1790309222.491710440] [robot1.controller_server]: Passing new path to controller.
[component_container_isolated-1] [INFO] [1790309223.031278438] [robot1.bt_navigator]: Received goal preemption request
[component_container_isolated-1] [INFO] [1790309223.031374395] [robot1.bt_navigator]: Begin navigating from current location (-0.77, 0.64) to (-0.23, -1.27)
[component_container_isolated-1] [INFO] [1790309223.117400353] [robot1.global_costmap.global_costmap]: StaticLayer: Resizing costmap to 185 X 370 at 0.050000 m/pix
[component_container_isolated-1] [INFO] [1790309223.185860281] [robot1.local_costmap.local_costmap]: StaticLayer: Resizing static layer to 185 X 370 at 0.050000 m/pix
[component_container_isolated-1] [INFO] [1790309223.491678397] [robot1.controller_server]: Passing new path to controller.
[component_container_isolated-1] [INFO] [1790309224.021304974] [robot1.bt_navigator]: Received goal preemption request
[component_container_isolated-1] [INFO] [1790309224.021452232] [robot1.bt_navigator]: Begin navigating from current location (-0.75, 0.38) to (-0.52, -1.35)
[component_container_isolated-1] [INFO] [1790309224.541776032] [robot1.controller_server]: Passing new path to controller.
[component_container_isolated-1] [INFO] [1790309225.021309357] [robot1.bt_navigator]: Received goal preemption request
[component_container_isolated-1] [INFO] [1790309225.021417260] [robot1.bt_navigator]: Begin navigating from current location (-0.73, 0.13) to (-1.01, -1.53)
[component_container_isolated-1] [INFO] [1790309225.541688587] [robot1.controller_server]: Passing new path to controller.
[component_container_isolated-1] [INFO] [1790309226.031323702] [robot1.bt_navigator]: Received goal preemption request
[component_container_isolated-1] [INFO] [1790309226.031465269] [robot1.bt_navigator]: Begin navigating from current location (-0.71, -0.12) to (-0.01, -1.12)
[component_container_isolated-1] [INFO] [1790309226.591704088] [robot1.controller_server]: Passing new path to controller.
[component_container_isolated-1] [INFO] [1790309227.031307072] [robot1.bt_navigator]: Received goal preemption request
[component_container_isolated-1] [INFO] [1790309227.031449624] [robot1.bt_navigator]: Begin navigating from current location (-0.70, -0.38) to (-0.71, -1.68)
[component_container_isolated-1] [INFO] [1790309227.641710893] [robot1.controller_server]: Passing new path to controller.
[component_container_isolated-1] [INFO] [1790309228.021281915] [robot1.bt_navigator]: Received goal preemption request
[component_container_isolated-1] [INFO] [1790309228.021408668] [robot1.bt_navigator]: Begin navigating from current location (-0.66, -0.58) to (-0.74, -1.95)
[component_container_isolated-1] [INFO] [1790309228.641681561] [robot1.controller_server]: Passing new path to controller.
[component_container_isolated-1] [INFO] [1790309229.021382984] [robot1.bt_navigator]: Received goal preemption request
[component_container_isolated-1] [INFO] [1790309229.021507358] [robot1.bt_navigator]: Begin navigating from current location (-0.60, -0.82) to (-0.82, -1.39)
[component_container_isolated-1] [INFO] [1790309229.691700807] [robot1.controller_server]: Passing new path to controller.
[component_container_isolated-1] [INFO] [1790309230.691700306] [robot1.controller_server]: Passing new path to controller.
[component_container_isolated-1] [INFO] [1790309231.741679894] [robot1.controller_server]: Passing new path to controller.
[component_container_isolated-1] [INFO] [1790309232.791679987] [robot1.controller_server]: Passing new path to controller.
[component_container_isolated-1] [INFO] [1790309233.593413420] [robot1.controller_server]: Reached the goal!
[component_container_isolated-1] [INFO] [1790309233.631347543] [robot1.bt_navigator]: Goal succeeded
[component_container_isolated-1] [INFO] [1790309294.117361927] [robot1.global_costmap.global_costmap]: StaticLayer: Resizing costmap to 185 X 370 at 0.050000 m/pix
[component_container_isolated-1] [INFO] [1790309294.185706928] [robot1.local_costmap.local_costmap]: StaticLayer: Resizing static layer to 185 X 370 at 0.050000 m/pix
[component_container_isolated-1] [INFO] [1790309306.968644636] [robot1.bt_navigator]: Begin navigating from current location (-0.43, -0.29) to (0.72, -0.03)
[component_container_isolated-1] [INFO] [1790309306.989107557] [robot1.controller_server]: Received a goal, begin computing control effort.
[component_container_isolated-1] [INFO] [1790309308.039288731] [robot1.controller_server]: Passing new path to controller.
[component_container_isolated-1] [INFO] [1790309309.089288850] [robot1.controller_server]: Passing new path to controller.
[component_container_isolated-1] [INFO] [1790309310.089288533] [robot1.controller_server]: Passing new path to controller.
[component_container_isolated-1] [INFO] [1790309311.139283811] [robot1.controller_server]: Passing new path to controller.
[component_container_isolated-1] [INFO] [1790309312.139287554] [robot1.controller_server]: Passing new path to controller.
[component_container_isolated-1] [INFO] [1790309313.189324015] [robot1.controller_server]: Passing new path to controller.
[component_container_isolated-1] [INFO] [1790309314.189300108] [robot1.controller_server]: Passing new path to controller.
[component_container_isolated-1] [INFO] [1790309315.239299972] [robot1.controller_server]: Passing new path to controller.
[component_container_isolated-1] [INFO] [1790309316.289299948] [robot1.controller_server]: Passing new path to controller.
[component_container_isolated-1] [ERROR] [1790309316.989335438] [robot1.controller_server]: Failed to make progress
[component_container_isolated-1] [WARN] [1790309316.989384095] [robot1.controller_server]: [follow_path] [ActionServer] Aborting handle.
[component_container_isolated-1] [INFO] [1790309317.008919002] [robot1.local_costmap.local_costmap]: Received request to clear entirely the local_costmap
[component_container_isolated-1] [INFO] [1790309317.009276065] [robot1.controller_server]: Received a goal, begin computing control effort.
[component_container_isolated-1] [WARN] [1790309317.191687557] [robot1.controller_server]: Control loop missed its desired rate of 20.0000Hz
[component_container_isolated-1] [INFO] [1790309317.294673340] [robot1.controller_server]: Passing new path to controller.
[component_container_isolated-1] [INFO] [1790309318.330925762] [robot1.controller_server]: Passing new path to controller.
[component_container_isolated-1] [INFO] [1790309319.341773846] [robot1.controller_server]: Passing new path to controller.
[component_container_isolated-1] [INFO] [1790309320.391764376] [robot1.controller_server]: Passing new path to controller.
[component_container_isolated-1] [INFO] [1790309321.441767089] [robot1.controller_server]: Passing new path to controller.
[component_container_isolated-1] [INFO] [1790309322.441851366] [robot1.controller_server]: Passing new path to controller.
[component_container_isolated-1] [INFO] [1790309323.491748097] [robot1.controller_server]: Passing new path to controller.
[component_container_isolated-1] [INFO] [1790309324.491771055] [robot1.controller_server]: Passing new path to controller.
[component_container_isolated-1] [INFO] [1790309325.541772517] [robot1.controller_server]: Passing new path to controller.
[component_container_isolated-1] [INFO] [1790309326.591766122] [robot1.controller_server]: Passing new path to controller.
[component_container_isolated-1] [INFO] [1790309327.591763956] [robot1.controller_server]: Passing new path to controller.
[component_container_isolated-1] [INFO] [1790309328.641771944] [robot1.controller_server]: Passing new path to controller.
[component_container_isolated-1] [INFO] [1790309329.641774546] [robot1.controller_server]: Passing new path to controller.
[component_container_isolated-1] [ERROR] [1790309330.193661241] [DWBLocalPlanner]: No valid trajectories out of 419! 
[component_container_isolated-1] [ERROR] [1790309330.193708268] [DWBLocalPlanner]: 1.00: BaseObstacle/Trajectory Hits Obstacle.
[component_container_isolated-1] [WARN] [1790309330.193810373] [robot1.controller_server]: No valid trajectories out of 419! 
[component_container_isolated-1] [ERROR] [1790309330.243628972] [DWBLocalPlanner]: No valid trajectories out of 419! 
[component_container_isolated-1] [ERROR] [1790309330.243660134] [DWBLocalPlanner]: 1.00: BaseObstacle/Trajectory Hits Obstacle.
[component_container_isolated-1] [WARN] [1790309330.243747772] [robot1.controller_server]: No valid trajectories out of 419! 
[component_container_isolated-1] [ERROR] [1790309330.293661473] [DWBLocalPlanner]: No valid trajectories out of 419! 
[component_container_isolated-1] [ERROR] [1790309330.293690538] [DWBLocalPlanner]: 1.00: BaseObstacle/Trajectory Hits Obstacle.
[component_container_isolated-1] [WARN] [1790309330.293754556] [robot1.controller_server]: No valid trajectories out of 419! 
[component_container_isolated-1] [ERROR] [1790309330.343744246] [DWBLocalPlanner]: No valid trajectories out of 419! 
[component_container_isolated-1] [ERROR] [1790309330.343771965] [DWBLocalPlanner]: 1.00: BaseObstacle/Trajectory Hits Obstacle.
[component_container_isolated-1] [WARN] [1790309330.343835719] [robot1.controller_server]: No valid trajectories out of 419! 
[component_container_isolated-1] [ERROR] [1790309330.393625927] [DWBLocalPlanner]: No valid trajectories out of 419! 
[component_container_isolated-1] [ERROR] [1790309330.393654323] [DWBLocalPlanner]: 1.00: BaseObstacle/Trajectory Hits Obstacle.
[component_container_isolated-1] [WARN] [1790309330.393714608] [robot1.controller_server]: No valid trajectories out of 419! 
[component_container_isolated-1] [ERROR] [1790309330.443712532] [DWBLocalPlanner]: No valid trajectories out of 419! 
[component_container_isolated-1] [ERROR] [1790309330.443743809] [DWBLocalPlanner]: 1.00: BaseObstacle/Trajectory Hits Obstacle.
[component_container_isolated-1] [WARN] [1790309330.443804843] [robot1.controller_server]: No valid trajectories out of 419! 
[component_container_isolated-1] [ERROR] [1790309330.443821010] [robot1.controller_server]: Controller patience exceeded
[component_container_isolated-1] [WARN] [1790309330.443836163] [robot1.controller_server]: [follow_path] [ActionServer] Aborting handle.
[component_container_isolated-1] [INFO] [1790309330.458889516] [robot1.local_costmap.local_costmap]: Received request to clear entirely the local_costmap
[component_container_isolated-1] [INFO] [1790309330.459090437] [robot1.global_costmap.global_costmap]: Received request to clear entirely the global_costmap
[component_container_isolated-1] [WARN] [1790309331.119648897] [robot1.planner_server]: GridBased: failed to create plan with tolerance 0.50.
[component_container_isolated-1] [WARN] [1790309331.119681325] [robot1.planner_server]: Planning algorithm GridBased failed to generate a valid path to (0.72, -0.03)
[component_container_isolated-1] [WARN] [1790309331.119688288] [robot1.planner_server]: [compute_path_to_pose] [ActionServer] Aborting handle.
[component_container_isolated-1] [INFO] [1790309331.138837309] [robot1.global_costmap.global_costmap]: Received request to clear entirely the global_costmap
[component_container_isolated-1] [WARN] [1790309332.119628380] [robot1.planner_server]: GridBased: failed to create plan with tolerance 0.50.
[component_container_isolated-1] [WARN] [1790309332.119671084] [robot1.planner_server]: Planning algorithm GridBased failed to generate a valid path to (0.72, -0.03)
[component_container_isolated-1] [WARN] [1790309332.119683412] [robot1.planner_server]: [compute_path_to_pose] [ActionServer] Aborting handle.
[component_container_isolated-1] [INFO] [1790309332.139191646] [robot1.behavior_server]: Running spin
[component_container_isolated-1] [INFO] [1790309332.139260251] [robot1.behavior_server]: Turning 1.57 for spin behavior.
[component_container_isolated-1] [WARN] [1790309332.239670930] [robot1.behavior_server]: Collision Ahead - Exiting Spin
[component_container_isolated-1] [WARN] [1790309332.239702073] [robot1.behavior_server]: spin failed
[component_container_isolated-1] [WARN] [1790309332.239713684] [robot1.behavior_server]: [spin] [ActionServer] Aborting handle.
[component_container_isolated-1] [INFO] [1790309332.269146506] [robot1.behavior_server]: Running wait
[component_container_isolated-1] [INFO] [1790309337.269273811] [robot1.behavior_server]: wait completed successfully
[component_container_isolated-1] [WARN] [1790309337.299456697] [robot1.planner_server]: GridBased: failed to create plan with tolerance 0.50.
[component_container_isolated-1] [WARN] [1790309337.299497210] [robot1.planner_server]: Planning algorithm GridBased failed to generate a valid path to (0.72, -0.03)
[component_container_isolated-1] [WARN] [1790309337.299509788] [robot1.planner_server]: [compute_path_to_pose] [ActionServer] Aborting handle.
[component_container_isolated-1] [INFO] [1790309337.318993194] [robot1.global_costmap.global_costmap]: Received request to clear entirely the global_costmap
[component_container_isolated-1] [WARN] [1790309338.119808940] [robot1.planner_server]: GridBased: failed to create plan with tolerance 0.50.
[component_container_isolated-1] [WARN] [1790309338.119851335] [robot1.planner_server]: Planning algorithm GridBased failed to generate a valid path to (0.72, -0.03)
[component_container_isolated-1] [WARN] [1790309338.119864008] [robot1.planner_server]: [compute_path_to_pose] [ActionServer] Aborting handle.
[component_container_isolated-1] [INFO] [1790309338.139131112] [robot1.behavior_server]: Running backup
[component_container_isolated-1] [INFO] [1790309338.139244727] [robot1.behavior_server]: DriveOnHeading: no acceleration or deceleration limits set
[component_container_isolated-1] [WARN] [1790309338.139372043] [robot1.behavior_server]: Collision Ahead - Exiting DriveOnHeading
[component_container_isolated-1] [WARN] [1790309338.139383651] [robot1.behavior_server]: backup failed
[component_container_isolated-1] [WARN] [1790309338.139392963] [robot1.behavior_server]: [backup] [ActionServer] Aborting handle.
[component_container_isolated-1] [INFO] [1790309338.168870397] [robot1.local_costmap.local_costmap]: Received request to clear entirely the local_costmap
[component_container_isolated-1] [INFO] [1790309338.169095065] [robot1.global_costmap.global_costmap]: Received request to clear entirely the global_costmap
[component_container_isolated-1] [WARN] [1790309339.119981724] [robot1.planner_server]: GridBased: failed to create plan with tolerance 0.50.
[component_container_isolated-1] [WARN] [1790309339.120024212] [robot1.planner_server]: Planning algorithm GridBased failed to generate a valid path to (0.72, -0.03)
[component_container_isolated-1] [WARN] [1790309339.120036856] [robot1.planner_server]: [compute_path_to_pose] [ActionServer] Aborting handle.
[component_container_isolated-1] [INFO] [1790309339.138981494] [robot1.global_costmap.global_costmap]: Received request to clear entirely the global_costmap
[component_container_isolated-1] [WARN] [1790309340.119693567] [robot1.planner_server]: GridBased: failed to create plan with tolerance 0.50.
[component_container_isolated-1] [WARN] [1790309340.119723853] [robot1.planner_server]: Planning algorithm GridBased failed to generate a valid path to (0.72, -0.03)
[component_container_isolated-1] [WARN] [1790309340.119731601] [robot1.planner_server]: [compute_path_to_pose] [ActionServer] Aborting handle.
[component_container_isolated-1] [INFO] [1790309340.139126445] [robot1.behavior_server]: Running spin
[component_container_isolated-1] [INFO] [1790309340.139184749] [robot1.behavior_server]: Turning 1.57 for spin behavior.
[component_container_isolated-1] [WARN] [1790309340.339484866] [robot1.behavior_server]: Collision Ahead - Exiting Spin
[component_container_isolated-1] [WARN] [1790309340.339525941] [robot1.behavior_server]: spin failed
[component_container_isolated-1] [WARN] [1790309340.339536253] [robot1.behavior_server]: [spin] [ActionServer] Aborting handle.
[component_container_isolated-1] [INFO] [1790309340.369102654] [robot1.behavior_server]: Running wait
[component_container_isolated-1] [INFO] [1790309345.369227228] [robot1.behavior_server]: wait completed successfully
[component_container_isolated-1] [WARN] [1790309345.399493280] [robot1.planner_server]: GridBased: failed to create plan with tolerance 0.50.
[component_container_isolated-1] [WARN] [1790309345.399528209] [robot1.planner_server]: Planning algorithm GridBased failed to generate a valid path to (0.72, -0.03)
[component_container_isolated-1] [WARN] [1790309345.399539693] [robot1.planner_server]: [compute_path_to_pose] [ActionServer] Aborting handle.
[component_container_isolated-1] [INFO] [1790309345.418865374] [robot1.global_costmap.global_costmap]: Received request to clear entirely the global_costmap
[component_container_isolated-1] [ERROR] [1790309345.989182801] [robot1.bt_navigator_navigate_to_pose_rclcpp_node]: Failed to get result for compute_path_to_pose in node halt!
[component_container_isolated-1] [INFO] [1790309345.989261668] [robot1.bt_navigator]: [navigate_to_pose] [ActionServer] Client requested to cancel the goal. Cancelling.
[component_container_isolated-1] [WARN] [1790309345.989355382] [robot1.bt_navigator]: [navigate_to_pose] [ActionServer] Aborting handle.
[component_container_isolated-1] [INFO] [1790309345.989391058] [robot1.bt_navigator]: Goal canceled
[component_container_isolated-1] [WARN] [1790309346.119572955] [robot1.planner_server]: GridBased: failed to create plan with tolerance 0.50.
[component_container_isolated-1] [WARN] [1790309346.119601851] [robot1.planner_server]: Planning algorithm GridBased failed to generate a valid path to (0.72, -0.03)
[component_container_isolated-1] [INFO] [1790309346.119608631] [robot1.planner_server]: [compute_path_to_pose] [ActionServer] Client requested to cancel the goal. Cancelling.
[component_container_isolated-1] [INFO] [1790309346.968477844] [robot1.bt_navigator]: Begin navigating from current location (0.47, 0.50) to (3.00, -1.02)
[component_container_isolated-1] [WARN] [1790309346.969232343] [robot1.planner_server]: GridBased: failed to create plan with tolerance 0.50.
[component_container_isolated-1] [WARN] [1790309346.969266637] [robot1.planner_server]: Planning algorithm GridBased failed to generate a valid path to (3.00, -1.02)
[component_container_isolated-1] [WARN] [1790309346.969278727] [robot1.planner_server]: [compute_path_to_pose] [ActionServer] Aborting handle.
[component_container_isolated-1] [INFO] [1790309346.988668900] [robot1.global_costmap.global_costmap]: Received request to clear entirely the global_costmap
[component_container_isolated-1] [WARN] [1790309347.119464524] [robot1.planner_server]: GridBased: failed to create plan with tolerance 0.50.
[component_container_isolated-1] [WARN] [1790309347.119507426] [robot1.planner_server]: Planning algorithm GridBased failed to generate a valid path to (3.00, -1.02)
[component_container_isolated-1] [WARN] [1790309347.119520075] [robot1.planner_server]: [compute_path_to_pose] [ActionServer] Aborting handle.
[component_container_isolated-1] [INFO] [1790309347.138778914] [robot1.behavior_server]: Running backup
[component_container_isolated-1] [WARN] [1790309347.138951712] [robot1.behavior_server]: Collision Ahead - Exiting DriveOnHeading
[component_container_isolated-1] [WARN] [1790309347.138970685] [robot1.behavior_server]: backup failed
[component_container_isolated-1] [WARN] [1790309347.138979862] [robot1.behavior_server]: [backup] [ActionServer] Aborting handle.
[component_container_isolated-1] [INFO] [1790309347.168685080] [robot1.local_costmap.local_costmap]: Received request to clear entirely the local_costmap
[component_container_isolated-1] [INFO] [1790309347.168820157] [robot1.global_costmap.global_costmap]: Received request to clear entirely the global_costmap
[component_container_isolated-1] [WARN] [1790309348.119794804] [robot1.planner_server]: GridBased: failed to create plan with tolerance 0.50.
[component_container_isolated-1] [WARN] [1790309348.119824215] [robot1.planner_server]: Planning algorithm GridBased failed to generate a valid path to (3.00, -1.02)
[component_container_isolated-1] [WARN] [1790309348.119830440] [robot1.planner_server]: [compute_path_to_pose] [ActionServer] Aborting handle.
[component_container_isolated-1] [INFO] [1790309348.138635034] [robot1.global_costmap.global_costmap]: Received request to clear entirely the global_costmap
[component_container_isolated-1] [WARN] [1790309349.119426867] [robot1.planner_server]: GridBased: failed to create plan with tolerance 0.50.
[component_container_isolated-1] [WARN] [1790309349.119468438] [robot1.planner_server]: Planning algorithm GridBased failed to generate a valid path to (3.00, -1.02)
[component_container_isolated-1] [WARN] [1790309349.119481054] [robot1.planner_server]: [compute_path_to_pose] [ActionServer] Aborting handle.
[component_container_isolated-1] [INFO] [1790309349.138880308] [robot1.behavior_server]: Running spin
[component_container_isolated-1] [INFO] [1790309349.138942168] [robot1.behavior_server]: Turning 1.57 for spin behavior.
[component_container_isolated-1] [WARN] [1790309349.339124935] [robot1.behavior_server]: Collision Ahead - Exiting Spin
[component_container_isolated-1] [WARN] [1790309349.339169977] [robot1.behavior_server]: spin failed
[component_container_isolated-1] [WARN] [1790309349.339180121] [robot1.behavior_server]: [spin] [ActionServer] Aborting handle.
[component_container_isolated-1] [INFO] [1790309349.368883949] [robot1.behavior_server]: Running wait
[component_container_isolated-1] [ERROR] [1790309354.368885713] [robot1.bt_navigator_navigate_to_pose_rclcpp_node]: Failed to get result for wait in node halt!
[component_container_isolated-1] [INFO] [1790309354.368973760] [robot1.bt_navigator]: [navigate_to_pose] [ActionServer] Client requested to cancel the goal. Cancelling.
[component_container_isolated-1] [INFO] [1790309354.369025577] [robot1.behavior_server]: Canceling wait
[component_container_isolated-1] [INFO] [1790309354.369106569] [robot1.behavior_server]: [wait] [ActionServer] Client requested to cancel the goal. Cancelling.
[component_container_isolated-1] [INFO] [1790309354.369128179] [robot1.bt_navigator]: Goal canceled
[component_container_isolated-1] [INFO] [1790309373.018525560] [robot1.bt_navigator]: Begin navigating from current location (0.47, 0.50) to (-1.32, 0.43)
[component_container_isolated-1] [WARN] [1790309373.019294247] [robot1.planner_server]: GridBased: failed to create plan with tolerance 0.50.
[component_container_isolated-1] [WARN] [1790309373.019382113] [robot1.planner_server]: Planning algorithm GridBased failed to generate a valid path to (-1.32, 0.43)
[component_container_isolated-1] [WARN] [1790309373.019394720] [robot1.planner_server]: [compute_path_to_pose] [ActionServer] Aborting handle.
[component_container_isolated-1] [INFO] [1790309373.038761739] [robot1.global_costmap.global_costmap]: Received request to clear entirely the global_costmap
[component_container_isolated-1] [WARN] [1790309373.119576174] [robot1.planner_server]: GridBased: failed to create plan with tolerance 0.50.
[component_container_isolated-1] [WARN] [1790309373.119619154] [robot1.planner_server]: Planning algorithm GridBased failed to generate a valid path to (-1.32, 0.43)
[component_container_isolated-1] [WARN] [1790309373.119631463] [robot1.planner_server]: [compute_path_to_pose] [ActionServer] Aborting handle.
[component_container_isolated-1] [INFO] [1790309373.138720046] [robot1.local_costmap.local_costmap]: Received request to clear entirely the local_costmap
[component_container_isolated-1] [INFO] [1790309373.138818824] [robot1.global_costmap.global_costmap]: Received request to clear entirely the global_costmap
[component_container_isolated-1] [WARN] [1790309374.119569665] [robot1.planner_server]: GridBased: failed to create plan with tolerance 0.50.
[component_container_isolated-1] [WARN] [1790309374.119600258] [robot1.planner_server]: Planning algorithm GridBased failed to generate a valid path to (-1.32, 0.43)
[component_container_isolated-1] [WARN] [1790309374.119608186] [robot1.planner_server]: [compute_path_to_pose] [ActionServer] Aborting handle.
[component_container_isolated-1] [INFO] [1790309374.138773509] [robot1.global_costmap.global_costmap]: Received request to clear entirely the global_costmap
[component_container_isolated-1] [WARN] [1790309375.119816581] [robot1.planner_server]: GridBased: failed to create plan with tolerance 0.50.
[component_container_isolated-1] [WARN] [1790309375.119848661] [robot1.planner_server]: Planning algorithm GridBased failed to generate a valid path to (-1.32, 0.43)
[component_container_isolated-1] [WARN] [1790309375.119855823] [robot1.planner_server]: [compute_path_to_pose] [ActionServer] Aborting handle.
[component_container_isolated-1] [INFO] [1790309375.138924460] [robot1.behavior_server]: Running spin
[component_container_isolated-1] [INFO] [1790309375.138986575] [robot1.behavior_server]: Turning 1.57 for spin behavior.
[component_container_isolated-1] [WARN] [1790309375.439357271] [robot1.behavior_server]: Collision Ahead - Exiting Spin
[component_container_isolated-1] [WARN] [1790309375.439381768] [robot1.behavior_server]: spin failed
[component_container_isolated-1] [WARN] [1790309375.439387987] [robot1.behavior_server]: [spin] [ActionServer] Aborting handle.
[component_container_isolated-1] [INFO] [1790309375.468920858] [robot1.behavior_server]: Running wait
[component_container_isolated-1] [INFO] [1790309376.028707816] [robot1.bt_navigator]: Received goal preemption request
[component_container_isolated-1] [INFO] [1790309376.028811612] [robot1.bt_navigator]: Begin navigating from current location (0.46, 0.50) to (-0.25, -0.16)
[component_container_isolated-1] [INFO] [1790309377.028713210] [robot1.bt_navigator]: Received goal preemption request
[component_container_isolated-1] [INFO] [1790309377.028819240] [robot1.bt_navigator]: Begin navigating from current location (0.46, 0.50) to (-0.53, 0.03)
[component_container_isolated-1] [INFO] [1790309378.028712753] [robot1.bt_navigator]: Received goal preemption request
[component_container_isolated-1] [INFO] [1790309378.028815620] [robot1.bt_navigator]: Begin navigating from current location (0.46, 0.50) to (-0.46, -0.35)
[component_container_isolated-1] [INFO] [1790309379.028713099] [robot1.bt_navigator]: Received goal preemption request
[component_container_isolated-1] [INFO] [1790309379.028812938] [robot1.bt_navigator]: Begin navigating from current location (0.46, 0.50) to (-0.20, -0.47)
[component_container_isolated-1] [INFO] [1790309380.028684697] [robot1.bt_navigator]: Received goal preemption request
[component_container_isolated-1] [INFO] [1790309380.028788653] [robot1.bt_navigator]: Begin navigating from current location (0.46, 0.50) to (-0.83, 0.13)
[component_container_isolated-1] [INFO] [1790309380.469065608] [robot1.behavior_server]: wait completed successfully
[component_container_isolated-1] [WARN] [1790309380.499371002] [robot1.planner_server]: GridBased: failed to create plan with tolerance 0.50.
[component_container_isolated-1] [WARN] [1790309380.499407714] [robot1.planner_server]: Planning algorithm GridBased failed to generate a valid path to (-0.83, 0.13)
[component_container_isolated-1] [WARN] [1790309380.499419106] [robot1.planner_server]: [compute_path_to_pose] [ActionServer] Aborting handle.
[component_container_isolated-1] [INFO] [1790309380.518697971] [robot1.global_costmap.global_costmap]: Received request to clear entirely the global_costmap
[component_container_isolated-1] [INFO] [1790309381.018694186] [robot1.bt_navigator]: Received goal preemption request
[component_container_isolated-1] [INFO] [1790309381.018877037] [robot1.bt_navigator]: Begin navigating from current location (0.46, 0.50) to (-1.47, 0.60)
[component_container_isolated-1] [WARN] [1790309381.129530968] [robot1.planner_server]: GridBased: failed to create plan with tolerance 0.50.
[component_container_isolated-1] [WARN] [1790309381.129562862] [robot1.planner_server]: Planning algorithm GridBased failed to generate a valid path to (-0.83, 0.13)
[component_container_isolated-1] [WARN] [1790309381.129569468] [robot1.planner_server]: [compute_path_to_pose] [ActionServer] Aborting handle.
[component_container_isolated-1] [INFO] [1790309381.148909983] [robot1.behavior_server]: Running backup
[component_container_isolated-1] [WARN] [1790309381.149072955] [robot1.behavior_server]: Collision Ahead - Exiting DriveOnHeading
[component_container_isolated-1] [WARN] [1790309381.149091065] [robot1.behavior_server]: backup failed
[component_container_isolated-1] [WARN] [1790309381.149099975] [robot1.behavior_server]: [backup] [ActionServer] Aborting handle.
[component_container_isolated-1] [INFO] [1790309381.178822396] [robot1.local_costmap.local_costmap]: Received request to clear entirely the local_costmap
[component_container_isolated-1] [INFO] [1790309381.179001238] [robot1.global_costmap.global_costmap]: Received request to clear entirely the global_costmap
[component_container_isolated-1] [INFO] [1790309382.028729988] [robot1.bt_navigator]: Received goal preemption request
[component_container_isolated-1] [INFO] [1790309382.028907014] [robot1.bt_navigator]: Begin navigating from current location (0.46, 0.50) to (-1.52, 0.94)
[component_container_isolated-1] [WARN] [1790309382.120037258] [robot1.planner_server]: GridBased: failed to create plan with tolerance 0.50.
[component_container_isolated-1] [WARN] [1790309382.120075469] [robot1.planner_server]: Planning algorithm GridBased failed to generate a valid path to (-1.47, 0.60)
[component_container_isolated-1] [WARN] [1790309382.120087903] [robot1.planner_server]: [compute_path_to_pose] [ActionServer] Aborting handle.
[component_container_isolated-1] [INFO] [1790309382.138778641] [robot1.global_costmap.global_costmap]: Received request to clear entirely the global_costmap
[component_container_isolated-1] [INFO] [1790309383.018702655] [robot1.bt_navigator]: Received goal preemption request
[component_container_isolated-1] [INFO] [1790309383.018805966] [robot1.bt_navigator]: Begin navigating from current location (0.46, 0.50) to (-1.72, 1.22)
[component_container_isolated-1] [WARN] [1790309383.129613202] [robot1.planner_server]: GridBased: failed to create plan with tolerance 0.50.
[component_container_isolated-1] [WARN] [1790309383.129638567] [robot1.planner_server]: Planning algorithm GridBased failed to generate a valid path to (-1.52, 0.94)
[component_container_isolated-1] [WARN] [1790309383.129644762] [robot1.planner_server]: [compute_path_to_pose] [ActionServer] Aborting handle.
[component_container_isolated-1] [INFO] [1790309383.148974540] [robot1.behavior_server]: Running spin
[component_container_isolated-1] [INFO] [1790309383.149031570] [robot1.behavior_server]: Turning 1.57 for spin behavior.
[component_container_isolated-1] [INFO] [1790309384.028700903] [robot1.bt_navigator]: Received goal preemption request
[component_container_isolated-1] [INFO] [1790309384.028797519] [robot1.bt_navigator]: Begin navigating from current location (0.46, 0.50) to (-2.02, 1.40)
[component_container_isolated-1] [INFO] [1790309385.028703292] [robot1.bt_navigator]: Received goal preemption request
[component_container_isolated-1] [INFO] [1790309385.028826917] [robot1.bt_navigator]: Begin navigating from current location (0.46, 0.50) to (-1.47, 0.64)
[component_container_isolated-1] [WARN] [1790309385.049261993] [robot1.behavior_server]: Collision Ahead - Exiting Spin
[component_container_isolated-1] [WARN] [1790309385.049286975] [robot1.behavior_server]: spin failed
[component_container_isolated-1] [WARN] [1790309385.049296961] [robot1.behavior_server]: [spin] [ActionServer] Aborting handle.
[component_container_isolated-1] [INFO] [1790309385.079103900] [robot1.behavior_server]: Running wait
[component_container_isolated-1] [INFO] [1790309386.018662600] [robot1.bt_navigator]: Received goal preemption request
[component_container_isolated-1] [INFO] [1790309386.018780252] [robot1.bt_navigator]: Begin navigating from current location (0.46, 0.50) to (-1.02, -0.88)
[component_container_isolated-1] [INFO] [1790309387.028714388] [robot1.bt_navigator]: Received goal preemption request
[component_container_isolated-1] [INFO] [1790309387.028827923] [robot1.bt_navigator]: Begin navigating from current location (0.35, 0.48) to (-1.32, -0.68)
[component_container_isolated-1] [INFO] [1790309388.028693144] [robot1.bt_navigator]: Received goal preemption request
[component_container_isolated-1] [INFO] [1790309388.028834708] [robot1.bt_navigator]: Begin navigating from current location (0.27, 0.46) to (-1.28, 0.43)
[component_container_isolated-1] [INFO] [1790309389.018698634] [robot1.bt_navigator]: Received goal preemption request
[component_container_isolated-1] [INFO] [1790309389.018806814] [robot1.bt_navigator]: Begin navigating from current location (0.27, 0.46) to (-1.51, 0.41)
[component_container_isolated-1] [INFO] [1790309390.028689968] [robot1.bt_navigator]: Received goal preemption request
[component_container_isolated-1] [INFO] [1790309390.028873981] [robot1.bt_navigator]: Begin navigating from current location (0.27, 0.46) to (-1.45, 0.64)
[component_container_isolated-1] [INFO] [1790309390.079228603] [robot1.behavior_server]: wait completed successfully
[component_container_isolated-1] [INFO] [1790309390.129000326] [robot1.controller_server]: Received a goal, begin computing control effort.
[component_container_isolated-1] [INFO] [1790309391.028720654] [robot1.bt_navigator]: Received goal preemption request
[component_container_isolated-1] [INFO] [1790309391.028824700] [robot1.bt_navigator]: Begin navigating from current location (0.11, 0.44) to (-1.34, 0.12)
[component_container_isolated-1] [INFO] [1790309391.179224664] [robot1.controller_server]: Passing new path to controller.
[component_container_isolated-1] [INFO] [1790309392.028688799] [robot1.bt_navigator]: Received goal preemption request
[component_container_isolated-1] [INFO] [1790309392.028798320] [robot1.bt_navigator]: Begin navigating from current location (-0.14, 0.40) to (-1.57, 0.92)
[component_container_isolated-1] [INFO] [1790309392.229216087] [robot1.controller_server]: Passing new path to controller.
[component_container_isolated-1] [INFO] [1790309393.018683508] [robot1.bt_navigator]: Received goal preemption request
[component_container_isolated-1] [INFO] [1790309393.018791124] [robot1.bt_navigator]: Begin navigating from current location (-0.42, 0.41) to (-1.48, -0.29)
[component_container_isolated-1] [INFO] [1790309393.229200882] [robot1.controller_server]: Passing new path to controller.
[component_container_isolated-1] [INFO] [1790309394.018717877] [robot1.bt_navigator]: Received goal preemption request
[component_container_isolated-1] [INFO] [1790309394.018822337] [robot1.bt_navigator]: Begin navigating from current location (-0.65, 0.46) to (-1.82, -0.28)
[component_container_isolated-1] [INFO] [1790309394.279224041] [robot1.controller_server]: Passing new path to controller.
[component_container_isolated-1] [INFO] [1790309395.018698371] [robot1.bt_navigator]: Received goal preemption request
[component_container_isolated-1] [INFO] [1790309395.018861894] [robot1.bt_navigator]: Begin navigating from current location (-0.87, 0.39) to (-2.10, -0.32)
[component_container_isolated-1] [INFO] [1790309395.279199980] [robot1.controller_server]: Passing new path to controller.
[component_container_isolated-1] [INFO] [1790309396.329221278] [robot1.controller_server]: Passing new path to controller.
[component_container_isolated-1] [INFO] [1790309397.329224161] [robot1.controller_server]: Passing new path to controller.
[component_container_isolated-1] [INFO] [1790309398.379217545] [robot1.controller_server]: Passing new path to controller.
[component_container_isolated-1] [INFO] [1790309399.429201507] [robot1.controller_server]: Passing new path to controller.
[component_container_isolated-1] [INFO] [1790309400.429221828] [robot1.controller_server]: Passing new path to controller.
[component_container_isolated-1] [INFO] [1790309401.479225981] [robot1.controller_server]: Passing new path to controller.
[component_container_isolated-1] [INFO] [1790309402.479201066] [robot1.controller_server]: Passing new path to controller.
[component_container_isolated-1] [INFO] [1790309403.529217797] [robot1.controller_server]: Passing new path to controller.
[component_container_isolated-1] [INFO] [1790309403.531160360] [robot1.controller_server]: Reached the goal!
[component_container_isolated-1] [INFO] [1790309403.578733784] [robot1.bt_navigator]: Goal succeeded
[component_container_isolated-1] [INFO] [1790309409.969223588] [robot1.bt_navigator]: Begin navigating from current location (-1.86, -0.33) to (-2.50, 0.44)
[component_container_isolated-1] [INFO] [1790309409.989914407] [robot1.controller_server]: Received a goal, begin computing control effort.
[component_container_isolated-1] [INFO] [1790309411.040112808] [robot1.controller_server]: Passing new path to controller.
[component_container_isolated-1] [INFO] [1790309412.090114318] [robot1.controller_server]: Passing new path to controller.
[component_container_isolated-1] [INFO] [1790309413.090130553] [robot1.controller_server]: Passing new path to controller.
[component_container_isolated-1] [INFO] [1790309414.140122798] [robot1.controller_server]: Passing new path to controller.
[component_container_isolated-1] [INFO] [1790309415.140144747] [robot1.controller_server]: Passing new path to controller.
[component_container_isolated-1] [INFO] [1790309416.190114595] [robot1.controller_server]: Passing new path to controller.
[component_container_isolated-1] [INFO] [1790309417.240114114] [robot1.controller_server]: Passing new path to controller.
[component_container_isolated-1] [INFO] [1790309418.240138594] [robot1.controller_server]: Passing new path to controller.
[component_container_isolated-1] [INFO] [1790309419.290113992] [robot1.controller_server]: Passing new path to controller.
[component_container_isolated-1] [INFO] [1790309420.290131080] [robot1.controller_server]: Passing new path to controller.
[component_container_isolated-1] [INFO] [1790309421.340113351] [robot1.controller_server]: Passing new path to controller.
[component_container_isolated-1] [INFO] [1790309422.390137200] [robot1.controller_server]: Passing new path to controller.
[component_container_isolated-1] [INFO] [1790309423.390111156] [robot1.controller_server]: Passing new path to controller.
[component_container_isolated-1] [INFO] [1790309424.440129387] [robot1.controller_server]: Passing new path to controller.
[component_container_isolated-1] [INFO] [1790309425.440131164] [robot1.controller_server]: Passing new path to controller.
[component_container_isolated-1] [INFO] [1790309426.490135370] [robot1.controller_server]: Passing new path to controller.
[component_container_isolated-1] [INFO] [1790309427.540130330] [robot1.controller_server]: Passing new path to controller.
[component_container_isolated-1] [INFO] [1790309428.540114265] [robot1.controller_server]: Passing new path to controller.
[component_container_isolated-1] [INFO] [1790309429.590134352] [robot1.controller_server]: Passing new path to controller.
[component_container_isolated-1] [INFO] [1790309430.590111780] [robot1.controller_server]: Passing new path to controller.
[component_container_isolated-1] [INFO] [1790309431.640112149] [robot1.controller_server]: Passing new path to controller.
[component_container_isolated-1] [INFO] [1790309432.690197425] [robot1.controller_server]: Passing new path to controller.
[component_container_isolated-1] [INFO] [1790309433.690131285] [robot1.controller_server]: Passing new path to controller.
[component_container_isolated-1] [INFO] [1790309434.740136510] [robot1.controller_server]: Passing new path to controller.
[component_container_isolated-1] [INFO] [1790309435.740116338] [robot1.controller_server]: Passing new path to controller.
[component_container_isolated-1] [INFO] [1790309436.790111388] [robot1.controller_server]: Passing new path to controller.
[component_container_isolated-1] [INFO] [1790309437.840113440] [robot1.controller_server]: Passing new path to controller.
[component_container_isolated-1] [INFO] [1790309438.840116784] [robot1.controller_server]: Passing new path to controller.
[component_container_isolated-1] [INFO] [1790309439.890128235] [robot1.controller_server]: Passing new path to controller.
[component_container_isolated-1] [INFO] [1790309440.890126988] [robot1.controller_server]: Passing new path to controller.
[component_container_isolated-1] [INFO] [1790309441.940195750] [robot1.controller_server]: Passing new path to controller.
[component_container_isolated-1] [INFO] [1790309442.990112358] [robot1.controller_server]: Passing new path to controller.
[component_container_isolated-1] [INFO] [1790309443.990111766] [robot1.controller_server]: Passing new path to controller.
[component_container_isolated-1] [INFO] [1790309445.040138359] [robot1.controller_server]: Passing new path to controller.
[component_container_isolated-1] [INFO] [1790309446.040112837] [robot1.controller_server]: Passing new path to controller.
[component_container_isolated-1] [INFO] [1790309447.090139872] [robot1.controller_server]: Passing new path to controller.
[component_container_isolated-1] [INFO] [1790309448.140113564] [robot1.controller_server]: Passing new path to controller.
[component_container_isolated-1] [INFO] [1790309449.140135090] [robot1.controller_server]: Passing new path to controller.
[component_container_isolated-1] [INFO] [1790309450.190239915] [robot1.controller_server]: Passing new path to controller.
[component_container_isolated-1] [INFO] [1790309451.190116376] [robot1.controller_server]: Passing new path to controller.
[component_container_isolated-1] [INFO] [1790309452.240132537] [robot1.controller_server]: Passing new path to controller.
[component_container_isolated-1] [INFO] [1790309453.290113101] [robot1.controller_server]: Passing new path to controller.
[component_container_isolated-1] [INFO] [1790309454.290112866] [robot1.controller_server]: Passing new path to controller.
[component_container_isolated-1] [INFO] [1790309455.340132676] [robot1.controller_server]: Passing new path to controller.
[component_container_isolated-1] [INFO] [1790309456.340127601] [robot1.controller_server]: Passing new path to controller.
[component_container_isolated-1] [INFO] [1790309457.390127136] [robot1.controller_server]: Passing new path to controller.
[component_container_isolated-1] [INFO] [1790309458.440111473] [robot1.controller_server]: Passing new path to controller.
[component_container_isolated-1] [INFO] [1790309459.440133878] [robot1.controller_server]: Passing new path to controller.
[component_container_isolated-1] [INFO] [1790309460.490135950] [robot1.controller_server]: Passing new path to controller.
[component_container_isolated-1] [INFO] [1790309461.490130074] [robot1.controller_server]: Passing new path to controller.
[component_container_isolated-1] [INFO] [1790309462.540237292] [robot1.controller_server]: Passing new path to controller.
[component_container_isolated-1] [INFO] [1790309463.590115176] [robot1.controller_server]: Passing new path to controller.
[component_container_isolated-1] [INFO] [1790309464.590112306] [robot1.controller_server]: Passing new path to controller.
[component_container_isolated-1] [INFO] [1790309465.640134248] [robot1.controller_server]: Passing new path to controller.
[component_container_isolated-1] [INFO] [1790309466.640117734] [robot1.controller_server]: Passing new path to controller.
[component_container_isolated-1] [INFO] [1790309467.690132693] [robot1.controller_server]: Passing new path to controller.
[component_container_isolated-1] [INFO] [1790309468.740112780] [robot1.controller_server]: Passing new path to controller.
[component_container_isolated-1] [INFO] [1790309469.740113325] [robot1.controller_server]: Passing new path to controller.
[component_container_isolated-1] [INFO] [1790309470.790127837] [robot1.controller_server]: Passing new path to controller.
[component_container_isolated-1] [WARN] [1790309471.771470965] [robot1.planner_server]: GridBased: failed to create plan with tolerance 0.50.
[component_container_isolated-1] [WARN] [1790309471.771515774] [robot1.planner_server]: Planning algorithm GridBased failed to generate a valid path to (-2.50, 0.44)
[component_container_isolated-1] [WARN] [1790309471.771528261] [robot1.planner_server]: [compute_path_to_pose] [ActionServer] Aborting handle.
[component_container_isolated-1] [INFO] [1790309471.789493075] [robot1.global_costmap.global_costmap]: Received request to clear entirely the global_costmap
[component_container_isolated-1] [WARN] [1790309472.121943879] [robot1.planner_server]: Planner loop missed its desired rate of 20.0000 Hz. Current loop rate is 3.0115 Hz
[component_container_isolated-1] [INFO] [1790309472.140128892] [robot1.controller_server]: Passing new path to controller.
[component_container_isolated-1] [INFO] [1790309473.190128136] [robot1.controller_server]: Passing new path to controller.
[component_container_isolated-1] [INFO] [1790309474.240139816] [robot1.controller_server]: Passing new path to controller.
[component_container_isolated-1] [INFO] [1790309475.240113190] [robot1.controller_server]: Passing new path to controller.
[component_container_isolated-1] [INFO] [1790309476.290127290] [robot1.controller_server]: Passing new path to controller.
[component_container_isolated-1] [INFO] [1790309477.290112750] [robot1.controller_server]: Passing new path to controller.
[component_container_isolated-1] [INFO] [1790309478.340112244] [robot1.controller_server]: Passing new path to controller.
[component_container_isolated-1] [INFO] [1790309479.390113158] [robot1.controller_server]: Passing new path to controller.
[component_container_isolated-1] [INFO] [1790309480.390112681] [robot1.controller_server]: Passing new path to controller.
[component_container_isolated-1] [INFO] [1790309481.440130724] [robot1.controller_server]: Passing new path to controller.
[component_container_isolated-1] [INFO] [1790309482.440133093] [robot1.controller_server]: Passing new path to controller.
[component_container_isolated-1] [INFO] [1790309483.490137218] [robot1.controller_server]: Passing new path to controller.
[component_container_isolated-1] [INFO] [1790309484.540124075] [robot1.controller_server]: Passing new path to controller.
[component_container_isolated-1] [INFO] [1790309485.540111807] [robot1.controller_server]: Passing new path to controller.
[component_container_isolated-1] [INFO] [1790309486.590112107] [robot1.controller_server]: Passing new path to controller.
[component_container_isolated-1] [INFO] [1790309487.590139888] [robot1.controller_server]: Passing new path to controller.
[component_container_isolated-1] [INFO] [1790309488.640127727] [robot1.controller_server]: Passing new path to controller.
[component_container_isolated-1] [INFO] [1790309489.690113975] [robot1.controller_server]: Passing new path to controller.
[component_container_isolated-1] [INFO] [1790309490.690125678] [robot1.controller_server]: Passing new path to controller.
[component_container_isolated-1] [INFO] [1790309491.740145576] [robot1.controller_server]: Passing new path to controller.
[component_container_isolated-1] [INFO] [1790309492.740112055] [robot1.controller_server]: Passing new path to controller.
[component_container_isolated-1] [INFO] [1790309493.790117481] [robot1.controller_server]: Passing new path to controller.
[component_container_isolated-1] [INFO] [1790309494.840132890] [robot1.controller_server]: Passing new path to controller.
[component_container_isolated-1] [INFO] [1790309495.840113157] [robot1.controller_server]: Passing new path to controller.
[component_container_isolated-1] [INFO] [1790309496.890138638] [robot1.controller_server]: Passing new path to controller.
[component_container_isolated-1] [INFO] [1790309497.890130574] [robot1.controller_server]: Passing new path to controller.
[component_container_isolated-1] [INFO] [1790309498.940129565] [robot1.controller_server]: Passing new path to controller.
[component_container_isolated-1] [INFO] [1790309499.117490419] [robot1.global_costmap.global_costmap]: StaticLayer: Resizing costmap to 185 X 372 at 0.050000 m/pix
[component_container_isolated-1] [INFO] [1790309499.185720284] [robot1.local_costmap.local_costmap]: StaticLayer: Resizing static layer to 185 X 372 at 0.050000 m/pix
[component_container_isolated-1] [INFO] [1790309499.990153671] [robot1.controller_server]: Passing new path to controller.
[component_container_isolated-1] [INFO] [1790309500.990111732] [robot1.controller_server]: Passing new path to controller.
[component_container_isolated-1] [INFO] [1790309502.040155784] [robot1.controller_server]: Passing new path to controller.
[component_container_isolated-1] [INFO] [1790309503.040089762] [robot1.controller_server]: Passing new path to controller.
[component_container_isolated-1] [INFO] [1790309504.090133939] [robot1.controller_server]: Passing new path to controller.
[component_container_isolated-1] [INFO] [1790309505.140133321] [robot1.controller_server]: Passing new path to controller.
[component_container_isolated-1] [INFO] [1790309506.140111186] [robot1.controller_server]: Passing new path to controller.
[component_container_isolated-1] [INFO] [1790309507.190127958] [robot1.controller_server]: Passing new path to controller.
[component_container_isolated-1] [INFO] [1790309508.190113367] [robot1.controller_server]: Passing new path to controller.
[component_container_isolated-1] [INFO] [1790309509.240113507] [robot1.controller_server]: Passing new path to controller.
[component_container_isolated-1] [INFO] [1790309510.290127036] [robot1.controller_server]: Passing new path to controller.
[component_container_isolated-1] [INFO] [1790309511.290125962] [robot1.controller_server]: Passing new path to controller.
[component_container_isolated-1] [INFO] [1790309512.340128739] [robot1.controller_server]: Passing new path to controller.
[component_container_isolated-1] [INFO] [1790309513.340134279] [robot1.controller_server]: Passing new path to controller.
[component_container_isolated-1] [INFO] [1790309514.390114330] [robot1.controller_server]: Passing new path to controller.
[component_container_isolated-1] [INFO] [1790309515.440132121] [robot1.controller_server]: Passing new path to controller.
[component_container_isolated-1] [INFO] [1790309516.440135364] [robot1.controller_server]: Passing new path to controller.
[component_container_isolated-1] [INFO] [1790309517.490115395] [robot1.controller_server]: Passing new path to controller.
[component_container_isolated-1] [INFO] [1790309518.490142739] [robot1.controller_server]: Passing new path to controller.
[component_container_isolated-1] [INFO] [1790309519.540129970] [robot1.controller_server]: Passing new path to controller.
[component_container_isolated-1] [INFO] [1790309520.590112835] [robot1.controller_server]: Passing new path to controller.
[component_container_isolated-1] [INFO] [1790309521.590142621] [robot1.controller_server]: Passing new path to controller.
[component_container_isolated-1] [INFO] [1790309522.640141179] [robot1.controller_server]: Passing new path to controller.
[component_container_isolated-1] [INFO] [1790309523.640137779] [robot1.controller_server]: Passing new path to controller.
[component_container_isolated-1] [WARN] [1790309524.650970044] [robot1.planner_server]: GridBased: failed to create plan with tolerance 0.50.
[component_container_isolated-1] [WARN] [1790309524.651006307] [robot1.planner_server]: Planning algorithm GridBased failed to generate a valid path to (-2.50, 0.44)
[component_container_isolated-1] [WARN] [1790309524.651012841] [robot1.planner_server]: [compute_path_to_pose] [ActionServer] Aborting handle.
[component_container_isolated-1] [INFO] [1790309524.669402545] [robot1.global_costmap.global_costmap]: Received request to clear entirely the global_costmap
[component_container_isolated-1] [WARN] [1790309525.120849188] [robot1.planner_server]: GridBased: failed to create plan with tolerance 0.50.
[component_container_isolated-1] [WARN] [1790309525.120882375] [robot1.planner_server]: Planning algorithm GridBased failed to generate a valid path to (-2.50, 0.44)
[component_container_isolated-1] [WARN] [1790309525.120889118] [robot1.planner_server]: [compute_path_to_pose] [ActionServer] Aborting handle.
[component_container_isolated-1] [INFO] [1790309525.140140206] [robot1.controller_server]: Goal was canceled. Stopping the robot.
[component_container_isolated-1] [INFO] [1790309525.140170642] [robot1.controller_server]: [follow_path] [ActionServer] Client requested to cancel the goal. Cancelling.
[component_container_isolated-1] [INFO] [1790309525.140532663] [robot1.behavior_server]: Running backup
[component_container_isolated-1] [WARN] [1790309535.140874994] [robot1.behavior_server]: Exceeded time allowance before reaching the DriveOnHeading goal - Exiting DriveOnHeading
[component_container_isolated-1] [WARN] [1790309535.140925065] [robot1.behavior_server]: backup failed
[component_container_isolated-1] [WARN] [1790309535.140935878] [robot1.behavior_server]: [backup] [ActionServer] Aborting handle.
[component_container_isolated-1] [INFO] [1790309535.159392486] [robot1.local_costmap.local_costmap]: Received request to clear entirely the local_costmap
[component_container_isolated-1] [INFO] [1790309535.159526010] [robot1.global_costmap.global_costmap]: Received request to clear entirely the global_costmap
[component_container_isolated-1] [WARN] [1790309536.121615595] [robot1.planner_server]: GridBased: failed to create plan with tolerance 0.50.
[component_container_isolated-1] [WARN] [1790309536.121659001] [robot1.planner_server]: Planning algorithm GridBased failed to generate a valid path to (-2.50, 0.44)
[component_container_isolated-1] [WARN] [1790309536.121671627] [robot1.planner_server]: [compute_path_to_pose] [ActionServer] Aborting handle.
[component_container_isolated-1] [INFO] [1790309536.139431601] [robot1.global_costmap.global_costmap]: Received request to clear entirely the global_costmap
[component_container_isolated-1] [WARN] [1790309537.121478456] [robot1.planner_server]: GridBased: failed to create plan with tolerance 0.50.
[component_container_isolated-1] [WARN] [1790309537.121521190] [robot1.planner_server]: Planning algorithm GridBased failed to generate a valid path to (-2.50, 0.44)
[component_container_isolated-1] [WARN] [1790309537.121533641] [robot1.planner_server]: [compute_path_to_pose] [ActionServer] Aborting handle.
[component_container_isolated-1] [INFO] [1790309537.139571423] [robot1.behavior_server]: Running spin
[component_container_isolated-1] [INFO] [1790309537.139626363] [robot1.behavior_server]: Turning 1.57 for spin behavior.
[component_container_isolated-1] [INFO] [1790309539.839807112] [robot1.behavior_server]: spin completed successfully
[component_container_isolated-1] [WARN] [1790309539.871177969] [robot1.planner_server]: GridBased: failed to create plan with tolerance 0.50.
[component_container_isolated-1] [WARN] [1790309539.871217462] [robot1.planner_server]: Planning algorithm GridBased failed to generate a valid path to (-2.50, 0.44)
[component_container_isolated-1] [WARN] [1790309539.871229251] [robot1.planner_server]: [compute_path_to_pose] [ActionServer] Aborting handle.
[component_container_isolated-1] [INFO] [1790309539.889400411] [robot1.global_costmap.global_costmap]: Received request to clear entirely the global_costmap
[component_container_isolated-1] [ERROR] [1790309539.989669657] [robot1.bt_navigator_navigate_to_pose_rclcpp_node]: Failed to get result for compute_path_to_pose in node halt!
[component_container_isolated-1] [INFO] [1790309539.989742602] [robot1.bt_navigator]: [navigate_to_pose] [ActionServer] Client requested to cancel the goal. Cancelling.
[component_container_isolated-1] [WARN] [1790309539.989885471] [robot1.bt_navigator]: [navigate_to_pose] [ActionServer] Aborting handle.
[component_container_isolated-1] [INFO] [1790309539.989969165] [robot1.bt_navigator]: Goal canceled
[component_container_isolated-1] [WARN] [1790309540.121441215] [robot1.planner_server]: GridBased: failed to create plan with tolerance 0.50.
[component_container_isolated-1] [WARN] [1790309540.121484902] [robot1.planner_server]: Planning algorithm GridBased failed to generate a valid path to (-2.50, 0.44)
[component_container_isolated-1] [INFO] [1790309540.121497950] [robot1.planner_server]: [compute_path_to_pose] [ActionServer] Client requested to cancel the goal. Cancelling.
[component_container_isolated-1] [INFO] [1790309540.968943661] [robot1.bt_navigator]: Begin navigating from current location (-1.17, -4.33) to (3.01, -4.73)
[component_container_isolated-1] [INFO] [1790309540.989461804] [robot1.controller_server]: Received a goal, begin computing control effort.
[component_container_isolated-1] [INFO] [1790309542.039676960] [robot1.controller_server]: Passing new path to controller.
[component_container_isolated-1] [INFO] [1790309543.089659180] [robot1.controller_server]: Passing new path to controller.
[component_container_isolated-1] [INFO] [1790309544.089662543] [robot1.controller_server]: Passing new path to controller.
[component_container_isolated-1] [INFO] [1790309545.139659032] [robot1.controller_server]: Passing new path to controller.
[component_container_isolated-1] [INFO] [1790309546.139670671] [robot1.controller_server]: Passing new path to controller.
[component_container_isolated-1] [INFO] [1790309547.189707003] [robot1.controller_server]: Passing new path to controller.
[component_container_isolated-1] [INFO] [1790309548.239676654] [robot1.controller_server]: Passing new path to controller.
[component_container_isolated-1] [INFO] [1790309549.239681875] [robot1.controller_server]: Passing new path to controller.
[component_container_isolated-1] [INFO] [1790309550.289657422] [robot1.controller_server]: Passing new path to controller.
[component_container_isolated-1] [INFO] [1790309551.289657031] [robot1.controller_server]: Passing new path to controller.
[component_container_isolated-1] [WARN] [1790309552.299611538] [robot1.planner_server]: GridBased: failed to create plan with tolerance 0.50.
[component_container_isolated-1] [WARN] [1790309552.299655705] [robot1.planner_server]: Planning algorithm GridBased failed to generate a valid path to (3.01, -4.73)
[component_container_isolated-1] [WARN] [1790309552.299667096] [robot1.planner_server]: [compute_path_to_pose] [ActionServer] Aborting handle.
[component_container_isolated-1] [INFO] [1790309552.319196674] [robot1.global_costmap.global_costmap]: Received request to clear entirely the global_costmap
[component_container_isolated-1] [WARN] [1790309553.120672727] [robot1.planner_server]: Planner loop missed its desired rate of 20.0000 Hz. Current loop rate is 1.2482 Hz
[component_container_isolated-1] [INFO] [1790309553.139656696] [robot1.controller_server]: Passing new path to controller.
[component_container_isolated-1] [INFO] [1790309554.189679006] [robot1.controller_server]: Passing new path to controller.
[component_container_isolated-1] [INFO] [1790309555.239673204] [robot1.controller_server]: Passing new path to controller.
[component_container_isolated-1] [INFO] [1790309556.239675012] [robot1.controller_server]: Passing new path to controller.
[component_container_isolated-1] [INFO] [1790309557.289657653] [robot1.controller_server]: Passing new path to controller.
[component_container_isolated-1] [INFO] [1790309558.289658830] [robot1.controller_server]: Passing new path to controller.
[component_container_isolated-1] [INFO] [1790309559.339675846] [robot1.controller_server]: Passing new path to controller.
[component_container_isolated-1] [INFO] [1790309560.389657595] [robot1.controller_server]: Passing new path to controller.
[component_container_isolated-1] [INFO] [1790309561.389658884] [robot1.controller_server]: Passing new path to controller.
[component_container_isolated-1] [INFO] [1790309562.439671297] [robot1.controller_server]: Passing new path to controller.
[component_container_isolated-1] [INFO] [1790309563.439658160] [robot1.controller_server]: Passing new path to controller.
[component_container_isolated-1] [INFO] [1790309564.489681226] [robot1.controller_server]: Passing new path to controller.
[component_container_isolated-1] [INFO] [1790309565.539704354] [robot1.controller_server]: Passing new path to controller.
[component_container_isolated-1] [INFO] [1790309566.539658774] [robot1.controller_server]: Passing new path to controller.
[component_container_isolated-1] [INFO] [1790309567.589679578] [robot1.controller_server]: Passing new path to controller.
[component_container_isolated-1] [INFO] [1790309568.589673179] [robot1.controller_server]: Passing new path to controller.
[component_container_isolated-1] [INFO] [1790309569.639660463] [robot1.controller_server]: Passing new path to controller.
[component_container_isolated-1] [INFO] [1790309570.689677123] [robot1.controller_server]: Passing new path to controller.
[component_container_isolated-1] [INFO] [1790309571.689659802] [robot1.controller_server]: Passing new path to controller.
[component_container_isolated-1] [INFO] [1790309572.117365777] [robot1.global_costmap.global_costmap]: StaticLayer: Resizing costmap to 188 X 372 at 0.050000 m/pix
[component_container_isolated-1] [INFO] [1790309572.185689223] [robot1.local_costmap.local_costmap]: StaticLayer: Resizing static layer to 188 X 372 at 0.050000 m/pix
[component_container_isolated-1] [INFO] [1790309572.739679112] [robot1.controller_server]: Passing new path to controller.
[component_container_isolated-1] [INFO] [1790309573.739656400] [robot1.controller_server]: Passing new path to controller.
[component_container_isolated-1] [INFO] [1790309574.117346599] [robot1.global_costmap.global_costmap]: StaticLayer: Resizing costmap to 189 X 372 at 0.050000 m/pix
[component_container_isolated-1] [INFO] [1790309574.185686980] [robot1.local_costmap.local_costmap]: StaticLayer: Resizing static layer to 189 X 372 at 0.050000 m/pix
[component_container_isolated-1] [INFO] [1790309574.789679588] [robot1.controller_server]: Passing new path to controller.
[component_container_isolated-1] [INFO] [1790309575.585795000] [robot1.local_costmap.local_costmap]: StaticLayer: Resizing static layer to 192 X 372 at 0.050000 m/pix
[component_container_isolated-1] [INFO] [1790309575.839677166] [robot1.controller_server]: Passing new path to controller.
[component_container_isolated-1] [INFO] [1790309576.117390790] [robot1.global_costmap.global_costmap]: StaticLayer: Resizing costmap to 192 X 372 at 0.050000 m/pix
[component_container_isolated-1] [INFO] [1790309576.839659545] [robot1.controller_server]: Passing new path to controller.
[component_container_isolated-1] [INFO] [1790309577.889685640] [robot1.controller_server]: Passing new path to controller.
[component_container_isolated-1] [INFO] [1790309578.889675322] [robot1.controller_server]: Passing new path to controller.
[component_container_isolated-1] [INFO] [1790309579.939658955] [robot1.controller_server]: Passing new path to controller.
[component_container_isolated-1] [INFO] [1790309580.989659870] [robot1.controller_server]: Passing new path to controller.
[component_container_isolated-1] [INFO] [1790309581.989673381] [robot1.controller_server]: Passing new path to controller.
[component_container_isolated-1] [INFO] [1790309583.039676576] [robot1.controller_server]: Passing new path to controller.
[component_container_isolated-1] [INFO] [1790309584.039678426] [robot1.controller_server]: Passing new path to controller.
[component_container_isolated-1] [INFO] [1790309585.089678515] [robot1.controller_server]: Passing new path to controller.
[component_container_isolated-1] [INFO] [1790309586.139674181] [robot1.controller_server]: Passing new path to controller.
[component_container_isolated-1] [INFO] [1790309587.139673854] [robot1.controller_server]: Passing new path to controller.
[component_container_isolated-1] [INFO] [1790309588.189664901] [robot1.controller_server]: Passing new path to controller.
[component_container_isolated-1] [INFO] [1790309589.189674697] [robot1.controller_server]: Passing new path to controller.
[component_container_isolated-1] [INFO] [1790309590.239677893] [robot1.controller_server]: Passing new path to controller.
[component_container_isolated-1] [INFO] [1790309591.289682253] [robot1.controller_server]: Passing new path to controller.
[component_container_isolated-1] [INFO] [1790309592.289657943] [robot1.controller_server]: Passing new path to controller.
[component_container_isolated-1] [INFO] [1790309593.339660206] [robot1.controller_server]: Passing new path to controller.
[component_container_isolated-1] [INFO] [1790309594.339674078] [robot1.controller_server]: Passing new path to controller.
[component_container_isolated-1] [INFO] [1790309595.389674995] [robot1.controller_server]: Passing new path to controller.
[component_container_isolated-1] [INFO] [1790309596.389680672] [robot1.controller_server]: Passing new path to controller.
[component_container_isolated-1] [INFO] [1790309597.439679041] [robot1.controller_server]: Passing new path to controller.
[component_container_isolated-1] [INFO] [1790309598.489660450] [robot1.controller_server]: Passing new path to controller.
[component_container_isolated-1] [INFO] [1790309599.489660725] [robot1.controller_server]: Passing new path to controller.
[component_container_isolated-1] [INFO] [1790309600.539660824] [robot1.controller_server]: Passing new path to controller.
[component_container_isolated-1] [INFO] [1790309601.539747382] [robot1.controller_server]: Passing new path to controller.
[component_container_isolated-1] [INFO] [1790309602.589657953] [robot1.controller_server]: Passing new path to controller.
[component_container_isolated-1] [INFO] [1790309603.639662854] [robot1.controller_server]: Passing new path to controller.
[component_container_isolated-1] [INFO] [1790309604.639660280] [robot1.controller_server]: Passing new path to controller.
[component_container_isolated-1] [INFO] [1790309605.591414109] [robot1.controller_server]: Reached the goal!
[component_container_isolated-1] [INFO] [1790309605.629164990] [robot1.bt_navigator]: Goal succeeded
[component_container_isolated-1] [INFO] [1790309605.972101385] [robot1.bt_navigator]: Begin navigating from current location (3.23, -4.68) to (4.99, -5.58)
[component_container_isolated-1] [WARN] [1790309605.972836663] [robot1.planner_server]: GridBased: failed to create plan with tolerance 0.50.
[component_container_isolated-1] [WARN] [1790309605.972872486] [robot1.planner_server]: Planning algorithm GridBased failed to generate a valid path to (4.99, -5.58)
[component_container_isolated-1] [WARN] [1790309605.972884653] [robot1.planner_server]: [compute_path_to_pose] [ActionServer] Aborting handle.
[component_container_isolated-1] [INFO] [1790309605.992456391] [robot1.global_costmap.global_costmap]: Received request to clear entirely the global_costmap
[component_container_isolated-1] [WARN] [1790309606.124627333] [robot1.planner_server]: GridBased: failed to create plan with tolerance 0.50.
[component_container_isolated-1] [WARN] [1790309606.124676642] [robot1.planner_server]: Planning algorithm GridBased failed to generate a valid path to (4.99, -5.58)
[component_container_isolated-1] [WARN] [1790309606.124689457] [robot1.planner_server]: [compute_path_to_pose] [ActionServer] Aborting handle.
[component_container_isolated-1] [INFO] [1790309606.142582345] [robot1.behavior_server]: Running wait
[component_container_isolated-1] [INFO] [1790309611.142797742] [robot1.behavior_server]: wait completed successfully
[component_container_isolated-1] [WARN] [1790309611.172945742] [robot1.planner_server]: GridBased: failed to create plan with tolerance 0.50.
[component_container_isolated-1] [WARN] [1790309611.172982448] [robot1.planner_server]: Planning algorithm GridBased failed to generate a valid path to (4.99, -5.58)
[component_container_isolated-1] [WARN] [1790309611.172993966] [robot1.planner_server]: [compute_path_to_pose] [ActionServer] Aborting handle.
[component_container_isolated-1] [INFO] [1790309611.192429242] [robot1.global_costmap.global_costmap]: Received request to clear entirely the global_costmap
[component_container_isolated-1] [WARN] [1790309612.123045365] [robot1.planner_server]: GridBased: failed to create plan with tolerance 0.50.
[component_container_isolated-1] [WARN] [1790309612.123087927] [robot1.planner_server]: Planning algorithm GridBased failed to generate a valid path to (4.99, -5.58)
[component_container_isolated-1] [WARN] [1790309612.123101020] [robot1.planner_server]: [compute_path_to_pose] [ActionServer] Aborting handle.
[component_container_isolated-1] [INFO] [1790309612.142468583] [robot1.behavior_server]: Running backup
[component_container_isolated-1] [WARN] [1790309622.142655077] [robot1.behavior_server]: Exceeded time allowance before reaching the DriveOnHeading goal - Exiting DriveOnHeading
[component_container_isolated-1] [WARN] [1790309622.142698528] [robot1.behavior_server]: backup failed
[component_container_isolated-1] [WARN] [1790309622.142711176] [robot1.behavior_server]: [backup] [ActionServer] Aborting handle.
[component_container_isolated-1] [INFO] [1790309622.162396392] [robot1.local_costmap.local_costmap]: Received request to clear entirely the local_costmap
[component_container_isolated-1] [INFO] [1790309622.162488530] [robot1.global_costmap.global_costmap]: Received request to clear entirely the global_costmap
[component_container_isolated-1] [WARN] [1790309623.123102421] [robot1.planner_server]: GridBased: failed to create plan with tolerance 0.50.
[component_container_isolated-1] [WARN] [1790309623.123143987] [robot1.planner_server]: Planning algorithm GridBased failed to generate a valid path to (4.99, -5.58)
[component_container_isolated-1] [WARN] [1790309623.123151209] [robot1.planner_server]: [compute_path_to_pose] [ActionServer] Aborting handle.
[component_container_isolated-1] [INFO] [1790309623.142511068] [robot1.global_costmap.global_costmap]: Received request to clear entirely the global_costmap
[component_container_isolated-1] [WARN] [1790309624.123268761] [robot1.planner_server]: GridBased: failed to create plan with tolerance 0.50.
[component_container_isolated-1] [WARN] [1790309624.123314990] [robot1.planner_server]: Planning algorithm GridBased failed to generate a valid path to (4.99, -5.58)
[component_container_isolated-1] [WARN] [1790309624.123331472] [robot1.planner_server]: [compute_path_to_pose] [ActionServer] Aborting handle.
[component_container_isolated-1] [INFO] [1790309624.142627450] [robot1.behavior_server]: Running spin
[component_container_isolated-1] [INFO] [1790309624.142697026] [robot1.behavior_server]: Turning 1.57 for spin behavior.
[component_container_isolated-1] [INFO] [1790309627.142984566] [robot1.behavior_server]: spin completed successfully
[component_container_isolated-1] [WARN] [1790309627.172774636] [robot1.planner_server]: GridBased: failed to create plan with tolerance 0.50.
[component_container_isolated-1] [WARN] [1790309627.172814259] [robot1.planner_server]: Planning algorithm GridBased failed to generate a valid path to (4.99, -5.58)
[component_container_isolated-1] [WARN] [1790309627.172825656] [robot1.planner_server]: [compute_path_to_pose] [ActionServer] Aborting handle.
[component_container_isolated-1] [INFO] [1790309627.192388129] [robot1.global_costmap.global_costmap]: Received request to clear entirely the global_costmap
[component_container_isolated-1] [WARN] [1790309628.123100135] [robot1.planner_server]: GridBased: failed to create plan with tolerance 0.50.
[component_container_isolated-1] [WARN] [1790309628.123143335] [robot1.planner_server]: Planning algorithm GridBased failed to generate a valid path to (4.99, -5.58)
[component_container_isolated-1] [WARN] [1790309628.123156066] [robot1.planner_server]: [compute_path_to_pose] [ActionServer] Aborting handle.
[component_container_isolated-1] [INFO] [1790309628.142613297] [robot1.behavior_server]: Running wait
[component_container_isolated-1] [INFO] [1790309633.142751425] [robot1.behavior_server]: wait completed successfully
[component_container_isolated-1] [WARN] [1790309633.172873512] [robot1.planner_server]: GridBased: failed to create plan with tolerance 0.50.
[component_container_isolated-1] [WARN] [1790309633.172911923] [robot1.planner_server]: Planning algorithm GridBased failed to generate a valid path to (4.99, -5.58)
[component_container_isolated-1] [WARN] [1790309633.172923889] [robot1.planner_server]: [compute_path_to_pose] [ActionServer] Aborting handle.
[component_container_isolated-1] [INFO] [1790309633.192358921] [robot1.global_costmap.global_costmap]: Received request to clear entirely the global_costmap
[component_container_isolated-1] [WARN] [1790309634.123090557] [robot1.planner_server]: GridBased: failed to create plan with tolerance 0.50.
[component_container_isolated-1] [WARN] [1790309634.123132286] [robot1.planner_server]: Planning algorithm GridBased failed to generate a valid path to (4.99, -5.58)
[component_container_isolated-1] [WARN] [1790309634.123144677] [robot1.planner_server]: [compute_path_to_pose] [ActionServer] Aborting handle.
[component_container_isolated-1] [INFO] [1790309634.142516391] [robot1.behavior_server]: Running backup
[component_container_isolated-1] [INFO] [1790309643.102309160] [robot1.bt_navigator]: Received goal preemption request
[component_container_isolated-1] [INFO] [1790309643.102429705] [robot1.bt_navigator]: Begin navigating from current location (3.22, -4.60) to (-0.79, -1.08)
[component_container_isolated-1] [INFO] [1790309643.972281309] [robot1.bt_navigator]: Received goal preemption request
[component_container_isolated-1] [INFO] [1790309643.972415889] [robot1.bt_navigator]: Begin navigating from current location (3.22, -4.60) to (2.62, -2.81)
[component_container_isolated-1] [WARN] [1790309644.142725266] [robot1.behavior_server]: Exceeded time allowance before reaching the DriveOnHeading goal - Exiting DriveOnHeading
[component_container_isolated-1] [WARN] [1790309644.142771454] [robot1.behavior_server]: backup failed
[component_container_isolated-1] [WARN] [1790309644.142782071] [robot1.behavior_server]: [backup] [ActionServer] Aborting handle.
[component_container_isolated-1] [INFO] [1790309644.162305128] [robot1.local_costmap.local_costmap]: Received request to clear entirely the local_costmap
[component_container_isolated-1] [INFO] [1790309644.162413961] [robot1.global_costmap.global_costmap]: Received request to clear entirely the global_costmap
[component_container_isolated-1] [WARN] [1790309645.123070448] [robot1.planner_server]: GridBased: failed to create plan with tolerance 0.50.
[component_container_isolated-1] [WARN] [1790309645.123114931] [robot1.planner_server]: Planning algorithm GridBased failed to generate a valid path to (2.62, -2.81)
[component_container_isolated-1] [WARN] [1790309645.123128176] [robot1.planner_server]: [compute_path_to_pose] [ActionServer] Aborting handle.
[component_container_isolated-1] [INFO] [1790309645.142331713] [robot1.global_costmap.global_costmap]: Received request to clear entirely the global_costmap
[component_container_isolated-1] [WARN] [1790309646.122977132] [robot1.planner_server]: GridBased: failed to create plan with tolerance 0.50.
[component_container_isolated-1] [WARN] [1790309646.123014150] [robot1.planner_server]: Planning algorithm GridBased failed to generate a valid path to (2.62, -2.81)
[component_container_isolated-1] [WARN] [1790309646.123020960] [robot1.planner_server]: [compute_path_to_pose] [ActionServer] Aborting handle.
[component_container_isolated-1] [INFO] [1790309646.142634310] [robot1.behavior_server]: Running spin
[component_container_isolated-1] [INFO] [1790309646.142692689] [robot1.behavior_server]: Turning 1.57 for spin behavior.
[component_container_isolated-1] [INFO] [1790309648.942979243] [robot1.behavior_server]: spin completed successfully
[component_container_isolated-1] [WARN] [1790309648.972929865] [robot1.planner_server]: GridBased: failed to create plan with tolerance 0.50.
[component_container_isolated-1] [WARN] [1790309648.972967804] [robot1.planner_server]: Planning algorithm GridBased failed to generate a valid path to (2.62, -2.81)
[component_container_isolated-1] [WARN] [1790309648.972979067] [robot1.planner_server]: [compute_path_to_pose] [ActionServer] Aborting handle.
[component_container_isolated-1] [INFO] [1790309648.992323557] [robot1.global_costmap.global_costmap]: Received request to clear entirely the global_costmap
[component_container_isolated-1] [WARN] [1790309649.123078395] [robot1.planner_server]: GridBased: failed to create plan with tolerance 0.50.
[component_container_isolated-1] [WARN] [1790309649.123121283] [robot1.planner_server]: Planning algorithm GridBased failed to generate a valid path to (2.62, -2.81)
[component_container_isolated-1] [WARN] [1790309649.123133569] [robot1.planner_server]: [compute_path_to_pose] [ActionServer] Aborting handle.
[component_container_isolated-1] [WARN] [1790309649.152219364] [robot1.bt_navigator]: [navigate_to_pose] [ActionServer] Aborting handle.
[component_container_isolated-1] [ERROR] [1790309649.152345857] [robot1.bt_navigator]: Goal failed
[component_container_isolated-1] [INFO] [1790309649.968350925] [robot1.bt_navigator]: Begin navigating from current location (3.16, -4.51) to (1.71, -3.83)
[component_container_isolated-1] [WARN] [1790309649.968934802] [robot1.planner_server]: GridBased: failed to create plan with tolerance 0.50.
[component_container_isolated-1] [WARN] [1790309649.968958233] [robot1.planner_server]: Planning algorithm GridBased failed to generate a valid path to (1.71, -3.83)
[component_container_isolated-1] [WARN] [1790309649.968963524] [robot1.planner_server]: [compute_path_to_pose] [ActionServer] Aborting handle.
[component_container_isolated-1] [INFO] [1790309649.988550760] [robot1.global_costmap.global_costmap]: Received request to clear entirely the global_costmap
[component_container_isolated-1] [WARN] [1790309650.119281144] [robot1.planner_server]: GridBased: failed to create plan with tolerance 0.50.
[component_container_isolated-1] [WARN] [1790309650.119330288] [robot1.planner_server]: Planning algorithm GridBased failed to generate a valid path to (1.71, -3.83)
[component_container_isolated-1] [WARN] [1790309650.119343416] [robot1.planner_server]: [compute_path_to_pose] [ActionServer] Aborting handle.
[component_container_isolated-1] [INFO] [1790309650.138751805] [robot1.behavior_server]: Running wait
[component_container_isolated-1] [INFO] [1790309652.948476696] [robot1.bt_navigator]: Received goal preemption request
[component_container_isolated-1] [INFO] [1790309652.948564197] [robot1.bt_navigator]: Begin navigating from current location (3.16, -4.51) to (-0.84, -1.47)
[component_container_isolated-1] [INFO] [1790309652.968518891] [robot1.bt_navigator]: Received goal preemption request
[component_container_isolated-1] [INFO] [1790309652.968612942] [robot1.bt_navigator]: Begin navigating from current location (3.16, -4.51) to (1.64, -2.08)
[component_container_isolated-1] [INFO] [1790309655.139027456] [robot1.behavior_server]: wait completed successfully
[component_container_isolated-1] [WARN] [1790309655.168981112] [robot1.planner_server]: GridBased: failed to create plan with tolerance 0.50.
[component_container_isolated-1] [WARN] [1790309655.169023293] [robot1.planner_server]: Planning algorithm GridBased failed to generate a valid path to (1.64, -2.08)
[component_container_isolated-1] [WARN] [1790309655.169034538] [robot1.planner_server]: [compute_path_to_pose] [ActionServer] Aborting handle.
[component_container_isolated-1] [INFO] [1790309655.188638936] [robot1.global_costmap.global_costmap]: Received request to clear entirely the global_costmap
[component_container_isolated-1] [WARN] [1790309656.119396570] [robot1.planner_server]: GridBased: failed to create plan with tolerance 0.50.
[component_container_isolated-1] [WARN] [1790309656.119439626] [robot1.planner_server]: Planning algorithm GridBased failed to generate a valid path to (1.64, -2.08)
[component_container_isolated-1] [WARN] [1790309656.119452184] [robot1.planner_server]: [compute_path_to_pose] [ActionServer] Aborting handle.
[component_container_isolated-1] [INFO] [1790309656.138799936] [robot1.behavior_server]: Running backup
[component_container_isolated-1] [WARN] [1790309666.138962500] [robot1.behavior_server]: Exceeded time allowance before reaching the DriveOnHeading goal - Exiting DriveOnHeading
[component_container_isolated-1] [WARN] [1790309666.138993027] [robot1.behavior_server]: backup failed
[component_container_isolated-1] [WARN] [1790309666.138998855] [robot1.behavior_server]: [backup] [ActionServer] Aborting handle.
[component_container_isolated-1] [INFO] [1790309666.158558524] [robot1.local_costmap.local_costmap]: Received request to clear entirely the local_costmap
[component_container_isolated-1] [INFO] [1790309666.158802857] [robot1.global_costmap.global_costmap]: Received request to clear entirely the global_costmap
[component_container_isolated-1] [WARN] [1790309667.119527412] [robot1.planner_server]: GridBased: failed to create plan with tolerance 0.50.
[component_container_isolated-1] [WARN] [1790309667.119580842] [robot1.planner_server]: Planning algorithm GridBased failed to generate a valid path to (1.64, -2.08)
[component_container_isolated-1] [WARN] [1790309667.119594445] [robot1.planner_server]: [compute_path_to_pose] [ActionServer] Aborting handle.
[component_container_isolated-1] [INFO] [1790309667.138708169] [robot1.global_costmap.global_costmap]: Received request to clear entirely the global_costmap
[component_container_isolated-1] [WARN] [1790309668.119574205] [robot1.planner_server]: GridBased: failed to create plan with tolerance 0.50.
[component_container_isolated-1] [WARN] [1790309668.119617440] [robot1.planner_server]: Planning algorithm GridBased failed to generate a valid path to (1.64, -2.08)
[component_container_isolated-1] [WARN] [1790309668.119630498] [robot1.planner_server]: [compute_path_to_pose] [ActionServer] Aborting handle.
[component_container_isolated-1] [INFO] [1790309668.138728174] [robot1.behavior_server]: Running spin
[component_container_isolated-1] [INFO] [1790309668.138788866] [robot1.behavior_server]: Turning 1.57 for spin behavior.
[component_container_isolated-1] [INFO] [1790309668.978521878] [robot1.bt_navigator]: Received goal preemption request
[component_container_isolated-1] [INFO] [1790309668.978637530] [robot1.bt_navigator]: Begin navigating from current location (3.13, -4.51) to (3.66, -6.53)
[component_container_isolated-1] [ERROR] [1790309669.708758998] [robot1.bt_navigator_navigate_to_pose_rclcpp_node]: Failed to get result for spin in node halt!
[component_container_isolated-1] [INFO] [1790309669.708889356] [robot1.bt_navigator]: [navigate_to_pose] [ActionServer] Client requested to cancel the goal. Cancelling.
[component_container_isolated-1] [INFO] [1790309669.708982015] [robot1.bt_navigator]: Goal canceled
[component_container_isolated-1] [INFO] [1790309669.739006578] [robot1.behavior_server]: Canceling spin
[component_container_isolated-1] [INFO] [1790309669.739127120] [robot1.behavior_server]: [spin] [ActionServer] Client requested to cancel the goal. Cancelling.
[component_container_isolated-1] [INFO] [1790309693.117383584] [robot1.global_costmap.global_costmap]: StaticLayer: Resizing costmap to 192 X 372 at 0.050000 m/pix
[component_container_isolated-1] [INFO] [1790309693.185710908] [robot1.local_costmap.local_costmap]: StaticLayer: Resizing static layer to 192 X 372 at 0.050000 m/pix
[component_container_isolated-1] [INFO] [1790309696.117406846] [robot1.global_costmap.global_costmap]: StaticLayer: Resizing costmap to 190 X 372 at 0.050000 m/pix
[component_container_isolated-1] [INFO] [1790309696.185707079] [robot1.local_costmap.local_costmap]: StaticLayer: Resizing static layer to 190 X 372 at 0.050000 m/pix
[INFO] [launch]: All log files can be found below /home/danyalaziz/.ros/log/2026-09-25-09-46-30-254447-Precision-3660-92820
[INFO] [launch]: Default logging verbosity is set to INFO
[INFO] [component_container_isolated-1]: process started with pid [92836]
[component_container_isolated-1] [INFO] [1790311592.941163528] [robot1.nav2_container]: Load Library: /opt/ros/humble/lib/libcontroller_server_core.so
[component_container_isolated-1] [INFO] [1790311592.943937463] [robot1.nav2_container]: Found class: rclcpp_components::NodeFactoryTemplate<nav2_controller::ControllerServer>
[component_container_isolated-1] [INFO] [1790311592.943947284] [robot1.nav2_container]: Instantiate class: rclcpp_components::NodeFactoryTemplate<nav2_controller::ControllerServer>
[component_container_isolated-1] [INFO] [1790311593.000677918] [robot1.controller_server]: 
[component_container_isolated-1] 	controller_server lifecycle node launched. 
[component_container_isolated-1] 	Waiting on external lifecycle transitions to activate
[component_container_isolated-1] 	See https://design.ros2.org/articles/node_lifecycle.html for more information.
[component_container_isolated-1] [INFO] [1790311593.002080640] [robot1.controller_server]: Creating controller server
[component_container_isolated-1] [INFO] [1790311593.038937507] [robot1.local_costmap.local_costmap]: 
[component_container_isolated-1] 	local_costmap lifecycle node launched. 
[component_container_isolated-1] 	Waiting on external lifecycle transitions to activate
[component_container_isolated-1] 	See https://design.ros2.org/articles/node_lifecycle.html for more information.
[component_container_isolated-1] [INFO] [1790311593.039120552] [robot1.local_costmap.local_costmap]: Creating Costmap
[INFO] [launch_ros.actions.load_composable_nodes]: Loaded node '/robot1/controller_server' in container '/robot1/nav2_container'
[component_container_isolated-1] [INFO] [1790311593.040610969] [robot1.nav2_container]: Load Library: /opt/ros/humble/lib/libsmoother_server_core.so
[component_container_isolated-1] [INFO] [1790311593.041250728] [robot1.nav2_container]: Found class: rclcpp_components::NodeFactoryTemplate<nav2_smoother::SmootherServer>
[component_container_isolated-1] [INFO] [1790311593.041258590] [robot1.nav2_container]: Instantiate class: rclcpp_components::NodeFactoryTemplate<nav2_smoother::SmootherServer>
[component_container_isolated-1] [INFO] [1790311593.210126731] [robot1.smoother_server]: 
[component_container_isolated-1] 	smoother_server lifecycle node launched. 
[component_container_isolated-1] 	Waiting on external lifecycle transitions to activate
[component_container_isolated-1] 	See https://design.ros2.org/articles/node_lifecycle.html for more information.
[component_container_isolated-1] [INFO] [1790311593.210716261] [robot1.smoother_server]: Creating smoother server
[INFO] [launch_ros.actions.load_composable_nodes]: Loaded node '/robot1/smoother_server' in container '/robot1/nav2_container'
[component_container_isolated-1] [INFO] [1790311593.211956807] [robot1.nav2_container]: Load Library: /opt/ros/humble/lib/libplanner_server_core.so
[component_container_isolated-1] [INFO] [1790311593.212337840] [robot1.nav2_container]: Found class: rclcpp_components::NodeFactoryTemplate<nav2_planner::PlannerServer>
[component_container_isolated-1] [INFO] [1790311593.212347247] [robot1.nav2_container]: Instantiate class: rclcpp_components::NodeFactoryTemplate<nav2_planner::PlannerServer>
[component_container_isolated-1] [INFO] [1790311593.365956139] [robot1.planner_server]: 
[component_container_isolated-1] 	planner_server lifecycle node launched. 
[component_container_isolated-1] 	Waiting on external lifecycle transitions to activate
[component_container_isolated-1] 	See https://design.ros2.org/articles/node_lifecycle.html for more information.
[component_container_isolated-1] [INFO] [1790311593.366548452] [robot1.planner_server]: Creating
[component_container_isolated-1] [INFO] [1790311593.621826412] [robot1.global_costmap.global_costmap]: 
[component_container_isolated-1] 	global_costmap lifecycle node launched. 
[component_container_isolated-1] 	Waiting on external lifecycle transitions to activate
[component_container_isolated-1] 	See https://design.ros2.org/articles/node_lifecycle.html for more information.
[component_container_isolated-1] [INFO] [1790311593.622037138] [robot1.global_costmap.global_costmap]: Creating Costmap
[INFO] [launch_ros.actions.load_composable_nodes]: Loaded node '/robot1/planner_server' in container '/robot1/nav2_container'
[component_container_isolated-1] [INFO] [1790311593.623942513] [robot1.nav2_container]: Load Library: /opt/ros/humble/lib/libbehavior_server_core.so
[component_container_isolated-1] [INFO] [1790311593.625210446] [robot1.nav2_container]: Found class: rclcpp_components::NodeFactoryTemplate<behavior_server::BehaviorServer>
[component_container_isolated-1] [INFO] [1790311593.625222153] [robot1.nav2_container]: Instantiate class: rclcpp_components::NodeFactoryTemplate<behavior_server::BehaviorServer>
[component_container_isolated-1] [INFO] [1790311594.057687677] [robot1.behavior_server]: 
[component_container_isolated-1] 	behavior_server lifecycle node launched. 
[component_container_isolated-1] 	Waiting on external lifecycle transitions to activate
[component_container_isolated-1] 	See https://design.ros2.org/articles/node_lifecycle.html for more information.
[INFO] [launch_ros.actions.load_composable_nodes]: Loaded node '/robot1/behavior_server' in container '/robot1/nav2_container'
[component_container_isolated-1] [INFO] [1790311594.059945577] [robot1.nav2_container]: Load Library: /opt/ros/humble/lib/libbt_navigator_core.so
[component_container_isolated-1] [INFO] [1790311594.060787291] [robot1.nav2_container]: Found class: rclcpp_components::NodeFactoryTemplate<nav2_bt_navigator::BtNavigator>
[component_container_isolated-1] [INFO] [1790311594.060795915] [robot1.nav2_container]: Instantiate class: rclcpp_components::NodeFactoryTemplate<nav2_bt_navigator::BtNavigator>
[component_container_isolated-1] [INFO] [1790311594.239680531] [robot1.bt_navigator]: 
[component_container_isolated-1] 	bt_navigator lifecycle node launched. 
[component_container_isolated-1] 	Waiting on external lifecycle transitions to activate
[component_container_isolated-1] 	See https://design.ros2.org/articles/node_lifecycle.html for more information.
[component_container_isolated-1] [INFO] [1790311594.239710498] [robot1.bt_navigator]: Creating
[INFO] [launch_ros.actions.load_composable_nodes]: Loaded node '/robot1/bt_navigator' in container '/robot1/nav2_container'
[component_container_isolated-1] [INFO] [1790311594.241898501] [robot1.nav2_container]: Load Library: /opt/ros/humble/lib/libwaypoint_follower_core.so
[component_container_isolated-1] [INFO] [1790311594.242213298] [robot1.nav2_container]: Found class: rclcpp_components::NodeFactoryTemplate<nav2_waypoint_follower::WaypointFollower>
[component_container_isolated-1] [INFO] [1790311594.242220066] [robot1.nav2_container]: Instantiate class: rclcpp_components::NodeFactoryTemplate<nav2_waypoint_follower::WaypointFollower>
[component_container_isolated-1] [INFO] [1790311594.624564893] [robot1.waypoint_follower]: 
[component_container_isolated-1] 	waypoint_follower lifecycle node launched. 
[component_container_isolated-1] 	Waiting on external lifecycle transitions to activate
[component_container_isolated-1] 	See https://design.ros2.org/articles/node_lifecycle.html for more information.
[component_container_isolated-1] [INFO] [1790311594.624768254] [robot1.waypoint_follower]: Creating
[INFO] [launch_ros.actions.load_composable_nodes]: Loaded node '/robot1/waypoint_follower' in container '/robot1/nav2_container'
[component_container_isolated-1] [INFO] [1790311594.626475355] [robot1.nav2_container]: Load Library: /opt/ros/humble/lib/libvelocity_smoother_core.so
[component_container_isolated-1] [INFO] [1790311594.626866488] [robot1.nav2_container]: Found class: rclcpp_components::NodeFactoryTemplate<nav2_velocity_smoother::VelocitySmoother>
[component_container_isolated-1] [INFO] [1790311594.626874033] [robot1.nav2_container]: Instantiate class: rclcpp_components::NodeFactoryTemplate<nav2_velocity_smoother::VelocitySmoother>
[component_container_isolated-1] [INFO] [1790311594.839100861] [robot1.velocity_smoother]: 
[component_container_isolated-1] 	velocity_smoother lifecycle node launched. 
[component_container_isolated-1] 	Waiting on external lifecycle transitions to activate
[component_container_isolated-1] 	See https://design.ros2.org/articles/node_lifecycle.html for more information.
[INFO] [launch_ros.actions.load_composable_nodes]: Loaded node '/robot1/velocity_smoother' in container '/robot1/nav2_container'
[component_container_isolated-1] [INFO] [1790311594.840611256] [robot1.nav2_container]: Load Library: /opt/ros/humble/lib/libnav2_lifecycle_manager_core.so
[component_container_isolated-1] [INFO] [1790311594.840934200] [robot1.nav2_container]: Found class: rclcpp_components::NodeFactoryTemplate<nav2_lifecycle_manager::LifecycleManager>
[component_container_isolated-1] [INFO] [1790311594.840943113] [robot1.nav2_container]: Instantiate class: rclcpp_components::NodeFactoryTemplate<nav2_lifecycle_manager::LifecycleManager>
[component_container_isolated-1] [INFO] [1790311594.963194718] [robot1.lifecycle_manager_navigation]: Creating
[INFO] [launch_ros.actions.load_composable_nodes]: Loaded node '/robot1/lifecycle_manager_navigation' in container '/robot1/nav2_container'
[component_container_isolated-1] [INFO] [1790311594.984435986] [robot1.lifecycle_manager_navigation]: [34m[1mCreating and initializing lifecycle service clients[0m[0m
[INFO] [nav2_startup-2]: process started with pid [92953]
[nav2_startup-2] waiting for service to become available...
[nav2_startup-2] requester: making request: nav2_msgs.srv.ManageLifecycleNodes_Request(command=0)
[nav2_startup-2] 
[component_container_isolated-1] [INFO] [1790311612.174810674] [robot1.lifecycle_manager_navigation]: [34m[1mStarting managed nodes bringup...[0m[0m
[component_container_isolated-1] [INFO] [1790311612.174860133] [robot1.lifecycle_manager_navigation]: [34m[1mConfiguring controller_server[0m[0m
[component_container_isolated-1] [INFO] [1790311612.175249087] [robot1.controller_server]: Configuring controller interface
[component_container_isolated-1] [INFO] [1790311612.175384387] [robot1.controller_server]: getting goal checker plugins..
[component_container_isolated-1] [INFO] [1790311612.175420576] [robot1.controller_server]: Controller frequency set to 20.0000Hz
[component_container_isolated-1] [INFO] [1790311612.175434475] [robot1.local_costmap.local_costmap]: Configuring
[component_container_isolated-1] [INFO] [1790311612.597036801] [robot1.local_costmap.local_costmap]: Using plugin "static_layer"
[component_container_isolated-1] [INFO] [1790311612.598502238] [robot1.local_costmap.local_costmap]: Subscribing to the map topic (/robot1/map) with transient local durability
[component_container_isolated-1] [INFO] [1790311612.711065629] [robot1.local_costmap.local_costmap]: Initialized plugin "static_layer"
[component_container_isolated-1] [INFO] [1790311612.711093724] [robot1.local_costmap.local_costmap]: Using plugin "voxel_layer"
[component_container_isolated-1] [INFO] [1790311612.711365379] [robot1.local_costmap.local_costmap]: Subscribed to Topics: scan
[component_container_isolated-1] [INFO] [1790311612.797544443] [robot1.local_costmap.local_costmap]: Initialized plugin "voxel_layer"
[component_container_isolated-1] [INFO] [1790311612.797560465] [robot1.local_costmap.local_costmap]: Using plugin "inflation_layer"
[component_container_isolated-1] [INFO] [1790311612.797806411] [robot1.local_costmap.local_costmap]: Initialized plugin "inflation_layer"
[component_container_isolated-1] [INFO] [1790311612.931792530] [robot1.local_costmap.local_costmap]: StaticLayer: Resizing static layer to 122 X 271 at 0.050000 m/pix
[component_container_isolated-1] [INFO] [1790311612.931844089] [robot1.controller_server]: Created progress_checker : progress_checker of type nav2_controller::SimpleProgressChecker
[component_container_isolated-1] [INFO] [1790311612.932110928] [robot1.controller_server]: Created goal checker : general_goal_checker of type nav2_controller::SimpleGoalChecker
[component_container_isolated-1] [INFO] [1790311612.932199586] [robot1.controller_server]: Controller Server has general_goal_checker  goal checkers available.
[component_container_isolated-1] [INFO] [1790311612.932859977] [robot1.controller_server]: Created controller : FollowPath of type dwb_core::DWBLocalPlanner
[component_container_isolated-1] [INFO] [1790311612.933126578] [robot1.controller_server]: Setting transform_tolerance to 0.200000
[component_container_isolated-1] [INFO] [1790311613.030156250] [robot1.controller_server]: Using critic "RotateToGoal" (dwb_critics::RotateToGoalCritic)
[component_container_isolated-1] [INFO] [1790311613.030324909] [robot1.controller_server]: Critic plugin initialized
[component_container_isolated-1] [INFO] [1790311613.030370201] [robot1.controller_server]: Using critic "Oscillation" (dwb_critics::OscillationCritic)
[component_container_isolated-1] [INFO] [1790311613.030492464] [robot1.controller_server]: Critic plugin initialized
[component_container_isolated-1] [INFO] [1790311613.030524296] [robot1.controller_server]: Using critic "BaseObstacle" (dwb_critics::BaseObstacleCritic)
[component_container_isolated-1] [INFO] [1790311613.030577643] [robot1.controller_server]: Critic plugin initialized
[component_container_isolated-1] [INFO] [1790311613.030608993] [robot1.controller_server]: Using critic "GoalAlign" (dwb_critics::GoalAlignCritic)
[component_container_isolated-1] [INFO] [1790311613.030707856] [robot1.controller_server]: Critic plugin initialized
[component_container_isolated-1] [INFO] [1790311613.030741231] [robot1.controller_server]: Using critic "PathAlign" (dwb_critics::PathAlignCritic)
[component_container_isolated-1] [INFO] [1790311613.030826803] [robot1.controller_server]: Critic plugin initialized
[component_container_isolated-1] [INFO] [1790311613.030856274] [robot1.controller_server]: Using critic "PathDist" (dwb_critics::PathDistCritic)
[component_container_isolated-1] [INFO] [1790311613.030927811] [robot1.controller_server]: Critic plugin initialized
[component_container_isolated-1] [INFO] [1790311613.030965221] [robot1.controller_server]: Using critic "GoalDist" (dwb_critics::GoalDistCritic)
[component_container_isolated-1] [INFO] [1790311613.031024702] [robot1.controller_server]: Critic plugin initialized
[component_container_isolated-1] [INFO] [1790311613.031029631] [robot1.controller_server]: Controller Server has FollowPath  controllers available.
[component_container_isolated-1] [INFO] [1790311613.153418837] [robot1.lifecycle_manager_navigation]: [34m[1mConfiguring smoother_server[0m[0m
[component_container_isolated-1] [INFO] [1790311613.153588600] [robot1.smoother_server]: Configuring smoother server
[component_container_isolated-1] [INFO] [1790311613.265841175] [robot1.smoother_server]: Created smoother : simple_smoother of type nav2_smoother::SimpleSmoother
[component_container_isolated-1] [INFO] [1790311613.265998660] [robot1.smoother_server]: Smoother Server has simple_smoother  smoothers available.
[component_container_isolated-1] [INFO] [1790311613.369185397] [robot1.lifecycle_manager_navigation]: [34m[1mConfiguring planner_server[0m[0m
[component_container_isolated-1] [INFO] [1790311613.369332792] [robot1.planner_server]: Configuring
[component_container_isolated-1] [INFO] [1790311613.369362138] [robot1.global_costmap.global_costmap]: Configuring
[component_container_isolated-1] [INFO] [1790311613.452595162] [robot1.global_costmap.global_costmap]: Using plugin "static_layer"
[component_container_isolated-1] [INFO] [1790311613.452865035] [robot1.global_costmap.global_costmap]: Subscribing to the map topic (/robot1/map) with transient local durability
[component_container_isolated-1] [INFO] [1790311613.465234005] [robot1.global_costmap.global_costmap]: Initialized plugin "static_layer"
[component_container_isolated-1] [INFO] [1790311613.465248837] [robot1.global_costmap.global_costmap]: Using plugin "obstacle_layer"
[component_container_isolated-1] [INFO] [1790311613.465469618] [robot1.global_costmap.global_costmap]: Subscribed to Topics: scan
[component_container_isolated-1] [INFO] [1790311613.501284296] [robot1.global_costmap.global_costmap]: Initialized plugin "obstacle_layer"
[component_container_isolated-1] [INFO] [1790311613.501298763] [robot1.global_costmap.global_costmap]: Using plugin "inflation_layer"
[component_container_isolated-1] [INFO] [1790311613.501570568] [robot1.global_costmap.global_costmap]: Initialized plugin "inflation_layer"
[component_container_isolated-1] [INFO] [1790311613.669512649] [robot1.global_costmap.global_costmap]: StaticLayer: Resizing costmap to 122 X 271 at 0.050000 m/pix
[component_container_isolated-1] [INFO] [1790311613.669776639] [robot1.planner_server]: Created global planner plugin GridBased of type nav2_navfn_planner/NavfnPlanner
[component_container_isolated-1] [INFO] [1790311613.669805206] [robot1.planner_server]: Configuring plugin GridBased of type NavfnPlanner
[component_container_isolated-1] [INFO] [1790311613.670190171] [robot1.planner_server]: Planner Server has GridBased  planners available.
[component_container_isolated-1] [INFO] [1790311613.860586657] [robot1.lifecycle_manager_navigation]: [34m[1mConfiguring behavior_server[0m[0m
[component_container_isolated-1] [INFO] [1790311613.860708055] [robot1.behavior_server]: Configuring
[component_container_isolated-1] [INFO] [1790311613.995940723] [robot1.behavior_server]: Creating behavior plugin spin of type nav2_behaviors/Spin
[component_container_isolated-1] [INFO] [1790311613.996457901] [robot1.behavior_server]: Configuring spin
[component_container_isolated-1] [INFO] [1790311614.121510821] [robot1.behavior_server]: Creating behavior plugin backup of type nav2_behaviors/BackUp
[component_container_isolated-1] [INFO] [1790311614.121870752] [robot1.behavior_server]: Configuring backup
[component_container_isolated-1] [INFO] [1790311614.292308971] [robot1.behavior_server]: Creating behavior plugin drive_on_heading of type nav2_behaviors/DriveOnHeading
[component_container_isolated-1] [INFO] [1790311614.292713809] [robot1.behavior_server]: Configuring drive_on_heading
[component_container_isolated-1] [INFO] [1790311614.443413032] [robot1.behavior_server]: Creating behavior plugin assisted_teleop of type nav2_behaviors/AssistedTeleop
[component_container_isolated-1] [INFO] [1790311614.444142915] [robot1.behavior_server]: Configuring assisted_teleop
[component_container_isolated-1] [INFO] [1790311614.606700536] [robot1.behavior_server]: Creating behavior plugin wait of type nav2_behaviors/Wait
[component_container_isolated-1] [INFO] [1790311614.607090130] [robot1.behavior_server]: Configuring wait
[component_container_isolated-1] [INFO] [1790311614.728130870] [robot1.lifecycle_manager_navigation]: [34m[1mConfiguring bt_navigator[0m[0m
[component_container_isolated-1] [INFO] [1790311614.728271551] [robot1.bt_navigator]: Configuring
[component_container_isolated-1] [INFO] [1790311615.666052064] [robot1.lifecycle_manager_navigation]: [34m[1mConfiguring waypoint_follower[0m[0m
[component_container_isolated-1] [INFO] [1790311615.666203013] [robot1.waypoint_follower]: Configuring
[component_container_isolated-1] [INFO] [1790311615.914438585] [robot1.waypoint_follower]: Created waypoint_task_executor : wait_at_waypoint of type nav2_waypoint_follower::WaitAtWaypoint
[component_container_isolated-1] [INFO] [1790311615.914873201] [robot1.lifecycle_manager_navigation]: [34m[1mConfiguring velocity_smoother[0m[0m
[component_container_isolated-1] [INFO] [1790311615.915025383] [robot1.velocity_smoother]: Configuring velocity smoother
[component_container_isolated-1] [INFO] [1790311615.960540578] [robot1.lifecycle_manager_navigation]: [34m[1mActivating controller_server[0m[0m
[component_container_isolated-1] [INFO] [1790311615.960736248] [robot1.controller_server]: Activating
[component_container_isolated-1] [INFO] [1790311615.960755927] [robot1.local_costmap.local_costmap]: Activating
[component_container_isolated-1] [INFO] [1790311615.960762986] [robot1.local_costmap.local_costmap]: Checking transform
[component_container_isolated-1] [INFO] [1790311615.960843608] [robot1.local_costmap.local_costmap]: start
[component_container_isolated-1] [INFO] [1790311616.179843982] [robot1.controller_server]: Creating bond (controller_server) to lifecycle manager.
[component_container_isolated-1] [INFO] [1790311616.325602193] [robot1.lifecycle_manager_navigation]: Server controller_server connected with bond.
[component_container_isolated-1] [INFO] [1790311616.325675389] [robot1.lifecycle_manager_navigation]: [34m[1mActivating smoother_server[0m[0m
[component_container_isolated-1] [INFO] [1790311616.325997996] [robot1.smoother_server]: Activating
[component_container_isolated-1] [INFO] [1790311616.326028946] [robot1.smoother_server]: Creating bond (smoother_server) to lifecycle manager.
[component_container_isolated-1] [INFO] [1790311616.467592310] [robot1.lifecycle_manager_navigation]: Server smoother_server connected with bond.
[component_container_isolated-1] [INFO] [1790311616.467644184] [robot1.lifecycle_manager_navigation]: [34m[1mActivating planner_server[0m[0m
[component_container_isolated-1] [INFO] [1790311616.467789280] [robot1.planner_server]: Activating
[component_container_isolated-1] [INFO] [1790311616.467813580] [robot1.global_costmap.global_costmap]: Activating
[component_container_isolated-1] [INFO] [1790311616.467818215] [robot1.global_costmap.global_costmap]: Checking transform
[component_container_isolated-1] [INFO] [1790311616.467859014] [robot1.global_costmap.global_costmap]: start
[component_container_isolated-1] [INFO] [1790311617.479487729] [robot1.planner_server]: Activating plugin GridBased of type NavfnPlanner
[component_container_isolated-1] [INFO] [1790311617.489340680] [robot1.planner_server]: Creating bond (planner_server) to lifecycle manager.
[component_container_isolated-1] [INFO] [1790311617.645666772] [robot1.lifecycle_manager_navigation]: Server planner_server connected with bond.
[component_container_isolated-1] [INFO] [1790311617.645737031] [robot1.lifecycle_manager_navigation]: [34m[1mActivating behavior_server[0m[0m
[component_container_isolated-1] [INFO] [1790311617.646164993] [robot1.behavior_server]: Activating
[component_container_isolated-1] [INFO] [1790311617.646191535] [robot1.behavior_server]: Activating spin
[component_container_isolated-1] [INFO] [1790311617.646212999] [robot1.behavior_server]: Activating backup
[component_container_isolated-1] [INFO] [1790311617.646223655] [robot1.behavior_server]: Activating drive_on_heading
[component_container_isolated-1] [INFO] [1790311617.646233920] [robot1.behavior_server]: Activating assisted_teleop
[component_container_isolated-1] [INFO] [1790311617.646244363] [robot1.behavior_server]: Activating wait
[component_container_isolated-1] [INFO] [1790311617.646257560] [robot1.behavior_server]: Creating bond (behavior_server) to lifecycle manager.
[component_container_isolated-1] [INFO] [1790311617.796671025] [robot1.lifecycle_manager_navigation]: Server behavior_server connected with bond.
[component_container_isolated-1] [INFO] [1790311617.796713404] [robot1.lifecycle_manager_navigation]: [34m[1mActivating bt_navigator[0m[0m
[component_container_isolated-1] [INFO] [1790311617.796949326] [robot1.bt_navigator]: Activating
[component_container_isolated-1] [INFO] [1790311619.450198858] [robot1.bt_navigator]: Creating bond (bt_navigator) to lifecycle manager.
[component_container_isolated-1] [INFO] [1790311619.793494919] [robot1.lifecycle_manager_navigation]: Server bt_navigator connected with bond.
[component_container_isolated-1] [INFO] [1790311619.793519864] [robot1.lifecycle_manager_navigation]: [34m[1mActivating waypoint_follower[0m[0m
[component_container_isolated-1] [INFO] [1790311619.793682329] [robot1.waypoint_follower]: Activating
[component_container_isolated-1] [INFO] [1790311619.793708259] [robot1.waypoint_follower]: Creating bond (waypoint_follower) to lifecycle manager.
[component_container_isolated-1] [INFO] [1790311619.948162345] [robot1.lifecycle_manager_navigation]: Server waypoint_follower connected with bond.
[component_container_isolated-1] [INFO] [1790311619.948182806] [robot1.lifecycle_manager_navigation]: [34m[1mActivating velocity_smoother[0m[0m
[component_container_isolated-1] [INFO] [1790311619.948502691] [robot1.velocity_smoother]: Activating
[component_container_isolated-1] [INFO] [1790311619.948547312] [robot1.velocity_smoother]: Creating bond (velocity_smoother) to lifecycle manager.
[component_container_isolated-1] [INFO] [1790311620.097508376] [robot1.lifecycle_manager_navigation]: Server velocity_smoother connected with bond.
[component_container_isolated-1] [INFO] [1790311620.097533471] [robot1.lifecycle_manager_navigation]: [34m[1mManaged nodes are active[0m[0m
[component_container_isolated-1] [INFO] [1790311620.097546600] [robot1.lifecycle_manager_navigation]: [34m[1mCreating bond timer...[0m[0m
[nav2_startup-2] response:
[nav2_startup-2] nav2_msgs.srv.ManageLifecycleNodes_Response(success=True)
[nav2_startup-2] 
[INFO] [nav2_startup-2]: process has finished cleanly [pid 92953]
[component_container_isolated-1] [INFO] [1790311730.837119102] [robot1.local_costmap.local_costmap]: Message Filter dropping message: frame 'rplidar_link' at time 1790311730.380 for reason 'the timestamp on the message is earlier than all the data in the transform cache'
[component_container_isolated-1] [INFO] [1790312345.361171552] [robot1.local_costmap.local_costmap]: StaticLayer: Resizing static layer to 163 X 291 at 0.050000 m/pix
[component_container_isolated-1] [INFO] [1790312345.468093931] [robot1.global_costmap.global_costmap]: StaticLayer: Resizing costmap to 163 X 291 at 0.050000 m/pix
[INFO] [launch]: All log files can be found below /home/danyalaziz/.ros/log/2026-09-25-09-59-41-585334-Precision-3660-104095
[INFO] [launch]: Default logging verbosity is set to INFO
[INFO] [component_container_isolated-1]: process started with pid [104111]
[component_container_isolated-1] [INFO] [1790312384.761240315] [robot1.local_costmap.local_costmap]: StaticLayer: Resizing static layer to 142 X 269 at 0.050000 m/pix
[component_container_isolated-1] [INFO] [1790312384.961243258] [robot1.local_costmap.local_costmap]: StaticLayer: Resizing static layer to 163 X 291 at 0.050000 m/pix
[component_container_isolated-1] [INFO] [1790312385.761219498] [robot1.local_costmap.local_costmap]: StaticLayer: Resizing static layer to 142 X 269 at 0.050000 m/pix
[component_container_isolated-1] [INFO] [1790312385.961171132] [robot1.local_costmap.local_costmap]: StaticLayer: Resizing static layer to 163 X 291 at 0.050000 m/pix
[component_container_isolated-1] [INFO] [1790312386.761150319] [robot1.local_costmap.local_costmap]: StaticLayer: Resizing static layer to 142 X 269 at 0.050000 m/pix
[component_container_isolated-1] [INFO] [1790312386.961175295] [robot1.local_costmap.local_costmap]: StaticLayer: Resizing static layer to 163 X 291 at 0.050000 m/pix
[component_container_isolated-1] [INFO] [1790312387.761233748] [robot1.local_costmap.local_costmap]: StaticLayer: Resizing static layer to 142 X 269 at 0.050000 m/pix
[component_container_isolated-1] [INFO] [1790312387.798593718] [robot1.nav2_container]: Found class: rclcpp_components::NodeFactoryTemplate<nav2_controller::ControllerServer>
[component_container_isolated-1] [INFO] [1790312387.798618201] [robot1.nav2_container]: Instantiate class: rclcpp_components::NodeFactoryTemplate<nav2_controller::ControllerServer>
[component_container_isolated-1] [INFO] [1790312387.798672486] [robot1.nav2_container]: Load Library: /opt/ros/humble/lib/libcontroller_server_core.so
[component_container_isolated-1] [INFO] [1790312387.801577655] [robot1.nav2_container]: Found class: rclcpp_components::NodeFactoryTemplate<nav2_controller::ControllerServer>
[component_container_isolated-1] [INFO] [1790312387.801594678] [robot1.nav2_container]: Instantiate class: rclcpp_components::NodeFactoryTemplate<nav2_controller::ControllerServer>
[component_container_isolated-1] [WARN] [1790312387.885378496] [rcl.logging_rosout]: Publisher already registered for provided node name. If this is due to multiple nodes with the same name then all logs for that logger name will go out over the existing publisher. As soon as any node with that name is destructed it will unregister the publisher, preventing any further logs for that name from being published on the rosout topic.
[component_container_isolated-1] [INFO] [1790312387.961171735] [robot1.local_costmap.local_costmap]: StaticLayer: Resizing static layer to 163 X 291 at 0.050000 m/pix
[component_container_isolated-1] [INFO] [1790312387.966209123] [robot1.controller_server]: 
[component_container_isolated-1] 	controller_server lifecycle node launched. 
[component_container_isolated-1] 	Waiting on external lifecycle transitions to activate
[component_container_isolated-1] 	See https://design.ros2.org/articles/node_lifecycle.html for more information.
[component_container_isolated-1] [INFO] [1790312387.967757842] [robot1.controller_server]: Creating controller server
[component_container_isolated-1] [INFO] [1790312388.635589586] [robot1.local_costmap.local_costmap]: 
[component_container_isolated-1] 	local_costmap lifecycle node launched. 
[component_container_isolated-1] 	Waiting on external lifecycle transitions to activate
[component_container_isolated-1] 	See https://design.ros2.org/articles/node_lifecycle.html for more information.
[component_container_isolated-1] [INFO] [1790312388.635859482] [robot1.local_costmap.local_costmap]: Creating Costmap
[INFO] [launch_ros.actions.load_composable_nodes]: Loaded node '/robot1/controller_server' in container '/robot1/nav2_container'
[component_container_isolated-1] [INFO] [1790312388.637606597] [robot1.nav2_container]: Load Library: /opt/ros/humble/lib/libsmoother_server_core.so
[component_container_isolated-1] [INFO] [1790312388.638357582] [robot1.nav2_container]: Found class: rclcpp_components::NodeFactoryTemplate<nav2_smoother::SmootherServer>
[component_container_isolated-1] [INFO] [1790312388.638368583] [robot1.nav2_container]: Instantiate class: rclcpp_components::NodeFactoryTemplate<nav2_smoother::SmootherServer>
[component_container_isolated-1] [INFO] [1790312389.633514952] [robot1.smoother_server]: 
[component_container_isolated-1] 	smoother_server lifecycle node launched. 
[component_container_isolated-1] 	Waiting on external lifecycle transitions to activate
[component_container_isolated-1] 	See https://design.ros2.org/articles/node_lifecycle.html for more information.
[component_container_isolated-1] [INFO] [1790312389.634568892] [robot1.smoother_server]: Creating smoother server
[INFO] [launch_ros.actions.load_composable_nodes]: Loaded node '/robot1/smoother_server' in container '/robot1/nav2_container'
[component_container_isolated-1] [INFO] [1790312389.636078560] [robot1.nav2_container]: Load Library: /opt/ros/humble/lib/libplanner_server_core.so
[component_container_isolated-1] [INFO] [1790312389.636484621] [robot1.nav2_container]: Found class: rclcpp_components::NodeFactoryTemplate<nav2_planner::PlannerServer>
[component_container_isolated-1] [INFO] [1790312389.636493638] [robot1.nav2_container]: Instantiate class: rclcpp_components::NodeFactoryTemplate<nav2_planner::PlannerServer>
[component_container_isolated-1] [INFO] [1790312390.252010047] [robot1.planner_server]: 
[component_container_isolated-1] 	planner_server lifecycle node launched. 
[component_container_isolated-1] 	Waiting on external lifecycle transitions to activate
[component_container_isolated-1] 	See https://design.ros2.org/articles/node_lifecycle.html for more information.
[component_container_isolated-1] [INFO] [1790312390.253201715] [robot1.planner_server]: Creating
[component_container_isolated-1] [INFO] [1790312391.196775179] [robot1.global_costmap.global_costmap]: 
[component_container_isolated-1] 	global_costmap lifecycle node launched. 
[component_container_isolated-1] 	Waiting on external lifecycle transitions to activate
[component_container_isolated-1] 	See https://design.ros2.org/articles/node_lifecycle.html for more information.
[component_container_isolated-1] [INFO] [1790312391.196982983] [robot1.global_costmap.global_costmap]: Creating Costmap
[INFO] [launch_ros.actions.load_composable_nodes]: Loaded node '/robot1/planner_server' in container '/robot1/nav2_container'
[component_container_isolated-1] [INFO] [1790312391.198530770] [robot1.nav2_container]: Load Library: /opt/ros/humble/lib/libbehavior_server_core.so
[component_container_isolated-1] [INFO] [1790312391.199877812] [robot1.nav2_container]: Found class: rclcpp_components::NodeFactoryTemplate<behavior_server::BehaviorServer>
[component_container_isolated-1] [INFO] [1790312391.199888789] [robot1.nav2_container]: Instantiate class: rclcpp_components::NodeFactoryTemplate<behavior_server::BehaviorServer>
[component_container_isolated-1] [INFO] [1790312391.865754785] [robot1.controller_server]: 
[component_container_isolated-1] 	controller_server lifecycle node launched. 
[component_container_isolated-1] 	Waiting on external lifecycle transitions to activate
[component_container_isolated-1] 	See https://design.ros2.org/articles/node_lifecycle.html for more information.
[component_container_isolated-1] [INFO] [1790312391.867309201] [robot1.controller_server]: Creating controller server
[component_container_isolated-1] [INFO] [1790312391.981910364] [robot1.behavior_server]: 
[component_container_isolated-1] 	behavior_server lifecycle node launched. 
[component_container_isolated-1] 	Waiting on external lifecycle transitions to activate
[component_container_isolated-1] 	See https://design.ros2.org/articles/node_lifecycle.html for more information.
[INFO] [launch_ros.actions.load_composable_nodes]: Loaded node '/robot1/behavior_server' in container '/robot1/nav2_container'
[component_container_isolated-1] [INFO] [1790312391.984513111] [robot1.nav2_container]: Load Library: /opt/ros/humble/lib/libbt_navigator_core.so
[component_container_isolated-1] [INFO] [1790312391.985288771] [robot1.nav2_container]: Found class: rclcpp_components::NodeFactoryTemplate<nav2_bt_navigator::BtNavigator>
[component_container_isolated-1] [INFO] [1790312391.985298685] [robot1.nav2_container]: Instantiate class: rclcpp_components::NodeFactoryTemplate<nav2_bt_navigator::BtNavigator>
[component_container_isolated-1] [WARN] [1790312392.092470172] [rcl.logging_rosout]: Publisher already registered for provided node name. If this is due to multiple nodes with the same name then all logs for that logger name will go out over the existing publisher. As soon as any node with that name is destructed it will unregister the publisher, preventing any further logs for that name from being published on the rosout topic.
[component_container_isolated-1] [INFO] [1790312393.357194027] [robot1.bt_navigator]: 
[component_container_isolated-1] 	bt_navigator lifecycle node launched. 
[component_container_isolated-1] 	Waiting on external lifecycle transitions to activate
[component_container_isolated-1] 	See https://design.ros2.org/articles/node_lifecycle.html for more information.
[component_container_isolated-1] [INFO] [1790312393.357237518] [robot1.bt_navigator]: Creating
[INFO] [launch_ros.actions.load_composable_nodes]: Loaded node '/robot1/bt_navigator' in container '/robot1/nav2_container'
[component_container_isolated-1] [INFO] [1790312393.368982087] [robot1.nav2_container]: Load Library: /opt/ros/humble/lib/libwaypoint_follower_core.so
[component_container_isolated-1] [INFO] [1790312393.369365764] [robot1.nav2_container]: Found class: rclcpp_components::NodeFactoryTemplate<nav2_waypoint_follower::WaypointFollower>
[component_container_isolated-1] [INFO] [1790312393.369380448] [robot1.nav2_container]: Instantiate class: rclcpp_components::NodeFactoryTemplate<nav2_waypoint_follower::WaypointFollower>
[component_container_isolated-1] [INFO] [1790312395.109478815] [robot1.waypoint_follower]: 
[component_container_isolated-1] 	waypoint_follower lifecycle node launched. 
[component_container_isolated-1] 	Waiting on external lifecycle transitions to activate
[component_container_isolated-1] 	See https://design.ros2.org/articles/node_lifecycle.html for more information.
[component_container_isolated-1] [INFO] [1790312395.109804753] [robot1.waypoint_follower]: Creating
[INFO] [launch_ros.actions.load_composable_nodes]: Loaded node '/robot1/waypoint_follower' in container '/robot1/nav2_container'
[component_container_isolated-1] [INFO] [1790312395.111685344] [robot1.nav2_container]: Load Library: /opt/ros/humble/lib/libvelocity_smoother_core.so
[component_container_isolated-1] [INFO] [1790312395.112117020] [robot1.nav2_container]: Found class: rclcpp_components::NodeFactoryTemplate<nav2_velocity_smoother::VelocitySmoother>
[component_container_isolated-1] [INFO] [1790312395.112127100] [robot1.nav2_container]: Instantiate class: rclcpp_components::NodeFactoryTemplate<nav2_velocity_smoother::VelocitySmoother>
[component_container_isolated-1] [INFO] [1790312396.417170315] [robot1.local_costmap.local_costmap]: 
[component_container_isolated-1] 	local_costmap lifecycle node launched. 
[component_container_isolated-1] 	Waiting on external lifecycle transitions to activate
[component_container_isolated-1] 	See https://design.ros2.org/articles/node_lifecycle.html for more information.
[component_container_isolated-1] [INFO] [1790312396.417393055] [robot1.local_costmap.local_costmap]: Creating Costmap
[component_container_isolated-1] [INFO] [1790312396.418564955] [robot1.nav2_container]: Found class: rclcpp_components::NodeFactoryTemplate<nav2_smoother::SmootherServer>
[component_container_isolated-1] [INFO] [1790312396.418577221] [robot1.nav2_container]: Instantiate class: rclcpp_components::NodeFactoryTemplate<nav2_smoother::SmootherServer>
[component_container_isolated-1] [WARN] [1790312396.637774275] [rcl.logging_rosout]: Publisher already registered for provided node name. If this is due to multiple nodes with the same name then all logs for that logger name will go out over the existing publisher. As soon as any node with that name is destructed it will unregister the publisher, preventing any further logs for that name from being published on the rosout topic.
[component_container_isolated-1] [INFO] [1790312396.854373381] [robot1.velocity_smoother]: 
[component_container_isolated-1] 	velocity_smoother lifecycle node launched. 
[component_container_isolated-1] 	Waiting on external lifecycle transitions to activate
[component_container_isolated-1] 	See https://design.ros2.org/articles/node_lifecycle.html for more information.
[INFO] [launch_ros.actions.load_composable_nodes]: Loaded node '/robot1/velocity_smoother' in container '/robot1/nav2_container'
[component_container_isolated-1] [INFO] [1790312396.856213143] [robot1.nav2_container]: Load Library: /opt/ros/humble/lib/libnav2_lifecycle_manager_core.so
[component_container_isolated-1] [INFO] [1790312396.856601616] [robot1.nav2_container]: Found class: rclcpp_components::NodeFactoryTemplate<nav2_lifecycle_manager::LifecycleManager>
[component_container_isolated-1] [INFO] [1790312396.856612695] [robot1.nav2_container]: Instantiate class: rclcpp_components::NodeFactoryTemplate<nav2_lifecycle_manager::LifecycleManager>
[component_container_isolated-1] [INFO] [1790312397.468082005] [robot1.global_costmap.global_costmap]: StaticLayer: Resizing costmap to 142 X 269 at 0.050000 m/pix
[component_container_isolated-1] [INFO] [1790312397.493755465] [robot1.local_costmap.local_costmap]: StaticLayer: Resizing static layer to 142 X 269 at 0.050000 m/pix
[component_container_isolated-1] [INFO] [1790312397.693742012] [robot1.local_costmap.local_costmap]: StaticLayer: Resizing static layer to 163 X 291 at 0.050000 m/pix
[component_container_isolated-1] [INFO] [1790312398.468097956] [robot1.global_costmap.global_costmap]: StaticLayer: Resizing costmap to 163 X 291 at 0.050000 m/pix
[component_container_isolated-1] [INFO] [1790312398.517391344] [robot1.lifecycle_manager_navigation]: Creating
[component_container_isolated-1] [INFO] [1790312398.839397797] [robot1.lifecycle_manager_navigation]: [34m[1mCreating and initializing lifecycle service clients[0m[0m
[INFO] [launch_ros.actions.load_composable_nodes]: Loaded node '/robot1/lifecycle_manager_navigation' in container '/robot1/nav2_container'
[component_container_isolated-1] [INFO] [1790312401.311192518] [robot1.smoother_server]: 
[component_container_isolated-1] 	smoother_server lifecycle node launched. 
[component_container_isolated-1] 	Waiting on external lifecycle transitions to activate
[component_container_isolated-1] 	See https://design.ros2.org/articles/node_lifecycle.html for more information.
[component_container_isolated-1] [INFO] [1790312401.311796254] [robot1.smoother_server]: Creating smoother server
[component_container_isolated-1] [INFO] [1790312401.312219654] [robot1.nav2_container]: Found class: rclcpp_components::NodeFactoryTemplate<nav2_planner::PlannerServer>
[component_container_isolated-1] [INFO] [1790312401.312231060] [robot1.nav2_container]: Instantiate class: rclcpp_components::NodeFactoryTemplate<nav2_planner::PlannerServer>
[component_container_isolated-1] [WARN] [1790312401.611678947] [rcl.logging_rosout]: Publisher already registered for provided node name. If this is due to multiple nodes with the same name then all logs for that logger name will go out over the existing publisher. As soon as any node with that name is destructed it will unregister the publisher, preventing any further logs for that name from being published on the rosout topic.
[component_container_isolated-1] [INFO] [1790312401.515803218] [robot1.global_costmap.global_costmap]: Message Filter dropping message: frame 'rplidar_link' at time 1790312400.961 for reason 'the timestamp on the message is earlier than all the data in the transform cache'
[INFO] [nav2_startup-2]: process started with pid [104328]
[nav2_startup-2] waiting for service to become available...
[component_container_isolated-1] [INFO] [1790312403.748537976] [robot1.planner_server]: 
[component_container_isolated-1] 	planner_server lifecycle node launched. 
[component_container_isolated-1] 	Waiting on external lifecycle transitions to activate
[component_container_isolated-1] 	See https://design.ros2.org/articles/node_lifecycle.html for more information.
[component_container_isolated-1] [INFO] [1790312403.749140937] [robot1.planner_server]: Creating
[component_container_isolated-1] [WARN] [1790312403.866890969] [rcl.logging_rosout]: Publisher already registered for provided node name. If this is due to multiple nodes with the same name then all logs for that logger name will go out over the existing publisher. As soon as any node with that name is destructed it will unregister the publisher, preventing any further logs for that name from being published on the rosout topic.
[component_container_isolated-1] [INFO] [1790312403.802255875] [robot1.local_costmap.local_costmap]: StaticLayer: Resizing static layer to 142 X 269 at 0.050000 m/pix
[component_container_isolated-1] [INFO] [1790312404.002188295] [robot1.local_costmap.local_costmap]: StaticLayer: Resizing static layer to 163 X 291 at 0.050000 m/pix
[component_container_isolated-1] [INFO] [1790312404.802224377] [robot1.local_costmap.local_costmap]: StaticLayer: Resizing static layer to 142 X 269 at 0.050000 m/pix
[component_container_isolated-1] [INFO] [1790312405.202232985] [robot1.local_costmap.local_costmap]: StaticLayer: Resizing static layer to 163 X 291 at 0.050000 m/pix
[component_container_isolated-1] [INFO] [1790312406.808393549] [robot1.global_costmap.global_costmap]: 
[component_container_isolated-1] 	global_costmap lifecycle node launched. 
[component_container_isolated-1] 	Waiting on external lifecycle transitions to activate
[component_container_isolated-1] 	See https://design.ros2.org/articles/node_lifecycle.html for more information.
[component_container_isolated-1] [INFO] [1790312406.808619054] [robot1.global_costmap.global_costmap]: Creating Costmap
[component_container_isolated-1] [INFO] [1790312406.810419037] [robot1.nav2_container]: Found class: rclcpp_components::NodeFactoryTemplate<behavior_server::BehaviorServer>
[component_container_isolated-1] [INFO] [1790312406.810433653] [robot1.nav2_container]: Instantiate class: rclcpp_components::NodeFactoryTemplate<behavior_server::BehaviorServer>
[component_container_isolated-1] [WARN] [1790312406.876122877] [rcl.logging_rosout]: Publisher already registered for provided node name. If this is due to multiple nodes with the same name then all logs for that logger name will go out over the existing publisher. As soon as any node with that name is destructed it will unregister the publisher, preventing any further logs for that name from being published on the rosout topic.
[component_container_isolated-1] [INFO] [1790312409.639922944] [robot1.behavior_server]: 
[component_container_isolated-1] 	behavior_server lifecycle node launched. 
[component_container_isolated-1] 	Waiting on external lifecycle transitions to activate
[component_container_isolated-1] 	See https://design.ros2.org/articles/node_lifecycle.html for more information.
[component_container_isolated-1] [INFO] [1790312409.641296022] [robot1.nav2_container]: Found class: rclcpp_components::NodeFactoryTemplate<nav2_bt_navigator::BtNavigator>
[component_container_isolated-1] [INFO] [1790312409.641328977] [robot1.nav2_container]: Instantiate class: rclcpp_components::NodeFactoryTemplate<nav2_bt_navigator::BtNavigator>
[component_container_isolated-1] [WARN] [1790312409.763506996] [rcl.logging_rosout]: Publisher already registered for provided node name. If this is due to multiple nodes with the same name then all logs for that logger name will go out over the existing publisher. As soon as any node with that name is destructed it will unregister the publisher, preventing any further logs for that name from being published on the rosout topic.
[component_container_isolated-1] [INFO] [1790312412.162739004] [robot1.bt_navigator]: 
[component_container_isolated-1] 	bt_navigator lifecycle node launched. 
[component_container_isolated-1] 	Waiting on external lifecycle transitions to activate
[component_container_isolated-1] 	See https://design.ros2.org/articles/node_lifecycle.html for more information.
[component_container_isolated-1] [INFO] [1790312412.162772060] [robot1.bt_navigator]: Creating
[component_container_isolated-1] [INFO] [1790312412.163038802] [robot1.nav2_container]: Found class: rclcpp_components::NodeFactoryTemplate<nav2_waypoint_follower::WaypointFollower>
[component_container_isolated-1] [INFO] [1790312412.163048905] [robot1.nav2_container]: Instantiate class: rclcpp_components::NodeFactoryTemplate<nav2_waypoint_follower::WaypointFollower>
[component_container_isolated-1] [WARN] [1790312412.327556322] [rcl.logging_rosout]: Publisher already registered for provided node name. If this is due to multiple nodes with the same name then all logs for that logger name will go out over the existing publisher. As soon as any node with that name is destructed it will unregister the publisher, preventing any further logs for that name from being published on the rosout topic.
[nav2_startup-2] requester: making request: nav2_msgs.srv.ManageLifecycleNodes_Request(command=0)
[nav2_startup-2] 
[component_container_isolated-1] [INFO] [1790312415.636628229] [robot1.waypoint_follower]: 
[component_container_isolated-1] 	waypoint_follower lifecycle node launched. 
[component_container_isolated-1] 	Waiting on external lifecycle transitions to activate
[component_container_isolated-1] 	See https://design.ros2.org/articles/node_lifecycle.html for more information.
[component_container_isolated-1] [INFO] [1790312415.637053814] [robot1.waypoint_follower]: Creating
[component_container_isolated-1] [INFO] [1790312415.637514004] [robot1.nav2_container]: Found class: rclcpp_components::NodeFactoryTemplate<nav2_velocity_smoother::VelocitySmoother>
[component_container_isolated-1] [INFO] [1790312415.637523810] [robot1.nav2_container]: Instantiate class: rclcpp_components::NodeFactoryTemplate<nav2_velocity_smoother::VelocitySmoother>
[component_container_isolated-1] [WARN] [1790312415.883122992] [rcl.logging_rosout]: Publisher already registered for provided node name. If this is due to multiple nodes with the same name then all logs for that logger name will go out over the existing publisher. As soon as any node with that name is destructed it will unregister the publisher, preventing any further logs for that name from being published on the rosout topic.
[component_container_isolated-1] [INFO] [1790312419.080116031] [robot1.velocity_smoother]: 
[component_container_isolated-1] 	velocity_smoother lifecycle node launched. 
[component_container_isolated-1] 	Waiting on external lifecycle transitions to activate
[component_container_isolated-1] 	See https://design.ros2.org/articles/node_lifecycle.html for more information.
[component_container_isolated-1] [INFO] [1790312419.080307500] [robot1.nav2_container]: Found class: rclcpp_components::NodeFactoryTemplate<nav2_lifecycle_manager::LifecycleManager>
[component_container_isolated-1] [INFO] [1790312419.080321471] [robot1.nav2_container]: Instantiate class: rclcpp_components::NodeFactoryTemplate<nav2_lifecycle_manager::LifecycleManager>
[component_container_isolated-1] [WARN] [1790312419.272514439] [rcl.logging_rosout]: Publisher already registered for provided node name. If this is due to multiple nodes with the same name then all logs for that logger name will go out over the existing publisher. As soon as any node with that name is destructed it will unregister the publisher, preventing any further logs for that name from being published on the rosout topic.
[component_container_isolated-1] [INFO] [1790312421.047636109] [robot1.lifecycle_manager_navigation]: Creating
[component_container_isolated-1] [INFO] [1790312421.605643088] [robot1.lifecycle_manager_navigation]: [34m[1mCreating and initializing lifecycle service clients[0m[0m
[component_container_isolated-1] [INFO] [1790312442.868717764] [robot1.lifecycle_manager_navigation]: [34m[1mStarting managed nodes bringup...[0m[0m
[component_container_isolated-1] [INFO] [1790312442.868750336] [robot1.lifecycle_manager_navigation]: [34m[1mConfiguring controller_server[0m[0m
[component_container_isolated-1] [WARN] [1790312442.869109467] [rcl_lifecycle]: No transition matching 1 found for current state active
[component_container_isolated-1] [WARN] [1790312442.869119545] [rcl_lifecycle]: No transition matching 1 found for current state active
[component_container_isolated-1] [ERROR] [1790312442.869125586] [robot1.controller_server]: Unable to start transition 1 from current state active: Transition is not registered., at ./src/rcl_lifecycle.c:355
[component_container_isolated-1] [INFO] [1790312442.869134494] [robot1.controller_server]: Configuring controller interface
[component_container_isolated-1] [ERROR] [1790312442.869417593] [robot1.lifecycle_manager_navigation]: Failed to change state for node: controller_server
[component_container_isolated-1] [ERROR] [1790312442.869439519] [robot1.lifecycle_manager_navigation]: Failed to bring up all requested nodes. Aborting bringup.
[component_container_isolated-1] [INFO] [1790312442.869417796] [robot1.controller_server]: getting goal checker plugins..
[component_container_isolated-1] [INFO] [1790312442.869281583] [robot1.controller_server]: Configuring controller interface
[component_container_isolated-1] [INFO] [1790312442.869622426] [robot1.controller_server]: Controller frequency set to 20.0000Hz
[component_container_isolated-1] [INFO] [1790312442.869644812] [robot1.local_costmap.local_costmap]: Configuring
[component_container_isolated-1] [INFO] [1790312442.869530884] [robot1.controller_server]: getting goal checker plugins..
[component_container_isolated-1] [INFO] [1790312442.869644324] [robot1.controller_server]: Controller frequency set to 20.0000Hz
[component_container_isolated-1] [INFO] [1790312442.869679049] [robot1.local_costmap.local_costmap]: Configuring
[nav2_startup-2] response:
[nav2_startup-2] nav2_msgs.srv.ManageLifecycleNodes_Response(success=False)
[nav2_startup-2] 
[INFO] [nav2_startup-2]: process has finished cleanly [pid 104328]
[component_container_isolated-1] [INFO] [1790312443.235771464] [robot1.local_costmap.local_costmap]: Using plugin "static_layer"
[component_container_isolated-1] [INFO] [1790312443.237421536] [robot1.local_costmap.local_costmap]: Subscribing to the map topic (/robot1/map) with transient local durability
[component_container_isolated-1] [INFO] [1790312443.281818391] [robot1.local_costmap.local_costmap]: Initialized plugin "static_layer"
[component_container_isolated-1] [INFO] [1790312443.281847431] [robot1.local_costmap.local_costmap]: Using plugin "voxel_layer"
[component_container_isolated-1] [INFO] [1790312443.282157050] [robot1.local_costmap.local_costmap]: Subscribed to Topics: scan
[component_container_isolated-1] [INFO] [1790312443.492410334] [robot1.local_costmap.local_costmap]: Initialized plugin "voxel_layer"
[component_container_isolated-1] [INFO] [1790312443.492447357] [robot1.local_costmap.local_costmap]: Using plugin "inflation_layer"
[component_container_isolated-1] [INFO] [1790312443.493222596] [robot1.local_costmap.local_costmap]: Initialized plugin "inflation_layer"
[component_container_isolated-1] [INFO] [1790312443.709862120] [robot1.local_costmap.local_costmap]: Using plugin "static_layer"
[component_container_isolated-1] [INFO] [1790312443.710747404] [robot1.local_costmap.local_costmap]: Subscribing to the map topic (/robot1/map) with transient local durability
[component_container_isolated-1] [INFO] [1790312443.964925850] [robot1.local_costmap.local_costmap]: Initialized plugin "static_layer"
[component_container_isolated-1] [INFO] [1790312443.964955781] [robot1.local_costmap.local_costmap]: Using plugin "voxel_layer"
[component_container_isolated-1] [INFO] [1790312444.002642340] [robot1.local_costmap.local_costmap]: Subscribed to Topics: scan
[component_container_isolated-1] [INFO] [1790312444.102994798] [robot1.local_costmap.local_costmap]: StaticLayer: Resizing static layer to 163 X 291 at 0.050000 m/pix
[component_container_isolated-1] [INFO] [1790312444.103182487] [robot1.controller_server]: Created progress_checker : progress_checker of type nav2_controller::SimpleProgressChecker
[component_container_isolated-1] [INFO] [1790312444.103709441] [robot1.controller_server]: Created goal checker : general_goal_checker of type nav2_controller::SimpleGoalChecker
[component_container_isolated-1] [INFO] [1790312444.103913179] [robot1.controller_server]: Controller Server has general_goal_checker  goal checkers available.
[component_container_isolated-1] [INFO] [1790312444.104739923] [robot1.controller_server]: Created controller : FollowPath of type dwb_core::DWBLocalPlanner
[component_container_isolated-1] [INFO] [1790312444.105143580] [robot1.controller_server]: Setting transform_tolerance to 0.200000
[component_container_isolated-1] [INFO] [1790312444.993110036] [robot1.controller_server]: Using critic "RotateToGoal" (dwb_critics::RotateToGoalCritic)
[component_container_isolated-1] [INFO] [1790312444.993332475] [robot1.controller_server]: Critic plugin initialized
[component_container_isolated-1] [INFO] [1790312444.993386753] [robot1.controller_server]: Using critic "Oscillation" (dwb_critics::OscillationCritic)
[component_container_isolated-1] [INFO] [1790312444.993565865] [robot1.controller_server]: Critic plugin initialized
[component_container_isolated-1] [INFO] [1790312444.993607562] [robot1.controller_server]: Using critic "BaseObstacle" (dwb_critics::BaseObstacleCritic)
[component_container_isolated-1] [INFO] [1790312444.993681483] [robot1.controller_server]: Critic plugin initialized
[component_container_isolated-1] [INFO] [1790312444.993723069] [robot1.controller_server]: Using critic "GoalAlign" (dwb_critics::GoalAlignCritic)
[component_container_isolated-1] [INFO] [1790312444.993849968] [robot1.controller_server]: Critic plugin initialized
[component_container_isolated-1] [INFO] [1790312444.993886338] [robot1.controller_server]: Using critic "PathAlign" (dwb_critics::PathAlignCritic)
[component_container_isolated-1] [INFO] [1790312444.994003524] [robot1.controller_server]: Critic plugin initialized
[component_container_isolated-1] [INFO] [1790312444.994039936] [robot1.controller_server]: Using critic "PathDist" (dwb_critics::PathDistCritic)
[component_container_isolated-1] [INFO] [1790312444.994126602] [robot1.controller_server]: Critic plugin initialized
[component_container_isolated-1] [INFO] [1790312444.994166869] [robot1.controller_server]: Using critic "GoalDist" (dwb_critics::GoalDistCritic)
[component_container_isolated-1] [INFO] [1790312444.994254267] [robot1.controller_server]: Critic plugin initialized
[component_container_isolated-1] [INFO] [1790312444.994262149] [robot1.controller_server]: Controller Server has FollowPath  controllers available.
[component_container_isolated-1] [INFO] [1790312445.479888484] [robot1.global_costmap.global_costmap]: Message Filter dropping message: frame 'rplidar_link' at time 1790312444.981 for reason 'the timestamp on the message is earlier than all the data in the transform cache'
[component_container_isolated-1] [INFO] [1790312445.807606840] [robot1.local_costmap.local_costmap]: Initialized plugin "voxel_layer"
[component_container_isolated-1] [INFO] [1790312445.807632877] [robot1.local_costmap.local_costmap]: Using plugin "inflation_layer"
[component_container_isolated-1] [INFO] [1790312445.808510545] [robot1.local_costmap.local_costmap]: Initialized plugin "inflation_layer"
[component_container_isolated-1] [INFO] [1790312447.163103539] [robot1.local_costmap.local_costmap]: StaticLayer: Resizing static layer to 142 X 269 at 0.050000 m/pix
[component_container_isolated-1] [INFO] [1790312447.468093331] [robot1.global_costmap.global_costmap]: StaticLayer: Resizing costmap to 142 X 269 at 0.050000 m/pix
[component_container_isolated-1] [INFO] [1790312447.563097948] [robot1.local_costmap.local_costmap]: StaticLayer: Resizing static layer to 163 X 291 at 0.050000 m/pix
[component_container_isolated-1] [INFO] [1790312447.992675430] [robot1.global_costmap.global_costmap]: Message Filter dropping message: frame 'rplidar_link' at time 1790312447.536 for reason 'the timestamp on the message is earlier than all the data in the transform cache'
[component_container_isolated-1] [INFO] [1790312448.468083354] [robot1.global_costmap.global_costmap]: StaticLayer: Resizing costmap to 163 X 291 at 0.050000 m/pix
[component_container_isolated-1] [INFO] [1790312448.572883022] [robot1.local_costmap.local_costmap]: StaticLayer: Resizing static layer to 163 X 291 at 0.050000 m/pix
[component_container_isolated-1] [INFO] [1790312448.572888084] [robot1.controller_server]: Created progress_checker : progress_checker of type nav2_controller::SimpleProgressChecker
[component_container_isolated-1] [INFO] [1790312448.573728421] [robot1.controller_server]: Created goal checker : general_goal_checker of type nav2_controller::SimpleGoalChecker
[component_container_isolated-1] [INFO] [1790312448.574109560] [robot1.controller_server]: Controller Server has general_goal_checker  goal checkers available.
[component_container_isolated-1] [INFO] [1790312448.574426814] [robot1.controller_server]: Created controller : FollowPath of type dwb_core::DWBLocalPlanner
[component_container_isolated-1] [INFO] [1790312448.575489279] [robot1.controller_server]: Setting transform_tolerance to 0.200000
[component_container_isolated-1] [INFO] [1790312448.763094086] [robot1.local_costmap.local_costmap]: StaticLayer: Resizing static layer to 142 X 269 at 0.050000 m/pix
[component_container_isolated-1] [INFO] [1790312449.468095790] [robot1.global_costmap.global_costmap]: StaticLayer: Resizing costmap to 142 X 269 at 0.050000 m/pix
[component_container_isolated-1] [INFO] [1790312449.763127035] [robot1.local_costmap.local_costmap]: StaticLayer: Resizing static layer to 163 X 291 at 0.050000 m/pix
[component_container_isolated-1] [INFO] [1790312450.468087690] [robot1.global_costmap.global_costmap]: StaticLayer: Resizing costmap to 163 X 291 at 0.050000 m/pix
[component_container_isolated-1] [INFO] [1790312450.481804280] [robot1.controller_server]: Using critic "RotateToGoal" (dwb_critics::RotateToGoalCritic)
[component_container_isolated-1] [INFO] [1790312450.482833953] [robot1.controller_server]: Critic plugin initialized
[component_container_isolated-1] [INFO] [1790312450.483064662] [robot1.controller_server]: Using critic "Oscillation" (dwb_critics::OscillationCritic)
[component_container_isolated-1] [INFO] [1790312450.484041737] [robot1.controller_server]: Critic plugin initialized
[component_container_isolated-1] [INFO] [1790312450.484206816] [robot1.controller_server]: Using critic "BaseObstacle" (dwb_critics::BaseObstacleCritic)
[component_container_isolated-1] [INFO] [1790312450.484484242] [robot1.controller_server]: Critic plugin initialized
[component_container_isolated-1] [INFO] [1790312450.484672321] [robot1.controller_server]: Using critic "GoalAlign" (dwb_critics::GoalAlignCritic)
[component_container_isolated-1] [INFO] [1790312450.485176810] [robot1.controller_server]: Critic plugin initialized
[component_container_isolated-1] [INFO] [1790312450.485314194] [robot1.controller_server]: Using critic "PathAlign" (dwb_critics::PathAlignCritic)
[component_container_isolated-1] [INFO] [1790312450.485676908] [robot1.controller_server]: Critic plugin initialized
[component_container_isolated-1] [INFO] [1790312450.485802736] [robot1.controller_server]: Using critic "PathDist" (dwb_critics::PathDistCritic)
[component_container_isolated-1] [INFO] [1790312450.486025088] [robot1.controller_server]: Critic plugin initialized
[component_container_isolated-1] [INFO] [1790312450.486155312] [robot1.controller_server]: Using critic "GoalDist" (dwb_critics::GoalDistCritic)
[component_container_isolated-1] [INFO] [1790312450.486416895] [robot1.controller_server]: Critic plugin initialized
[component_container_isolated-1] [INFO] [1790312450.486428390] [robot1.controller_server]: Controller Server has FollowPath  controllers available.
[component_container_isolated-1] [INFO] [1790312453.763078285] [robot1.local_costmap.local_costmap]: StaticLayer: Resizing static layer to 142 X 269 at 0.050000 m/pix
[component_container_isolated-1] [INFO] [1790312453.963081473] [robot1.local_costmap.local_costmap]: StaticLayer: Resizing static layer to 163 X 291 at 0.050000 m/pix
[component_container_isolated-1] [INFO] [1790312454.763084585] [robot1.local_costmap.local_costmap]: StaticLayer: Resizing static layer to 142 X 269 at 0.050000 m/pix
[component_container_isolated-1] [INFO] [1790312454.963135247] [robot1.local_costmap.local_costmap]: StaticLayer: Resizing static layer to 163 X 291 at 0.050000 m/pix
[component_container_isolated-1] [INFO] [1790312455.763087289] [robot1.local_costmap.local_costmap]: StaticLayer: Resizing static layer to 142 X 269 at 0.050000 m/pix
[component_container_isolated-1] [INFO] [1790312455.963098496] [robot1.local_costmap.local_costmap]: StaticLayer: Resizing static layer to 163 X 291 at 0.050000 m/pix
[component_container_isolated-1] [INFO] [1790312456.763101504] [robot1.local_costmap.local_costmap]: StaticLayer: Resizing static layer to 142 X 269 at 0.050000 m/pix
[component_container_isolated-1] [INFO] [1790312456.963102323] [robot1.local_costmap.local_costmap]: StaticLayer: Resizing static layer to 163 X 291 at 0.050000 m/pix
[component_container_isolated-1] [INFO] [1790312457.763151595] [robot1.local_costmap.local_costmap]: StaticLayer: Resizing static layer to 142 X 269 at 0.050000 m/pix
[component_container_isolated-1] [INFO] [1790312457.963094140] [robot1.local_costmap.local_costmap]: StaticLayer: Resizing static layer to 163 X 291 at 0.050000 m/pix
[component_container_isolated-1] [INFO] [1790312458.763102319] [robot1.local_costmap.local_costmap]: StaticLayer: Resizing static layer to 142 X 269 at 0.050000 m/pix
[component_container_isolated-1] [INFO] [1790312458.963084584] [robot1.local_costmap.local_costmap]: StaticLayer: Resizing static layer to 163 X 291 at 0.050000 m/pix
[component_container_isolated-1] [INFO] [1790312459.763055362] [robot1.local_costmap.local_costmap]: StaticLayer: Resizing static layer to 142 X 269 at 0.050000 m/pix
[component_container_isolated-1] [INFO] [1790312459.963087604] [robot1.local_costmap.local_costmap]: StaticLayer: Resizing static layer to 163 X 291 at 0.050000 m/pix
[component_container_isolated-1] [INFO] [1790312460.763163253] [robot1.local_costmap.local_costmap]: StaticLayer: Resizing static layer to 142 X 269 at 0.050000 m/pix
[component_container_isolated-1] [INFO] [1790312460.963095983] [robot1.local_costmap.local_costmap]: StaticLayer: Resizing static layer to 163 X 291 at 0.050000 m/pix
[component_container_isolated-1] [INFO] [1790312461.763088309] [robot1.local_costmap.local_costmap]: StaticLayer: Resizing static layer to 142 X 269 at 0.050000 m/pix
[component_container_isolated-1] [INFO] [1790312461.963083724] [robot1.local_costmap.local_costmap]: StaticLayer: Resizing static layer to 163 X 291 at 0.050000 m/pix
[component_container_isolated-1] [INFO] [1790312462.763070567] [robot1.local_costmap.local_costmap]: StaticLayer: Resizing static layer to 142 X 269 at 0.050000 m/pix
[component_container_isolated-1] [INFO] [1790312462.963109083] [robot1.local_costmap.local_costmap]: StaticLayer: Resizing static layer to 163 X 291 at 0.050000 m/pix
[component_container_isolated-1] [INFO] [1790312463.763104914] [robot1.local_costmap.local_costmap]: StaticLayer: Resizing static layer to 142 X 269 at 0.050000 m/pix
[component_container_isolated-1] [INFO] [1790312463.963190321] [robot1.local_costmap.local_costmap]: StaticLayer: Resizing static layer to 163 X 291 at 0.050000 m/pix
[component_container_isolated-1] [INFO] [1790312464.763086184] [robot1.local_costmap.local_costmap]: StaticLayer: Resizing static layer to 142 X 269 at 0.050000 m/pix
[component_container_isolated-1] [INFO] [1790312464.963095340] [robot1.local_costmap.local_costmap]: StaticLayer: Resizing static layer to 163 X 291 at 0.050000 m/pix
[component_container_isolated-1] [INFO] [1790312465.763092519] [robot1.local_costmap.local_costmap]: StaticLayer: Resizing static layer to 142 X 269 at 0.050000 m/pix
[component_container_isolated-1] [INFO] [1790312465.963086643] [robot1.local_costmap.local_costmap]: StaticLayer: Resizing static layer to 163 X 291 at 0.050000 m/pix
[component_container_isolated-1] [INFO] [1790312466.763028635] [robot1.local_costmap.local_costmap]: StaticLayer: Resizing static layer to 142 X 269 at 0.050000 m/pix
[component_container_isolated-1] [INFO] [1790312466.963060598] [robot1.local_costmap.local_costmap]: StaticLayer: Resizing static layer to 163 X 291 at 0.050000 m/pix
[component_container_isolated-1] [INFO] [1790312467.763062433] [robot1.local_costmap.local_costmap]: StaticLayer: Resizing static layer to 142 X 269 at 0.050000 m/pix
[component_container_isolated-1] [INFO] [1790312467.963099790] [robot1.local_costmap.local_costmap]: StaticLayer: Resizing static layer to 163 X 291 at 0.050000 m/pix
[component_container_isolated-1] [INFO] [1790312468.763092770] [robot1.local_costmap.local_costmap]: StaticLayer: Resizing static layer to 142 X 269 at 0.050000 m/pix
[component_container_isolated-1] [INFO] [1790312468.963085181] [robot1.local_costmap.local_costmap]: StaticLayer: Resizing static layer to 163 X 291 at 0.050000 m/pix
[component_container_isolated-1] [INFO] [1790312469.763086175] [robot1.local_costmap.local_costmap]: StaticLayer: Resizing static layer to 142 X 269 at 0.050000 m/pix
[component_container_isolated-1] [INFO] [1790312469.963099628] [robot1.local_costmap.local_costmap]: StaticLayer: Resizing static layer to 163 X 291 at 0.050000 m/pix
[component_container_isolated-1] [INFO] [1790312470.763091925] [robot1.local_costmap.local_costmap]: StaticLayer: Resizing static layer to 142 X 269 at 0.050000 m/pix
[component_container_isolated-1] [INFO] [1790312470.963086165] [robot1.local_costmap.local_costmap]: StaticLayer: Resizing static layer to 163 X 291 at 0.050000 m/pix
[component_container_isolated-1] [INFO] [1790312471.763081545] [robot1.local_costmap.local_costmap]: StaticLayer: Resizing static layer to 142 X 269 at 0.050000 m/pix
[component_container_isolated-1] [INFO] [1790312471.963080045] [robot1.local_costmap.local_costmap]: StaticLayer: Resizing static layer to 163 X 291 at 0.050000 m/pix
[component_container_isolated-1] [INFO] [1790312472.763068105] [robot1.local_costmap.local_costmap]: StaticLayer: Resizing static layer to 142 X 269 at 0.050000 m/pix
[component_container_isolated-1] [INFO] [1790312472.963061370] [robot1.local_costmap.local_costmap]: StaticLayer: Resizing static layer to 163 X 291 at 0.050000 m/pix
[component_container_isolated-1] [INFO] [1790312473.763090643] [robot1.local_costmap.local_costmap]: StaticLayer: Resizing static layer to 142 X 269 at 0.050000 m/pix
[component_container_isolated-1] [INFO] [1790312473.963088319] [robot1.local_costmap.local_costmap]: StaticLayer: Resizing static layer to 163 X 291 at 0.050000 m/pix
[component_container_isolated-1] [INFO] [1790312474.763098015] [robot1.local_costmap.local_costmap]: StaticLayer: Resizing static layer to 142 X 269 at 0.050000 m/pix
[component_container_isolated-1] [INFO] [1790312474.963086092] [robot1.local_costmap.local_costmap]: StaticLayer: Resizing static layer to 163 X 291 at 0.050000 m/pix
[component_container_isolated-1] [INFO] [1790312475.763092612] [robot1.local_costmap.local_costmap]: StaticLayer: Resizing static layer to 142 X 269 at 0.050000 m/pix
[component_container_isolated-1] [INFO] [1790312475.963091672] [robot1.local_costmap.local_costmap]: StaticLayer: Resizing static layer to 163 X 291 at 0.050000 m/pix
[component_container_isolated-1] [INFO] [1790312476.763098956] [robot1.local_costmap.local_costmap]: StaticLayer: Resizing static layer to 142 X 269 at 0.050000 m/pix
[component_container_isolated-1] [INFO] [1790312476.963098054] [robot1.local_costmap.local_costmap]: StaticLayer: Resizing static layer to 163 X 291 at 0.050000 m/pix
[component_container_isolated-1] [INFO] [1790312477.763086745] [robot1.local_costmap.local_costmap]: StaticLayer: Resizing static layer to 142 X 269 at 0.050000 m/pix
[component_container_isolated-1] [INFO] [1790312477.963095485] [robot1.local_costmap.local_costmap]: StaticLayer: Resizing static layer to 163 X 291 at 0.050000 m/pix
[component_container_isolated-1] [INFO] [1790312478.763052149] [robot1.local_costmap.local_costmap]: StaticLayer: Resizing static layer to 142 X 269 at 0.050000 m/pix
[component_container_isolated-1] [INFO] [1790312478.963097161] [robot1.local_costmap.local_costmap]: StaticLayer: Resizing static layer to 163 X 291 at 0.050000 m/pix
[component_container_isolated-1] [INFO] [1790312479.763091398] [robot1.local_costmap.local_costmap]: StaticLayer: Resizing static layer to 142 X 269 at 0.050000 m/pix
[component_container_isolated-1] [INFO] [1790312479.963090116] [robot1.local_costmap.local_costmap]: StaticLayer: Resizing static layer to 163 X 291 at 0.050000 m/pix
[component_container_isolated-1] [INFO] [1790312480.763095207] [robot1.local_costmap.local_costmap]: StaticLayer: Resizing static layer to 142 X 269 at 0.050000 m/pix
[component_container_isolated-1] [INFO] [1790312480.963081404] [robot1.local_costmap.local_costmap]: StaticLayer: Resizing static layer to 163 X 291 at 0.050000 m/pix
[component_container_isolated-1] [INFO] [1790312481.763085139] [robot1.local_costmap.local_costmap]: StaticLayer: Resizing static layer to 142 X 269 at 0.050000 m/pix
[component_container_isolated-1] [INFO] [1790312481.963054452] [robot1.local_costmap.local_costmap]: StaticLayer: Resizing static layer to 163 X 291 at 0.050000 m/pix
[component_container_isolated-1] [INFO] [1790312482.763090623] [robot1.local_costmap.local_costmap]: StaticLayer: Resizing static layer to 142 X 269 at 0.050000 m/pix
[component_container_isolated-1] [INFO] [1790312482.963038177] [robot1.local_costmap.local_costmap]: StaticLayer: Resizing static layer to 163 X 291 at 0.050000 m/pix
[component_container_isolated-1] [INFO] [1790312483.763044573] [robot1.local_costmap.local_costmap]: StaticLayer: Resizing static layer to 142 X 269 at 0.050000 m/pix
[component_container_isolated-1] [INFO] [1790312483.963076929] [robot1.local_costmap.local_costmap]: StaticLayer: Resizing static layer to 163 X 291 at 0.050000 m/pix
[component_container_isolated-1] [INFO] [1790312484.763090929] [robot1.local_costmap.local_costmap]: StaticLayer: Resizing static layer to 142 X 269 at 0.050000 m/pix
[component_container_isolated-1] [INFO] [1790312484.963080097] [robot1.local_costmap.local_costmap]: StaticLayer: Resizing static layer to 163 X 291 at 0.050000 m/pix
[component_container_isolated-1] [INFO] [1790312485.763079055] [robot1.local_costmap.local_costmap]: StaticLayer: Resizing static layer to 142 X 269 at 0.050000 m/pix
[component_container_isolated-1] [INFO] [1790312485.963072008] [robot1.local_costmap.local_costmap]: StaticLayer: Resizing static layer to 163 X 291 at 0.050000 m/pix
[component_container_isolated-1] [INFO] [1790312486.763086722] [robot1.local_costmap.local_costmap]: StaticLayer: Resizing static layer to 142 X 269 at 0.050000 m/pix
[component_container_isolated-1] [INFO] [1790312486.963101778] [robot1.local_costmap.local_costmap]: StaticLayer: Resizing static layer to 163 X 291 at 0.050000 m/pix
[component_container_isolated-1] [INFO] [1790312487.763103106] [robot1.local_costmap.local_costmap]: StaticLayer: Resizing static layer to 142 X 269 at 0.050000 m/pix
[component_container_isolated-1] [INFO] [1790312487.963090215] [robot1.local_costmap.local_costmap]: StaticLayer: Resizing static layer to 163 X 291 at 0.050000 m/pix
[component_container_isolated-1] [INFO] [1790312488.763064754] [robot1.local_costmap.local_costmap]: StaticLayer: Resizing static layer to 142 X 269 at 0.050000 m/pix
[component_container_isolated-1] [INFO] [1790312488.963092258] [robot1.local_costmap.local_costmap]: StaticLayer: Resizing static layer to 163 X 291 at 0.050000 m/pix
[component_container_isolated-1] [INFO] [1790312489.763103374] [robot1.local_costmap.local_costmap]: StaticLayer: Resizing static layer to 142 X 269 at 0.050000 m/pix
[component_container_isolated-1] [INFO] [1790312489.963094170] [robot1.local_costmap.local_costmap]: StaticLayer: Resizing static layer to 163 X 291 at 0.050000 m/pix
[component_container_isolated-1] [INFO] [1790312490.763095046] [robot1.local_costmap.local_costmap]: StaticLayer: Resizing static layer to 142 X 269 at 0.050000 m/pix
[component_container_isolated-1] [INFO] [1790312490.963066265] [robot1.local_costmap.local_costmap]: StaticLayer: Resizing static layer to 163 X 291 at 0.050000 m/pix
[component_container_isolated-1] [INFO] [1790312491.763064323] [robot1.local_costmap.local_costmap]: StaticLayer: Resizing static layer to 142 X 269 at 0.050000 m/pix
[component_container_isolated-1] [INFO] [1790312491.963068023] [robot1.local_costmap.local_costmap]: StaticLayer: Resizing static layer to 163 X 291 at 0.050000 m/pix
[component_container_isolated-1] [INFO] [1790312492.763094561] [robot1.local_costmap.local_costmap]: StaticLayer: Resizing static layer to 142 X 269 at 0.050000 m/pix
[component_container_isolated-1] [INFO] [1790312492.963074399] [robot1.local_costmap.local_costmap]: StaticLayer: Resizing static layer to 163 X 291 at 0.050000 m/pix
[component_container_isolated-1] [INFO] [1790312493.763051115] [robot1.local_costmap.local_costmap]: StaticLayer: Resizing static layer to 142 X 269 at 0.050000 m/pix
[component_container_isolated-1] [INFO] [1790312493.963082504] [robot1.local_costmap.local_costmap]: StaticLayer: Resizing static layer to 163 X 291 at 0.050000 m/pix
[component_container_isolated-1] [INFO] [1790312494.763097328] [robot1.local_costmap.local_costmap]: StaticLayer: Resizing static layer to 142 X 269 at 0.050000 m/pix
[component_container_isolated-1] [INFO] [1790312494.963087699] [robot1.local_costmap.local_costmap]: StaticLayer: Resizing static layer to 163 X 291 at 0.050000 m/pix
[component_container_isolated-1] [INFO] [1790312495.763097384] [robot1.local_costmap.local_costmap]: StaticLayer: Resizing static layer to 142 X 269 at 0.050000 m/pix
[component_container_isolated-1] [INFO] [1790312495.963095715] [robot1.local_costmap.local_costmap]: StaticLayer: Resizing static layer to 163 X 291 at 0.050000 m/pix
[component_container_isolated-1] [INFO] [1790312496.763090290] [robot1.local_costmap.local_costmap]: StaticLayer: Resizing static layer to 142 X 269 at 0.050000 m/pix
[component_container_isolated-1] [INFO] [1790312496.963087722] [robot1.local_costmap.local_costmap]: StaticLayer: Resizing static layer to 163 X 291 at 0.050000 m/pix
[component_container_isolated-1] [INFO] [1790312497.763089954] [robot1.local_costmap.local_costmap]: StaticLayer: Resizing static layer to 142 X 269 at 0.050000 m/pix
[component_container_isolated-1] [INFO] [1790312497.963091492] [robot1.local_costmap.local_costmap]: StaticLayer: Resizing static layer to 163 X 291 at 0.050000 m/pix
[component_container_isolated-1] [INFO] [1790312498.763091861] [robot1.local_costmap.local_costmap]: StaticLayer: Resizing static layer to 142 X 269 at 0.050000 m/pix
[component_container_isolated-1] [INFO] [1790312498.963091594] [robot1.local_costmap.local_costmap]: StaticLayer: Resizing static layer to 163 X 291 at 0.050000 m/pix
[component_container_isolated-1] [INFO] [1790312499.763087112] [robot1.local_costmap.local_costmap]: StaticLayer: Resizing static layer to 142 X 269 at 0.050000 m/pix
[component_container_isolated-1] [INFO] [1790312499.963091814] [robot1.local_costmap.local_costmap]: StaticLayer: Resizing static layer to 163 X 291 at 0.050000 m/pix
[component_container_isolated-1] [INFO] [1790312500.763094088] [robot1.local_costmap.local_costmap]: StaticLayer: Resizing static layer to 142 X 269 at 0.050000 m/pix
[component_container_isolated-1] [INFO] [1790312500.963088543] [robot1.local_costmap.local_costmap]: StaticLayer: Resizing static layer to 163 X 291 at 0.050000 m/pix
[component_container_isolated-1] [INFO] [1790312501.763093237] [robot1.local_costmap.local_costmap]: StaticLayer: Resizing static layer to 142 X 269 at 0.050000 m/pix
[component_container_isolated-1] [INFO] [1790312501.963092560] [robot1.local_costmap.local_costmap]: StaticLayer: Resizing static layer to 163 X 291 at 0.050000 m/pix
[component_container_isolated-1] [INFO] [1790312502.763051842] [robot1.local_costmap.local_costmap]: StaticLayer: Resizing static layer to 142 X 269 at 0.050000 m/pix
[component_container_isolated-1] [INFO] [1790312502.963087330] [robot1.local_costmap.local_costmap]: StaticLayer: Resizing static layer to 163 X 291 at 0.050000 m/pix
[component_container_isolated-1] [INFO] [1790312503.763067948] [robot1.local_costmap.local_costmap]: StaticLayer: Resizing static layer to 142 X 269 at 0.050000 m/pix
[component_container_isolated-1] [INFO] [1790312503.963093541] [robot1.local_costmap.local_costmap]: StaticLayer: Resizing static layer to 163 X 291 at 0.050000 m/pix
[component_container_isolated-1] [INFO] [1790312504.763101027] [robot1.local_costmap.local_costmap]: StaticLayer: Resizing static layer to 142 X 269 at 0.050000 m/pix
[component_container_isolated-1] [INFO] [1790312504.963067231] [robot1.local_costmap.local_costmap]: StaticLayer: Resizing static layer to 163 X 291 at 0.050000 m/pix
[component_container_isolated-1] [INFO] [1790312505.763051952] [robot1.local_costmap.local_costmap]: StaticLayer: Resizing static layer to 142 X 269 at 0.050000 m/pix
[component_container_isolated-1] [INFO] [1790312505.963085918] [robot1.local_costmap.local_costmap]: StaticLayer: Resizing static layer to 163 X 291 at 0.050000 m/pix
[component_container_isolated-1] [INFO] [1790312506.763093709] [robot1.local_costmap.local_costmap]: StaticLayer: Resizing static layer to 142 X 269 at 0.050000 m/pix
[component_container_isolated-1] [INFO] [1790312506.963079936] [robot1.local_costmap.local_costmap]: StaticLayer: Resizing static layer to 163 X 291 at 0.050000 m/pix
[component_container_isolated-1] [INFO] [1790312507.763083169] [robot1.local_costmap.local_costmap]: StaticLayer: Resizing static layer to 142 X 269 at 0.050000 m/pix
[component_container_isolated-1] [INFO] [1790312507.963096249] [robot1.local_costmap.local_costmap]: StaticLayer: Resizing static layer to 163 X 291 at 0.050000 m/pix
[component_container_isolated-1] [INFO] [1790312508.763088088] [robot1.local_costmap.local_costmap]: StaticLayer: Resizing static layer to 142 X 269 at 0.050000 m/pix
[component_container_isolated-1] [INFO] [1790312508.963084797] [robot1.local_costmap.local_costmap]: StaticLayer: Resizing static layer to 163 X 291 at 0.050000 m/pix
[component_container_isolated-1] [INFO] [1790312509.763069864] [robot1.local_costmap.local_costmap]: StaticLayer: Resizing static layer to 142 X 269 at 0.050000 m/pix
[component_container_isolated-1] [INFO] [1790312509.963057097] [robot1.local_costmap.local_costmap]: StaticLayer: Resizing static layer to 163 X 291 at 0.050000 m/pix
[component_container_isolated-1] [INFO] [1790312510.763060494] [robot1.local_costmap.local_costmap]: StaticLayer: Resizing static layer to 142 X 269 at 0.050000 m/pix
[component_container_isolated-1] [INFO] [1790312510.963088334] [robot1.local_costmap.local_costmap]: StaticLayer: Resizing static layer to 163 X 291 at 0.050000 m/pix
[component_container_isolated-1] [INFO] [1790312511.763051607] [robot1.local_costmap.local_costmap]: StaticLayer: Resizing static layer to 142 X 269 at 0.050000 m/pix
[component_container_isolated-1] [INFO] [1790312511.963079527] [robot1.local_costmap.local_costmap]: StaticLayer: Resizing static layer to 163 X 291 at 0.050000 m/pix
[component_container_isolated-1] [INFO] [1790312512.763099241] [robot1.local_costmap.local_costmap]: StaticLayer: Resizing static layer to 142 X 269 at 0.050000 m/pix
[component_container_isolated-1] [INFO] [1790312512.963063268] [robot1.local_costmap.local_costmap]: StaticLayer: Resizing static layer to 163 X 291 at 0.050000 m/pix
[component_container_isolated-1] [INFO] [1790312513.763089430] [robot1.local_costmap.local_costmap]: StaticLayer: Resizing static layer to 142 X 269 at 0.050000 m/pix
[component_container_isolated-1] [INFO] [1790312513.963040221] [robot1.local_costmap.local_costmap]: StaticLayer: Resizing static layer to 163 X 291 at 0.050000 m/pix
[component_container_isolated-1] [INFO] [1790312514.763085394] [robot1.local_costmap.local_costmap]: StaticLayer: Resizing static layer to 142 X 269 at 0.050000 m/pix
[component_container_isolated-1] [INFO] [1790312514.963092787] [robot1.local_costmap.local_costmap]: StaticLayer: Resizing static layer to 163 X 291 at 0.050000 m/pix
[component_container_isolated-1] [INFO] [1790312515.763072808] [robot1.local_costmap.local_costmap]: StaticLayer: Resizing static layer to 142 X 269 at 0.050000 m/pix
[component_container_isolated-1] [INFO] [1790312515.963077977] [robot1.local_costmap.local_costmap]: StaticLayer: Resizing static layer to 163 X 291 at 0.050000 m/pix
[component_container_isolated-1] [INFO] [1790312516.763091561] [robot1.local_costmap.local_costmap]: StaticLayer: Resizing static layer to 142 X 269 at 0.050000 m/pix
[component_container_isolated-1] [INFO] [1790312516.963096880] [robot1.local_costmap.local_costmap]: StaticLayer: Resizing static layer to 163 X 291 at 0.050000 m/pix
[component_container_isolated-1] [INFO] [1790312517.763090144] [robot1.local_costmap.local_costmap]: StaticLayer: Resizing static layer to 142 X 269 at 0.050000 m/pix
[component_container_isolated-1] [INFO] [1790312517.963088768] [robot1.local_costmap.local_costmap]: StaticLayer: Resizing static layer to 163 X 291 at 0.050000 m/pix
[component_container_isolated-1] [INFO] [1790312518.763091817] [robot1.local_costmap.local_costmap]: StaticLayer: Resizing static layer to 142 X 269 at 0.050000 m/pix
[component_container_isolated-1] [INFO] [1790312518.963092876] [robot1.local_costmap.local_costmap]: StaticLayer: Resizing static layer to 163 X 291 at 0.050000 m/pix
[component_container_isolated-1] [INFO] [1790312519.763086604] [robot1.local_costmap.local_costmap]: StaticLayer: Resizing static layer to 142 X 269 at 0.050000 m/pix
[component_container_isolated-1] [INFO] [1790312519.963101314] [robot1.local_costmap.local_costmap]: StaticLayer: Resizing static layer to 163 X 291 at 0.050000 m/pix
[component_container_isolated-1] [INFO] [1790312520.763058497] [robot1.local_costmap.local_costmap]: StaticLayer: Resizing static layer to 142 X 269 at 0.050000 m/pix
[component_container_isolated-1] [INFO] [1790312520.963090792] [robot1.local_costmap.local_costmap]: StaticLayer: Resizing static layer to 163 X 291 at 0.050000 m/pix
[component_container_isolated-1] [INFO] [1790312521.763093175] [robot1.local_costmap.local_costmap]: StaticLayer: Resizing static layer to 142 X 269 at 0.050000 m/pix
[component_container_isolated-1] [INFO] [1790312521.963099160] [robot1.local_costmap.local_costmap]: StaticLayer: Resizing static layer to 163 X 291 at 0.050000 m/pix
[component_container_isolated-1] [INFO] [1790312522.763086029] [robot1.local_costmap.local_costmap]: StaticLayer: Resizing static layer to 142 X 269 at 0.050000 m/pix
[component_container_isolated-1] [INFO] [1790312522.963068926] [robot1.local_costmap.local_costmap]: StaticLayer: Resizing static layer to 163 X 291 at 0.050000 m/pix
[component_container_isolated-1] [INFO] [1790312523.763081110] [robot1.local_costmap.local_costmap]: StaticLayer: Resizing static layer to 142 X 269 at 0.050000 m/pix
[component_container_isolated-1] [INFO] [1790312523.963093332] [robot1.local_costmap.local_costmap]: StaticLayer: Resizing static layer to 163 X 291 at 0.050000 m/pix
[component_container_isolated-1] [INFO] [1790312524.763090627] [robot1.local_costmap.local_costmap]: StaticLayer: Resizing static layer to 142 X 269 at 0.050000 m/pix
[component_container_isolated-1] [INFO] [1790312524.963093510] [robot1.local_costmap.local_costmap]: StaticLayer: Resizing static layer to 163 X 291 at 0.050000 m/pix
[component_container_isolated-1] [INFO] [1790312525.763093726] [robot1.local_costmap.local_costmap]: StaticLayer: Resizing static layer to 142 X 269 at 0.050000 m/pix
[component_container_isolated-1] [INFO] [1790312525.963057068] [robot1.local_costmap.local_costmap]: StaticLayer: Resizing static layer to 163 X 291 at 0.050000 m/pix
[component_container_isolated-1] [INFO] [1790312526.763095774] [robot1.local_costmap.local_costmap]: StaticLayer: Resizing static layer to 142 X 269 at 0.050000 m/pix
[component_container_isolated-1] [INFO] [1790312526.963095030] [robot1.local_costmap.local_costmap]: StaticLayer: Resizing static layer to 163 X 291 at 0.050000 m/pix
[component_container_isolated-1] [INFO] [1790312527.763058941] [robot1.local_costmap.local_costmap]: StaticLayer: Resizing static layer to 142 X 269 at 0.050000 m/pix
[component_container_isolated-1] [INFO] [1790312527.963089638] [robot1.local_costmap.local_costmap]: StaticLayer: Resizing static layer to 163 X 291 at 0.050000 m/pix
[component_container_isolated-1] [INFO] [1790312528.763089967] [robot1.local_costmap.local_costmap]: StaticLayer: Resizing static layer to 142 X 269 at 0.050000 m/pix
[component_container_isolated-1] [INFO] [1790312528.963087704] [robot1.local_costmap.local_costmap]: StaticLayer: Resizing static layer to 163 X 291 at 0.050000 m/pix
[component_container_isolated-1] [INFO] [1790312529.763044548] [robot1.local_costmap.local_costmap]: StaticLayer: Resizing static layer to 142 X 269 at 0.050000 m/pix
[component_container_isolated-1] [INFO] [1790312529.963091084] [robot1.local_costmap.local_costmap]: StaticLayer: Resizing static layer to 163 X 291 at 0.050000 m/pix
[component_container_isolated-1] [INFO] [1790312530.763099334] [robot1.local_costmap.local_costmap]: StaticLayer: Resizing static layer to 142 X 269 at 0.050000 m/pix
[component_container_isolated-1] [INFO] [1790312530.963084678] [robot1.local_costmap.local_costmap]: StaticLayer: Resizing static layer to 163 X 291 at 0.050000 m/pix
[component_container_isolated-1] [INFO] [1790312531.763095549] [robot1.local_costmap.local_costmap]: StaticLayer: Resizing static layer to 142 X 269 at 0.050000 m/pix
[component_container_isolated-1] [INFO] [1790312531.963076532] [robot1.local_costmap.local_costmap]: StaticLayer: Resizing static layer to 163 X 291 at 0.050000 m/pix
[component_container_isolated-1] [INFO] [1790312532.763097779] [robot1.local_costmap.local_costmap]: StaticLayer: Resizing static layer to 142 X 269 at 0.050000 m/pix
[component_container_isolated-1] [INFO] [1790312532.963098190] [robot1.local_costmap.local_costmap]: StaticLayer: Resizing static layer to 163 X 291 at 0.050000 m/pix
[component_container_isolated-1] [INFO] [1790312533.763061381] [robot1.local_costmap.local_costmap]: StaticLayer: Resizing static layer to 142 X 269 at 0.050000 m/pix
[component_container_isolated-1] [INFO] [1790312533.963088218] [robot1.local_costmap.local_costmap]: StaticLayer: Resizing static layer to 163 X 291 at 0.050000 m/pix
[component_container_isolated-1] [INFO] [1790312534.763060641] [robot1.local_costmap.local_costmap]: StaticLayer: Resizing static layer to 142 X 269 at 0.050000 m/pix
[component_container_isolated-1] [INFO] [1790312534.963098037] [robot1.local_costmap.local_costmap]: StaticLayer: Resizing static layer to 163 X 291 at 0.050000 m/pix
[component_container_isolated-1] [INFO] [1790312535.763064567] [robot1.local_costmap.local_costmap]: StaticLayer: Resizing static layer to 142 X 269 at 0.050000 m/pix
[component_container_isolated-1] [INFO] [1790312535.963093608] [robot1.local_costmap.local_costmap]: StaticLayer: Resizing static layer to 163 X 291 at 0.050000 m/pix
[component_container_isolated-1] [INFO] [1790312536.763060143] [robot1.local_costmap.local_costmap]: StaticLayer: Resizing static layer to 142 X 269 at 0.050000 m/pix
[component_container_isolated-1] [INFO] [1790312536.963058883] [robot1.local_costmap.local_costmap]: StaticLayer: Resizing static layer to 163 X 291 at 0.050000 m/pix
[component_container_isolated-1] [INFO] [1790312537.763069849] [robot1.local_costmap.local_costmap]: StaticLayer: Resizing static layer to 142 X 269 at 0.050000 m/pix
[component_container_isolated-1] [INFO] [1790312537.963096816] [robot1.local_costmap.local_costmap]: StaticLayer: Resizing static layer to 163 X 291 at 0.050000 m/pix
[component_container_isolated-1] [INFO] [1790312538.763062381] [robot1.local_costmap.local_costmap]: StaticLayer: Resizing static layer to 142 X 269 at 0.050000 m/pix
[component_container_isolated-1] [INFO] [1790312538.963060437] [robot1.local_costmap.local_costmap]: StaticLayer: Resizing static layer to 163 X 291 at 0.050000 m/pix
[component_container_isolated-1] [INFO] [1790312539.763093088] [robot1.local_costmap.local_costmap]: StaticLayer: Resizing static layer to 142 X 269 at 0.050000 m/pix
[component_container_isolated-1] [INFO] [1790312539.963089087] [robot1.local_costmap.local_costmap]: StaticLayer: Resizing static layer to 163 X 291 at 0.050000 m/pix
[component_container_isolated-1] [INFO] [1790312540.763084256] [robot1.local_costmap.local_costmap]: StaticLayer: Resizing static layer to 142 X 269 at 0.050000 m/pix
[component_container_isolated-1] [INFO] [1790312540.963092608] [robot1.local_costmap.local_costmap]: StaticLayer: Resizing static layer to 163 X 291 at 0.050000 m/pix
[component_container_isolated-1] [INFO] [1790312541.763058579] [robot1.local_costmap.local_costmap]: StaticLayer: Resizing static layer to 142 X 269 at 0.050000 m/pix
[component_container_isolated-1] [INFO] [1790312541.963065862] [robot1.local_costmap.local_costmap]: StaticLayer: Resizing static layer to 163 X 291 at 0.050000 m/pix
[component_container_isolated-1] [INFO] [1790312542.763060495] [robot1.local_costmap.local_costmap]: StaticLayer: Resizing static layer to 142 X 269 at 0.050000 m/pix
[component_container_isolated-1] [INFO] [1790312542.963090724] [robot1.local_costmap.local_costmap]: StaticLayer: Resizing static layer to 163 X 291 at 0.050000 m/pix
[component_container_isolated-1] [INFO] [1790312543.763053294] [robot1.local_costmap.local_costmap]: StaticLayer: Resizing static layer to 142 X 269 at 0.050000 m/pix
[component_container_isolated-1] [INFO] [1790312543.963088921] [robot1.local_costmap.local_costmap]: StaticLayer: Resizing static layer to 163 X 291 at 0.050000 m/pix
[component_container_isolated-1] [INFO] [1790312544.763093780] [robot1.local_costmap.local_costmap]: StaticLayer: Resizing static layer to 142 X 269 at 0.050000 m/pix
[component_container_isolated-1] [INFO] [1790312544.963062781] [robot1.local_costmap.local_costmap]: StaticLayer: Resizing static layer to 163 X 291 at 0.050000 m/pix
[component_container_isolated-1] [INFO] [1790312545.763068888] [robot1.local_costmap.local_costmap]: StaticLayer: Resizing static layer to 142 X 269 at 0.050000 m/pix
[component_container_isolated-1] [INFO] [1790312545.963084478] [robot1.local_costmap.local_costmap]: StaticLayer: Resizing static layer to 163 X 291 at 0.050000 m/pix
[component_container_isolated-1] [INFO] [1790312546.763076497] [robot1.local_costmap.local_costmap]: StaticLayer: Resizing static layer to 142 X 269 at 0.050000 m/pix
[component_container_isolated-1] [INFO] [1790312546.963087305] [robot1.local_costmap.local_costmap]: StaticLayer: Resizing static layer to 163 X 291 at 0.050000 m/pix
[component_container_isolated-1] [INFO] [1790312547.763056467] [robot1.local_costmap.local_costmap]: StaticLayer: Resizing static layer to 142 X 269 at 0.050000 m/pix
[component_container_isolated-1] [INFO] [1790312547.963056858] [robot1.local_costmap.local_costmap]: StaticLayer: Resizing static layer to 163 X 291 at 0.050000 m/pix
[component_container_isolated-1] [INFO] [1790312548.763065813] [robot1.local_costmap.local_costmap]: StaticLayer: Resizing static layer to 142 X 269 at 0.050000 m/pix
[component_container_isolated-1] [INFO] [1790312548.963074083] [robot1.local_costmap.local_costmap]: StaticLayer: Resizing static layer to 163 X 291 at 0.050000 m/pix
[component_container_isolated-1] [INFO] [1790312549.763082132] [robot1.local_costmap.local_costmap]: StaticLayer: Resizing static layer to 142 X 269 at 0.050000 m/pix
[component_container_isolated-1] [INFO] [1790312549.963065170] [robot1.local_costmap.local_costmap]: StaticLayer: Resizing static layer to 163 X 291 at 0.050000 m/pix
[component_container_isolated-1] [INFO] [1790312550.763088540] [robot1.local_costmap.local_costmap]: StaticLayer: Resizing static layer to 142 X 269 at 0.050000 m/pix
[component_container_isolated-1] [INFO] [1790312550.963060501] [robot1.local_costmap.local_costmap]: StaticLayer: Resizing static layer to 163 X 291 at 0.050000 m/pix
[component_container_isolated-1] [INFO] [1790312551.763096287] [robot1.local_costmap.local_costmap]: StaticLayer: Resizing static layer to 142 X 269 at 0.050000 m/pix
[component_container_isolated-1] [INFO] [1790312551.963090327] [robot1.local_costmap.local_costmap]: StaticLayer: Resizing static layer to 163 X 291 at 0.050000 m/pix
[component_container_isolated-1] [INFO] [1790312552.763060527] [robot1.local_costmap.local_costmap]: StaticLayer: Resizing static layer to 142 X 269 at 0.050000 m/pix
[component_container_isolated-1] [INFO] [1790312552.963107116] [robot1.local_costmap.local_costmap]: StaticLayer: Resizing static layer to 163 X 291 at 0.050000 m/pix
[component_container_isolated-1] [INFO] [1790312553.763099527] [robot1.local_costmap.local_costmap]: StaticLayer: Resizing static layer to 142 X 269 at 0.050000 m/pix
[component_container_isolated-1] [INFO] [1790312553.963055442] [robot1.local_costmap.local_costmap]: StaticLayer: Resizing static layer to 163 X 291 at 0.050000 m/pix
[component_container_isolated-1] [INFO] [1790312554.763056673] [robot1.local_costmap.local_costmap]: StaticLayer: Resizing static layer to 142 X 269 at 0.050000 m/pix
[component_container_isolated-1] [INFO] [1790312554.963049022] [robot1.local_costmap.local_costmap]: StaticLayer: Resizing static layer to 163 X 291 at 0.050000 m/pix
[component_container_isolated-1] [INFO] [1790312555.763095738] [robot1.local_costmap.local_costmap]: StaticLayer: Resizing static layer to 142 X 269 at 0.050000 m/pix
[component_container_isolated-1] [INFO] [1790312555.963035355] [robot1.local_costmap.local_costmap]: StaticLayer: Resizing static layer to 163 X 291 at 0.050000 m/pix
[component_container_isolated-1] [INFO] [1790312556.763050391] [robot1.local_costmap.local_costmap]: StaticLayer: Resizing static layer to 142 X 269 at 0.050000 m/pix
[component_container_isolated-1] [INFO] [1790312556.963098042] [robot1.local_costmap.local_costmap]: StaticLayer: Resizing static layer to 163 X 291 at 0.050000 m/pix
[component_container_isolated-1] [INFO] [1790312557.763051089] [robot1.local_costmap.local_costmap]: StaticLayer: Resizing static layer to 142 X 269 at 0.050000 m/pix
[component_container_isolated-1] [INFO] [1790312557.963086444] [robot1.local_costmap.local_costmap]: StaticLayer: Resizing static layer to 163 X 291 at 0.050000 m/pix
[component_container_isolated-1] [INFO] [1790312558.763058125] [robot1.local_costmap.local_costmap]: StaticLayer: Resizing static layer to 142 X 269 at 0.050000 m/pix
[component_container_isolated-1] [INFO] [1790312558.963054235] [robot1.local_costmap.local_costmap]: StaticLayer: Resizing static layer to 163 X 291 at 0.050000 m/pix
[component_container_isolated-1] [INFO] [1790312559.763087214] [robot1.local_costmap.local_costmap]: StaticLayer: Resizing static layer to 142 X 269 at 0.050000 m/pix
[component_container_isolated-1] [INFO] [1790312559.963096945] [robot1.local_costmap.local_costmap]: StaticLayer: Resizing static layer to 163 X 291 at 0.050000 m/pix
[component_container_isolated-1] [INFO] [1790312560.763090758] [robot1.local_costmap.local_costmap]: StaticLayer: Resizing static layer to 142 X 269 at 0.050000 m/pix
[component_container_isolated-1] [INFO] [1790312560.963053370] [robot1.local_costmap.local_costmap]: StaticLayer: Resizing static layer to 163 X 291 at 0.050000 m/pix
[component_container_isolated-1] [INFO] [1790312561.763151392] [robot1.local_costmap.local_costmap]: StaticLayer: Resizing static layer to 142 X 269 at 0.050000 m/pix
[component_container_isolated-1] [INFO] [1790312561.963082568] [robot1.local_costmap.local_costmap]: StaticLayer: Resizing static layer to 163 X 291 at 0.050000 m/pix
[component_container_isolated-1] [INFO] [1790312562.763083972] [robot1.local_costmap.local_costmap]: StaticLayer: Resizing static layer to 142 X 269 at 0.050000 m/pix
[component_container_isolated-1] [INFO] [1790312562.963088222] [robot1.local_costmap.local_costmap]: StaticLayer: Resizing static layer to 163 X 291 at 0.050000 m/pix
[component_container_isolated-1] [INFO] [1790312563.763087826] [robot1.local_costmap.local_costmap]: StaticLayer: Resizing static layer to 142 X 269 at 0.050000 m/pix
[component_container_isolated-1] [INFO] [1790312563.963088577] [robot1.local_costmap.local_costmap]: StaticLayer: Resizing static layer to 163 X 291 at 0.050000 m/pix
[component_container_isolated-1] [INFO] [1790312564.763083046] [robot1.local_costmap.local_costmap]: StaticLayer: Resizing static layer to 142 X 269 at 0.050000 m/pix
[component_container_isolated-1] [INFO] [1790312564.963085362] [robot1.local_costmap.local_costmap]: StaticLayer: Resizing static layer to 163 X 291 at 0.050000 m/pix
[component_container_isolated-1] [INFO] [1790312565.763133304] [robot1.local_costmap.local_costmap]: StaticLayer: Resizing static layer to 142 X 269 at 0.050000 m/pix
[component_container_isolated-1] [INFO] [1790312565.963068162] [robot1.local_costmap.local_costmap]: StaticLayer: Resizing static layer to 163 X 291 at 0.050000 m/pix
[component_container_isolated-1] [INFO] [1790312566.763054827] [robot1.local_costmap.local_costmap]: StaticLayer: Resizing static layer to 142 X 269 at 0.050000 m/pix
[component_container_isolated-1] [INFO] [1790312566.963109561] [robot1.local_costmap.local_costmap]: StaticLayer: Resizing static layer to 163 X 291 at 0.050000 m/pix
[component_container_isolated-1] [INFO] [1790312567.763081131] [robot1.local_costmap.local_costmap]: StaticLayer: Resizing static layer to 142 X 269 at 0.050000 m/pix
[component_container_isolated-1] [INFO] [1790312567.963090411] [robot1.local_costmap.local_costmap]: StaticLayer: Resizing static layer to 163 X 291 at 0.050000 m/pix
[component_container_isolated-1] [INFO] [1790312568.763057728] [robot1.local_costmap.local_costmap]: StaticLayer: Resizing static layer to 142 X 269 at 0.050000 m/pix
[component_container_isolated-1] [INFO] [1790312568.963090550] [robot1.local_costmap.local_costmap]: StaticLayer: Resizing static layer to 163 X 291 at 0.050000 m/pix
[component_container_isolated-1] [INFO] [1790312569.763087619] [robot1.local_costmap.local_costmap]: StaticLayer: Resizing static layer to 142 X 269 at 0.050000 m/pix
[component_container_isolated-1] [INFO] [1790312569.963062609] [robot1.local_costmap.local_costmap]: StaticLayer: Resizing static layer to 163 X 291 at 0.050000 m/pix
[component_container_isolated-1] [INFO] [1790312570.763079634] [robot1.local_costmap.local_costmap]: StaticLayer: Resizing static layer to 142 X 269 at 0.050000 m/pix
[component_container_isolated-1] [INFO] [1790312570.963088130] [robot1.local_costmap.local_costmap]: StaticLayer: Resizing static layer to 163 X 291 at 0.050000 m/pix
[component_container_isolated-1] [INFO] [1790312571.763136878] [robot1.local_costmap.local_costmap]: StaticLayer: Resizing static layer to 142 X 269 at 0.050000 m/pix
[component_container_isolated-1] [INFO] [1790312571.963104122] [robot1.local_costmap.local_costmap]: StaticLayer: Resizing static layer to 163 X 291 at 0.050000 m/pix
[component_container_isolated-1] [INFO] [1790312572.763088921] [robot1.local_costmap.local_costmap]: StaticLayer: Resizing static layer to 142 X 269 at 0.050000 m/pix
[component_container_isolated-1] [INFO] [1790312572.963088414] [robot1.local_costmap.local_costmap]: StaticLayer: Resizing static layer to 163 X 291 at 0.050000 m/pix
[component_container_isolated-1] [INFO] [1790312573.763089651] [robot1.local_costmap.local_costmap]: StaticLayer: Resizing static layer to 142 X 269 at 0.050000 m/pix
[component_container_isolated-1] [INFO] [1790312573.963088381] [robot1.local_costmap.local_costmap]: StaticLayer: Resizing static layer to 163 X 291 at 0.050000 m/pix
[component_container_isolated-1] [INFO] [1790312574.763082023] [robot1.local_costmap.local_costmap]: StaticLayer: Resizing static layer to 142 X 269 at 0.050000 m/pix
[component_container_isolated-1] [INFO] [1790312574.963086470] [robot1.local_costmap.local_costmap]: StaticLayer: Resizing static layer to 163 X 291 at 0.050000 m/pix
[component_container_isolated-1] [INFO] [1790312575.763141847] [robot1.local_costmap.local_costmap]: StaticLayer: Resizing static layer to 142 X 269 at 0.050000 m/pix
[component_container_isolated-1] [INFO] [1790312575.963090949] [robot1.local_costmap.local_costmap]: StaticLayer: Resizing static layer to 163 X 291 at 0.050000 m/pix
[component_container_isolated-1] [INFO] [1790312576.763061555] [robot1.local_costmap.local_costmap]: StaticLayer: Resizing static layer to 142 X 269 at 0.050000 m/pix
[INFO] [launch]: All log files can be found below /home/danyalaziz/.ros/log/2026-09-25-10-03-59-105384-Precision-3660-109483
[INFO] [launch]: Default logging verbosity is set to INFO
[INFO] [component_container_isolated-1]: process started with pid [109504]
[component_container_isolated-1] [INFO] [1790312641.303252006] [robot1.nav2_container]: Load Library: /opt/ros/humble/lib/libcontroller_server_core.so
[component_container_isolated-1] [INFO] [1790312641.306131430] [robot1.nav2_container]: Found class: rclcpp_components::NodeFactoryTemplate<nav2_controller::ControllerServer>
[component_container_isolated-1] [INFO] [1790312641.306152369] [robot1.nav2_container]: Instantiate class: rclcpp_components::NodeFactoryTemplate<nav2_controller::ControllerServer>
[component_container_isolated-1] [INFO] [1790312641.336234854] [robot1.controller_server]: 
[component_container_isolated-1] 	controller_server lifecycle node launched. 
[component_container_isolated-1] 	Waiting on external lifecycle transitions to activate
[component_container_isolated-1] 	See https://design.ros2.org/articles/node_lifecycle.html for more information.
[component_container_isolated-1] [INFO] [1790312641.337793672] [robot1.controller_server]: Creating controller server
[component_container_isolated-1] [INFO] [1790312641.400561219] [robot1.local_costmap.local_costmap]: 
[component_container_isolated-1] 	local_costmap lifecycle node launched. 
[component_container_isolated-1] 	Waiting on external lifecycle transitions to activate
[component_container_isolated-1] 	See https://design.ros2.org/articles/node_lifecycle.html for more information.
[component_container_isolated-1] [INFO] [1790312641.400871802] [robot1.local_costmap.local_costmap]: Creating Costmap
[INFO] [launch_ros.actions.load_composable_nodes]: Loaded node '/robot1/controller_server' in container '/robot1/nav2_container'
[component_container_isolated-1] [INFO] [1790312641.402481414] [robot1.nav2_container]: Load Library: /opt/ros/humble/lib/libsmoother_server_core.so
[component_container_isolated-1] [INFO] [1790312641.403233936] [robot1.nav2_container]: Found class: rclcpp_components::NodeFactoryTemplate<nav2_smoother::SmootherServer>
[component_container_isolated-1] [INFO] [1790312641.403248779] [robot1.nav2_container]: Instantiate class: rclcpp_components::NodeFactoryTemplate<nav2_smoother::SmootherServer>
[component_container_isolated-1] [INFO] [1790312641.540398469] [robot1.smoother_server]: 
[component_container_isolated-1] 	smoother_server lifecycle node launched. 
[component_container_isolated-1] 	Waiting on external lifecycle transitions to activate
[component_container_isolated-1] 	See https://design.ros2.org/articles/node_lifecycle.html for more information.
[component_container_isolated-1] [INFO] [1790312641.541104533] [robot1.smoother_server]: Creating smoother server
[INFO] [launch_ros.actions.load_composable_nodes]: Loaded node '/robot1/smoother_server' in container '/robot1/nav2_container'
[component_container_isolated-1] [INFO] [1790312641.542390062] [robot1.nav2_container]: Load Library: /opt/ros/humble/lib/libplanner_server_core.so
[component_container_isolated-1] [INFO] [1790312641.542779353] [robot1.nav2_container]: Found class: rclcpp_components::NodeFactoryTemplate<nav2_planner::PlannerServer>
[component_container_isolated-1] [INFO] [1790312641.542789878] [robot1.nav2_container]: Instantiate class: rclcpp_components::NodeFactoryTemplate<nav2_planner::PlannerServer>
[component_container_isolated-1] [INFO] [1790312641.943925133] [robot1.planner_server]: 
[component_container_isolated-1] 	planner_server lifecycle node launched. 
[component_container_isolated-1] 	Waiting on external lifecycle transitions to activate
[component_container_isolated-1] 	See https://design.ros2.org/articles/node_lifecycle.html for more information.
[component_container_isolated-1] [INFO] [1790312641.944513793] [robot1.planner_server]: Creating
[component_container_isolated-1] [INFO] [1790312642.466425852] [robot1.global_costmap.global_costmap]: 
[component_container_isolated-1] 	global_costmap lifecycle node launched. 
[component_container_isolated-1] 	Waiting on external lifecycle transitions to activate
[component_container_isolated-1] 	See https://design.ros2.org/articles/node_lifecycle.html for more information.
[component_container_isolated-1] [INFO] [1790312642.466664307] [robot1.global_costmap.global_costmap]: Creating Costmap
[INFO] [launch_ros.actions.load_composable_nodes]: Loaded node '/robot1/planner_server' in container '/robot1/nav2_container'
[component_container_isolated-1] [INFO] [1790312642.468183942] [robot1.nav2_container]: Load Library: /opt/ros/humble/lib/libbehavior_server_core.so
[component_container_isolated-1] [INFO] [1790312642.469623502] [robot1.nav2_container]: Found class: rclcpp_components::NodeFactoryTemplate<behavior_server::BehaviorServer>
[component_container_isolated-1] [INFO] [1790312642.469646218] [robot1.nav2_container]: Instantiate class: rclcpp_components::NodeFactoryTemplate<behavior_server::BehaviorServer>
[component_container_isolated-1] [INFO] [1790312643.087619594] [robot1.behavior_server]: 
[component_container_isolated-1] 	behavior_server lifecycle node launched. 
[component_container_isolated-1] 	Waiting on external lifecycle transitions to activate
[component_container_isolated-1] 	See https://design.ros2.org/articles/node_lifecycle.html for more information.
[INFO] [launch_ros.actions.load_composable_nodes]: Loaded node '/robot1/behavior_server' in container '/robot1/nav2_container'
[component_container_isolated-1] [INFO] [1790312643.089421533] [robot1.nav2_container]: Load Library: /opt/ros/humble/lib/libbt_navigator_core.so
[component_container_isolated-1] [INFO] [1790312643.090201624] [robot1.nav2_container]: Found class: rclcpp_components::NodeFactoryTemplate<nav2_bt_navigator::BtNavigator>
[component_container_isolated-1] [INFO] [1790312643.090212160] [robot1.nav2_container]: Instantiate class: rclcpp_components::NodeFactoryTemplate<nav2_bt_navigator::BtNavigator>
[component_container_isolated-1] [INFO] [1790312643.580012522] [robot1.bt_navigator]: 
[component_container_isolated-1] 	bt_navigator lifecycle node launched. 
[component_container_isolated-1] 	Waiting on external lifecycle transitions to activate
[component_container_isolated-1] 	See https://design.ros2.org/articles/node_lifecycle.html for more information.
[component_container_isolated-1] [INFO] [1790312643.580049647] [robot1.bt_navigator]: Creating
[INFO] [launch_ros.actions.load_composable_nodes]: Loaded node '/robot1/bt_navigator' in container '/robot1/nav2_container'
[component_container_isolated-1] [INFO] [1790312643.581405213] [robot1.nav2_container]: Load Library: /opt/ros/humble/lib/libwaypoint_follower_core.so
[component_container_isolated-1] [INFO] [1790312643.581718168] [robot1.nav2_container]: Found class: rclcpp_components::NodeFactoryTemplate<nav2_waypoint_follower::WaypointFollower>
[component_container_isolated-1] [INFO] [1790312643.581725709] [robot1.nav2_container]: Instantiate class: rclcpp_components::NodeFactoryTemplate<nav2_waypoint_follower::WaypointFollower>
[component_container_isolated-1] [INFO] [1790312644.126951998] [robot1.waypoint_follower]: 
[component_container_isolated-1] 	waypoint_follower lifecycle node launched. 
[component_container_isolated-1] 	Waiting on external lifecycle transitions to activate
[component_container_isolated-1] 	See https://design.ros2.org/articles/node_lifecycle.html for more information.
[component_container_isolated-1] [INFO] [1790312644.127346297] [robot1.waypoint_follower]: Creating
[INFO] [launch_ros.actions.load_composable_nodes]: Loaded node '/robot1/waypoint_follower' in container '/robot1/nav2_container'
[component_container_isolated-1] [INFO] [1790312644.128745442] [robot1.nav2_container]: Load Library: /opt/ros/humble/lib/libvelocity_smoother_core.so
[component_container_isolated-1] [INFO] [1790312644.129316830] [robot1.nav2_container]: Found class: rclcpp_components::NodeFactoryTemplate<nav2_velocity_smoother::VelocitySmoother>
[component_container_isolated-1] [INFO] [1790312644.129332814] [robot1.nav2_container]: Instantiate class: rclcpp_components::NodeFactoryTemplate<nav2_velocity_smoother::VelocitySmoother>
[component_container_isolated-1] [INFO] [1790312644.870033276] [robot1.velocity_smoother]: 
[component_container_isolated-1] 	velocity_smoother lifecycle node launched. 
[component_container_isolated-1] 	Waiting on external lifecycle transitions to activate
[component_container_isolated-1] 	See https://design.ros2.org/articles/node_lifecycle.html for more information.
[INFO] [launch_ros.actions.load_composable_nodes]: Loaded node '/robot1/velocity_smoother' in container '/robot1/nav2_container'
[component_container_isolated-1] [INFO] [1790312644.871528948] [robot1.nav2_container]: Load Library: /opt/ros/humble/lib/libnav2_lifecycle_manager_core.so
[component_container_isolated-1] [INFO] [1790312644.871852540] [robot1.nav2_container]: Found class: rclcpp_components::NodeFactoryTemplate<nav2_lifecycle_manager::LifecycleManager>
[component_container_isolated-1] [INFO] [1790312644.871861199] [robot1.nav2_container]: Instantiate class: rclcpp_components::NodeFactoryTemplate<nav2_lifecycle_manager::LifecycleManager>
[component_container_isolated-1] [INFO] [1790312645.360409187] [robot1.lifecycle_manager_navigation]: Creating
[INFO] [launch_ros.actions.load_composable_nodes]: Loaded node '/robot1/lifecycle_manager_navigation' in container '/robot1/nav2_container'
[component_container_isolated-1] [INFO] [1790312645.453063912] [robot1.lifecycle_manager_navigation]: [34m[1mCreating and initializing lifecycle service clients[0m[0m
[INFO] [nav2_startup-2]: process started with pid [109739]
[nav2_startup-2] waiting for service to become available...
[nav2_startup-2] requester: making request: nav2_msgs.srv.ManageLifecycleNodes_Request(command=0)
[nav2_startup-2] 
[component_container_isolated-1] [INFO] [1790312661.049153039] [robot1.lifecycle_manager_navigation]: [34m[1mStarting managed nodes bringup...[0m[0m
[component_container_isolated-1] [INFO] [1790312661.049207065] [robot1.lifecycle_manager_navigation]: [34m[1mConfiguring controller_server[0m[0m
[component_container_isolated-1] [INFO] [1790312661.049491712] [robot1.controller_server]: Configuring controller interface
[component_container_isolated-1] [INFO] [1790312661.049616896] [robot1.controller_server]: getting goal checker plugins..
[component_container_isolated-1] [INFO] [1790312661.049665386] [robot1.controller_server]: Controller frequency set to 20.0000Hz
[component_container_isolated-1] [INFO] [1790312661.049687741] [robot1.local_costmap.local_costmap]: Configuring
[component_container_isolated-1] [INFO] [1790312661.339299585] [robot1.local_costmap.local_costmap]: Using plugin "static_layer"
[component_container_isolated-1] [INFO] [1790312661.340930936] [robot1.local_costmap.local_costmap]: Subscribing to the map topic (/robot1/map) with transient local durability
[component_container_isolated-1] [INFO] [1790312661.369038905] [robot1.local_costmap.local_costmap]: Initialized plugin "static_layer"
[component_container_isolated-1] [INFO] [1790312661.369064250] [robot1.local_costmap.local_costmap]: Using plugin "voxel_layer"
[component_container_isolated-1] [INFO] [1790312661.369347195] [robot1.local_costmap.local_costmap]: Subscribed to Topics: scan
[component_container_isolated-1] [INFO] [1790312661.474967199] [robot1.local_costmap.local_costmap]: Initialized plugin "voxel_layer"
[component_container_isolated-1] [INFO] [1790312661.475002613] [robot1.local_costmap.local_costmap]: Using plugin "inflation_layer"
[component_container_isolated-1] [INFO] [1790312661.475430139] [robot1.local_costmap.local_costmap]: Initialized plugin "inflation_layer"
[component_container_isolated-1] [INFO] [1790312661.680296068] [robot1.local_costmap.local_costmap]: StaticLayer: Resizing static layer to 143 X 269 at 0.050000 m/pix
[component_container_isolated-1] [INFO] [1790312661.680363344] [robot1.controller_server]: Created progress_checker : progress_checker of type nav2_controller::SimpleProgressChecker
[component_container_isolated-1] [INFO] [1790312661.680706837] [robot1.controller_server]: Created goal checker : general_goal_checker of type nav2_controller::SimpleGoalChecker
[component_container_isolated-1] [INFO] [1790312661.680837053] [robot1.controller_server]: Controller Server has general_goal_checker  goal checkers available.
[component_container_isolated-1] [INFO] [1790312661.681568665] [robot1.controller_server]: Created controller : FollowPath of type dwb_core::DWBLocalPlanner
[component_container_isolated-1] [INFO] [1790312661.682128720] [robot1.controller_server]: Setting transform_tolerance to 0.200000
[component_container_isolated-1] [INFO] [1790312661.811551851] [robot1.controller_server]: Using critic "RotateToGoal" (dwb_critics::RotateToGoalCritic)
[component_container_isolated-1] [INFO] [1790312661.811734914] [robot1.controller_server]: Critic plugin initialized
[component_container_isolated-1] [INFO] [1790312661.811776167] [robot1.controller_server]: Using critic "Oscillation" (dwb_critics::OscillationCritic)
[component_container_isolated-1] [INFO] [1790312661.811914785] [robot1.controller_server]: Critic plugin initialized
[component_container_isolated-1] [INFO] [1790312661.811951538] [robot1.controller_server]: Using critic "BaseObstacle" (dwb_critics::BaseObstacleCritic)
[component_container_isolated-1] [INFO] [1790312661.812007719] [robot1.controller_server]: Critic plugin initialized
[component_container_isolated-1] [INFO] [1790312661.812042150] [robot1.controller_server]: Using critic "GoalAlign" (dwb_critics::GoalAlignCritic)
[component_container_isolated-1] [INFO] [1790312661.812150471] [robot1.controller_server]: Critic plugin initialized
[component_container_isolated-1] [INFO] [1790312661.812183166] [robot1.controller_server]: Using critic "PathAlign" (dwb_critics::PathAlignCritic)
[component_container_isolated-1] [INFO] [1790312661.812268212] [robot1.controller_server]: Critic plugin initialized
[component_container_isolated-1] [INFO] [1790312661.812306822] [robot1.controller_server]: Using critic "PathDist" (dwb_critics::PathDistCritic)
[component_container_isolated-1] [INFO] [1790312661.812375163] [robot1.controller_server]: Critic plugin initialized
[component_container_isolated-1] [INFO] [1790312661.812404693] [robot1.controller_server]: Using critic "GoalDist" (dwb_critics::GoalDistCritic)
[component_container_isolated-1] [INFO] [1790312661.812463620] [robot1.controller_server]: Critic plugin initialized
[component_container_isolated-1] [INFO] [1790312661.812469873] [robot1.controller_server]: Controller Server has FollowPath  controllers available.
[component_container_isolated-1] [INFO] [1790312662.010344955] [robot1.lifecycle_manager_navigation]: [34m[1mConfiguring smoother_server[0m[0m
[component_container_isolated-1] [INFO] [1790312662.010540800] [robot1.smoother_server]: Configuring smoother server
[component_container_isolated-1] [INFO] [1790312662.192950262] [robot1.smoother_server]: Created smoother : simple_smoother of type nav2_smoother::SimpleSmoother
[component_container_isolated-1] [INFO] [1790312662.193245285] [robot1.smoother_server]: Smoother Server has simple_smoother  smoothers available.
[component_container_isolated-1] [INFO] [1790312662.335613674] [robot1.lifecycle_manager_navigation]: [34m[1mConfiguring planner_server[0m[0m
[component_container_isolated-1] [INFO] [1790312662.335819669] [robot1.planner_server]: Configuring
[component_container_isolated-1] [INFO] [1790312662.335875471] [robot1.global_costmap.global_costmap]: Configuring
[component_container_isolated-1] [INFO] [1790312662.468938068] [robot1.global_costmap.global_costmap]: Using plugin "static_layer"
[component_container_isolated-1] [INFO] [1790312662.469415771] [robot1.global_costmap.global_costmap]: Subscribing to the map topic (/robot1/map) with transient local durability
[component_container_isolated-1] [INFO] [1790312662.505112102] [robot1.global_costmap.global_costmap]: Initialized plugin "static_layer"
[component_container_isolated-1] [INFO] [1790312662.505138153] [robot1.global_costmap.global_costmap]: Using plugin "obstacle_layer"
[component_container_isolated-1] [INFO] [1790312662.505684774] [robot1.global_costmap.global_costmap]: Subscribed to Topics: scan
[component_container_isolated-1] [INFO] [1790312662.553397286] [robot1.global_costmap.global_costmap]: Initialized plugin "obstacle_layer"
[component_container_isolated-1] [INFO] [1790312662.553423459] [robot1.global_costmap.global_costmap]: Using plugin "inflation_layer"
[component_container_isolated-1] [INFO] [1790312662.553710473] [robot1.global_costmap.global_costmap]: Initialized plugin "inflation_layer"
[component_container_isolated-1] [INFO] [1790312662.874167862] [robot1.global_costmap.global_costmap]: StaticLayer: Resizing costmap to 143 X 269 at 0.050000 m/pix
[component_container_isolated-1] [INFO] [1790312662.874373583] [robot1.planner_server]: Created global planner plugin GridBased of type nav2_navfn_planner/NavfnPlanner
[component_container_isolated-1] [INFO] [1790312662.874392607] [robot1.planner_server]: Configuring plugin GridBased of type NavfnPlanner
[component_container_isolated-1] [INFO] [1790312662.874626681] [robot1.planner_server]: Planner Server has GridBased  planners available.
[component_container_isolated-1] [INFO] [1790312663.182751873] [robot1.lifecycle_manager_navigation]: [34m[1mConfiguring behavior_server[0m[0m
[component_container_isolated-1] [INFO] [1790312663.182895398] [robot1.behavior_server]: Configuring
[component_container_isolated-1] [INFO] [1790312663.356710513] [robot1.behavior_server]: Creating behavior plugin spin of type nav2_behaviors/Spin
[component_container_isolated-1] [INFO] [1790312663.357247567] [robot1.behavior_server]: Configuring spin
[component_container_isolated-1] [INFO] [1790312663.530364172] [robot1.behavior_server]: Creating behavior plugin backup of type nav2_behaviors/BackUp
[component_container_isolated-1] [INFO] [1790312663.530761014] [robot1.behavior_server]: Configuring backup
[component_container_isolated-1] [INFO] [1790312663.700604276] [robot1.behavior_server]: Creating behavior plugin drive_on_heading of type nav2_behaviors/DriveOnHeading
[component_container_isolated-1] [INFO] [1790312663.701008886] [robot1.behavior_server]: Configuring drive_on_heading
[component_container_isolated-1] [INFO] [1790312663.901254858] [robot1.behavior_server]: Creating behavior plugin assisted_teleop of type nav2_behaviors/AssistedTeleop
[component_container_isolated-1] [INFO] [1790312663.901994538] [robot1.behavior_server]: Configuring assisted_teleop
[component_container_isolated-1] [INFO] [1790312664.140346227] [robot1.behavior_server]: Creating behavior plugin wait of type nav2_behaviors/Wait
[component_container_isolated-1] [INFO] [1790312664.140722751] [robot1.behavior_server]: Configuring wait
[component_container_isolated-1] [INFO] [1790312664.329425782] [robot1.lifecycle_manager_navigation]: [34m[1mConfiguring bt_navigator[0m[0m
[component_container_isolated-1] [INFO] [1790312664.329546425] [robot1.bt_navigator]: Configuring
[component_container_isolated-1] [INFO] [1790312665.670770659] [robot1.lifecycle_manager_navigation]: [34m[1mConfiguring waypoint_follower[0m[0m
[component_container_isolated-1] [INFO] [1790312665.670913870] [robot1.waypoint_follower]: Configuring
[component_container_isolated-1] [INFO] [1790312666.020453707] [robot1.waypoint_follower]: Created waypoint_task_executor : wait_at_waypoint of type nav2_waypoint_follower::WaitAtWaypoint
[component_container_isolated-1] [INFO] [1790312666.020946989] [robot1.lifecycle_manager_navigation]: [34m[1mConfiguring velocity_smoother[0m[0m
[component_container_isolated-1] [INFO] [1790312666.021058694] [robot1.velocity_smoother]: Configuring velocity smoother
[component_container_isolated-1] [INFO] [1790312666.085400905] [robot1.lifecycle_manager_navigation]: [34m[1mActivating controller_server[0m[0m
[component_container_isolated-1] [INFO] [1790312666.085495766] [robot1.controller_server]: Activating
[component_container_isolated-1] [INFO] [1790312666.085538329] [robot1.local_costmap.local_costmap]: Activating
[component_container_isolated-1] [INFO] [1790312666.085554180] [robot1.local_costmap.local_costmap]: Checking transform
[component_container_isolated-1] [INFO] [1790312666.085655432] [robot1.local_costmap.local_costmap]: start
[component_container_isolated-1] [INFO] [1790312666.316710306] [robot1.controller_server]: Creating bond (controller_server) to lifecycle manager.
[component_container_isolated-1] [INFO] [1790312666.476612044] [robot1.lifecycle_manager_navigation]: Server controller_server connected with bond.
[component_container_isolated-1] [INFO] [1790312666.476678694] [robot1.lifecycle_manager_navigation]: [34m[1mActivating smoother_server[0m[0m
[component_container_isolated-1] [INFO] [1790312666.476941650] [robot1.smoother_server]: Activating
[component_container_isolated-1] [INFO] [1790312666.476964105] [robot1.smoother_server]: Creating bond (smoother_server) to lifecycle manager.
[component_container_isolated-1] [INFO] [1790312666.642409763] [robot1.lifecycle_manager_navigation]: Server smoother_server connected with bond.
[component_container_isolated-1] [INFO] [1790312666.642438207] [robot1.lifecycle_manager_navigation]: [34m[1mActivating planner_server[0m[0m
[component_container_isolated-1] [INFO] [1790312666.642684266] [robot1.planner_server]: Activating
[component_container_isolated-1] [INFO] [1790312666.642720069] [robot1.global_costmap.global_costmap]: Activating
[component_container_isolated-1] [INFO] [1790312666.642727587] [robot1.global_costmap.global_costmap]: Checking transform
[component_container_isolated-1] [INFO] [1790312666.642774315] [robot1.global_costmap.global_costmap]: start
[component_container_isolated-1] [INFO] [1790312667.667567997] [robot1.planner_server]: Activating plugin GridBased of type NavfnPlanner
[component_container_isolated-1] [INFO] [1790312667.688075912] [robot1.planner_server]: Creating bond (planner_server) to lifecycle manager.
[component_container_isolated-1] [INFO] [1790312667.861592494] [robot1.lifecycle_manager_navigation]: Server planner_server connected with bond.
[component_container_isolated-1] [INFO] [1790312667.861630460] [robot1.lifecycle_manager_navigation]: [34m[1mActivating behavior_server[0m[0m
[component_container_isolated-1] [INFO] [1790312667.861985031] [robot1.behavior_server]: Activating
[component_container_isolated-1] [INFO] [1790312667.862009318] [robot1.behavior_server]: Activating spin
[component_container_isolated-1] [INFO] [1790312667.862029544] [robot1.behavior_server]: Activating backup
[component_container_isolated-1] [INFO] [1790312667.862039308] [robot1.behavior_server]: Activating drive_on_heading
[component_container_isolated-1] [INFO] [1790312667.862049046] [robot1.behavior_server]: Activating assisted_teleop
[component_container_isolated-1] [INFO] [1790312667.862059018] [robot1.behavior_server]: Activating wait
[component_container_isolated-1] [INFO] [1790312667.862071246] [robot1.behavior_server]: Creating bond (behavior_server) to lifecycle manager.
[component_container_isolated-1] [INFO] [1790312668.034093378] [robot1.lifecycle_manager_navigation]: Server behavior_server connected with bond.
[component_container_isolated-1] [INFO] [1790312668.034128006] [robot1.lifecycle_manager_navigation]: [34m[1mActivating bt_navigator[0m[0m
[component_container_isolated-1] [INFO] [1790312668.034392423] [robot1.bt_navigator]: Activating
[component_container_isolated-1] [INFO] [1790312670.582563343] [robot1.bt_navigator]: Creating bond (bt_navigator) to lifecycle manager.
[component_container_isolated-1] [INFO] [1790312670.772816250] [robot1.lifecycle_manager_navigation]: Server bt_navigator connected with bond.
[component_container_isolated-1] [INFO] [1790312670.772934606] [robot1.lifecycle_manager_navigation]: [34m[1mActivating waypoint_follower[0m[0m
[component_container_isolated-1] [INFO] [1790312670.773316017] [robot1.waypoint_follower]: Activating
[component_container_isolated-1] [INFO] [1790312670.773361222] [robot1.waypoint_follower]: Creating bond (waypoint_follower) to lifecycle manager.
[component_container_isolated-1] [INFO] [1790312670.959417248] [robot1.lifecycle_manager_navigation]: Server waypoint_follower connected with bond.
[component_container_isolated-1] [INFO] [1790312670.959473732] [robot1.lifecycle_manager_navigation]: [34m[1mActivating velocity_smoother[0m[0m
[component_container_isolated-1] [INFO] [1790312670.959722931] [robot1.velocity_smoother]: Activating
[component_container_isolated-1] [INFO] [1790312670.959754936] [robot1.velocity_smoother]: Creating bond (velocity_smoother) to lifecycle manager.
[component_container_isolated-1] [INFO] [1790312671.134189150] [robot1.lifecycle_manager_navigation]: Server velocity_smoother connected with bond.
[component_container_isolated-1] [INFO] [1790312671.134220444] [robot1.lifecycle_manager_navigation]: [34m[1mManaged nodes are active[0m[0m
[component_container_isolated-1] [INFO] [1790312671.134233739] [robot1.lifecycle_manager_navigation]: [34m[1mCreating bond timer...[0m[0m
[nav2_startup-2] response:
[nav2_startup-2] nav2_msgs.srv.ManageLifecycleNodes_Response(success=True)
[nav2_startup-2] 
[INFO] [nav2_startup-2]: process has finished cleanly [pid 109739]
[component_container_isolated-1] [WARN] [1790312676.225702445] [robot1.lifecycle_manager_navigation.rclcpp]: failed to send response to /robot1/lifecycle_manager_navigation/is_active (timeout): client will not receive response, at ./src/rmw_response.cpp:154, at ./src/rcl/service.c:314
[component_container_isolated-1] [INFO] [1790312827.805805498] [robot1.bt_navigator]: Begin navigating from current location (-0.08, -0.03) to (-1.37, -0.30)
[component_container_isolated-1] [INFO] [1790312827.826299415] [robot1.controller_server]: Received a goal, begin computing control effort.
[component_container_isolated-1] [WARN] [1790312827.826388568] [robot1.controller_server]: No goal checker was specified in parameter 'current_goal_checker'. Server will use only plugin loaded general_goal_checker . This warning will appear once.
[component_container_isolated-1] [INFO] [1790312828.643016480] [robot1.global_costmap.global_costmap]: StaticLayer: Resizing costmap to 158 X 298 at 0.050000 m/pix
[component_container_isolated-1] [INFO] [1790312828.685903278] [robot1.local_costmap.local_costmap]: StaticLayer: Resizing static layer to 158 X 298 at 0.050000 m/pix
[component_container_isolated-1] [INFO] [1790312828.806016651] [robot1.bt_navigator]: Received goal preemption request
[component_container_isolated-1] [INFO] [1790312828.806125276] [robot1.bt_navigator]: Begin navigating from current location (-0.24, -0.04) to (-1.18, 0.16)
[component_container_isolated-1] [INFO] [1790312828.876569277] [robot1.controller_server]: Passing new path to controller.
[component_container_isolated-1] [INFO] [1790312829.806011089] [robot1.bt_navigator]: Received goal preemption request
[component_container_isolated-1] [INFO] [1790312829.806148253] [robot1.bt_navigator]: Begin navigating from current location (-0.48, -0.06) to (-1.18, 0.47)
[component_container_isolated-1] [INFO] [1790312829.926566467] [robot1.controller_server]: Passing new path to controller.
[component_container_isolated-1] [INFO] [1790312830.285898190] [robot1.local_costmap.local_costmap]: StaticLayer: Resizing static layer to 178 X 298 at 0.050000 m/pix
[component_container_isolated-1] [INFO] [1790312830.643017317] [robot1.global_costmap.global_costmap]: StaticLayer: Resizing costmap to 178 X 298 at 0.050000 m/pix
[component_container_isolated-1] [INFO] [1790312830.816000690] [robot1.bt_navigator]: Received goal preemption request
[component_container_isolated-1] [INFO] [1790312830.816103276] [robot1.bt_navigator]: Begin navigating from current location (-0.70, -0.00) to (-1.31, 0.79)
[component_container_isolated-1] [INFO] [1790312830.926564951] [robot1.controller_server]: Passing new path to controller.
[component_container_isolated-1] [INFO] [1790312831.285877860] [robot1.local_costmap.local_costmap]: StaticLayer: Resizing static layer to 194 X 298 at 0.050000 m/pix
[component_container_isolated-1] [INFO] [1790312831.643021577] [robot1.global_costmap.global_costmap]: StaticLayer: Resizing costmap to 194 X 299 at 0.050000 m/pix
[component_container_isolated-1] [INFO] [1790312831.685894105] [robot1.local_costmap.local_costmap]: StaticLayer: Resizing static layer to 194 X 299 at 0.050000 m/pix
[component_container_isolated-1] [INFO] [1790312831.976571645] [robot1.controller_server]: Passing new path to controller.
[component_container_isolated-1] [INFO] [1790312832.976586992] [robot1.controller_server]: Passing new path to controller.
[component_container_isolated-1] [INFO] [1790312834.026568527] [robot1.controller_server]: Passing new path to controller.
[component_container_isolated-1] [INFO] [1790312835.076565831] [robot1.controller_server]: Passing new path to controller.
[component_container_isolated-1] [INFO] [1790312836.076588770] [robot1.controller_server]: Passing new path to controller.
[component_container_isolated-1] [INFO] [1790312837.126586547] [robot1.controller_server]: Passing new path to controller.
[component_container_isolated-1] [INFO] [1790312837.128798881] [robot1.controller_server]: Reached the goal!
[component_container_isolated-1] [INFO] [1790312837.176017039] [robot1.bt_navigator]: Goal succeeded
[component_container_isolated-1] [INFO] [1790312898.809410907] [robot1.bt_navigator]: Begin navigating from current location (-0.85, 0.17) to (0.30, -3.25)
[component_container_isolated-1] [INFO] [1790312898.829922094] [robot1.controller_server]: Received a goal, begin computing control effort.
[component_container_isolated-1] [INFO] [1790312899.809595830] [robot1.bt_navigator]: Received goal preemption request
[component_container_isolated-1] [INFO] [1790312899.809693942] [robot1.bt_navigator]: Begin navigating from current location (-0.86, -0.01) to (-0.71, -3.89)
[component_container_isolated-1] [INFO] [1790312899.880135622] [robot1.controller_server]: Passing new path to controller.
[component_container_isolated-1] [INFO] [1790312900.285886230] [robot1.local_costmap.local_costmap]: StaticLayer: Resizing static layer to 196 X 302 at 0.050000 m/pix
[component_container_isolated-1] [INFO] [1790312900.643060696] [robot1.global_costmap.global_costmap]: StaticLayer: Resizing costmap to 196 X 302 at 0.050000 m/pix
[component_container_isolated-1] [INFO] [1790312900.809600690] [robot1.bt_navigator]: Received goal preemption request
[component_container_isolated-1] [INFO] [1790312900.809726231] [robot1.bt_navigator]: Begin navigating from current location (-0.85, -0.26) to (1.03, -5.96)
[component_container_isolated-1] [INFO] [1790312900.930112360] [robot1.controller_server]: Passing new path to controller.
[component_container_isolated-1] [INFO] [1790312901.809607643] [robot1.bt_navigator]: Received goal preemption request
[component_container_isolated-1] [INFO] [1790312901.809758536] [robot1.bt_navigator]: Begin navigating from current location (-0.81, -0.51) to (0.97, -6.18)
[component_container_isolated-1] [INFO] [1790312901.930144017] [robot1.controller_server]: Passing new path to controller.
[component_container_isolated-1] [INFO] [1790312902.809623699] [robot1.bt_navigator]: Received goal preemption request
[component_container_isolated-1] [INFO] [1790312902.809722837] [robot1.bt_navigator]: Begin navigating from current location (-0.77, -0.76) to (1.08, -6.19)
[component_container_isolated-1] [INFO] [1790312902.980137616] [robot1.controller_server]: Passing new path to controller.
[component_container_isolated-1] [INFO] [1790312903.809595105] [robot1.bt_navigator]: Received goal preemption request
[component_container_isolated-1] [INFO] [1790312903.809681665] [robot1.bt_navigator]: Begin navigating from current location (-0.75, -1.01) to (0.17, -6.00)
[component_container_isolated-1] [INFO] [1790312903.980130016] [robot1.controller_server]: Passing new path to controller.
[component_container_isolated-1] [INFO] [1790312904.809591611] [robot1.bt_navigator]: Received goal preemption request
[component_container_isolated-1] [INFO] [1790312904.809672568] [robot1.bt_navigator]: Begin navigating from current location (-0.72, -1.24) to (0.23, -5.25)
[component_container_isolated-1] [INFO] [1790312905.030114910] [robot1.controller_server]: Passing new path to controller.
[component_container_isolated-1] [INFO] [1790312905.819615698] [robot1.bt_navigator]: Received goal preemption request
[component_container_isolated-1] [INFO] [1790312905.819773780] [robot1.bt_navigator]: Begin navigating from current location (-0.70, -1.50) to (-0.21, -5.47)
[component_container_isolated-1] [INFO] [1790312906.080143734] [robot1.controller_server]: Passing new path to controller.
[component_container_isolated-1] [INFO] [1790312906.809601858] [robot1.bt_navigator]: Received goal preemption request
[component_container_isolated-1] [INFO] [1790312906.809708483] [robot1.bt_navigator]: Begin navigating from current location (-0.68, -1.73) to (0.88, -6.24)
[component_container_isolated-1] [INFO] [1790312907.080130766] [robot1.controller_server]: Passing new path to controller.
[component_container_isolated-1] [INFO] [1790312907.809591042] [robot1.bt_navigator]: Received goal preemption request
[component_container_isolated-1] [INFO] [1790312907.809672104] [robot1.bt_navigator]: Begin navigating from current location (-0.66, -1.97) to (0.20, -5.93)
[component_container_isolated-1] [INFO] [1790312908.130135988] [robot1.controller_server]: Passing new path to controller.
[component_container_isolated-1] [INFO] [1790312908.285889389] [robot1.local_costmap.local_costmap]: StaticLayer: Resizing static layer to 196 X 303 at 0.050000 m/pix
[component_container_isolated-1] [INFO] [1790312908.642996706] [robot1.global_costmap.global_costmap]: StaticLayer: Resizing costmap to 196 X 303 at 0.050000 m/pix
[component_container_isolated-1] [INFO] [1790312908.809625711] [robot1.bt_navigator]: Received goal preemption request
[component_container_isolated-1] [INFO] [1790312908.809724627] [robot1.bt_navigator]: Begin navigating from current location (-0.60, -2.22) to (1.14, -6.37)
[component_container_isolated-1] [INFO] [1790312909.130114234] [robot1.controller_server]: Passing new path to controller.
[component_container_isolated-1] [INFO] [1790312909.642999124] [robot1.global_costmap.global_costmap]: StaticLayer: Resizing costmap to 196 X 303 at 0.050000 m/pix
[component_container_isolated-1] [INFO] [1790312909.685867363] [robot1.local_costmap.local_costmap]: StaticLayer: Resizing static layer to 196 X 303 at 0.050000 m/pix
[component_container_isolated-1] [INFO] [1790312909.809618184] [robot1.bt_navigator]: Received goal preemption request
[component_container_isolated-1] [INFO] [1790312909.809782954] [robot1.bt_navigator]: Begin navigating from current location (-0.55, -2.47) to (0.23, -5.90)
[component_container_isolated-1] [INFO] [1790312910.180133562] [robot1.controller_server]: Passing new path to controller.
[component_container_isolated-1] [INFO] [1790312910.809594841] [robot1.bt_navigator]: Received goal preemption request
[component_container_isolated-1] [INFO] [1790312910.809691094] [robot1.bt_navigator]: Begin navigating from current location (-0.51, -2.72) to (-0.20, -5.64)
[component_container_isolated-1] [INFO] [1790312911.230118305] [robot1.controller_server]: Passing new path to controller.
[component_container_isolated-1] [INFO] [1790312911.285896954] [robot1.local_costmap.local_costmap]: StaticLayer: Resizing static layer to 196 X 305 at 0.050000 m/pix
[component_container_isolated-1] [INFO] [1790312911.643026686] [robot1.global_costmap.global_costmap]: StaticLayer: Resizing costmap to 196 X 305 at 0.050000 m/pix
[component_container_isolated-1] [INFO] [1790312911.809594901] [robot1.bt_navigator]: Received goal preemption request
[component_container_isolated-1] [INFO] [1790312911.809724601] [robot1.bt_navigator]: Begin navigating from current location (-0.48, -2.97) to (0.14, -5.37)
[component_container_isolated-1] [INFO] [1790312912.230138472] [robot1.controller_server]: Passing new path to controller.
[component_container_isolated-1] [INFO] [1790312912.643026127] [robot1.global_costmap.global_costmap]: StaticLayer: Resizing costmap to 196 X 307 at 0.050000 m/pix
[component_container_isolated-1] [INFO] [1790312912.685894100] [robot1.local_costmap.local_costmap]: StaticLayer: Resizing static layer to 196 X 307 at 0.050000 m/pix
[component_container_isolated-1] [INFO] [1790312912.819614894] [robot1.bt_navigator]: Received goal preemption request
[component_container_isolated-1] [INFO] [1790312912.819794160] [robot1.bt_navigator]: Begin navigating from current location (-0.44, -3.23) to (1.19, -6.04)
[component_container_isolated-1] [INFO] [1790312913.280136825] [robot1.controller_server]: Passing new path to controller.
[component_container_isolated-1] [INFO] [1790312913.809597463] [robot1.bt_navigator]: Received goal preemption request
[component_container_isolated-1] [INFO] [1790312913.809699303] [robot1.bt_navigator]: Begin navigating from current location (-0.40, -3.48) to (0.38, -5.54)
[component_container_isolated-1] [INFO] [1790312914.280113111] [robot1.controller_server]: Passing new path to controller.
[component_container_isolated-1] [INFO] [1790312914.809632054] [robot1.bt_navigator]: Received goal preemption request
[component_container_isolated-1] [INFO] [1790312914.809744530] [robot1.bt_navigator]: Begin navigating from current location (-0.32, -3.72) to (-0.66, -6.18)
[component_container_isolated-1] [INFO] [1790312915.330115071] [robot1.controller_server]: Passing new path to controller.
[component_container_isolated-1] [INFO] [1790312915.809632509] [robot1.bt_navigator]: Received goal preemption request
[component_container_isolated-1] [INFO] [1790312915.809731437] [robot1.bt_navigator]: Begin navigating from current location (-0.22, -3.95) to (0.86, -6.25)
[component_container_isolated-1] [INFO] [1790312916.380118985] [robot1.controller_server]: Passing new path to controller.
[component_container_isolated-1] [INFO] [1790312916.809601516] [robot1.bt_navigator]: Received goal preemption request
[component_container_isolated-1] [INFO] [1790312916.809737100] [robot1.bt_navigator]: Begin navigating from current location (-0.17, -4.20) to (0.55, -5.32)
[component_container_isolated-1] [INFO] [1790312917.380112957] [robot1.controller_server]: Passing new path to controller.
[component_container_isolated-1] [INFO] [1790312917.809591683] [robot1.bt_navigator]: Received goal preemption request
[component_container_isolated-1] [INFO] [1790312917.809706726] [robot1.bt_navigator]: Begin navigating from current location (-0.09, -4.44) to (0.07, -5.07)
[component_container_isolated-1] [INFO] [1790312918.430119136] [robot1.controller_server]: Passing new path to controller.
[component_container_isolated-1] [INFO] [1790312918.643015721] [robot1.global_costmap.global_costmap]: StaticLayer: Resizing costmap to 199 X 307 at 0.050000 m/pix
[component_container_isolated-1] [INFO] [1790312918.685972075] [robot1.local_costmap.local_costmap]: StaticLayer: Resizing static layer to 199 X 307 at 0.050000 m/pix
[component_container_isolated-1] [INFO] [1790312918.809598356] [robot1.bt_navigator]: Received goal preemption request
[component_container_isolated-1] [INFO] [1790312918.809694821] [robot1.bt_navigator]: Begin navigating from current location (0.03, -4.66) to (0.46, -5.07)
[component_container_isolated-1] [INFO] [1790312919.430112467] [robot1.controller_server]: Passing new path to controller.
[component_container_isolated-1] [INFO] [1790312919.643020591] [robot1.global_costmap.global_costmap]: StaticLayer: Resizing costmap to 200 X 307 at 0.050000 m/pix
[component_container_isolated-1] [INFO] [1790312919.685959384] [robot1.local_costmap.local_costmap]: StaticLayer: Resizing static layer to 200 X 307 at 0.050000 m/pix
[component_container_isolated-1] [INFO] [1790312920.480128554] [robot1.controller_server]: Passing new path to controller.
[component_container_isolated-1] [INFO] [1790312920.642986978] [robot1.global_costmap.global_costmap]: StaticLayer: Resizing costmap to 202 X 307 at 0.050000 m/pix
[component_container_isolated-1] [INFO] [1790312920.685872513] [robot1.local_costmap.local_costmap]: StaticLayer: Resizing static layer to 202 X 307 at 0.050000 m/pix
[component_container_isolated-1] [INFO] [1790312921.530114586] [robot1.controller_server]: Passing new path to controller.
[component_container_isolated-1] [INFO] [1790312922.530101239] [robot1.controller_server]: Passing new path to controller.
[component_container_isolated-1] [INFO] [1790312923.531971904] [robot1.controller_server]: Reached the goal!
[component_container_isolated-1] [INFO] [1790312923.549821110] [robot1.controller_server]: Received a goal, begin computing control effort.
[component_container_isolated-1] [INFO] [1790312923.551804492] [robot1.controller_server]: Reached the goal!
[component_container_isolated-1] [INFO] [1790312923.589591800] [robot1.bt_navigator]: Goal succeeded
[component_container_isolated-1] [INFO] [1790312949.802676885] [robot1.bt_navigator]: Begin navigating from current location (0.25, -5.03) to (-1.13, -1.91)
[component_container_isolated-1] [INFO] [1790312949.823113126] [robot1.controller_server]: Received a goal, begin computing control effort.
[component_container_isolated-1] [INFO] [1790312950.812885198] [robot1.bt_navigator]: Received goal preemption request
[component_container_isolated-1] [INFO] [1790312950.812971386] [robot1.bt_navigator]: Begin navigating from current location (0.18, -4.86) to (-0.73, -3.27)
[component_container_isolated-1] [INFO] [1790312950.873291073] [robot1.controller_server]: Passing new path to controller.
[component_container_isolated-1] [INFO] [1790312951.812885484] [robot1.bt_navigator]: Received goal preemption request
[component_container_isolated-1] [INFO] [1790312951.812976450] [robot1.bt_navigator]: Begin navigating from current location (0.10, -4.63) to (-0.82, -3.05)
[component_container_isolated-1] [INFO] [1790312951.923291034] [robot1.controller_server]: Passing new path to controller.
[component_container_isolated-1] [INFO] [1790312952.802883869] [robot1.bt_navigator]: Received goal preemption request
[component_container_isolated-1] [INFO] [1790312952.802968741] [robot1.bt_navigator]: Begin navigating from current location (-0.00, -4.40) to (-1.11, -1.84)
[component_container_isolated-1] [INFO] [1790312952.923316389] [robot1.controller_server]: Passing new path to controller.
[component_container_isolated-1] [INFO] [1790312953.812887219] [robot1.bt_navigator]: Received goal preemption request
[component_container_isolated-1] [INFO] [1790312953.812993054] [robot1.bt_navigator]: Begin navigating from current location (-0.06, -4.14) to (-0.61, -3.01)
[component_container_isolated-1] [INFO] [1790312953.973376964] [robot1.controller_server]: Passing new path to controller.
[component_container_isolated-1] [INFO] [1790312954.802887945] [robot1.bt_navigator]: Received goal preemption request
[component_container_isolated-1] [INFO] [1790312954.802985454] [robot1.bt_navigator]: Begin navigating from current location (-0.13, -3.91) to (-1.19, -1.84)
[component_container_isolated-1] [INFO] [1790312954.973326097] [robot1.controller_server]: Passing new path to controller.
[component_container_isolated-1] [INFO] [1790312955.812860093] [robot1.bt_navigator]: Received goal preemption request
[component_container_isolated-1] [INFO] [1790312955.812978770] [robot1.bt_navigator]: Begin navigating from current location (-0.21, -3.68) to (-1.49, -1.91)
[component_container_isolated-1] [INFO] [1790312956.023325270] [robot1.controller_server]: Passing new path to controller.
[component_container_isolated-1] [INFO] [1790312956.812917149] [robot1.bt_navigator]: Received goal preemption request
[component_container_isolated-1] [INFO] [1790312956.812997826] [robot1.bt_navigator]: Begin navigating from current location (-0.29, -3.42) to (-1.00, -1.64)
[component_container_isolated-1] [INFO] [1790312957.073317766] [robot1.controller_server]: Passing new path to controller.
[component_container_isolated-1] [INFO] [1790312957.802861411] [robot1.bt_navigator]: Received goal preemption request
[component_container_isolated-1] [INFO] [1790312957.803018319] [robot1.bt_navigator]: Begin navigating from current location (-0.35, -3.19) to (-0.85, -1.28)
[component_container_isolated-1] [INFO] [1790312958.073313781] [robot1.controller_server]: Passing new path to controller.
[component_container_isolated-1] [INFO] [1790312958.812891980] [robot1.bt_navigator]: Received goal preemption request
[component_container_isolated-1] [INFO] [1790312958.812984547] [robot1.bt_navigator]: Begin navigating from current location (-0.40, -2.93) to (-0.89, -0.90)
[component_container_isolated-1] [INFO] [1790312959.123327609] [robot1.controller_server]: Passing new path to controller.
[component_container_isolated-1] [INFO] [1790312959.812932346] [robot1.bt_navigator]: Received goal preemption request
[component_container_isolated-1] [INFO] [1790312959.813049960] [robot1.bt_navigator]: Begin navigating from current location (-0.45, -2.69) to (-1.10, -0.58)
[component_container_isolated-1] [INFO] [1790312960.123292035] [robot1.controller_server]: Passing new path to controller.
[component_container_isolated-1] [INFO] [1790312960.802853318] [robot1.bt_navigator]: Received goal preemption request
[component_container_isolated-1] [INFO] [1790312960.802955990] [robot1.bt_navigator]: Begin navigating from current location (-0.47, -2.44) to (-1.08, -1.41)
[component_container_isolated-1] [INFO] [1790312961.173289122] [robot1.controller_server]: Passing new path to controller.
[component_container_isolated-1] [INFO] [1790312961.802849398] [robot1.bt_navigator]: Received goal preemption request
[component_container_isolated-1] [INFO] [1790312961.802940809] [robot1.bt_navigator]: Begin navigating from current location (-0.49, -2.20) to (-1.04, -1.09)
[component_container_isolated-1] [INFO] [1790312962.223292104] [robot1.controller_server]: Passing new path to controller.
[component_container_isolated-1] [INFO] [1790312963.223292104] [robot1.controller_server]: Passing new path to controller.
[component_container_isolated-1] [INFO] [1790312964.273288871] [robot1.controller_server]: Passing new path to controller.
[component_container_isolated-1] [INFO] [1790312965.273289208] [robot1.controller_server]: Passing new path to controller.
[component_container_isolated-1] [INFO] [1790312966.323293087] [robot1.controller_server]: Passing new path to controller.
[component_container_isolated-1] [INFO] [1790312967.373291639] [robot1.controller_server]: Passing new path to controller.
[component_container_isolated-1] [INFO] [1790312968.373313083] [robot1.controller_server]: Passing new path to controller.
[component_container_isolated-1] [INFO] [1790312968.675088290] [robot1.controller_server]: Reached the goal!
[component_container_isolated-1] [INFO] [1790312968.712869464] [robot1.bt_navigator]: Goal succeeded
[component_container_isolated-1] [INFO] [1790314200.491224560] [robot1.local_costmap.local_costmap]: Message Filter dropping message: frame 'rplidar_link' at time 1790314200.053 for reason 'the timestamp on the message is earlier than all the data in the transform cache'
[component_container_isolated-1] [INFO] [1790315853.808211344] [robot1.bt_navigator]: Begin navigating from current location (-0.07, -0.04) to (0.04, 2.84)
[component_container_isolated-1] [INFO] [1790315853.828563383] [robot1.controller_server]: Received a goal, begin computing control effort.
[component_container_isolated-1] [INFO] [1790315854.878755548] [robot1.controller_server]: Passing new path to controller.
[component_container_isolated-1] [INFO] [1790315855.928760578] [robot1.controller_server]: Passing new path to controller.
[component_container_isolated-1] [INFO] [1790315856.928752295] [robot1.controller_server]: Passing new path to controller.
[component_container_isolated-1] [INFO] [1790315857.978741595] [robot1.controller_server]: Passing new path to controller.
[component_container_isolated-1] [INFO] [1790315858.978757888] [robot1.controller_server]: Passing new path to controller.
[component_container_isolated-1] [INFO] [1790315860.028737022] [robot1.controller_server]: Passing new path to controller.
[component_container_isolated-1] [INFO] [1790315861.078737810] [robot1.controller_server]: Passing new path to controller.
[component_container_isolated-1] [INFO] [1790315862.078760781] [robot1.controller_server]: Passing new path to controller.
[component_container_isolated-1] [INFO] [1790315863.128763501] [robot1.controller_server]: Passing new path to controller.
[component_container_isolated-1] [INFO] [1790315864.128756472] [robot1.controller_server]: Passing new path to controller.
[component_container_isolated-1] [INFO] [1790315864.729969741] [robot1.controller_server]: Reached the goal!
[component_container_isolated-1] [INFO] [1790315864.768385375] [robot1.bt_navigator]: Goal succeeded
[component_container_isolated-1] [INFO] [1790315864.805326607] [robot1.bt_navigator]: Begin navigating from current location (0.00, 2.60) to (-0.14, 2.92)
[component_container_isolated-1] [INFO] [1790315864.825800149] [robot1.controller_server]: Received a goal, begin computing control effort.
[component_container_isolated-1] [INFO] [1790315865.727915545] [robot1.controller_server]: Reached the goal!
[component_container_isolated-1] [INFO] [1790315865.765518457] [robot1.bt_navigator]: Goal succeeded
[component_container_isolated-1] [INFO] [1790315919.808342390] [robot1.bt_navigator]: Begin navigating from current location (-0.01, 2.76) to (-0.59, 2.07)
[component_container_isolated-1] [INFO] [1790315919.828695678] [robot1.controller_server]: Received a goal, begin computing control effort.
[component_container_isolated-1] [INFO] [1790315920.878874565] [robot1.controller_server]: Passing new path to controller.
[component_container_isolated-1] [INFO] [1790315921.928873679] [robot1.controller_server]: Passing new path to controller.
[component_container_isolated-1] [INFO] [1790315922.928915735] [robot1.controller_server]: Passing new path to controller.
[component_container_isolated-1] [INFO] [1790315922.980093949] [robot1.controller_server]: Reached the goal!
[component_container_isolated-1] [INFO] [1790315923.018495518] [robot1.bt_navigator]: Goal succeeded
[component_container_isolated-1] [INFO] [1790315941.802207699] [robot1.bt_navigator]: Begin navigating from current location (-0.44, 2.22) to (0.34, -3.19)
[component_container_isolated-1] [INFO] [1790315941.822632715] [robot1.controller_server]: Received a goal, begin computing control effort.
[component_container_isolated-1] [INFO] [1790315942.802437996] [robot1.bt_navigator]: Received goal preemption request
[component_container_isolated-1] [INFO] [1790315942.802533709] [robot1.bt_navigator]: Begin navigating from current location (-0.44, 2.04) to (-0.78, -3.75)
[component_container_isolated-1] [INFO] [1790315942.872845491] [robot1.controller_server]: Passing new path to controller.
[component_container_isolated-1] [INFO] [1790315943.812458759] [robot1.bt_navigator]: Received goal preemption request
[component_container_isolated-1] [INFO] [1790315943.812582095] [robot1.bt_navigator]: Begin navigating from current location (-0.46, 1.79) to (-0.54, -3.74)
[component_container_isolated-1] [INFO] [1790315943.922827635] [robot1.controller_server]: Passing new path to controller.
[component_container_isolated-1] [INFO] [1790315944.802417032] [robot1.bt_navigator]: Received goal preemption request
[component_container_isolated-1] [INFO] [1790315944.802489954] [robot1.bt_navigator]: Begin navigating from current location (-0.45, 1.51) to (-0.20, -3.82)
[component_container_isolated-1] [INFO] [1790315944.922844281] [robot1.controller_server]: Passing new path to controller.
[component_container_isolated-1] [INFO] [1790315945.812384818] [robot1.bt_navigator]: Received goal preemption request
[component_container_isolated-1] [INFO] [1790315945.812471159] [robot1.bt_navigator]: Begin navigating from current location (-0.39, 1.26) to (-0.63, -3.97)
[component_container_isolated-1] [INFO] [1790315945.972850902] [robot1.controller_server]: Passing new path to controller.
[component_container_isolated-1] [INFO] [1790315946.812381177] [robot1.bt_navigator]: Received goal preemption request
[component_container_isolated-1] [INFO] [1790315946.812486874] [robot1.bt_navigator]: Begin navigating from current location (-0.32, 1.01) to (-0.19, -4.07)
[component_container_isolated-1] [INFO] [1790315946.972824241] [robot1.controller_server]: Passing new path to controller.
[component_container_isolated-1] [INFO] [1790315947.812409240] [robot1.bt_navigator]: Received goal preemption request
[component_container_isolated-1] [INFO] [1790315947.812477776] [robot1.bt_navigator]: Begin navigating from current location (-0.33, 0.77) to (-0.27, -4.28)
[component_container_isolated-1] [INFO] [1790315948.022841313] [robot1.controller_server]: Passing new path to controller.
[component_container_isolated-1] [INFO] [1790315948.812423528] [robot1.bt_navigator]: Received goal preemption request
[component_container_isolated-1] [INFO] [1790315948.812505634] [robot1.bt_navigator]: Begin navigating from current location (-0.37, 0.49) to (-0.17, -4.60)
[component_container_isolated-1] [INFO] [1790315949.072828813] [robot1.controller_server]: Passing new path to controller.
[component_container_isolated-1] [INFO] [1790315949.812422791] [robot1.bt_navigator]: Received goal preemption request
[component_container_isolated-1] [INFO] [1790315949.812502169] [robot1.bt_navigator]: Begin navigating from current location (-0.39, 0.24) to (-0.90, -4.05)
[component_container_isolated-1] [INFO] [1790315950.072845324] [robot1.controller_server]: Passing new path to controller.
[component_container_isolated-1] [INFO] [1790315950.285957080] [robot1.local_costmap.local_costmap]: StaticLayer: Resizing static layer to 202 X 309 at 0.050000 m/pix
[component_container_isolated-1] [INFO] [1790315950.642987480] [robot1.global_costmap.global_costmap]: StaticLayer: Resizing costmap to 202 X 309 at 0.050000 m/pix
[component_container_isolated-1] [INFO] [1790315950.812458629] [robot1.bt_navigator]: Received goal preemption request
[component_container_isolated-1] [INFO] [1790315950.812540069] [robot1.bt_navigator]: Begin navigating from current location (-0.36, -0.01) to (0.19, -4.02)
[component_container_isolated-1] [INFO] [1790315951.122827065] [robot1.controller_server]: Passing new path to controller.
[component_container_isolated-1] [INFO] [1790315951.812405185] [robot1.bt_navigator]: Received goal preemption request
[component_container_isolated-1] [INFO] [1790315951.812479217] [robot1.bt_navigator]: Begin navigating from current location (-0.39, -0.26) to (0.20, -4.34)
[component_container_isolated-1] [INFO] [1790315952.122850308] [robot1.controller_server]: Passing new path to controller.
[component_container_isolated-1] [INFO] [1790315952.812385241] [robot1.bt_navigator]: Received goal preemption request
[component_container_isolated-1] [INFO] [1790315952.812469333] [robot1.bt_navigator]: Begin navigating from current location (-0.40, -0.51) to (0.07, -4.61)
[component_container_isolated-1] [INFO] [1790315953.172848591] [robot1.controller_server]: Passing new path to controller.
[component_container_isolated-1] [INFO] [1790315953.285899123] [robot1.local_costmap.local_costmap]: StaticLayer: Resizing static layer to 202 X 310 at 0.050000 m/pix
[component_container_isolated-1] [INFO] [1790315953.643013059] [robot1.global_costmap.global_costmap]: StaticLayer: Resizing costmap to 202 X 310 at 0.050000 m/pix
[component_container_isolated-1] [INFO] [1790315953.812379856] [robot1.bt_navigator]: Received goal preemption request
[component_container_isolated-1] [INFO] [1790315953.812463682] [robot1.bt_navigator]: Begin navigating from current location (-0.40, -0.76) to (0.37, -4.65)
[component_container_isolated-1] [INFO] [1790315954.222826750] [robot1.controller_server]: Passing new path to controller.
[component_container_isolated-1] [INFO] [1790315954.643028263] [robot1.global_costmap.global_costmap]: StaticLayer: Resizing costmap to 202 X 311 at 0.050000 m/pix
[component_container_isolated-1] [INFO] [1790315954.685899157] [robot1.local_costmap.local_costmap]: StaticLayer: Resizing static layer to 202 X 311 at 0.050000 m/pix
[component_container_isolated-1] [INFO] [1790315954.812410695] [robot1.bt_navigator]: Received goal preemption request
[component_container_isolated-1] [INFO] [1790315954.812497292] [robot1.bt_navigator]: Begin navigating from current location (-0.42, -1.02) to (-1.24, -4.64)
[component_container_isolated-1] [INFO] [1790315955.222840919] [robot1.controller_server]: Passing new path to controller.
[component_container_isolated-1] [INFO] [1790315955.812423791] [robot1.bt_navigator]: Received goal preemption request
[component_container_isolated-1] [INFO] [1790315955.812509440] [robot1.bt_navigator]: Begin navigating from current location (-0.44, -1.27) to (0.05, -4.87)
[component_container_isolated-1] [INFO] [1790315956.272827455] [robot1.controller_server]: Passing new path to controller.
[component_container_isolated-1] [INFO] [1790315956.285863985] [robot1.local_costmap.local_costmap]: StaticLayer: Resizing static layer to 202 X 312 at 0.050000 m/pix
[component_container_isolated-1] [INFO] [1790315956.643031532] [robot1.global_costmap.global_costmap]: StaticLayer: Resizing costmap to 202 X 312 at 0.050000 m/pix
[component_container_isolated-1] [INFO] [1790315956.812411088] [robot1.bt_navigator]: Received goal preemption request
[component_container_isolated-1] [INFO] [1790315956.812480798] [robot1.bt_navigator]: Begin navigating from current location (-0.44, -1.51) to (-0.22, -5.06)
[component_container_isolated-1] [INFO] [1790315957.272922521] [robot1.controller_server]: Passing new path to controller.
[component_container_isolated-1] [INFO] [1790315957.812409601] [robot1.bt_navigator]: Received goal preemption request
[component_container_isolated-1] [INFO] [1790315957.812508629] [robot1.bt_navigator]: Begin navigating from current location (-0.45, -1.77) to (-1.01, -4.83)
[component_container_isolated-1] [INFO] [1790315958.322841572] [robot1.controller_server]: Passing new path to controller.
[component_container_isolated-1] [INFO] [1790315958.812371394] [robot1.bt_navigator]: Received goal preemption request
[component_container_isolated-1] [INFO] [1790315958.812445427] [robot1.bt_navigator]: Begin navigating from current location (-0.44, -2.03) to (-0.35, -5.28)
[component_container_isolated-1] [INFO] [1790315959.372840852] [robot1.controller_server]: Passing new path to controller.
[component_container_isolated-1] [INFO] [1790315959.812416566] [robot1.bt_navigator]: Received goal preemption request
[component_container_isolated-1] [INFO] [1790315959.812499763] [robot1.bt_navigator]: Begin navigating from current location (-0.44, -2.29) to (0.46, -4.10)
[component_container_isolated-1] [INFO] [1790315960.372826050] [robot1.controller_server]: Passing new path to controller.
[component_container_isolated-1] [INFO] [1790315960.812406666] [robot1.bt_navigator]: Received goal preemption request
[component_container_isolated-1] [INFO] [1790315960.812486503] [robot1.bt_navigator]: Begin navigating from current location (-0.44, -2.54) to (0.42, -4.32)
[component_container_isolated-1] [INFO] [1790315961.422876040] [robot1.controller_server]: Passing new path to controller.
[component_container_isolated-1] [INFO] [1790315961.802381080] [robot1.bt_navigator]: Received goal preemption request
[component_container_isolated-1] [INFO] [1790315961.802483910] [robot1.bt_navigator]: Begin navigating from current location (-0.40, -2.78) to (0.08, -4.19)
[component_container_isolated-1] [INFO] [1790315962.422823690] [robot1.controller_server]: Passing new path to controller.
[component_container_isolated-1] [INFO] [1790315962.812424573] [robot1.bt_navigator]: Received goal preemption request
[component_container_isolated-1] [INFO] [1790315962.812499787] [robot1.bt_navigator]: Begin navigating from current location (-0.30, -3.03) to (-0.08, -3.74)
[component_container_isolated-1] [INFO] [1790315963.472827929] [robot1.controller_server]: Passing new path to controller.
[component_container_isolated-1] [INFO] [1790315963.802406302] [robot1.bt_navigator]: Received goal preemption request
[component_container_isolated-1] [INFO] [1790315963.802485807] [robot1.bt_navigator]: Begin navigating from current location (-0.24, -3.28) to (-0.02, -3.83)
[component_container_isolated-1] [INFO] [1790315964.285871185] [robot1.local_costmap.local_costmap]: StaticLayer: Resizing static layer to 202 X 315 at 0.050000 m/pix
[component_container_isolated-1] [INFO] [1790315964.522845487] [robot1.controller_server]: Passing new path to controller.
[component_container_isolated-1] [INFO] [1790315964.643014652] [robot1.global_costmap.global_costmap]: StaticLayer: Resizing costmap to 202 X 315 at 0.050000 m/pix
[component_container_isolated-1] [INFO] [1790315964.812416440] [robot1.bt_navigator]: Received goal preemption request
[component_container_isolated-1] [INFO] [1790315964.812505061] [robot1.bt_navigator]: Begin navigating from current location (-0.18, -3.51) to (1.32, -5.88)
[component_container_isolated-1] [INFO] [1790315965.474674905] [robot1.controller_server]: Reached the goal!
[component_container_isolated-1] [INFO] [1790315965.512456308] [robot1.bt_navigator]: Goal succeeded
[component_container_isolated-1] [INFO] [1790315965.802042487] [robot1.bt_navigator]: Begin navigating from current location (-0.13, -3.64) to (0.02, -4.22)
[component_container_isolated-1] [INFO] [1790315965.822573582] [robot1.controller_server]: Received a goal, begin computing control effort.
[component_container_isolated-1] [INFO] [1790315966.812209065] [robot1.bt_navigator]: Received goal preemption request
[component_container_isolated-1] [INFO] [1790315966.812317501] [robot1.bt_navigator]: Begin navigating from current location (-0.08, -3.81) to (1.43, -5.88)
[component_container_isolated-1] [INFO] [1790315966.872761477] [robot1.controller_server]: Passing new path to controller.
[component_container_isolated-1] [INFO] [1790315967.812230317] [robot1.bt_navigator]: Received goal preemption request
[component_container_isolated-1] [INFO] [1790315967.812328679] [robot1.bt_navigator]: Begin navigating from current location (-0.02, -4.05) to (1.24, -5.87)
[component_container_isolated-1] [INFO] [1790315967.922775019] [robot1.controller_server]: Passing new path to controller.
[component_container_isolated-1] [INFO] [1790315968.802206360] [robot1.bt_navigator]: Received goal preemption request
[component_container_isolated-1] [INFO] [1790315968.802314146] [robot1.bt_navigator]: Begin navigating from current location (0.04, -4.29) to (0.29, -4.82)
[component_container_isolated-1] [INFO] [1790315968.922749925] [robot1.controller_server]: Passing new path to controller.
[component_container_isolated-1] [INFO] [1790315969.812235725] [robot1.bt_navigator]: Received goal preemption request
[component_container_isolated-1] [INFO] [1790315969.812327024] [robot1.bt_navigator]: Begin navigating from current location (0.11, -4.53) to (1.38, -5.56)
[component_container_isolated-1] [INFO] [1790315969.972746149] [robot1.controller_server]: Passing new path to controller.
[component_container_isolated-1] [INFO] [1790315970.285970666] [robot1.local_costmap.local_costmap]: StaticLayer: Resizing static layer to 201 X 314 at 0.050000 m/pix
[component_container_isolated-1] [INFO] [1790315970.642985852] [robot1.global_costmap.global_costmap]: StaticLayer: Resizing costmap to 201 X 314 at 0.050000 m/pix
[component_container_isolated-1] [INFO] [1790315970.802231197] [robot1.bt_navigator]: Received goal preemption request
[component_container_isolated-1] [INFO] [1790315970.802316571] [robot1.bt_navigator]: Begin navigating from current location (0.22, -4.74) to (0.55, -5.66)
[component_container_isolated-1] [INFO] [1790315970.972747110] [robot1.controller_server]: Passing new path to controller.
[component_container_isolated-1] [INFO] [1790315971.802256253] [robot1.bt_navigator]: Received goal preemption request
[component_container_isolated-1] [INFO] [1790315971.802405016] [robot1.bt_navigator]: Begin navigating from current location (0.29, -4.93) to (0.54, -5.46)
[component_container_isolated-1] [INFO] [1790315972.022768472] [robot1.controller_server]: Passing new path to controller.
[component_container_isolated-1] [INFO] [1790315972.802219493] [robot1.bt_navigator]: Received goal preemption request
[component_container_isolated-1] [INFO] [1790315972.802407928] [robot1.bt_navigator]: Begin navigating from current location (0.40, -5.20) to (0.82, -5.60)
[component_container_isolated-1] [INFO] [1790315973.072849970] [robot1.controller_server]: Passing new path to controller.
[component_container_isolated-1] [INFO] [1790315973.285921237] [robot1.local_costmap.local_costmap]: StaticLayer: Resizing static layer to 207 X 314 at 0.050000 m/pix
[component_container_isolated-1] [INFO] [1790315973.643012677] [robot1.global_costmap.global_costmap]: StaticLayer: Resizing costmap to 207 X 314 at 0.050000 m/pix
[component_container_isolated-1] [INFO] [1790315973.802244843] [robot1.bt_navigator]: Received goal preemption request
[component_container_isolated-1] [INFO] [1790315973.802347750] [robot1.bt_navigator]: Begin navigating from current location (0.47, -5.36) to (1.02, -5.59)
[component_container_isolated-1] [INFO] [1790315974.072767837] [robot1.controller_server]: Passing new path to controller.
[component_container_isolated-1] [INFO] [1790315974.285889798] [robot1.local_costmap.local_costmap]: StaticLayer: Resizing static layer to 209 X 314 at 0.050000 m/pix
[component_container_isolated-1] [INFO] [1790315974.642990655] [robot1.global_costmap.global_costmap]: StaticLayer: Resizing costmap to 209 X 314 at 0.050000 m/pix
[component_container_isolated-1] [INFO] [1790315974.802309321] [robot1.bt_navigator]: Received goal preemption request
[component_container_isolated-1] [INFO] [1790315974.802426237] [robot1.bt_navigator]: Begin navigating from current location (0.65, -5.52) to (1.20, -5.97)
[component_container_isolated-1] [INFO] [1790315975.122746893] [robot1.controller_server]: Passing new path to controller.
[component_container_isolated-1] [INFO] [1790315975.285947049] [robot1.local_costmap.local_costmap]: StaticLayer: Resizing static layer to 210 X 314 at 0.050000 m/pix
[component_container_isolated-1] [INFO] [1790315975.643008891] [robot1.global_costmap.global_costmap]: StaticLayer: Resizing costmap to 210 X 314 at 0.050000 m/pix
[component_container_isolated-1] [INFO] [1790315975.812221308] [robot1.bt_navigator]: Received goal preemption request
[component_container_isolated-1] [INFO] [1790315975.812345525] [robot1.bt_navigator]: Begin navigating from current location (0.87, -5.58) to (2.58, -5.44)
[component_container_isolated-1] [INFO] [1790315976.122745605] [robot1.controller_server]: Passing new path to controller.
[component_container_isolated-1] [INFO] [1790315976.285863017] [robot1.local_costmap.local_costmap]: StaticLayer: Resizing static layer to 215 X 314 at 0.050000 m/pix
[component_container_isolated-1] [INFO] [1790315976.643019802] [robot1.global_costmap.global_costmap]: StaticLayer: Resizing costmap to 215 X 314 at 0.050000 m/pix
[component_container_isolated-1] [INFO] [1790315976.812216720] [robot1.bt_navigator]: Received goal preemption request
[component_container_isolated-1] [INFO] [1790315976.812291996] [robot1.bt_navigator]: Begin navigating from current location (1.08, -5.68) to (2.61, -5.13)
[component_container_isolated-1] [INFO] [1790315977.172753882] [robot1.controller_server]: Passing new path to controller.
[component_container_isolated-1] [INFO] [1790315977.812212678] [robot1.bt_navigator]: Received goal preemption request
[component_container_isolated-1] [INFO] [1790315977.812314782] [robot1.bt_navigator]: Begin navigating from current location (1.31, -5.70) to (2.74, -4.84)
[component_container_isolated-1] [INFO] [1790315978.222761478] [robot1.controller_server]: Passing new path to controller.
[component_container_isolated-1] [INFO] [1790315978.812244522] [robot1.bt_navigator]: Received goal preemption request
[component_container_isolated-1] [INFO] [1790315978.812351847] [robot1.bt_navigator]: Begin navigating from current location (1.55, -5.62) to (2.79, -5.60)
[component_container_isolated-1] [INFO] [1790315979.222767726] [robot1.controller_server]: Passing new path to controller.
[component_container_isolated-1] [INFO] [1790315979.812242444] [robot1.bt_navigator]: Received goal preemption request
[component_container_isolated-1] [INFO] [1790315979.812336457] [robot1.bt_navigator]: Begin navigating from current location (1.79, -5.51) to (2.79, -5.30)
[component_container_isolated-1] [INFO] [1790315980.272772943] [robot1.controller_server]: Passing new path to controller.
[component_container_isolated-1] [INFO] [1790315980.802219786] [robot1.bt_navigator]: Received goal preemption request
[component_container_isolated-1] [INFO] [1790315980.802330860] [robot1.bt_navigator]: Begin navigating from current location (2.05, -5.50) to (4.15, -4.47)
[component_container_isolated-1] [INFO] [1790315981.272748620] [robot1.controller_server]: Passing new path to controller.
[component_container_isolated-1] [INFO] [1790315982.322766712] [robot1.controller_server]: Passing new path to controller.
[component_container_isolated-1] [INFO] [1790315983.372760643] [robot1.controller_server]: Passing new path to controller.
[component_container_isolated-1] [INFO] [1790315984.372750420] [robot1.controller_server]: Passing new path to controller.
[component_container_isolated-1] [INFO] [1790315984.642985540] [robot1.global_costmap.global_costmap]: StaticLayer: Resizing costmap to 215 X 314 at 0.050000 m/pix
[component_container_isolated-1] [INFO] [1790315984.685876925] [robot1.local_costmap.local_costmap]: StaticLayer: Resizing static layer to 215 X 314 at 0.050000 m/pix
[component_container_isolated-1] [INFO] [1790315985.422750341] [robot1.controller_server]: Passing new path to controller.
[component_container_isolated-1] [INFO] [1790315986.422748394] [robot1.controller_server]: Passing new path to controller.
[component_container_isolated-1] [INFO] [1790315987.472751044] [robot1.controller_server]: Passing new path to controller.
[component_container_isolated-1] [INFO] [1790315988.522747923] [robot1.controller_server]: Passing new path to controller.
[component_container_isolated-1] [INFO] [1790315989.522767602] [robot1.controller_server]: Passing new path to controller.
[component_container_isolated-1] [INFO] [1790315990.572767656] [robot1.controller_server]: Passing new path to controller.
[component_container_isolated-1] [INFO] [1790315991.324603791] [robot1.controller_server]: Reached the goal!
[component_container_isolated-1] [INFO] [1790315991.362252260] [robot1.bt_navigator]: Goal succeeded
[component_container_isolated-1] [INFO] [1790316004.186562982] [robot1.local_costmap.local_costmap]: Message Filter dropping message: frame 'rplidar_link' at time 1790316003.714 for reason 'the timestamp on the message is earlier than all the data in the transform cache'
[component_container_isolated-1] [INFO] [1790316032.802982510] [robot1.bt_navigator]: Begin navigating from current location (3.95, -4.57) to (0.52, -5.56)
[component_container_isolated-1] [INFO] [1790316032.823385048] [robot1.controller_server]: Received a goal, begin computing control effort.
[component_container_isolated-1] [INFO] [1790316033.803217708] [robot1.bt_navigator]: Received goal preemption request
[component_container_isolated-1] [INFO] [1790316033.803313981] [robot1.bt_navigator]: Begin navigating from current location (3.83, -4.57) to (1.77, -5.72)
[component_container_isolated-1] [INFO] [1790316033.873584460] [robot1.controller_server]: Passing new path to controller.
[component_container_isolated-1] [INFO] [1790316034.803193445] [robot1.bt_navigator]: Received goal preemption request
[component_container_isolated-1] [INFO] [1790316034.803336426] [robot1.bt_navigator]: Begin navigating from current location (3.62, -4.64) to (2.94, -5.44)
[component_container_isolated-1] [INFO] [1790316034.923599317] [robot1.controller_server]: Passing new path to controller.
[component_container_isolated-1] [INFO] [1790316035.813191507] [robot1.bt_navigator]: Received goal preemption request
[component_container_isolated-1] [INFO] [1790316035.813276164] [robot1.bt_navigator]: Begin navigating from current location (3.38, -4.79) to (2.96, -5.73)
[component_container_isolated-1] [INFO] [1790316035.923584243] [robot1.controller_server]: Passing new path to controller.
[component_container_isolated-1] [INFO] [1790316036.803280353] [robot1.bt_navigator]: Received goal preemption request
[component_container_isolated-1] [INFO] [1790316036.803545661] [robot1.bt_navigator]: Begin navigating from current location (3.16, -4.90) to (3.14, -5.88)
[component_container_isolated-1] [INFO] [1790316036.973581995] [robot1.controller_server]: Passing new path to controller.
[component_container_isolated-1] [INFO] [1790316037.803163803] [robot1.bt_navigator]: Received goal preemption request
[component_container_isolated-1] [INFO] [1790316037.803270807] [robot1.bt_navigator]: Begin navigating from current location (3.01, -5.07) to (2.18, -5.68)
[component_container_isolated-1] [INFO] [1790316037.973582264] [robot1.controller_server]: Passing new path to controller.
[component_container_isolated-1] [INFO] [1790316038.803158605] [robot1.bt_navigator]: Received goal preemption request
[component_container_isolated-1] [INFO] [1790316038.803251049] [robot1.bt_navigator]: Begin navigating from current location (2.86, -5.28) to (1.96, -5.48)
[component_container_isolated-1] [INFO] [1790316039.023583751] [robot1.controller_server]: Passing new path to controller.
[component_container_isolated-1] [INFO] [1790316039.473583107] [robot1.controller_server]: Goal was canceled. Stopping the robot.
[component_container_isolated-1] [INFO] [1790316039.473614169] [robot1.controller_server]: [follow_path] [ActionServer] Client requested to cancel the goal. Cancelling.
[component_container_isolated-1] [INFO] [1790316039.473733220] [robot1.bt_navigator]: [navigate_to_pose] [ActionServer] Client requested to cancel the goal. Cancelling.
[component_container_isolated-1] [INFO] [1790316039.473841177] [robot1.bt_navigator]: Goal canceled
[component_container_isolated-1] [INFO] [1790316041.802062779] [robot1.bt_navigator]: Begin navigating from current location (2.66, -5.38) to (0.03, -5.00)
[component_container_isolated-1] [INFO] [1790316041.822459808] [robot1.controller_server]: Received a goal, begin computing control effort.
[component_container_isolated-1] [INFO] [1790316042.802242712] [robot1.bt_navigator]: Received goal preemption request
[component_container_isolated-1] [INFO] [1790316042.802356412] [robot1.bt_navigator]: Begin navigating from current location (2.49, -5.41) to (1.00, -5.40)
[component_container_isolated-1] [INFO] [1790316042.872674745] [robot1.controller_server]: Passing new path to controller.
[component_container_isolated-1] [INFO] [1790316043.812229349] [robot1.bt_navigator]: Received goal preemption request
[component_container_isolated-1] [INFO] [1790316043.812319054] [robot1.bt_navigator]: Begin navigating from current location (2.24, -5.42) to (1.50, -5.48)
[component_container_isolated-1] [INFO] [1790316043.922689274] [robot1.controller_server]: Passing new path to controller.
[component_container_isolated-1] [INFO] [1790316044.802266537] [robot1.bt_navigator]: Received goal preemption request
[component_container_isolated-1] [INFO] [1790316044.802388267] [robot1.bt_navigator]: Begin navigating from current location (1.99, -5.42) to (0.58, -5.68)
[component_container_isolated-1] [INFO] [1790316044.922687501] [robot1.controller_server]: Passing new path to controller.
[component_container_isolated-1] [INFO] [1790316045.802391380] [robot1.bt_navigator]: Received goal preemption request
[component_container_isolated-1] [INFO] [1790316045.802492428] [robot1.bt_navigator]: Begin navigating from current location (1.74, -5.41) to (0.43, -5.35)
[component_container_isolated-1] [INFO] [1790316045.972691125] [robot1.controller_server]: Passing new path to controller.
[component_container_isolated-1] [INFO] [1790316046.802291880] [robot1.bt_navigator]: Received goal preemption request
[component_container_isolated-1] [INFO] [1790316046.802401906] [robot1.bt_navigator]: Begin navigating from current location (1.49, -5.42) to (0.15, -5.11)
[component_container_isolated-1] [INFO] [1790316046.972667668] [robot1.controller_server]: Passing new path to controller.
[component_container_isolated-1] [INFO] [1790316047.802270926] [robot1.bt_navigator]: Received goal preemption request
[component_container_isolated-1] [INFO] [1790316047.802365290] [robot1.bt_navigator]: Begin navigating from current location (1.23, -5.41) to (-0.22, -5.23)
[component_container_isolated-1] [INFO] [1790316048.022687673] [robot1.controller_server]: Passing new path to controller.
[component_container_isolated-1] [INFO] [1790316048.812267839] [robot1.bt_navigator]: Received goal preemption request
[component_container_isolated-1] [INFO] [1790316048.812363150] [robot1.bt_navigator]: Begin navigating from current location (0.98, -5.38) to (0.36, -5.62)
[component_container_isolated-1] [INFO] [1790316049.072674319] [robot1.controller_server]: Passing new path to controller.
[component_container_isolated-1] [INFO] [1790316050.072687058] [robot1.controller_server]: Passing new path to controller.
[component_container_isolated-1] [INFO] [1790316050.924472332] [robot1.controller_server]: Reached the goal!
[component_container_isolated-1] [INFO] [1790316050.962294768] [robot1.bt_navigator]: Goal succeeded
[component_container_isolated-1] [INFO] [1790316103.806429385] [robot1.bt_navigator]: Begin navigating from current location (0.51, -5.49) to (0.58, -4.63)
[component_container_isolated-1] [INFO] [1790316103.826815662] [robot1.controller_server]: Received a goal, begin computing control effort.
[component_container_isolated-1] [INFO] [1790316104.877010876] [robot1.controller_server]: Passing new path to controller.
[component_container_isolated-1] [ERROR] [1790316105.826809547] [robot1.bt_navigator_navigate_to_pose_rclcpp_node]: Failed to get result for follow_path in node halt!
[component_container_isolated-1] [INFO] [1790316105.826873495] [robot1.bt_navigator]: [navigate_to_pose] [ActionServer] Client requested to cancel the goal. Cancelling.
[component_container_isolated-1] [INFO] [1790316105.826938797] [robot1.bt_navigator]: Goal canceled
[component_container_isolated-1] [INFO] [1790316105.827027007] [robot1.controller_server]: Goal was canceled. Stopping the robot.
[component_container_isolated-1] [INFO] [1790316105.827060380] [robot1.controller_server]: [follow_path] [ActionServer] Client requested to cancel the goal. Cancelling.
[component_container_isolated-1] [INFO] [1790316111.804278352] [robot1.bt_navigator]: Begin navigating from current location (0.40, -4.99) to (-0.73, -2.25)
[component_container_isolated-1] [INFO] [1790316111.824609517] [robot1.controller_server]: Received a goal, begin computing control effort.
[component_container_isolated-1] [INFO] [1790316112.804493966] [robot1.bt_navigator]: Received goal preemption request
[component_container_isolated-1] [INFO] [1790316112.804608294] [robot1.bt_navigator]: Begin navigating from current location (0.39, -4.83) to (-0.81, -0.17)
[component_container_isolated-1] [INFO] [1790316112.874812531] [robot1.controller_server]: Passing new path to controller.
[component_container_isolated-1] [INFO] [1790316113.814470857] [robot1.bt_navigator]: Received goal preemption request
[component_container_isolated-1] [INFO] [1790316113.814573490] [robot1.bt_navigator]: Begin navigating from current location (0.32, -4.58) to (-0.99, -2.15)
[component_container_isolated-1] [INFO] [1790316113.924796411] [robot1.controller_server]: Passing new path to controller.
[component_container_isolated-1] [INFO] [1790316114.814486941] [robot1.bt_navigator]: Received goal preemption request
[component_container_isolated-1] [INFO] [1790316114.814556539] [robot1.bt_navigator]: Begin navigating from current location (0.24, -4.33) to (-0.84, -1.93)
[component_container_isolated-1] [INFO] [1790316114.924798545] [robot1.controller_server]: Passing new path to controller.
[component_container_isolated-1] [INFO] [1790316115.804461883] [robot1.bt_navigator]: Received goal preemption request
[component_container_isolated-1] [INFO] [1790316115.804544453] [robot1.bt_navigator]: Begin navigating from current location (0.15, -4.09) to (-1.10, -1.21)
[component_container_isolated-1] [INFO] [1790316115.974797072] [robot1.controller_server]: Passing new path to controller.
[component_container_isolated-1] [INFO] [1790316116.814457003] [robot1.bt_navigator]: Received goal preemption request
[component_container_isolated-1] [INFO] [1790316116.814573342] [robot1.bt_navigator]: Begin navigating from current location (0.09, -3.85) to (-0.63, -0.23)
[component_container_isolated-1] [INFO] [1790316116.974812008] [robot1.controller_server]: Passing new path to controller.
[component_container_isolated-1] [INFO] [1790316117.804468943] [robot1.bt_navigator]: Received goal preemption request
[component_container_isolated-1] [INFO] [1790316117.804617699] [robot1.bt_navigator]: Begin navigating from current location (0.03, -3.59) to (-0.66, 0.02)
[component_container_isolated-1] [INFO] [1790316118.024838525] [robot1.controller_server]: Passing new path to controller.
[component_container_isolated-1] [INFO] [1790316118.804468575] [robot1.bt_navigator]: Received goal preemption request
[component_container_isolated-1] [INFO] [1790316118.804589571] [robot1.bt_navigator]: Begin navigating from current location (-0.04, -3.35) to (-0.23, -0.09)
[component_container_isolated-1] [INFO] [1790316119.074818439] [robot1.controller_server]: Passing new path to controller.
[component_container_isolated-1] [INFO] [1790316119.804466240] [robot1.bt_navigator]: Received goal preemption request
[component_container_isolated-1] [INFO] [1790316119.804612386] [robot1.bt_navigator]: Begin navigating from current location (-0.12, -3.10) to (-0.93, -0.21)
[component_container_isolated-1] [INFO] [1790316120.074747240] [robot1.controller_server]: Passing new path to controller.
[component_container_isolated-1] [INFO] [1790316120.804455421] [robot1.bt_navigator]: Received goal preemption request
[component_container_isolated-1] [INFO] [1790316120.804536526] [robot1.bt_navigator]: Begin navigating from current location (-0.20, -2.86) to (-0.06, 0.12)
[component_container_isolated-1] [INFO] [1790316121.124795621] [robot1.controller_server]: Passing new path to controller.
[component_container_isolated-1] [INFO] [1790316121.814516153] [robot1.bt_navigator]: Received goal preemption request
[component_container_isolated-1] [INFO] [1790316121.814600825] [robot1.bt_navigator]: Begin navigating from current location (-0.28, -2.61) to (-1.25, -0.08)
[component_container_isolated-1] [INFO] [1790316122.124812674] [robot1.controller_server]: Passing new path to controller.
[component_container_isolated-1] [INFO] [1790316122.804469442] [robot1.bt_navigator]: Received goal preemption request
[component_container_isolated-1] [INFO] [1790316122.804570949] [robot1.bt_navigator]: Begin navigating from current location (-0.37, -2.39) to (0.08, 0.40)
[component_container_isolated-1] [INFO] [1790316123.174796143] [robot1.controller_server]: Passing new path to controller.
[component_container_isolated-1] [INFO] [1790316123.804463689] [robot1.bt_navigator]: Received goal preemption request
[component_container_isolated-1] [INFO] [1790316123.804559273] [robot1.bt_navigator]: Begin navigating from current location (-0.46, -2.15) to (-0.43, 0.30)
[component_container_isolated-1] [INFO] [1790316124.174828246] [robot1.controller_server]: Passing new path to controller.
[component_container_isolated-1] [INFO] [1790316124.804526289] [robot1.bt_navigator]: Received goal preemption request
[component_container_isolated-1] [INFO] [1790316124.804611340] [robot1.bt_navigator]: Begin navigating from current location (-0.53, -1.89) to (-0.89, 0.07)
[component_container_isolated-1] [INFO] [1790316125.224821361] [robot1.controller_server]: Passing new path to controller.
[component_container_isolated-1] [INFO] [1790316125.804471129] [robot1.bt_navigator]: Received goal preemption request
[component_container_isolated-1] [INFO] [1790316125.804588859] [robot1.bt_navigator]: Begin navigating from current location (-0.53, -1.63) to (-0.69, 0.49)
[component_container_isolated-1] [INFO] [1790316126.224795362] [robot1.controller_server]: Passing new path to controller.
[component_container_isolated-1] [INFO] [1790316126.804467352] [robot1.bt_navigator]: Received goal preemption request
[component_container_isolated-1] [INFO] [1790316126.804574887] [robot1.bt_navigator]: Begin navigating from current location (-0.54, -1.38) to (-1.34, -0.38)
[component_container_isolated-1] [INFO] [1790316127.274812727] [robot1.controller_server]: Passing new path to controller.
[component_container_isolated-1] [INFO] [1790316127.814499050] [robot1.bt_navigator]: Received goal preemption request
[component_container_isolated-1] [INFO] [1790316127.814582297] [robot1.bt_navigator]: Begin navigating from current location (-0.56, -1.13) to (-0.82, 0.77)
[component_container_isolated-1] [INFO] [1790316128.324796960] [robot1.controller_server]: Passing new path to controller.
[component_container_isolated-1] [INFO] [1790316128.804495515] [robot1.bt_navigator]: Received goal preemption request
[component_container_isolated-1] [INFO] [1790316128.804571955] [robot1.bt_navigator]: Begin navigating from current location (-0.63, -0.89) to (-1.07, 0.97)
[component_container_isolated-1] [INFO] [1790316129.324798325] [robot1.controller_server]: Passing new path to controller.
[component_container_isolated-1] [INFO] [1790316129.804457327] [robot1.bt_navigator]: Received goal preemption request
[component_container_isolated-1] [INFO] [1790316129.804538304] [robot1.bt_navigator]: Begin navigating from current location (-0.66, -0.64) to (-0.70, 0.58)
[component_container_isolated-1] [INFO] [1790316130.285893764] [robot1.local_costmap.local_costmap]: StaticLayer: Resizing static layer to 215 X 315 at 0.050000 m/pix
[component_container_isolated-1] [INFO] [1790316130.374809419] [robot1.controller_server]: Passing new path to controller.
[component_container_isolated-1] [INFO] [1790316130.643016266] [robot1.global_costmap.global_costmap]: StaticLayer: Resizing costmap to 215 X 315 at 0.050000 m/pix
[component_container_isolated-1] [INFO] [1790316130.804524428] [robot1.bt_navigator]: Received goal preemption request
[component_container_isolated-1] [INFO] [1790316130.804657817] [robot1.bt_navigator]: Begin navigating from current location (-0.68, -0.38) to (-0.89, 0.21)
[component_container_isolated-1] [INFO] [1790316131.374819452] [robot1.controller_server]: Passing new path to controller.
[component_container_isolated-1] [INFO] [1790316131.804458244] [robot1.bt_navigator]: Received goal preemption request
[component_container_isolated-1] [INFO] [1790316131.804570675] [robot1.bt_navigator]: Begin navigating from current location (-0.62, -0.14) to (-0.87, 0.44)
[component_container_isolated-1] [INFO] [1790316132.424793683] [robot1.controller_server]: Passing new path to controller.
[component_container_isolated-1] [INFO] [1790316133.474796795] [robot1.controller_server]: Passing new path to controller.
[component_container_isolated-1] [INFO] [1790316133.776679362] [robot1.controller_server]: Reached the goal!
[component_container_isolated-1] [INFO] [1790316133.814516306] [robot1.bt_navigator]: Goal succeeded
[component_container_isolated-1] [INFO] [1790316159.126904576] [robot1.global_costmap.global_costmap]: Message Filter dropping message: frame 'rplidar_link' at time 1790316158.689 for reason 'the timestamp on the message is earlier than all the data in the transform cache'
[component_container_isolated-1] [INFO] [1790318594.806075108] [robot1.bt_navigator]: Begin navigating from current location (-0.12, -0.06) to (-1.77, 2.49)
[component_container_isolated-1] [INFO] [1790318594.826528483] [robot1.controller_server]: Received a goal, begin computing control effort.
[component_container_isolated-1] [INFO] [1790318595.806298326] [robot1.bt_navigator]: Received goal preemption request
[component_container_isolated-1] [INFO] [1790318595.806428726] [robot1.bt_navigator]: Begin navigating from current location (-0.15, 0.02) to (-1.36, 0.81)
[component_container_isolated-1] [INFO] [1790318595.876715286] [robot1.controller_server]: Passing new path to controller.
[component_container_isolated-1] [INFO] [1790318596.806289791] [robot1.bt_navigator]: Received goal preemption request
[component_container_isolated-1] [INFO] [1790318596.806370899] [robot1.bt_navigator]: Begin navigating from current location (-0.29, 0.22) to (-1.24, 1.17)
[component_container_isolated-1] [INFO] [1790318596.926715924] [robot1.controller_server]: Passing new path to controller.
[component_container_isolated-1] [INFO] [1790318597.806281145] [robot1.bt_navigator]: Received goal preemption request
[component_container_isolated-1] [INFO] [1790318597.806381148] [robot1.bt_navigator]: Begin navigating from current location (-0.49, 0.38) to (-1.28, 1.53)
[component_container_isolated-1] [INFO] [1790318597.926699934] [robot1.controller_server]: Passing new path to controller.
[component_container_isolated-1] [INFO] [1790318598.806312361] [robot1.bt_navigator]: Received goal preemption request
[component_container_isolated-1] [INFO] [1790318598.806470449] [robot1.bt_navigator]: Begin navigating from current location (-0.63, 0.52) to (-1.53, 0.56)
[component_container_isolated-1] [INFO] [1790318598.976715499] [robot1.controller_server]: Passing new path to controller.
[component_container_isolated-1] [INFO] [1790318599.806282304] [robot1.bt_navigator]: Received goal preemption request
[component_container_isolated-1] [INFO] [1790318599.806387302] [robot1.bt_navigator]: Begin navigating from current location (-0.77, 0.69) to (-1.68, 1.66)
[component_container_isolated-1] [INFO] [1790318599.976725298] [robot1.controller_server]: Passing new path to controller.
[component_container_isolated-1] [INFO] [1790318600.806244227] [robot1.bt_navigator]: Received goal preemption request
[component_container_isolated-1] [INFO] [1790318600.806326936] [robot1.bt_navigator]: Begin navigating from current location (-0.95, 0.82) to (-1.28, 0.93)
[component_container_isolated-1] [INFO] [1790318601.026700344] [robot1.controller_server]: Passing new path to controller.
[component_container_isolated-1] [INFO] [1790318602.076714455] [robot1.controller_server]: Passing new path to controller.
[component_container_isolated-1] [INFO] [1790318602.778518395] [robot1.controller_server]: Reached the goal!
[component_container_isolated-1] [INFO] [1790318602.816372830] [robot1.bt_navigator]: Goal succeeded
