[INFO] [launch]: All log files can be found below /home/danyalaziz/.ros/log/2026-09-08-12-15-55-312933-Precision-3660-97416
[INFO] [launch]: Default logging verbosity is set to INFO
[INFO] [controller_server-1]: process started with pid [97418]
[INFO] [smoother_server-2]: process started with pid [97420]
[INFO] [planner_server-3]: process started with pid [97422]
[INFO] [behavior_server-4]: process started with pid [97424]
[INFO] [bt_navigator-5]: process started with pid [97426]
[INFO] [waypoint_follower-6]: process started with pid [97428]
[INFO] [velocity_smoother-7]: process started with pid [97430]
[INFO] [lifecycle_manager-8]: process started with pid [97432]
[lifecycle_manager-8] [INFO] [1788851755.418941457] [robot1.lifecycle_manager_navigation]: Creating
[velocity_smoother-7] [INFO] [1788851755.419187862] [robot1.velocity_smoother]: 
[velocity_smoother-7] 	velocity_smoother lifecycle node launched. 
[velocity_smoother-7] 	Waiting on external lifecycle transitions to activate
[velocity_smoother-7] 	See https://design.ros2.org/articles/node_lifecycle.html for more information.
[planner_server-3] [INFO] [1788851755.419199884] [robot1.planner_server]: 
[planner_server-3] 	planner_server lifecycle node launched. 
[planner_server-3] 	Waiting on external lifecycle transitions to activate
[planner_server-3] 	See https://design.ros2.org/articles/node_lifecycle.html for more information.
[waypoint_follower-6] [INFO] [1788851755.419218149] [robot1.waypoint_follower]: 
[waypoint_follower-6] 	waypoint_follower lifecycle node launched. 
[waypoint_follower-6] 	Waiting on external lifecycle transitions to activate
[waypoint_follower-6] 	See https://design.ros2.org/articles/node_lifecycle.html for more information.
[waypoint_follower-6] [INFO] [1788851755.419418553] [robot1.waypoint_follower]: Creating
[lifecycle_manager-8] [INFO] [1788851755.419534055] [robot1.lifecycle_manager_navigation]: [34m[1mCreating and initializing lifecycle service clients[0m[0m
[planner_server-3] [INFO] [1788851755.419826451] [robot1.planner_server]: Creating
[planner_server-3] [INFO] [1788851755.421397849] [robot1.global_costmap.global_costmap]: 
[planner_server-3] 	global_costmap lifecycle node launched. 
[planner_server-3] 	Waiting on external lifecycle transitions to activate
[planner_server-3] 	See https://design.ros2.org/articles/node_lifecycle.html for more information.
[planner_server-3] [INFO] [1788851755.421619038] [robot1.global_costmap.global_costmap]: Creating Costmap
[smoother_server-2] [INFO] [1788851755.422795738] [robot1.smoother_server]: 
[smoother_server-2] 	smoother_server lifecycle node launched. 
[smoother_server-2] 	Waiting on external lifecycle transitions to activate
[smoother_server-2] 	See https://design.ros2.org/articles/node_lifecycle.html for more information.
[behavior_server-4] [INFO] [1788851755.423225894] [robot1.behavior_server]: 
[behavior_server-4] 	behavior_server lifecycle node launched. 
[behavior_server-4] 	Waiting on external lifecycle transitions to activate
[behavior_server-4] 	See https://design.ros2.org/articles/node_lifecycle.html for more information.
[smoother_server-2] [INFO] [1788851755.423466654] [robot1.smoother_server]: Creating smoother server
[bt_navigator-5] [INFO] [1788851755.423716019] [robot1.bt_navigator]: 
[bt_navigator-5] 	bt_navigator lifecycle node launched. 
[bt_navigator-5] 	Waiting on external lifecycle transitions to activate
[bt_navigator-5] 	See https://design.ros2.org/articles/node_lifecycle.html for more information.
[bt_navigator-5] [INFO] [1788851755.423770717] [robot1.bt_navigator]: Creating
[controller_server-1] [INFO] [1788851755.424951186] [robot1.controller_server]: 
[controller_server-1] 	controller_server lifecycle node launched. 
[controller_server-1] 	Waiting on external lifecycle transitions to activate
[controller_server-1] 	See https://design.ros2.org/articles/node_lifecycle.html for more information.
[controller_server-1] [INFO] [1788851755.426380170] [robot1.controller_server]: Creating controller server
[controller_server-1] [INFO] [1788851755.427825280] [robot1.local_costmap.local_costmap]: 
[controller_server-1] 	local_costmap lifecycle node launched. 
[controller_server-1] 	Waiting on external lifecycle transitions to activate
[controller_server-1] 	See https://design.ros2.org/articles/node_lifecycle.html for more information.
[controller_server-1] [INFO] [1788851755.428013141] [robot1.local_costmap.local_costmap]: Creating Costmap
[lifecycle_manager-8] [INFO] [1788851757.419878405] [robot1.lifecycle_manager_navigation]: Waiting for service controller_server/get_state...
[lifecycle_manager-8] [INFO] [1788851759.419965909] [robot1.lifecycle_manager_navigation]: Waiting for service controller_server/get_state...
[lifecycle_manager-8] [INFO] [1788851763.144208704] [robot1.lifecycle_manager_navigation]: Waiting for service smoother_server/get_state...
[INFO] [nav2_startup-9]: process started with pid [97695]
[nav2_startup-9] waiting for service to become available...
[nav2_startup-9] requester: making request: nav2_msgs.srv.ManageLifecycleNodes_Request(command=0)
[nav2_startup-9] 
[lifecycle_manager-8] [INFO] [1788851777.096309384] [robot1.lifecycle_manager_navigation]: [34m[1mStarting managed nodes bringup...[0m[0m
[lifecycle_manager-8] [INFO] [1788851777.096363307] [robot1.lifecycle_manager_navigation]: [34m[1mConfiguring controller_server[0m[0m
[controller_server-1] [INFO] [1788851777.096775552] [robot1.controller_server]: Configuring controller interface
[controller_server-1] [INFO] [1788851777.096992556] [robot1.controller_server]: getting goal checker plugins..
[controller_server-1] [INFO] [1788851777.097101584] [robot1.controller_server]: Controller frequency set to 20.0000Hz
[controller_server-1] [INFO] [1788851777.097125404] [robot1.local_costmap.local_costmap]: Configuring
[controller_server-1] [INFO] [1788851777.127538047] [robot1.local_costmap.local_costmap]: Using plugin "static_layer"
[controller_server-1] [INFO] [1788851777.158311746] [robot1.local_costmap.local_costmap]: Subscribing to the map topic (/robot1/map) with transient local durability
[controller_server-1] [INFO] [1788851777.159270299] [robot1.local_costmap.local_costmap]: Initialized plugin "static_layer"
[controller_server-1] [INFO] [1788851777.159292231] [robot1.local_costmap.local_costmap]: Using plugin "voxel_layer"
[controller_server-1] [INFO] [1788851777.159814981] [robot1.local_costmap.local_costmap]: Subscribed to Topics: scan
[controller_server-1] [INFO] [1788851777.225828799] [robot1.local_costmap.local_costmap]: Initialized plugin "voxel_layer"
[controller_server-1] [INFO] [1788851777.225851900] [robot1.local_costmap.local_costmap]: Using plugin "inflation_layer"
[controller_server-1] [INFO] [1788851777.226263104] [robot1.local_costmap.local_costmap]: Initialized plugin "inflation_layer"
[controller_server-1] [INFO] [1788851777.413482434] [robot1.controller_server]: Created progress_checker : progress_checker of type nav2_controller::SimpleProgressChecker
[controller_server-1] [INFO] [1788851777.413968570] [robot1.controller_server]: Created goal checker : general_goal_checker of type nav2_controller::SimpleGoalChecker
[controller_server-1] [INFO] [1788851777.414181698] [robot1.controller_server]: Controller Server has general_goal_checker  goal checkers available.
[controller_server-1] [INFO] [1788851777.414921076] [robot1.controller_server]: Created controller : FollowPath of type dwb_core::DWBLocalPlanner
[controller_server-1] [INFO] [1788851777.431868830] [robot1.controller_server]: Setting transform_tolerance to 0.200000
[controller_server-1] [INFO] [1788851777.518642200] [robot1.controller_server]: Using critic "RotateToGoal" (dwb_critics::RotateToGoalCritic)
[controller_server-1] [INFO] [1788851777.526801007] [robot1.controller_server]: Critic plugin initialized
[controller_server-1] [INFO] [1788851777.526911519] [robot1.controller_server]: Using critic "Oscillation" (dwb_critics::OscillationCritic)
[controller_server-1] [INFO] [1788851777.527214593] [robot1.controller_server]: Critic plugin initialized
[controller_server-1] [INFO] [1788851777.527295667] [robot1.controller_server]: Using critic "BaseObstacle" (dwb_critics::BaseObstacleCritic)
[controller_server-1] [INFO] [1788851777.527413535] [robot1.controller_server]: Critic plugin initialized
[controller_server-1] [INFO] [1788851777.527477637] [robot1.controller_server]: Using critic "GoalAlign" (dwb_critics::GoalAlignCritic)
[controller_server-1] [INFO] [1788851777.536545052] [robot1.controller_server]: Critic plugin initialized
[controller_server-1] [INFO] [1788851777.536630611] [robot1.controller_server]: Using critic "PathAlign" (dwb_critics::PathAlignCritic)
[controller_server-1] [INFO] [1788851777.536825054] [robot1.controller_server]: Critic plugin initialized
[controller_server-1] [INFO] [1788851777.536893264] [robot1.controller_server]: Using critic "PathDist" (dwb_critics::PathDistCritic)
[controller_server-1] [INFO] [1788851777.537020279] [robot1.controller_server]: Critic plugin initialized
[controller_server-1] [INFO] [1788851777.537102140] [robot1.controller_server]: Using critic "GoalDist" (dwb_critics::GoalDistCritic)
[controller_server-1] [INFO] [1788851777.537236547] [robot1.controller_server]: Critic plugin initialized
[controller_server-1] [INFO] [1788851777.537244807] [robot1.controller_server]: Controller Server has FollowPath  controllers available.
[lifecycle_manager-8] [INFO] [1788851777.599756320] [robot1.lifecycle_manager_navigation]: [34m[1mConfiguring smoother_server[0m[0m
[smoother_server-2] [INFO] [1788851777.599926227] [robot1.smoother_server]: Configuring smoother server
[smoother_server-2] [INFO] [1788851777.640656080] [robot1.smoother_server]: Created smoother : simple_smoother of type nav2_smoother::SimpleSmoother
[smoother_server-2] [INFO] [1788851777.641031339] [robot1.smoother_server]: Smoother Server has simple_smoother  smoothers available.
[lifecycle_manager-8] [INFO] [1788851777.806247582] [robot1.lifecycle_manager_navigation]: [34m[1mConfiguring planner_server[0m[0m
[planner_server-3] [INFO] [1788851777.806472451] [robot1.planner_server]: Configuring
[planner_server-3] [INFO] [1788851777.806500011] [robot1.global_costmap.global_costmap]: Configuring
[planner_server-3] [INFO] [1788851777.926038065] [robot1.global_costmap.global_costmap]: Using plugin "static_layer"
[planner_server-3] [INFO] [1788851777.928509002] [robot1.global_costmap.global_costmap]: Subscribing to the map topic (/robot1/map) with transient local durability
[planner_server-3] [INFO] [1788851778.109118064] [robot1.global_costmap.global_costmap]: Initialized plugin "static_layer"
[planner_server-3] [INFO] [1788851778.109162381] [robot1.global_costmap.global_costmap]: Using plugin "obstacle_layer"
[planner_server-3] [INFO] [1788851778.109859971] [robot1.global_costmap.global_costmap]: Subscribed to Topics: scan
[planner_server-3] [INFO] [1788851778.151713710] [robot1.global_costmap.global_costmap]: Initialized plugin "obstacle_layer"
[planner_server-3] [INFO] [1788851778.151747937] [robot1.global_costmap.global_costmap]: Using plugin "inflation_layer"
[planner_server-3] [INFO] [1788851778.229414212] [robot1.global_costmap.global_costmap]: Initialized plugin "inflation_layer"
[planner_server-3] [INFO] [1788851778.347476370] [robot1.planner_server]: Created global planner plugin GridBased of type nav2_navfn_planner/NavfnPlanner
[planner_server-3] [INFO] [1788851778.347500751] [robot1.planner_server]: Configuring plugin GridBased of type NavfnPlanner
[planner_server-3] [INFO] [1788851778.356921231] [robot1.planner_server]: Planner Server has GridBased  planners available.
[lifecycle_manager-8] [INFO] [1788851778.437448932] [robot1.lifecycle_manager_navigation]: [34m[1mConfiguring behavior_server[0m[0m
[behavior_server-4] [INFO] [1788851778.437649343] [robot1.behavior_server]: Configuring
[behavior_server-4] [INFO] [1788851778.473132639] [robot1.behavior_server]: Creating behavior plugin spin of type nav2_behaviors/Spin
[behavior_server-4] [INFO] [1788851778.473538695] [robot1.behavior_server]: Configuring spin
[behavior_server-4] [INFO] [1788851778.512473202] [robot1.behavior_server]: Creating behavior plugin backup of type nav2_behaviors/BackUp
[behavior_server-4] [INFO] [1788851778.512921601] [robot1.behavior_server]: Configuring backup
[behavior_server-4] [INFO] [1788851778.573412884] [robot1.behavior_server]: Creating behavior plugin drive_on_heading of type nav2_behaviors/DriveOnHeading
[behavior_server-4] [INFO] [1788851778.573870682] [robot1.behavior_server]: Configuring drive_on_heading
[behavior_server-4] [INFO] [1788851778.632228861] [robot1.behavior_server]: Creating behavior plugin assisted_teleop of type nav2_behaviors/AssistedTeleop
[behavior_server-4] [INFO] [1788851778.633183087] [robot1.behavior_server]: Configuring assisted_teleop
[behavior_server-4] [INFO] [1788851778.670458962] [robot1.behavior_server]: Creating behavior plugin wait of type nav2_behaviors/Wait
[behavior_server-4] [INFO] [1788851778.670841905] [robot1.behavior_server]: Configuring wait
[lifecycle_manager-8] [INFO] [1788851778.741921637] [robot1.lifecycle_manager_navigation]: [34m[1mConfiguring bt_navigator[0m[0m
[bt_navigator-5] [INFO] [1788851778.742128649] [robot1.bt_navigator]: Configuring
[planner_server-3] [INFO] [1788851779.086154769] [robot1.global_costmap.global_costmap]: StaticLayer: Resizing costmap to 181 X 303 at 0.050000 m/pix
[lifecycle_manager-8] [INFO] [1788851779.224413810] [robot1.lifecycle_manager_navigation]: [34m[1mConfiguring waypoint_follower[0m[0m
[waypoint_follower-6] [INFO] [1788851779.224583778] [robot1.waypoint_follower]: Configuring
[waypoint_follower-6] [INFO] [1788851779.269646806] [robot1.waypoint_follower]: Created waypoint_task_executor : wait_at_waypoint of type nav2_waypoint_follower::WaitAtWaypoint
[lifecycle_manager-8] [INFO] [1788851779.270150660] [robot1.lifecycle_manager_navigation]: [34m[1mConfiguring velocity_smoother[0m[0m
[velocity_smoother-7] [INFO] [1788851779.270289064] [robot1.velocity_smoother]: Configuring velocity smoother
[lifecycle_manager-8] [INFO] [1788851779.272183210] [robot1.lifecycle_manager_navigation]: [34m[1mActivating controller_server[0m[0m
[controller_server-1] [INFO] [1788851779.272303300] [robot1.controller_server]: Activating
[controller_server-1] [INFO] [1788851779.272326232] [robot1.local_costmap.local_costmap]: Activating
[controller_server-1] [INFO] [1788851779.272336575] [robot1.local_costmap.local_costmap]: Checking transform
[controller_server-1] [INFO] [1788851779.272350555] [robot1.local_costmap.local_costmap]: Timed out waiting for transform from base_link to odom to become available, tf error: Invalid frame ID "odom" passed to canTransform argument target_frame - frame does not exist
[controller_server-1] [INFO] [1788851779.772435613] [robot1.local_costmap.local_costmap]: Timed out waiting for transform from base_link to odom to become available, tf error: Invalid frame ID "odom" passed to canTransform argument target_frame - frame does not exist
[controller_server-1] [INFO] [1788851780.217390594] [robot1.local_costmap.local_costmap]: StaticLayer: Resizing static layer to 181 X 303 at 0.050000 m/pix
[controller_server-1] [INFO] [1788851780.272585858] [robot1.local_costmap.local_costmap]: start
[controller_server-1] [INFO] [1788851780.523184142] [robot1.controller_server]: Creating bond (controller_server) to lifecycle manager.
[lifecycle_manager-8] [INFO] [1788851781.625714409] [robot1.lifecycle_manager_navigation]: Server controller_server connected with bond.
[lifecycle_manager-8] [INFO] [1788851781.625769258] [robot1.lifecycle_manager_navigation]: [34m[1mActivating smoother_server[0m[0m
[smoother_server-2] [INFO] [1788851781.626060130] [robot1.smoother_server]: Activating
[smoother_server-2] [INFO] [1788851781.626087623] [robot1.smoother_server]: Creating bond (smoother_server) to lifecycle manager.
[lifecycle_manager-8] [INFO] [1788851781.728158003] [robot1.lifecycle_manager_navigation]: Server smoother_server connected with bond.
[lifecycle_manager-8] [INFO] [1788851781.728252621] [robot1.lifecycle_manager_navigation]: [34m[1mActivating planner_server[0m[0m
[planner_server-3] [INFO] [1788851781.728566133] [robot1.planner_server]: Activating
[planner_server-3] [INFO] [1788851781.728610500] [robot1.global_costmap.global_costmap]: Activating
[planner_server-3] [INFO] [1788851781.728624124] [robot1.global_costmap.global_costmap]: Checking transform
[planner_server-3] [INFO] [1788851781.728711964] [robot1.global_costmap.global_costmap]: start
[planner_server-3] [INFO] [1788851782.779493811] [robot1.planner_server]: Activating plugin GridBased of type NavfnPlanner
[planner_server-3] [INFO] [1788851782.780182970] [robot1.planner_server]: Creating bond (planner_server) to lifecycle manager.
[lifecycle_manager-8] [INFO] [1788851782.896729830] [robot1.lifecycle_manager_navigation]: Server planner_server connected with bond.
[lifecycle_manager-8] [INFO] [1788851782.896772584] [robot1.lifecycle_manager_navigation]: [34m[1mActivating behavior_server[0m[0m
[behavior_server-4] [INFO] [1788851782.897075640] [robot1.behavior_server]: Activating
[behavior_server-4] [INFO] [1788851782.897095753] [robot1.behavior_server]: Activating spin
[behavior_server-4] [INFO] [1788851782.897102722] [robot1.behavior_server]: Activating backup
[behavior_server-4] [INFO] [1788851782.897107508] [robot1.behavior_server]: Activating drive_on_heading
[behavior_server-4] [INFO] [1788851782.897112208] [robot1.behavior_server]: Activating assisted_teleop
[behavior_server-4] [INFO] [1788851782.897117166] [robot1.behavior_server]: Activating wait
[behavior_server-4] [INFO] [1788851782.897123833] [robot1.behavior_server]: Creating bond (behavior_server) to lifecycle manager.
[lifecycle_manager-8] [INFO] [1788851783.099751001] [robot1.lifecycle_manager_navigation]: Server behavior_server connected with bond.
[lifecycle_manager-8] [INFO] [1788851783.099809812] [robot1.lifecycle_manager_navigation]: [34m[1mActivating bt_navigator[0m[0m
[bt_navigator-5] [INFO] [1788851783.100076009] [robot1.bt_navigator]: Activating
[bt_navigator-5] [INFO] [1788851784.788118542] [robot1.bt_navigator]: Creating bond (bt_navigator) to lifecycle manager.
[lifecycle_manager-8] [INFO] [1788851785.038298165] [robot1.lifecycle_manager_navigation]: Server bt_navigator connected with bond.
[lifecycle_manager-8] [INFO] [1788851785.038344039] [robot1.lifecycle_manager_navigation]: [34m[1mActivating waypoint_follower[0m[0m
[waypoint_follower-6] [INFO] [1788851785.038707441] [robot1.waypoint_follower]: Activating
[waypoint_follower-6] [INFO] [1788851785.038746112] [robot1.waypoint_follower]: Creating bond (waypoint_follower) to lifecycle manager.
[lifecycle_manager-8] [INFO] [1788851785.141538362] [robot1.lifecycle_manager_navigation]: Server waypoint_follower connected with bond.
[lifecycle_manager-8] [INFO] [1788851785.141645613] [robot1.lifecycle_manager_navigation]: [34m[1mActivating velocity_smoother[0m[0m
[velocity_smoother-7] [INFO] [1788851785.172437928] [robot1.velocity_smoother]: Activating
[velocity_smoother-7] [INFO] [1788851785.172490761] [robot1.velocity_smoother]: Creating bond (velocity_smoother) to lifecycle manager.
[lifecycle_manager-8] [INFO] [1788851785.323590506] [robot1.lifecycle_manager_navigation]: Server velocity_smoother connected with bond.
[lifecycle_manager-8] [INFO] [1788851785.323634084] [robot1.lifecycle_manager_navigation]: [34m[1mManaged nodes are active[0m[0m
[lifecycle_manager-8] [INFO] [1788851785.323641346] [robot1.lifecycle_manager_navigation]: [34m[1mCreating bond timer...[0m[0m
[nav2_startup-9] response:
[nav2_startup-9] nav2_msgs.srv.ManageLifecycleNodes_Response(success=True)
[nav2_startup-9] 
[INFO] [nav2_startup-9]: process has finished cleanly [pid 97695]
[controller_server-1] [INFO] [1788851866.535939731] [robot1.local_costmap.local_costmap]: Message Filter dropping message: frame 'rplidar_link' at time 1788851866.032 for reason 'the timestamp on the message is earlier than all the data in the transform cache'
[planner_server-3] [INFO] [1788851866.541399438] [robot1.global_costmap.global_costmap]: Message Filter dropping message: frame 'rplidar_link' at time 1788851866.032 for reason 'the timestamp on the message is earlier than all the data in the transform cache'
[planner_server-3] [WARN] [1788851957.407255079] [robot1.planner_server.rclcpp_action]: Failed to send goal response c7e7c787d2d4c43ab319c90be9a814c (timeout): client will not receive response, at ./src/rmw_response.cpp:154, at ./src/rcl/service.c:314
[controller_server-1] [INFO] [1788852133.796910013] [robot1.local_costmap.local_costmap]: Message Filter dropping message: frame 'rplidar_link' at time 1788852133.264 for reason 'the timestamp on the message is earlier than all the data in the transform cache'
[planner_server-3] [INFO] [1788852133.798212103] [robot1.global_costmap.global_costmap]: Message Filter dropping message: frame 'rplidar_link' at time 1788852133.264 for reason 'the timestamp on the message is earlier than all the data in the transform cache'
[controller_server-1] [INFO] [1788852143.603644714] [robot1.local_costmap.local_costmap]: Message Filter dropping message: frame 'rplidar_link' at time 1788852143.006 for reason 'the timestamp on the message is earlier than all the data in the transform cache'
[planner_server-3] [INFO] [1788852143.603684615] [robot1.global_costmap.global_costmap]: Message Filter dropping message: frame 'rplidar_link' at time 1788852143.006 for reason 'the timestamp on the message is earlier than all the data in the transform cache'
[planner_server-3] [WARN] [1788852147.370343745] [robot1.planner_server.rclcpp_action]: Failed to send goal response d35773915a5f4927a17286be12211a57 (timeout): client will not receive response, at ./src/rmw_response.cpp:154, at ./src/rcl/service.c:314
[planner_server-3] [WARN] [1788852280.352437261] [robot1.planner_server.rclcpp_action]: Failed to send goal response 3a67677a5a04e1aad5bf573a9c1ea6 (timeout): client will not receive response, at ./src/rmw_response.cpp:154, at ./src/rcl/service.c:314
[bt_navigator-5] [WARN] [1788852455.022873098] [robot1.bt_navigator.rclcpp]: failed to send response to /robot1/bt_navigator/get_parameters (timeout): client will not receive response, at ./src/rmw_response.cpp:154, at ./src/rcl/service.c:314
[controller_server-1] [INFO] [1788852843.389050943] [robot1.local_costmap.local_costmap]: Message Filter dropping message: frame 'rplidar_link' at time 1788852842.826 for reason 'the timestamp on the message is earlier than all the data in the transform cache'
[bt_navigator-5] [INFO] [1788853065.520112436] [robot1.bt_navigator]: Begin navigating from current location (0.04, -0.05) to (-0.29, 3.20)
[controller_server-1] [INFO] [1788853065.546938466] [robot1.controller_server]: Received a goal, begin computing control effort.
[controller_server-1] [WARN] [1788853065.546988047] [robot1.controller_server]: No goal checker was specified in parameter 'current_goal_checker'. Server will use only plugin loaded general_goal_checker . This warning will appear once.
[bt_navigator-5] [WARN] [1788853065.552066446] [BehaviorTreeEngine]: Behavior Tree tick rate 100.00 was exceeded!
[bt_navigator-5] [WARN] [1788853065.780801227] [BehaviorTreeEngine]: Behavior Tree tick rate 100.00 was exceeded!
[bt_navigator-5] [WARN] [1788853065.814177107] [BehaviorTreeEngine]: Behavior Tree tick rate 100.00 was exceeded!
[bt_navigator-5] [WARN] [1788853065.887664195] [BehaviorTreeEngine]: Behavior Tree tick rate 100.00 was exceeded!
[bt_navigator-5] [WARN] [1788853065.947827712] [BehaviorTreeEngine]: Behavior Tree tick rate 100.00 was exceeded!
[bt_navigator-5] [WARN] [1788853065.980532194] [BehaviorTreeEngine]: Behavior Tree tick rate 100.00 was exceeded!
[bt_navigator-5] [WARN] [1788853066.058362165] [BehaviorTreeEngine]: Behavior Tree tick rate 100.00 was exceeded!
[bt_navigator-5] [WARN] [1788853066.560432997] [BehaviorTreeEngine]: Behavior Tree tick rate 100.00 was exceeded!
[controller_server-1] [INFO] [1788853066.597183815] [robot1.controller_server]: Passing new path to controller.
[bt_navigator-5] [WARN] [1788853067.083706784] [BehaviorTreeEngine]: Behavior Tree tick rate 100.00 was exceeded!
[bt_navigator-5] [WARN] [1788853067.100888771] [BehaviorTreeEngine]: Behavior Tree tick rate 100.00 was exceeded!
[bt_navigator-5] [WARN] [1788853067.164078739] [BehaviorTreeEngine]: Behavior Tree tick rate 100.00 was exceeded!
[bt_navigator-5] [WARN] [1788853067.310728445] [BehaviorTreeEngine]: Behavior Tree tick rate 100.00 was exceeded!
[bt_navigator-5] [WARN] [1788853067.341190868] [BehaviorTreeEngine]: Behavior Tree tick rate 100.00 was exceeded!
[bt_navigator-5] [WARN] [1788853067.484797363] [BehaviorTreeEngine]: Behavior Tree tick rate 100.00 was exceeded!
[bt_navigator-5] [WARN] [1788853067.568284051] [BehaviorTreeEngine]: Behavior Tree tick rate 100.00 was exceeded!
[bt_navigator-5] [WARN] [1788853067.589292501] [BehaviorTreeEngine]: Behavior Tree tick rate 100.00 was exceeded!
[controller_server-1] [INFO] [1788853067.597176129] [robot1.controller_server]: Passing new path to controller.
[controller_server-1] [INFO] [1788853067.672741685] [robot1.local_costmap.local_costmap]: StaticLayer: Resizing static layer to 182 X 303 at 0.050000 m/pix
[bt_navigator-5] [WARN] [1788853067.679399288] [BehaviorTreeEngine]: Behavior Tree tick rate 100.00 was exceeded!
[planner_server-3] [INFO] [1788853067.728811265] [robot1.global_costmap.global_costmap]: StaticLayer: Resizing costmap to 182 X 303 at 0.050000 m/pix
[bt_navigator-5] [WARN] [1788853067.761747066] [BehaviorTreeEngine]: Behavior Tree tick rate 100.00 was exceeded!
[bt_navigator-5] [WARN] [1788853067.776711537] [BehaviorTreeEngine]: Behavior Tree tick rate 100.00 was exceeded!
[bt_navigator-5] [WARN] [1788853067.975738341] [BehaviorTreeEngine]: Behavior Tree tick rate 100.00 was exceeded!
[bt_navigator-5] [WARN] [1788853068.136836644] [BehaviorTreeEngine]: Behavior Tree tick rate 100.00 was exceeded!
[bt_navigator-5] [WARN] [1788853068.192994987] [BehaviorTreeEngine]: Behavior Tree tick rate 100.00 was exceeded!
[bt_navigator-5] [WARN] [1788853068.304984602] [BehaviorTreeEngine]: Behavior Tree tick rate 100.00 was exceeded!
[bt_navigator-5] [WARN] [1788853068.365537939] [BehaviorTreeEngine]: Behavior Tree tick rate 100.00 was exceeded!
[controller_server-1] [INFO] [1788853068.411690662] [robot1.local_costmap.local_costmap]: Message Filter dropping message: frame 'rplidar_link' at time 1788853067.855 for reason 'the timestamp on the message is earlier than all the data in the transform cache'
[planner_server-3] [INFO] [1788853068.413396430] [robot1.global_costmap.global_costmap]: Message Filter dropping message: frame 'rplidar_link' at time 1788853067.855 for reason 'the timestamp on the message is earlier than all the data in the transform cache'
[bt_navigator-5] [WARN] [1788853068.525363807] [BehaviorTreeEngine]: Behavior Tree tick rate 100.00 was exceeded!
[bt_navigator-5] [WARN] [1788853068.636985335] [BehaviorTreeEngine]: Behavior Tree tick rate 100.00 was exceeded!
[controller_server-1] [INFO] [1788853068.647174624] [robot1.controller_server]: Passing new path to controller.
[bt_navigator-5] [WARN] [1788853068.847222364] [BehaviorTreeEngine]: Behavior Tree tick rate 100.00 was exceeded!
[bt_navigator-5] [WARN] [1788853068.926983850] [BehaviorTreeEngine]: Behavior Tree tick rate 100.00 was exceeded!
[bt_navigator-5] [WARN] [1788853069.000006538] [BehaviorTreeEngine]: Behavior Tree tick rate 100.00 was exceeded!
[bt_navigator-5] [WARN] [1788853069.087455652] [BehaviorTreeEngine]: Behavior Tree tick rate 100.00 was exceeded!
[bt_navigator-5] [WARN] [1788853069.405759696] [BehaviorTreeEngine]: Behavior Tree tick rate 100.00 was exceeded!
[controller_server-1] [INFO] [1788853069.647183598] [robot1.controller_server]: Passing new path to controller.
[bt_navigator-5] [WARN] [1788853070.034014172] [BehaviorTreeEngine]: Behavior Tree tick rate 100.00 was exceeded!
[bt_navigator-5] [WARN] [1788853070.054421046] [BehaviorTreeEngine]: Behavior Tree tick rate 100.00 was exceeded!
[bt_navigator-5] [WARN] [1788853070.121994764] [BehaviorTreeEngine]: Behavior Tree tick rate 100.00 was exceeded!
[bt_navigator-5] [WARN] [1788853070.187264294] [BehaviorTreeEngine]: Behavior Tree tick rate 100.00 was exceeded!
[bt_navigator-5] [WARN] [1788853070.215197759] [BehaviorTreeEngine]: Behavior Tree tick rate 100.00 was exceeded!
[bt_navigator-5] [WARN] [1788853070.334444898] [BehaviorTreeEngine]: Behavior Tree tick rate 100.00 was exceeded!
[bt_navigator-5] [WARN] [1788853070.472523399] [BehaviorTreeEngine]: Behavior Tree tick rate 100.00 was exceeded!
[bt_navigator-5] [WARN] [1788853070.487969021] [BehaviorTreeEngine]: Behavior Tree tick rate 100.00 was exceeded!
[bt_navigator-5] [WARN] [1788853070.557316270] [BehaviorTreeEngine]: Behavior Tree tick rate 100.00 was exceeded!
[bt_navigator-5] [WARN] [1788853070.596839437] [BehaviorTreeEngine]: Behavior Tree tick rate 100.00 was exceeded!
[bt_navigator-5] [WARN] [1788853070.641573201] [BehaviorTreeEngine]: Behavior Tree tick rate 100.00 was exceeded!
[bt_navigator-5] [WARN] [1788853070.661654876] [robot1.bt_navigator_navigate_to_pose_rclcpp_node]: Timed out while waiting for action server to acknowledge goal request for compute_path_to_pose
[planner_server-3] [INFO] [1788853070.681073696] [robot1.global_costmap.global_costmap]: Received request to clear entirely the global_costmap
[bt_navigator-5] [WARN] [1788853070.681907537] [BehaviorTreeEngine]: Behavior Tree tick rate 100.00 was exceeded!
[bt_navigator-5] [WARN] [1788853070.730700395] [BehaviorTreeEngine]: Behavior Tree tick rate 100.00 was exceeded!
[planner_server-3] [WARN] [1788853070.732429106] [robot1.planner_server]: Planner loop missed its desired rate of 20.0000 Hz. Current loop rate is 19.7765 Hz
[bt_navigator-5] [WARN] [1788853070.763652967] [BehaviorTreeEngine]: Behavior Tree tick rate 100.00 was exceeded!
[bt_navigator-5] [WARN] [1788853070.782954109] [BehaviorTreeEngine]: Behavior Tree tick rate 100.00 was exceeded!
[controller_server-1] [INFO] [1788853070.797177577] [robot1.controller_server]: Passing new path to controller.
[bt_navigator-5] [WARN] [1788853070.810147615] [BehaviorTreeEngine]: Behavior Tree tick rate 100.00 was exceeded!
[bt_navigator-5] [WARN] [1788853070.846820635] [BehaviorTreeEngine]: Behavior Tree tick rate 100.00 was exceeded!
[bt_navigator-5] [WARN] [1788853070.938845653] [BehaviorTreeEngine]: Behavior Tree tick rate 100.00 was exceeded!
[bt_navigator-5] [WARN] [1788853070.990341522] [BehaviorTreeEngine]: Behavior Tree tick rate 100.00 was exceeded!
[bt_navigator-5] [WARN] [1788853071.034144859] [BehaviorTreeEngine]: Behavior Tree tick rate 100.00 was exceeded!
[bt_navigator-5] [WARN] [1788853071.057089223] [BehaviorTreeEngine]: Behavior Tree tick rate 100.00 was exceeded!
[bt_navigator-5] [WARN] [1788853071.076486736] [BehaviorTreeEngine]: Behavior Tree tick rate 100.00 was exceeded!
[bt_navigator-5] [WARN] [1788853071.104299579] [BehaviorTreeEngine]: Behavior Tree tick rate 100.00 was exceeded!
[bt_navigator-5] [WARN] [1788853071.135021496] [BehaviorTreeEngine]: Behavior Tree tick rate 100.00 was exceeded!
[bt_navigator-5] [WARN] [1788853071.155309267] [BehaviorTreeEngine]: Behavior Tree tick rate 100.00 was exceeded!
[bt_navigator-5] [WARN] [1788853071.177778070] [BehaviorTreeEngine]: Behavior Tree tick rate 100.00 was exceeded!
[bt_navigator-5] [WARN] [1788853071.243638232] [BehaviorTreeEngine]: Behavior Tree tick rate 100.00 was exceeded!
[bt_navigator-5] [WARN] [1788853071.305960599] [BehaviorTreeEngine]: Behavior Tree tick rate 100.00 was exceeded!
[bt_navigator-5] [WARN] [1788853071.352281933] [BehaviorTreeEngine]: Behavior Tree tick rate 100.00 was exceeded!
[bt_navigator-5] [WARN] [1788853071.406865900] [BehaviorTreeEngine]: Behavior Tree tick rate 100.00 was exceeded!
[bt_navigator-5] [WARN] [1788853071.450662199] [BehaviorTreeEngine]: Behavior Tree tick rate 100.00 was exceeded!
[bt_navigator-5] [WARN] [1788853071.562068339] [BehaviorTreeEngine]: Behavior Tree tick rate 100.00 was exceeded!
[bt_navigator-5] [WARN] [1788853071.687618770] [BehaviorTreeEngine]: Behavior Tree tick rate 100.00 was exceeded!
[bt_navigator-5] [WARN] [1788853071.737954308] [BehaviorTreeEngine]: Behavior Tree tick rate 100.00 was exceeded!
[controller_server-1] [INFO] [1788853071.847177762] [robot1.controller_server]: Passing new path to controller.
[bt_navigator-5] [WARN] [1788853071.955323548] [BehaviorTreeEngine]: Behavior Tree tick rate 100.00 was exceeded!
[bt_navigator-5] [WARN] [1788853071.975883685] [BehaviorTreeEngine]: Behavior Tree tick rate 100.00 was exceeded!
[controller_server-1] [INFO] [1788853072.072803619] [robot1.local_costmap.local_costmap]: StaticLayer: Resizing static layer to 183 X 303 at 0.050000 m/pix
[bt_navigator-5] [WARN] [1788853072.168582113] [BehaviorTreeEngine]: Behavior Tree tick rate 100.00 was exceeded!
[bt_navigator-5] [WARN] [1788853072.338892953] [BehaviorTreeEngine]: Behavior Tree tick rate 100.00 was exceeded!
[bt_navigator-5] [WARN] [1788853072.405701456] [BehaviorTreeEngine]: Behavior Tree tick rate 100.00 was exceeded!
[bt_navigator-5] [WARN] [1788853072.493632009] [BehaviorTreeEngine]: Behavior Tree tick rate 100.00 was exceeded!
[bt_navigator-5] [WARN] [1788853072.536121568] [BehaviorTreeEngine]: Behavior Tree tick rate 100.00 was exceeded!
[controller_server-1] [INFO] [1788853072.672805313] [robot1.local_costmap.local_costmap]: StaticLayer: Resizing static layer to 183 X 306 at 0.050000 m/pix
[planner_server-3] [INFO] [1788853072.728846383] [robot1.global_costmap.global_costmap]: StaticLayer: Resizing costmap to 183 X 306 at 0.050000 m/pix
[bt_navigator-5] [WARN] [1788853072.773192056] [BehaviorTreeEngine]: Behavior Tree tick rate 100.00 was exceeded!
[controller_server-1] [INFO] [1788853072.847171381] [robot1.controller_server]: Passing new path to controller.
[bt_navigator-5] [WARN] [1788853072.901016127] [BehaviorTreeEngine]: Behavior Tree tick rate 100.00 was exceeded!
[bt_navigator-5] [WARN] [1788853072.954498991] [BehaviorTreeEngine]: Behavior Tree tick rate 100.00 was exceeded!
[bt_navigator-5] [WARN] [1788853073.055412663] [BehaviorTreeEngine]: Behavior Tree tick rate 100.00 was exceeded!
[bt_navigator-5] [WARN] [1788853073.075003008] [BehaviorTreeEngine]: Behavior Tree tick rate 100.00 was exceeded!
[bt_navigator-5] [WARN] [1788853073.114776374] [BehaviorTreeEngine]: Behavior Tree tick rate 100.00 was exceeded!
[bt_navigator-5] [WARN] [1788853073.158912161] [BehaviorTreeEngine]: Behavior Tree tick rate 100.00 was exceeded!
[bt_navigator-5] [WARN] [1788853073.216680804] [BehaviorTreeEngine]: Behavior Tree tick rate 100.00 was exceeded!
[bt_navigator-5] [WARN] [1788853073.599142795] [BehaviorTreeEngine]: Behavior Tree tick rate 100.00 was exceeded!
[bt_navigator-5] [WARN] [1788853073.719060485] [BehaviorTreeEngine]: Behavior Tree tick rate 100.00 was exceeded!
[bt_navigator-5] [WARN] [1788853073.838706829] [BehaviorTreeEngine]: Behavior Tree tick rate 100.00 was exceeded!
[bt_navigator-5] [WARN] [1788853073.889676238] [BehaviorTreeEngine]: Behavior Tree tick rate 100.00 was exceeded!
[controller_server-1] [INFO] [1788853073.897176789] [robot1.controller_server]: Passing new path to controller.
[bt_navigator-5] [WARN] [1788853073.911603239] [BehaviorTreeEngine]: Behavior Tree tick rate 100.00 was exceeded!
[bt_navigator-5] [WARN] [1788853073.940235219] [BehaviorTreeEngine]: Behavior Tree tick rate 100.00 was exceeded!
[bt_navigator-5] [WARN] [1788853074.088715663] [BehaviorTreeEngine]: Behavior Tree tick rate 100.00 was exceeded!
[bt_navigator-5] [WARN] [1788853074.214141069] [BehaviorTreeEngine]: Behavior Tree tick rate 100.00 was exceeded!
[bt_navigator-5] [WARN] [1788853074.274637299] [BehaviorTreeEngine]: Behavior Tree tick rate 100.00 was exceeded!
[bt_navigator-5] [WARN] [1788853074.359187297] [BehaviorTreeEngine]: Behavior Tree tick rate 100.00 was exceeded!
[bt_navigator-5] [WARN] [1788853074.416322704] [BehaviorTreeEngine]: Behavior Tree tick rate 100.00 was exceeded!
[bt_navigator-5] [WARN] [1788853074.468975784] [BehaviorTreeEngine]: Behavior Tree tick rate 100.00 was exceeded!
[bt_navigator-5] [WARN] [1788853074.575843371] [BehaviorTreeEngine]: Behavior Tree tick rate 100.00 was exceeded!
[bt_navigator-5] [WARN] [1788853074.587523629] [BehaviorTreeEngine]: Behavior Tree tick rate 100.00 was exceeded!
[bt_navigator-5] [WARN] [1788853074.631773457] [BehaviorTreeEngine]: Behavior Tree tick rate 100.00 was exceeded!
[bt_navigator-5] [WARN] [1788853074.689318375] [BehaviorTreeEngine]: Behavior Tree tick rate 100.00 was exceeded!
[bt_navigator-5] [WARN] [1788853074.725986112] [BehaviorTreeEngine]: Behavior Tree tick rate 100.00 was exceeded!
[bt_navigator-5] [WARN] [1788853074.777521830] [BehaviorTreeEngine]: Behavior Tree tick rate 100.00 was exceeded!
[bt_navigator-5] [WARN] [1788853074.805126275] [BehaviorTreeEngine]: Behavior Tree tick rate 100.00 was exceeded!
[bt_navigator-5] [WARN] [1788853074.840634226] [BehaviorTreeEngine]: Behavior Tree tick rate 100.00 was exceeded!
[controller_server-1] [INFO] [1788853074.947168994] [robot1.controller_server]: Passing new path to controller.
[bt_navigator-5] [WARN] [1788853075.145267510] [BehaviorTreeEngine]: Behavior Tree tick rate 100.00 was exceeded!
[bt_navigator-5] [WARN] [1788853075.270232771] [BehaviorTreeEngine]: Behavior Tree tick rate 100.00 was exceeded!
[bt_navigator-5] [WARN] [1788853075.555554452] [BehaviorTreeEngine]: Behavior Tree tick rate 100.00 was exceeded!
[bt_navigator-5] [WARN] [1788853075.602840919] [BehaviorTreeEngine]: Behavior Tree tick rate 100.00 was exceeded!
[bt_navigator-5] [WARN] [1788853075.617531822] [BehaviorTreeEngine]: Behavior Tree tick rate 100.00 was exceeded!
[bt_navigator-5] [WARN] [1788853075.655505403] [BehaviorTreeEngine]: Behavior Tree tick rate 100.00 was exceeded!
[bt_navigator-5] [WARN] [1788853075.710406368] [BehaviorTreeEngine]: Behavior Tree tick rate 100.00 was exceeded!
[bt_navigator-5] [WARN] [1788853075.794235891] [BehaviorTreeEngine]: Behavior Tree tick rate 100.00 was exceeded!
[bt_navigator-5] [WARN] [1788853075.849853132] [BehaviorTreeEngine]: Behavior Tree tick rate 100.00 was exceeded!
[bt_navigator-5] [WARN] [1788853075.922481627] [BehaviorTreeEngine]: Behavior Tree tick rate 100.00 was exceeded!
[bt_navigator-5] [WARN] [1788853075.970308676] [BehaviorTreeEngine]: Behavior Tree tick rate 100.00 was exceeded!
[controller_server-1] [INFO] [1788853075.997171102] [robot1.controller_server]: Passing new path to controller.
[bt_navigator-5] [WARN] [1788853076.127519789] [BehaviorTreeEngine]: Behavior Tree tick rate 100.00 was exceeded!
[bt_navigator-5] [WARN] [1788853076.152636002] [BehaviorTreeEngine]: Behavior Tree tick rate 100.00 was exceeded!
[bt_navigator-5] [WARN] [1788853076.200762900] [BehaviorTreeEngine]: Behavior Tree tick rate 100.00 was exceeded!
[bt_navigator-5] [WARN] [1788853076.245964340] [BehaviorTreeEngine]: Behavior Tree tick rate 100.00 was exceeded!
[bt_navigator-5] [WARN] [1788853076.288537230] [BehaviorTreeEngine]: Behavior Tree tick rate 100.00 was exceeded!
[bt_navigator-5] [WARN] [1788853076.326013797] [BehaviorTreeEngine]: Behavior Tree tick rate 100.00 was exceeded!
[bt_navigator-5] [WARN] [1788853076.470206442] [BehaviorTreeEngine]: Behavior Tree tick rate 100.00 was exceeded!
[bt_navigator-5] [WARN] [1788853076.628150184] [BehaviorTreeEngine]: Behavior Tree tick rate 100.00 was exceeded!
[bt_navigator-5] [WARN] [1788853076.644670315] [BehaviorTreeEngine]: Behavior Tree tick rate 100.00 was exceeded!
[bt_navigator-5] [WARN] [1788853076.661051770] [BehaviorTreeEngine]: Behavior Tree tick rate 100.00 was exceeded!
[bt_navigator-5] [WARN] [1788853076.757787781] [BehaviorTreeEngine]: Behavior Tree tick rate 100.00 was exceeded!
[bt_navigator-5] [WARN] [1788853076.777550341] [BehaviorTreeEngine]: Behavior Tree tick rate 100.00 was exceeded!
[bt_navigator-5] [WARN] [1788853076.810997000] [BehaviorTreeEngine]: Behavior Tree tick rate 100.00 was exceeded!
[bt_navigator-5] [WARN] [1788853076.842017575] [BehaviorTreeEngine]: Behavior Tree tick rate 100.00 was exceeded!
[bt_navigator-5] [WARN] [1788853076.873405262] [BehaviorTreeEngine]: Behavior Tree tick rate 100.00 was exceeded!
[bt_navigator-5] [WARN] [1788853076.890329848] [BehaviorTreeEngine]: Behavior Tree tick rate 100.00 was exceeded!
[bt_navigator-5] [WARN] [1788853076.922966965] [BehaviorTreeEngine]: Behavior Tree tick rate 100.00 was exceeded!
[bt_navigator-5] [WARN] [1788853076.969150981] [BehaviorTreeEngine]: Behavior Tree tick rate 100.00 was exceeded!
[controller_server-1] [INFO] [1788853077.047175861] [robot1.controller_server]: Passing new path to controller.
[bt_navigator-5] [WARN] [1788853077.111620214] [BehaviorTreeEngine]: Behavior Tree tick rate 100.00 was exceeded!
[bt_navigator-5] [WARN] [1788853077.130212621] [BehaviorTreeEngine]: Behavior Tree tick rate 100.00 was exceeded!
[bt_navigator-5] [WARN] [1788853077.210587319] [BehaviorTreeEngine]: Behavior Tree tick rate 100.00 was exceeded!
[bt_navigator-5] [WARN] [1788853077.252608912] [BehaviorTreeEngine]: Behavior Tree tick rate 100.00 was exceeded!
[bt_navigator-5] [WARN] [1788853077.324956704] [BehaviorTreeEngine]: Behavior Tree tick rate 100.00 was exceeded!
[bt_navigator-5] [WARN] [1788853077.370859006] [BehaviorTreeEngine]: Behavior Tree tick rate 100.00 was exceeded!
[bt_navigator-5] [WARN] [1788853077.432475271] [BehaviorTreeEngine]: Behavior Tree tick rate 100.00 was exceeded!
[bt_navigator-5] [WARN] [1788853077.463134495] [BehaviorTreeEngine]: Behavior Tree tick rate 100.00 was exceeded!
[bt_navigator-5] [WARN] [1788853077.544717158] [BehaviorTreeEngine]: Behavior Tree tick rate 100.00 was exceeded!
[bt_navigator-5] [WARN] [1788853077.670532114] [BehaviorTreeEngine]: Behavior Tree tick rate 100.00 was exceeded!
[bt_navigator-5] [WARN] [1788853077.746487248] [BehaviorTreeEngine]: Behavior Tree tick rate 100.00 was exceeded!
[bt_navigator-5] [WARN] [1788853077.789974946] [BehaviorTreeEngine]: Behavior Tree tick rate 100.00 was exceeded!
[bt_navigator-5] [WARN] [1788853077.806822361] [BehaviorTreeEngine]: Behavior Tree tick rate 100.00 was exceeded!
[bt_navigator-5] [WARN] [1788853077.827860037] [BehaviorTreeEngine]: Behavior Tree tick rate 100.00 was exceeded!
[bt_navigator-5] [WARN] [1788853077.874658746] [BehaviorTreeEngine]: Behavior Tree tick rate 100.00 was exceeded!
[bt_navigator-5] [WARN] [1788853077.890546124] [BehaviorTreeEngine]: Behavior Tree tick rate 100.00 was exceeded!
[bt_navigator-5] [WARN] [1788853077.931967377] [BehaviorTreeEngine]: Behavior Tree tick rate 100.00 was exceeded!
[bt_navigator-5] [WARN] [1788853077.950782918] [BehaviorTreeEngine]: Behavior Tree tick rate 100.00 was exceeded!
[bt_navigator-5] [WARN] [1788853078.036963985] [BehaviorTreeEngine]: Behavior Tree tick rate 100.00 was exceeded!
[bt_navigator-5] [WARN] [1788853078.095521503] [BehaviorTreeEngine]: Behavior Tree tick rate 100.00 was exceeded!
[bt_navigator-5] [WARN] [1788853078.095573732] [robot1.bt_navigator_navigate_to_pose_rclcpp_node]: Timed out while waiting for action server to acknowledge goal request for follow_path
[controller_server-1] [INFO] [1788853078.095713946] [robot1.local_costmap.local_costmap]: Received request to clear entirely the local_costmap
[controller_server-1] [WARN] [1788853078.114700473] [robot1.controller_server]: [follow_path] [ActionServer] Aborting handle.
[bt_navigator-5] [WARN] [1788853078.137570391] [BehaviorTreeEngine]: Behavior Tree tick rate 100.00 was exceeded!
[bt_navigator-5] [WARN] [1788853078.194062439] [BehaviorTreeEngine]: Behavior Tree tick rate 100.00 was exceeded!
[bt_navigator-5] [WARN] [1788853078.226692188] [BehaviorTreeEngine]: Behavior Tree tick rate 100.00 was exceeded!
[controller_server-1] [INFO] [1788853078.277249959] [robot1.controller_server]: Passing new path to controller.
[controller_server-1] [WARN] [1788853078.278660258] [robot1.controller_server]: Control loop missed its desired rate of 20.0000Hz
[bt_navigator-5] [WARN] [1788853078.286916933] [BehaviorTreeEngine]: Behavior Tree tick rate 100.00 was exceeded!
[bt_navigator-5] [WARN] [1788853078.337580269] [BehaviorTreeEngine]: Behavior Tree tick rate 100.00 was exceeded!
[bt_navigator-5] [WARN] [1788853078.384919025] [BehaviorTreeEngine]: Behavior Tree tick rate 100.00 was exceeded!
[bt_navigator-5] [WARN] [1788853078.410596676] [BehaviorTreeEngine]: Behavior Tree tick rate 100.00 was exceeded!
[bt_navigator-5] [WARN] [1788853078.475645777] [BehaviorTreeEngine]: Behavior Tree tick rate 100.00 was exceeded!
[bt_navigator-5] [WARN] [1788853078.525762806] [BehaviorTreeEngine]: Behavior Tree tick rate 100.00 was exceeded!
[bt_navigator-5] [WARN] [1788853078.598877789] [BehaviorTreeEngine]: Behavior Tree tick rate 100.00 was exceeded!
[bt_navigator-5] [WARN] [1788853078.620204125] [BehaviorTreeEngine]: Behavior Tree tick rate 100.00 was exceeded!
[bt_navigator-5] [WARN] [1788853078.656221022] [BehaviorTreeEngine]: Behavior Tree tick rate 100.00 was exceeded!
[bt_navigator-5] [WARN] [1788853078.689350648] [BehaviorTreeEngine]: Behavior Tree tick rate 100.00 was exceeded!
[bt_navigator-5] [WARN] [1788853078.839563486] [BehaviorTreeEngine]: Behavior Tree tick rate 100.00 was exceeded!
[bt_navigator-5] [WARN] [1788853078.879215514] [BehaviorTreeEngine]: Behavior Tree tick rate 100.00 was exceeded!
[bt_navigator-5] [WARN] [1788853078.937530975] [BehaviorTreeEngine]: Behavior Tree tick rate 100.00 was exceeded!
[bt_navigator-5] [WARN] [1788853078.978933529] [BehaviorTreeEngine]: Behavior Tree tick rate 100.00 was exceeded!
[bt_navigator-5] [WARN] [1788853079.022397316] [BehaviorTreeEngine]: Behavior Tree tick rate 100.00 was exceeded!
[bt_navigator-5] [WARN] [1788853079.053560797] [BehaviorTreeEngine]: Behavior Tree tick rate 100.00 was exceeded!
[controller_server-1] [INFO] [1788853079.103861518] [robot1.controller_server]: Passing new path to controller.
[bt_navigator-5] [WARN] [1788853079.286852136] [BehaviorTreeEngine]: Behavior Tree tick rate 100.00 was exceeded!
[bt_navigator-5] [WARN] [1788853079.406339168] [BehaviorTreeEngine]: Behavior Tree tick rate 100.00 was exceeded!
[bt_navigator-5] [WARN] [1788853079.439853991] [BehaviorTreeEngine]: Behavior Tree tick rate 100.00 was exceeded!
[bt_navigator-5] [WARN] [1788853079.463959094] [BehaviorTreeEngine]: Behavior Tree tick rate 100.00 was exceeded!
[bt_navigator-5] [WARN] [1788853079.611779343] [BehaviorTreeEngine]: Behavior Tree tick rate 100.00 was exceeded!
[bt_navigator-5] [WARN] [1788853079.762346416] [BehaviorTreeEngine]: Behavior Tree tick rate 100.00 was exceeded!
[bt_navigator-5] [WARN] [1788853079.813593987] [BehaviorTreeEngine]: Behavior Tree tick rate 100.00 was exceeded!
[bt_navigator-5] [WARN] [1788853079.839012971] [BehaviorTreeEngine]: Behavior Tree tick rate 100.00 was exceeded!
[bt_navigator-5] [WARN] [1788853079.882165183] [BehaviorTreeEngine]: Behavior Tree tick rate 100.00 was exceeded!
[bt_navigator-5] [WARN] [1788853079.982133497] [BehaviorTreeEngine]: Behavior Tree tick rate 100.00 was exceeded!
[bt_navigator-5] [WARN] [1788853080.124987049] [BehaviorTreeEngine]: Behavior Tree tick rate 100.00 was exceeded!
[bt_navigator-5] [WARN] [1788853080.189945159] [BehaviorTreeEngine]: Behavior Tree tick rate 100.00 was exceeded!
[bt_navigator-5] [WARN] [1788853080.189967644] [robot1.bt_navigator_navigate_to_pose_rclcpp_node]: Timed out while waiting for action server to acknowledge goal request for compute_path_to_pose
[planner_server-3] [INFO] [1788853080.190101317] [robot1.global_costmap.global_costmap]: Received request to clear entirely the global_costmap
[bt_navigator-5] [WARN] [1788853080.229775172] [BehaviorTreeEngine]: Behavior Tree tick rate 100.00 was exceeded!
[bt_navigator-5] [WARN] [1788853080.250190313] [BehaviorTreeEngine]: Behavior Tree tick rate 100.00 was exceeded!
[bt_navigator-5] [WARN] [1788853080.270383660] [BehaviorTreeEngine]: Behavior Tree tick rate 100.00 was exceeded!
[bt_navigator-5] [WARN] [1788853080.452795160] [BehaviorTreeEngine]: Behavior Tree tick rate 100.00 was exceeded!
[bt_navigator-5] [WARN] [1788853080.473694820] [BehaviorTreeEngine]: Behavior Tree tick rate 100.00 was exceeded!
[bt_navigator-5] [WARN] [1788853080.503957175] [BehaviorTreeEngine]: Behavior Tree tick rate 100.00 was exceeded!
[bt_navigator-5] [WARN] [1788853080.616396787] [BehaviorTreeEngine]: Behavior Tree tick rate 100.00 was exceeded!
[planner_server-3] [WARN] [1788853080.730991192] [robot1.planner_server]: Planner loop missed its desired rate of 20.0000 Hz. Current loop rate is 1.8506 Hz
[controller_server-1] [INFO] [1788853080.778745965] [robot1.controller_server]: Passing new path to controller.
[bt_navigator-5] [WARN] [1788853080.782089918] [BehaviorTreeEngine]: Behavior Tree tick rate 100.00 was exceeded!
[bt_navigator-5] [WARN] [1788853080.811189207] [BehaviorTreeEngine]: Behavior Tree tick rate 100.00 was exceeded!
[bt_navigator-5] [WARN] [1788853080.900516829] [BehaviorTreeEngine]: Behavior Tree tick rate 100.00 was exceeded!
[bt_navigator-5] [WARN] [1788853080.922795777] [BehaviorTreeEngine]: Behavior Tree tick rate 100.00 was exceeded!
[bt_navigator-5] [WARN] [1788853081.224816927] [BehaviorTreeEngine]: Behavior Tree tick rate 100.00 was exceeded!
[bt_navigator-5] [WARN] [1788853081.381190229] [BehaviorTreeEngine]: Behavior Tree tick rate 100.00 was exceeded!
[bt_navigator-5] [WARN] [1788853081.425822368] [BehaviorTreeEngine]: Behavior Tree tick rate 100.00 was exceeded!
[bt_navigator-5] [WARN] [1788853081.687732792] [BehaviorTreeEngine]: Behavior Tree tick rate 100.00 was exceeded!
[bt_navigator-5] [WARN] [1788853081.719316290] [BehaviorTreeEngine]: Behavior Tree tick rate 100.00 was exceeded!
[bt_navigator-5] [WARN] [1788853081.743202091] [BehaviorTreeEngine]: Behavior Tree tick rate 100.00 was exceeded!
[controller_server-1] [INFO] [1788853081.778725199] [robot1.controller_server]: Passing new path to controller.
[bt_navigator-5] [WARN] [1788853081.806549609] [BehaviorTreeEngine]: Behavior Tree tick rate 100.00 was exceeded!
[bt_navigator-5] [WARN] [1788853081.829404232] [BehaviorTreeEngine]: Behavior Tree tick rate 100.00 was exceeded!
[bt_navigator-5] [WARN] [1788853081.983460558] [BehaviorTreeEngine]: Behavior Tree tick rate 100.00 was exceeded!
[controller_server-1] [INFO] [1788853082.180571107] [robot1.controller_server]: Reached the goal!
[bt_navigator-5] [WARN] [1788853082.199377069] [BehaviorTreeEngine]: Behavior Tree tick rate 100.00 was exceeded!
[bt_navigator-5] [INFO] [1788853082.226385640] [robot1.bt_navigator]: Goal succeeded
[bt_navigator-5] [INFO] [1788853085.520037269] [robot1.bt_navigator]: Begin navigating from current location (-0.24, 3.05) to (-0.61, -0.84)
[controller_server-1] [INFO] [1788853085.540510398] [robot1.controller_server]: Received a goal, begin computing control effort.
[bt_navigator-5] [WARN] [1788853085.570693798] [BehaviorTreeEngine]: Behavior Tree tick rate 100.00 was exceeded!
[bt_navigator-5] [WARN] [1788853085.695494017] [BehaviorTreeEngine]: Behavior Tree tick rate 100.00 was exceeded!
[bt_navigator-5] [WARN] [1788853085.760889272] [BehaviorTreeEngine]: Behavior Tree tick rate 100.00 was exceeded!
[bt_navigator-5] [WARN] [1788853085.786037268] [BehaviorTreeEngine]: Behavior Tree tick rate 100.00 was exceeded!
[bt_navigator-5] [WARN] [1788853085.823915724] [BehaviorTreeEngine]: Behavior Tree tick rate 100.00 was exceeded!
[bt_navigator-5] [WARN] [1788853085.910454126] [BehaviorTreeEngine]: Behavior Tree tick rate 100.00 was exceeded!
[bt_navigator-5] [WARN] [1788853086.010863187] [BehaviorTreeEngine]: Behavior Tree tick rate 100.00 was exceeded!
[bt_navigator-5] [WARN] [1788853086.117336466] [BehaviorTreeEngine]: Behavior Tree tick rate 100.00 was exceeded!
[bt_navigator-5] [WARN] [1788853086.303724318] [BehaviorTreeEngine]: Behavior Tree tick rate 100.00 was exceeded!
[bt_navigator-5] [WARN] [1788853086.338630814] [BehaviorTreeEngine]: Behavior Tree tick rate 100.00 was exceeded!
[bt_navigator-5] [WARN] [1788853086.371303493] [BehaviorTreeEngine]: Behavior Tree tick rate 100.00 was exceeded!
[bt_navigator-5] [WARN] [1788853086.432423986] [BehaviorTreeEngine]: Behavior Tree tick rate 100.00 was exceeded!
[bt_navigator-5] [WARN] [1788853086.472064263] [BehaviorTreeEngine]: Behavior Tree tick rate 100.00 was exceeded!
[bt_navigator-5] [WARN] [1788853086.540335818] [BehaviorTreeEngine]: Behavior Tree tick rate 100.00 was exceeded!
[bt_navigator-5] [WARN] [1788853086.566629358] [BehaviorTreeEngine]: Behavior Tree tick rate 100.00 was exceeded!
[controller_server-1] [INFO] [1788853086.590690173] [robot1.controller_server]: Passing new path to controller.
[bt_navigator-5] [WARN] [1788853086.595782276] [BehaviorTreeEngine]: Behavior Tree tick rate 100.00 was exceeded!
[bt_navigator-5] [WARN] [1788853086.703051144] [BehaviorTreeEngine]: Behavior Tree tick rate 100.00 was exceeded!
[bt_navigator-5] [WARN] [1788853086.741002941] [BehaviorTreeEngine]: Behavior Tree tick rate 100.00 was exceeded!
[bt_navigator-5] [WARN] [1788853086.769760634] [BehaviorTreeEngine]: Behavior Tree tick rate 100.00 was exceeded!
[bt_navigator-5] [WARN] [1788853086.783794909] [BehaviorTreeEngine]: Behavior Tree tick rate 100.00 was exceeded!
[bt_navigator-5] [WARN] [1788853086.805304816] [BehaviorTreeEngine]: Behavior Tree tick rate 100.00 was exceeded!
[bt_navigator-5] [WARN] [1788853086.833453235] [BehaviorTreeEngine]: Behavior Tree tick rate 100.00 was exceeded!
[bt_navigator-5] [WARN] [1788853086.865772258] [BehaviorTreeEngine]: Behavior Tree tick rate 100.00 was exceeded!
[bt_navigator-5] [WARN] [1788853086.894156741] [BehaviorTreeEngine]: Behavior Tree tick rate 100.00 was exceeded!
[bt_navigator-5] [WARN] [1788853087.099679959] [BehaviorTreeEngine]: Behavior Tree tick rate 100.00 was exceeded!
[bt_navigator-5] [WARN] [1788853087.163563658] [BehaviorTreeEngine]: Behavior Tree tick rate 100.00 was exceeded!
[bt_navigator-5] [WARN] [1788853087.186165833] [BehaviorTreeEngine]: Behavior Tree tick rate 100.00 was exceeded!
[bt_navigator-5] [WARN] [1788853087.231923774] [BehaviorTreeEngine]: Behavior Tree tick rate 100.00 was exceeded!
[bt_navigator-5] [WARN] [1788853087.283567100] [BehaviorTreeEngine]: Behavior Tree tick rate 100.00 was exceeded!
[bt_navigator-5] [WARN] [1788853087.461025916] [BehaviorTreeEngine]: Behavior Tree tick rate 100.00 was exceeded!
[bt_navigator-5] [WARN] [1788853087.497984290] [BehaviorTreeEngine]: Behavior Tree tick rate 100.00 was exceeded!
[bt_navigator-5] [WARN] [1788853087.535737970] [BehaviorTreeEngine]: Behavior Tree tick rate 100.00 was exceeded!
[bt_navigator-5] [WARN] [1788853087.585206072] [BehaviorTreeEngine]: Behavior Tree tick rate 100.00 was exceeded!
[controller_server-1] [INFO] [1788853087.590621240] [robot1.controller_server]: Passing new path to controller.
[bt_navigator-5] [WARN] [1788853087.608529961] [BehaviorTreeEngine]: Behavior Tree tick rate 100.00 was exceeded!
[bt_navigator-5] [WARN] [1788853087.681669689] [BehaviorTreeEngine]: Behavior Tree tick rate 100.00 was exceeded!
[bt_navigator-5] [WARN] [1788853087.737696833] [BehaviorTreeEngine]: Behavior Tree tick rate 100.00 was exceeded!
[bt_navigator-5] [WARN] [1788853087.942814546] [BehaviorTreeEngine]: Behavior Tree tick rate 100.00 was exceeded!
[bt_navigator-5] [WARN] [1788853088.022814588] [BehaviorTreeEngine]: Behavior Tree tick rate 100.00 was exceeded!
[bt_navigator-5] [WARN] [1788853088.065815783] [BehaviorTreeEngine]: Behavior Tree tick rate 100.00 was exceeded!
[bt_navigator-5] [WARN] [1788853088.137802387] [BehaviorTreeEngine]: Behavior Tree tick rate 100.00 was exceeded!
[bt_navigator-5] [WARN] [1788853088.179070630] [BehaviorTreeEngine]: Behavior Tree tick rate 100.00 was exceeded!
[bt_navigator-5] [WARN] [1788853088.238977083] [BehaviorTreeEngine]: Behavior Tree tick rate 100.00 was exceeded!
[bt_navigator-5] [WARN] [1788853088.296721563] [BehaviorTreeEngine]: Behavior Tree tick rate 100.00 was exceeded!
[bt_navigator-5] [WARN] [1788853088.327376404] [BehaviorTreeEngine]: Behavior Tree tick rate 100.00 was exceeded!
[bt_navigator-5] [WARN] [1788853088.387487683] [BehaviorTreeEngine]: Behavior Tree tick rate 100.00 was exceeded!
[bt_navigator-5] [WARN] [1788853088.467222954] [BehaviorTreeEngine]: Behavior Tree tick rate 100.00 was exceeded!
[bt_navigator-5] [WARN] [1788853088.497829331] [BehaviorTreeEngine]: Behavior Tree tick rate 100.00 was exceeded!
[bt_navigator-5] [WARN] [1788853088.521841900] [BehaviorTreeEngine]: Behavior Tree tick rate 100.00 was exceeded!
[bt_navigator-5] [WARN] [1788853088.559200548] [BehaviorTreeEngine]: Behavior Tree tick rate 100.00 was exceeded!
[bt_navigator-5] [WARN] [1788853088.611902371] [BehaviorTreeEngine]: Behavior Tree tick rate 100.00 was exceeded!
[controller_server-1] [INFO] [1788853088.640695279] [robot1.controller_server]: Passing new path to controller.
[bt_navigator-5] [WARN] [1788853088.662946850] [BehaviorTreeEngine]: Behavior Tree tick rate 100.00 was exceeded!
[bt_navigator-5] [WARN] [1788853088.662974306] [robot1.bt_navigator_navigate_to_pose_rclcpp_node]: Timed out while waiting for action server to acknowledge goal request for follow_path
[controller_server-1] [INFO] [1788853088.663065418] [robot1.local_costmap.local_costmap]: Received request to clear entirely the local_costmap
[bt_navigator-5] [WARN] [1788853088.686119533] [BehaviorTreeEngine]: Behavior Tree tick rate 100.00 was exceeded!
[bt_navigator-5] [WARN] [1788853088.686139867] [robot1.bt_navigator_navigate_to_pose_rclcpp_node]: Node timed out while executing service call to local_costmap/clear_entirely_local_costmap.
[controller_server-1] [INFO] [1788853088.686371837] [robot1.local_costmap.local_costmap]: Received request to clear entirely the local_costmap
[planner_server-3] [INFO] [1788853088.686878157] [robot1.global_costmap.global_costmap]: Received request to clear entirely the global_costmap
[bt_navigator-5] [WARN] [1788853088.705348999] [BehaviorTreeEngine]: Behavior Tree tick rate 100.00 was exceeded!
[planner_server-3] [WARN] [1788853088.737877817] [robot1.planner_server]: Planner loop missed its desired rate of 20.0000 Hz. Current loop rate is 19.7015 Hz
[bt_navigator-5] [WARN] [1788853088.776907010] [BehaviorTreeEngine]: Behavior Tree tick rate 100.00 was exceeded!
[bt_navigator-5] [WARN] [1788853088.801842513] [BehaviorTreeEngine]: Behavior Tree tick rate 100.00 was exceeded!
[bt_navigator-5] [WARN] [1788853088.826182569] [BehaviorTreeEngine]: Behavior Tree tick rate 100.00 was exceeded!
[bt_navigator-5] [WARN] [1788853088.845956170] [BehaviorTreeEngine]: Behavior Tree tick rate 100.00 was exceeded!
[controller_server-1] [INFO] [1788853088.880743381] [robot1.controller_server]: Passing new path to controller.
[controller_server-1] [WARN] [1788853088.882250951] [robot1.controller_server]: Control loop missed its desired rate of 20.0000Hz
[bt_navigator-5] [WARN] [1788853088.977239944] [BehaviorTreeEngine]: Behavior Tree tick rate 100.00 was exceeded!
[bt_navigator-5] [WARN] [1788853089.166705208] [BehaviorTreeEngine]: Behavior Tree tick rate 100.00 was exceeded!
[bt_navigator-5] [WARN] [1788853089.187840259] [BehaviorTreeEngine]: Behavior Tree tick rate 100.00 was exceeded!
[bt_navigator-5] [WARN] [1788853089.374595684] [BehaviorTreeEngine]: Behavior Tree tick rate 100.00 was exceeded!
[bt_navigator-5] [WARN] [1788853089.468924494] [BehaviorTreeEngine]: Behavior Tree tick rate 100.00 was exceeded!
[bt_navigator-5] [WARN] [1788853089.673073729] [BehaviorTreeEngine]: Behavior Tree tick rate 100.00 was exceeded!
[bt_navigator-5] [WARN] [1788853089.772164716] [BehaviorTreeEngine]: Behavior Tree tick rate 100.00 was exceeded!
[controller_server-1] [INFO] [1788853089.808055147] [robot1.controller_server]: Passing new path to controller.
[bt_navigator-5] [WARN] [1788853089.889080315] [BehaviorTreeEngine]: Behavior Tree tick rate 100.00 was exceeded!
[bt_navigator-5] [WARN] [1788853089.959072426] [BehaviorTreeEngine]: Behavior Tree tick rate 100.00 was exceeded!
[bt_navigator-5] [WARN] [1788853090.021657451] [BehaviorTreeEngine]: Behavior Tree tick rate 100.00 was exceeded!
[bt_navigator-5] [WARN] [1788853090.044471070] [BehaviorTreeEngine]: Behavior Tree tick rate 100.00 was exceeded!
[bt_navigator-5] [WARN] [1788853090.150729995] [BehaviorTreeEngine]: Behavior Tree tick rate 100.00 was exceeded!
[bt_navigator-5] [WARN] [1788853090.197813422] [BehaviorTreeEngine]: Behavior Tree tick rate 100.00 was exceeded!
[bt_navigator-5] [WARN] [1788853090.318368245] [BehaviorTreeEngine]: Behavior Tree tick rate 100.00 was exceeded!
[bt_navigator-5] [WARN] [1788853090.422661354] [BehaviorTreeEngine]: Behavior Tree tick rate 100.00 was exceeded!
[bt_navigator-5] [WARN] [1788853090.460925836] [BehaviorTreeEngine]: Behavior Tree tick rate 100.00 was exceeded!
[bt_navigator-5] [WARN] [1788853090.485510829] [BehaviorTreeEngine]: Behavior Tree tick rate 100.00 was exceeded!
[bt_navigator-5] [WARN] [1788853090.515979100] [BehaviorTreeEngine]: Behavior Tree tick rate 100.00 was exceeded!
[bt_navigator-5] [WARN] [1788853090.628563321] [BehaviorTreeEngine]: Behavior Tree tick rate 100.00 was exceeded!
[bt_navigator-5] [WARN] [1788853090.648506458] [BehaviorTreeEngine]: Behavior Tree tick rate 100.00 was exceeded!
[bt_navigator-5] [WARN] [1788853090.684018425] [BehaviorTreeEngine]: Behavior Tree tick rate 100.00 was exceeded!
[controller_server-1] [INFO] [1788853090.832329643] [robot1.controller_server]: Passing new path to controller.
[bt_navigator-5] [WARN] [1788853090.920594384] [BehaviorTreeEngine]: Behavior Tree tick rate 100.00 was exceeded!
[bt_navigator-5] [WARN] [1788853090.959276520] [BehaviorTreeEngine]: Behavior Tree tick rate 100.00 was exceeded!
[bt_navigator-5] [WARN] [1788853091.004129483] [BehaviorTreeEngine]: Behavior Tree tick rate 100.00 was exceeded!
[bt_navigator-5] [WARN] [1788853091.030059997] [BehaviorTreeEngine]: Behavior Tree tick rate 100.00 was exceeded!
[bt_navigator-5] [WARN] [1788853091.180735522] [BehaviorTreeEngine]: Behavior Tree tick rate 100.00 was exceeded!
[bt_navigator-5] [WARN] [1788853091.244879354] [BehaviorTreeEngine]: Behavior Tree tick rate 100.00 was exceeded!
[bt_navigator-5] [WARN] [1788853091.442009440] [BehaviorTreeEngine]: Behavior Tree tick rate 100.00 was exceeded!
[bt_navigator-5] [WARN] [1788853091.520675757] [BehaviorTreeEngine]: Behavior Tree tick rate 100.00 was exceeded!
[bt_navigator-5] [WARN] [1788853091.591563049] [BehaviorTreeEngine]: Behavior Tree tick rate 100.00 was exceeded!
[controller_server-1] [INFO] [1788853091.882332122] [robot1.controller_server]: Passing new path to controller.
[bt_navigator-5] [WARN] [1788853092.146702936] [BehaviorTreeEngine]: Behavior Tree tick rate 100.00 was exceeded!
[bt_navigator-5] [WARN] [1788853092.231570851] [BehaviorTreeEngine]: Behavior Tree tick rate 100.00 was exceeded!
[bt_navigator-5] [WARN] [1788853092.274686686] [BehaviorTreeEngine]: Behavior Tree tick rate 100.00 was exceeded!
[bt_navigator-5] [WARN] [1788853092.305886322] [BehaviorTreeEngine]: Behavior Tree tick rate 100.00 was exceeded!
[bt_navigator-5] [WARN] [1788853092.330484800] [BehaviorTreeEngine]: Behavior Tree tick rate 100.00 was exceeded!
[bt_navigator-5] [WARN] [1788853092.525685482] [BehaviorTreeEngine]: Behavior Tree tick rate 100.00 was exceeded!
[bt_navigator-5] [WARN] [1788853092.760653316] [BehaviorTreeEngine]: Behavior Tree tick rate 100.00 was exceeded!
[bt_navigator-5] [WARN] [1788853092.779342893] [BehaviorTreeEngine]: Behavior Tree tick rate 100.00 was exceeded!
[bt_navigator-5] [WARN] [1788853092.814942869] [BehaviorTreeEngine]: Behavior Tree tick rate 100.00 was exceeded!
[controller_server-1] [INFO] [1788853092.882340233] [robot1.controller_server]: Passing new path to controller.
[bt_navigator-5] [WARN] [1788853092.944772818] [BehaviorTreeEngine]: Behavior Tree tick rate 100.00 was exceeded!
[bt_navigator-5] [WARN] [1788853093.002919451] [BehaviorTreeEngine]: Behavior Tree tick rate 100.00 was exceeded!
[controller_server-1] [INFO] [1788853093.072754892] [robot1.local_costmap.local_costmap]: StaticLayer: Resizing static layer to 183 X 308 at 0.050000 m/pix
[bt_navigator-5] [WARN] [1788853093.125701011] [BehaviorTreeEngine]: Behavior Tree tick rate 100.00 was exceeded!
[bt_navigator-5] [WARN] [1788853093.260732557] [BehaviorTreeEngine]: Behavior Tree tick rate 100.00 was exceeded!
[bt_navigator-5] [WARN] [1788853093.362508971] [BehaviorTreeEngine]: Behavior Tree tick rate 100.00 was exceeded!
[bt_navigator-5] [WARN] [1788853093.435600257] [BehaviorTreeEngine]: Behavior Tree tick rate 100.00 was exceeded!
[bt_navigator-5] [WARN] [1788853093.506062512] [BehaviorTreeEngine]: Behavior Tree tick rate 100.00 was exceeded!
[bt_navigator-5] [WARN] [1788853093.528922479] [BehaviorTreeEngine]: Behavior Tree tick rate 100.00 was exceeded!
[bt_navigator-5] [WARN] [1788853093.658488158] [BehaviorTreeEngine]: Behavior Tree tick rate 100.00 was exceeded!
[bt_navigator-5] [WARN] [1788853093.691881651] [BehaviorTreeEngine]: Behavior Tree tick rate 100.00 was exceeded!
[bt_navigator-5] [WARN] [1788853093.710974862] [BehaviorTreeEngine]: Behavior Tree tick rate 100.00 was exceeded!
[planner_server-3] [INFO] [1788853093.728851916] [robot1.global_costmap.global_costmap]: StaticLayer: Resizing costmap to 183 X 308 at 0.050000 m/pix
[bt_navigator-5] [WARN] [1788853093.733889766] [BehaviorTreeEngine]: Behavior Tree tick rate 100.00 was exceeded!
[bt_navigator-5] [WARN] [1788853093.807776186] [BehaviorTreeEngine]: Behavior Tree tick rate 100.00 was exceeded!
[bt_navigator-5] [WARN] [1788853093.841163269] [BehaviorTreeEngine]: Behavior Tree tick rate 100.00 was exceeded!
[bt_navigator-5] [WARN] [1788853093.889311286] [BehaviorTreeEngine]: Behavior Tree tick rate 100.00 was exceeded!
[controller_server-1] [INFO] [1788853093.932333319] [robot1.controller_server]: Passing new path to controller.
[bt_navigator-5] [WARN] [1788853093.942957053] [BehaviorTreeEngine]: Behavior Tree tick rate 100.00 was exceeded!
[bt_navigator-5] [WARN] [1788853093.977276715] [BehaviorTreeEngine]: Behavior Tree tick rate 100.00 was exceeded!
[bt_navigator-5] [WARN] [1788853093.991714663] [BehaviorTreeEngine]: Behavior Tree tick rate 100.00 was exceeded!
[bt_navigator-5] [WARN] [1788853094.011715572] [BehaviorTreeEngine]: Behavior Tree tick rate 100.00 was exceeded!
[bt_navigator-5] [WARN] [1788853094.104815409] [BehaviorTreeEngine]: Behavior Tree tick rate 100.00 was exceeded!
[bt_navigator-5] [WARN] [1788853094.120406244] [BehaviorTreeEngine]: Behavior Tree tick rate 100.00 was exceeded!
[bt_navigator-5] [WARN] [1788853094.153326233] [BehaviorTreeEngine]: Behavior Tree tick rate 100.00 was exceeded!
[bt_navigator-5] [WARN] [1788853094.224049200] [BehaviorTreeEngine]: Behavior Tree tick rate 100.00 was exceeded!
[bt_navigator-5] [WARN] [1788853094.272930442] [BehaviorTreeEngine]: Behavior Tree tick rate 100.00 was exceeded!
[bt_navigator-5] [WARN] [1788853094.359674872] [BehaviorTreeEngine]: Behavior Tree tick rate 100.00 was exceeded!
[bt_navigator-5] [WARN] [1788853094.398314904] [BehaviorTreeEngine]: Behavior Tree tick rate 100.00 was exceeded!
[bt_navigator-5] [WARN] [1788853094.509383231] [BehaviorTreeEngine]: Behavior Tree tick rate 100.00 was exceeded!
[bt_navigator-5] [WARN] [1788853094.611825386] [BehaviorTreeEngine]: Behavior Tree tick rate 100.00 was exceeded!
[bt_navigator-5] [WARN] [1788853094.629558225] [BehaviorTreeEngine]: Behavior Tree tick rate 100.00 was exceeded!
[bt_navigator-5] [WARN] [1788853094.753278967] [BehaviorTreeEngine]: Behavior Tree tick rate 100.00 was exceeded!
[bt_navigator-5] [WARN] [1788853094.797116856] [BehaviorTreeEngine]: Behavior Tree tick rate 100.00 was exceeded!
[bt_navigator-5] [WARN] [1788853094.817673805] [BehaviorTreeEngine]: Behavior Tree tick rate 100.00 was exceeded!
[bt_navigator-5] [WARN] [1788853094.912898147] [BehaviorTreeEngine]: Behavior Tree tick rate 100.00 was exceeded!
[controller_server-1] [INFO] [1788853094.932326737] [robot1.controller_server]: Passing new path to controller.
[bt_navigator-5] [WARN] [1788853095.138709784] [BehaviorTreeEngine]: Behavior Tree tick rate 100.00 was exceeded!
[bt_navigator-5] [WARN] [1788853095.217316642] [BehaviorTreeEngine]: Behavior Tree tick rate 100.00 was exceeded!
[bt_navigator-5] [WARN] [1788853095.355343861] [BehaviorTreeEngine]: Behavior Tree tick rate 100.00 was exceeded!
[bt_navigator-5] [WARN] [1788853095.379902738] [BehaviorTreeEngine]: Behavior Tree tick rate 100.00 was exceeded!
[bt_navigator-5] [WARN] [1788853095.735493063] [BehaviorTreeEngine]: Behavior Tree tick rate 100.00 was exceeded!
[bt_navigator-5] [WARN] [1788853095.775731150] [BehaviorTreeEngine]: Behavior Tree tick rate 100.00 was exceeded!
[controller_server-1] [INFO] [1788853095.982309049] [robot1.controller_server]: Passing new path to controller.
[bt_navigator-5] [WARN] [1788853096.012426797] [BehaviorTreeEngine]: Behavior Tree tick rate 100.00 was exceeded!
[bt_navigator-5] [WARN] [1788853096.206022059] [BehaviorTreeEngine]: Behavior Tree tick rate 100.00 was exceeded!
[bt_navigator-5] [WARN] [1788853096.335932228] [BehaviorTreeEngine]: Behavior Tree tick rate 100.00 was exceeded!
[bt_navigator-5] [WARN] [1788853096.368368947] [BehaviorTreeEngine]: Behavior Tree tick rate 100.00 was exceeded!
[bt_navigator-5] [WARN] [1788853096.544589341] [BehaviorTreeEngine]: Behavior Tree tick rate 100.00 was exceeded!
[bt_navigator-5] [WARN] [1788853096.683764105] [BehaviorTreeEngine]: Behavior Tree tick rate 100.00 was exceeded!
[bt_navigator-5] [WARN] [1788853096.748035945] [BehaviorTreeEngine]: Behavior Tree tick rate 100.00 was exceeded!
[bt_navigator-5] [WARN] [1788853096.809562663] [BehaviorTreeEngine]: Behavior Tree tick rate 100.00 was exceeded!
[bt_navigator-5] [WARN] [1788853096.848995760] [BehaviorTreeEngine]: Behavior Tree tick rate 100.00 was exceeded!
[bt_navigator-5] [WARN] [1788853096.939369382] [BehaviorTreeEngine]: Behavior Tree tick rate 100.00 was exceeded!
[bt_navigator-5] [WARN] [1788853096.999656026] [BehaviorTreeEngine]: Behavior Tree tick rate 100.00 was exceeded!
[controller_server-1] [INFO] [1788853097.032349996] [robot1.controller_server]: Passing new path to controller.
[bt_navigator-5] [WARN] [1788853097.165926301] [BehaviorTreeEngine]: Behavior Tree tick rate 100.00 was exceeded!
[bt_navigator-5] [WARN] [1788853097.225076666] [BehaviorTreeEngine]: Behavior Tree tick rate 100.00 was exceeded!
[bt_navigator-5] [WARN] [1788853097.264280099] [BehaviorTreeEngine]: Behavior Tree tick rate 100.00 was exceeded!
[bt_navigator-5] [WARN] [1788853097.293272298] [BehaviorTreeEngine]: Behavior Tree tick rate 100.00 was exceeded!
[bt_navigator-5] [WARN] [1788853097.426638835] [BehaviorTreeEngine]: Behavior Tree tick rate 100.00 was exceeded!
[bt_navigator-5] [WARN] [1788853097.569533541] [BehaviorTreeEngine]: Behavior Tree tick rate 100.00 was exceeded!
[bt_navigator-5] [WARN] [1788853097.622813885] [BehaviorTreeEngine]: Behavior Tree tick rate 100.00 was exceeded!
[bt_navigator-5] [WARN] [1788853097.677800996] [BehaviorTreeEngine]: Behavior Tree tick rate 100.00 was exceeded!
[bt_navigator-5] [WARN] [1788853097.798224594] [BehaviorTreeEngine]: Behavior Tree tick rate 100.00 was exceeded!
[bt_navigator-5] [WARN] [1788853097.836851709] [BehaviorTreeEngine]: Behavior Tree tick rate 100.00 was exceeded!
[bt_navigator-5] [WARN] [1788853097.862331536] [BehaviorTreeEngine]: Behavior Tree tick rate 100.00 was exceeded!
[bt_navigator-5] [WARN] [1788853097.914089821] [BehaviorTreeEngine]: Behavior Tree tick rate 100.00 was exceeded!
[bt_navigator-5] [WARN] [1788853097.960095370] [BehaviorTreeEngine]: Behavior Tree tick rate 100.00 was exceeded!
[bt_navigator-5] [WARN] [1788853097.987562480] [BehaviorTreeEngine]: Behavior Tree tick rate 100.00 was exceeded!
[controller_server-1] [INFO] [1788853098.032355776] [robot1.controller_server]: Passing new path to controller.
[bt_navigator-5] [WARN] [1788853098.188051973] [BehaviorTreeEngine]: Behavior Tree tick rate 100.00 was exceeded!
[bt_navigator-5] [WARN] [1788853098.234613883] [BehaviorTreeEngine]: Behavior Tree tick rate 100.00 was exceeded!
[bt_navigator-5] [WARN] [1788853098.249628454] [BehaviorTreeEngine]: Behavior Tree tick rate 100.00 was exceeded!
[bt_navigator-5] [WARN] [1788853098.398772192] [BehaviorTreeEngine]: Behavior Tree tick rate 100.00 was exceeded!
[bt_navigator-5] [WARN] [1788853098.448641822] [BehaviorTreeEngine]: Behavior Tree tick rate 100.00 was exceeded!
[bt_navigator-5] [WARN] [1788853098.473002757] [BehaviorTreeEngine]: Behavior Tree tick rate 100.00 was exceeded!
[bt_navigator-5] [WARN] [1788853098.608705792] [BehaviorTreeEngine]: Behavior Tree tick rate 100.00 was exceeded!
[bt_navigator-5] [WARN] [1788853098.901417163] [BehaviorTreeEngine]: Behavior Tree tick rate 100.00 was exceeded!
[bt_navigator-5] [WARN] [1788853098.946383988] [BehaviorTreeEngine]: Behavior Tree tick rate 100.00 was exceeded!
[bt_navigator-5] [WARN] [1788853098.996823308] [BehaviorTreeEngine]: Behavior Tree tick rate 100.00 was exceeded!
[bt_navigator-5] [WARN] [1788853099.034026852] [BehaviorTreeEngine]: Behavior Tree tick rate 100.00 was exceeded!
[controller_server-1] [INFO] [1788853099.072795950] [robot1.local_costmap.local_costmap]: StaticLayer: Resizing static layer to 183 X 308 at 0.050000 m/pix
[controller_server-1] [INFO] [1788853099.082343940] [robot1.controller_server]: Passing new path to controller.
[bt_navigator-5] [WARN] [1788853099.193741269] [BehaviorTreeEngine]: Behavior Tree tick rate 100.00 was exceeded!
[bt_navigator-5] [WARN] [1788853099.341771580] [BehaviorTreeEngine]: Behavior Tree tick rate 100.00 was exceeded!
[bt_navigator-5] [WARN] [1788853099.396980746] [BehaviorTreeEngine]: Behavior Tree tick rate 100.00 was exceeded!
[bt_navigator-5] [WARN] [1788853099.517562689] [BehaviorTreeEngine]: Behavior Tree tick rate 100.00 was exceeded!
[bt_navigator-5] [WARN] [1788853099.578505537] [BehaviorTreeEngine]: Behavior Tree tick rate 100.00 was exceeded!
[bt_navigator-5] [WARN] [1788853099.598440496] [BehaviorTreeEngine]: Behavior Tree tick rate 100.00 was exceeded!
[bt_navigator-5] [WARN] [1788853099.660483297] [BehaviorTreeEngine]: Behavior Tree tick rate 100.00 was exceeded!
[bt_navigator-5] [WARN] [1788853099.688010252] [BehaviorTreeEngine]: Behavior Tree tick rate 100.00 was exceeded!
[bt_navigator-5] [WARN] [1788853099.728248969] [BehaviorTreeEngine]: Behavior Tree tick rate 100.00 was exceeded!
[planner_server-3] [INFO] [1788853099.728846439] [robot1.global_costmap.global_costmap]: StaticLayer: Resizing costmap to 183 X 308 at 0.050000 m/pix
[bt_navigator-5] [WARN] [1788853099.763601569] [BehaviorTreeEngine]: Behavior Tree tick rate 100.00 was exceeded!
[bt_navigator-5] [WARN] [1788853099.908011088] [BehaviorTreeEngine]: Behavior Tree tick rate 100.00 was exceeded!
[bt_navigator-5] [WARN] [1788853100.038190175] [BehaviorTreeEngine]: Behavior Tree tick rate 100.00 was exceeded!
[bt_navigator-5] [WARN] [1788853100.063048409] [BehaviorTreeEngine]: Behavior Tree tick rate 100.00 was exceeded!
[controller_server-1] [INFO] [1788853100.082310731] [robot1.controller_server]: Passing new path to controller.
[bt_navigator-5] [WARN] [1788853100.118249299] [BehaviorTreeEngine]: Behavior Tree tick rate 100.00 was exceeded!
[bt_navigator-5] [WARN] [1788853100.247139138] [BehaviorTreeEngine]: Behavior Tree tick rate 100.00 was exceeded!
[bt_navigator-5] [WARN] [1788853100.278564705] [BehaviorTreeEngine]: Behavior Tree tick rate 100.00 was exceeded!
[bt_navigator-5] [WARN] [1788853100.326325987] [BehaviorTreeEngine]: Behavior Tree tick rate 100.00 was exceeded!
[bt_navigator-5] [WARN] [1788853100.387725623] [BehaviorTreeEngine]: Behavior Tree tick rate 100.00 was exceeded!
[bt_navigator-5] [WARN] [1788853100.969842740] [BehaviorTreeEngine]: Behavior Tree tick rate 100.00 was exceeded!
[bt_navigator-5] [WARN] [1788853101.078500258] [BehaviorTreeEngine]: Behavior Tree tick rate 100.00 was exceeded!
[controller_server-1] [INFO] [1788853101.132309572] [robot1.controller_server]: Passing new path to controller.
[bt_navigator-5] [WARN] [1788853101.229968513] [BehaviorTreeEngine]: Behavior Tree tick rate 100.00 was exceeded!
[bt_navigator-5] [WARN] [1788853101.333318769] [BehaviorTreeEngine]: Behavior Tree tick rate 100.00 was exceeded!
[bt_navigator-5] [WARN] [1788853101.355613611] [BehaviorTreeEngine]: Behavior Tree tick rate 100.00 was exceeded!
[bt_navigator-5] [WARN] [1788853101.380659028] [BehaviorTreeEngine]: Behavior Tree tick rate 100.00 was exceeded!
[bt_navigator-5] [WARN] [1788853101.401877012] [BehaviorTreeEngine]: Behavior Tree tick rate 100.00 was exceeded!
[bt_navigator-5] [WARN] [1788853101.493935620] [BehaviorTreeEngine]: Behavior Tree tick rate 100.00 was exceeded!
[bt_navigator-5] [WARN] [1788853101.590477536] [BehaviorTreeEngine]: Behavior Tree tick rate 100.00 was exceeded!
[bt_navigator-5] [WARN] [1788853101.620994867] [BehaviorTreeEngine]: Behavior Tree tick rate 100.00 was exceeded!
[bt_navigator-5] [WARN] [1788853101.658300223] [BehaviorTreeEngine]: Behavior Tree tick rate 100.00 was exceeded!
[bt_navigator-5] [WARN] [1788853101.825705407] [BehaviorTreeEngine]: Behavior Tree tick rate 100.00 was exceeded!
[bt_navigator-5] [WARN] [1788853101.899316411] [BehaviorTreeEngine]: Behavior Tree tick rate 100.00 was exceeded!
[bt_navigator-5] [WARN] [1788853101.962909678] [BehaviorTreeEngine]: Behavior Tree tick rate 100.00 was exceeded!
[bt_navigator-5] [WARN] [1788853102.094592378] [BehaviorTreeEngine]: Behavior Tree tick rate 100.00 was exceeded!
[controller_server-1] [INFO] [1788853102.132331845] [robot1.controller_server]: Passing new path to controller.
[bt_navigator-5] [WARN] [1788853102.180855712] [BehaviorTreeEngine]: Behavior Tree tick rate 100.00 was exceeded!
[bt_navigator-5] [WARN] [1788853102.189540207] [BehaviorTreeEngine]: Behavior Tree tick rate 100.00 was exceeded!
[bt_navigator-5] [WARN] [1788853102.226650162] [BehaviorTreeEngine]: Behavior Tree tick rate 100.00 was exceeded!
[bt_navigator-5] [WARN] [1788853102.378816634] [BehaviorTreeEngine]: Behavior Tree tick rate 100.00 was exceeded!
[bt_navigator-5] [WARN] [1788853102.550154674] [BehaviorTreeEngine]: Behavior Tree tick rate 100.00 was exceeded!
[bt_navigator-5] [WARN] [1788853102.576012957] [BehaviorTreeEngine]: Behavior Tree tick rate 100.00 was exceeded!
[bt_navigator-5] [WARN] [1788853102.726536124] [BehaviorTreeEngine]: Behavior Tree tick rate 100.00 was exceeded!
[bt_navigator-5] [WARN] [1788853102.869362165] [BehaviorTreeEngine]: Behavior Tree tick rate 100.00 was exceeded!
[bt_navigator-5] [WARN] [1788853102.900701955] [BehaviorTreeEngine]: Behavior Tree tick rate 100.00 was exceeded!
[bt_navigator-5] [WARN] [1788853102.962434788] [BehaviorTreeEngine]: Behavior Tree tick rate 100.00 was exceeded!
[controller_server-1] [INFO] [1788853103.182409457] [robot1.controller_server]: Passing new path to controller.
[bt_navigator-5] [WARN] [1788853103.320111332] [BehaviorTreeEngine]: Behavior Tree tick rate 100.00 was exceeded!
[controller_server-1] [INFO] [1788853103.484034460] [robot1.controller_server]: Reached the goal!
[bt_navigator-5] [WARN] [1788853103.506119809] [BehaviorTreeEngine]: Behavior Tree tick rate 100.00 was exceeded!
[bt_navigator-5] [INFO] [1788853103.526647963] [robot1.bt_navigator]: Goal succeeded
[controller_server-1] [INFO] [1788853104.072791861] [robot1.local_costmap.local_costmap]: StaticLayer: Resizing static layer to 183 X 326 at 0.050000 m/pix
[planner_server-3] [INFO] [1788853104.728845007] [robot1.global_costmap.global_costmap]: StaticLayer: Resizing costmap to 183 X 326 at 0.050000 m/pix
[controller_server-1] [INFO] [1788853169.247004272] [robot1.local_costmap.local_costmap]: Message Filter dropping message: frame 'rplidar_link' at time 1788853168.734 for reason 'the timestamp on the message is earlier than all the data in the transform cache'
[planner_server-3] [INFO] [1788853169.249794960] [robot1.global_costmap.global_costmap]: Message Filter dropping message: frame 'rplidar_link' at time 1788853168.734 for reason 'the timestamp on the message is earlier than all the data in the transform cache'
[controller_server-1] [INFO] [1788853236.205739943] [robot1.local_costmap.local_costmap]: Message Filter dropping message: frame 'rplidar_link' at time 1788853235.857 for reason 'the timestamp on the message is earlier than all the data in the transform cache'
[planner_server-3] [INFO] [1788853236.205784902] [robot1.global_costmap.global_costmap]: Message Filter dropping message: frame 'rplidar_link' at time 1788853235.857 for reason 'the timestamp on the message is earlier than all the data in the transform cache'
[controller_server-1] [INFO] [1788853240.503094230] [robot1.local_costmap.local_costmap]: Message Filter dropping message: frame 'rplidar_link' at time 1788853239.898 for reason 'the timestamp on the message is earlier than all the data in the transform cache'
[bt_navigator-5] [INFO] [1788853256.359846207] [robot1.bt_navigator]: Begin navigating from current location (-0.53, -0.65) to (-0.20, 3.13)
[bt_navigator-5] [WARN] [1788853256.381412029] [BehaviorTreeEngine]: Behavior Tree tick rate 100.00 was exceeded!
[controller_server-1] [INFO] [1788853256.381712306] [robot1.controller_server]: Received a goal, begin computing control effort.
[bt_navigator-5] [WARN] [1788853256.587133969] [BehaviorTreeEngine]: Behavior Tree tick rate 100.00 was exceeded!
[bt_navigator-5] [WARN] [1788853256.610758478] [BehaviorTreeEngine]: Behavior Tree tick rate 100.00 was exceeded!
[bt_navigator-5] [WARN] [1788853256.637709295] [BehaviorTreeEngine]: Behavior Tree tick rate 100.00 was exceeded!
[bt_navigator-5] [WARN] [1788853256.904621207] [BehaviorTreeEngine]: Behavior Tree tick rate 100.00 was exceeded!
[bt_navigator-5] [WARN] [1788853256.929953915] [BehaviorTreeEngine]: Behavior Tree tick rate 100.00 was exceeded!
[bt_navigator-5] [WARN] [1788853257.101576731] [BehaviorTreeEngine]: Behavior Tree tick rate 100.00 was exceeded!
[bt_navigator-5] [WARN] [1788853257.134002123] [BehaviorTreeEngine]: Behavior Tree tick rate 100.00 was exceeded!
[bt_navigator-5] [WARN] [1788853257.236836773] [BehaviorTreeEngine]: Behavior Tree tick rate 100.00 was exceeded!
[bt_navigator-5] [WARN] [1788853257.278713422] [BehaviorTreeEngine]: Behavior Tree tick rate 100.00 was exceeded!
[bt_navigator-5] [WARN] [1788853257.388902754] [BehaviorTreeEngine]: Behavior Tree tick rate 100.00 was exceeded!
[controller_server-1] [INFO] [1788853257.431890848] [robot1.controller_server]: Passing new path to controller.
[bt_navigator-5] [WARN] [1788853257.518123980] [BehaviorTreeEngine]: Behavior Tree tick rate 100.00 was exceeded!
[bt_navigator-5] [WARN] [1788853257.649124113] [BehaviorTreeEngine]: Behavior Tree tick rate 100.00 was exceeded!
[bt_navigator-5] [WARN] [1788853257.787217138] [BehaviorTreeEngine]: Behavior Tree tick rate 100.00 was exceeded!
[bt_navigator-5] [WARN] [1788853257.937589909] [BehaviorTreeEngine]: Behavior Tree tick rate 100.00 was exceeded!
[bt_navigator-5] [WARN] [1788853257.990857259] [BehaviorTreeEngine]: Behavior Tree tick rate 100.00 was exceeded!
[bt_navigator-5] [WARN] [1788853258.009796590] [BehaviorTreeEngine]: Behavior Tree tick rate 100.00 was exceeded!
[bt_navigator-5] [WARN] [1788853258.029357109] [BehaviorTreeEngine]: Behavior Tree tick rate 100.00 was exceeded!
[bt_navigator-5] [WARN] [1788853258.230583327] [BehaviorTreeEngine]: Behavior Tree tick rate 100.00 was exceeded!
[bt_navigator-5] [WARN] [1788853258.284115263] [BehaviorTreeEngine]: Behavior Tree tick rate 100.00 was exceeded!
[bt_navigator-5] [WARN] [1788853258.317650231] [BehaviorTreeEngine]: Behavior Tree tick rate 100.00 was exceeded!
[bt_navigator-5] [WARN] [1788853258.423872872] [BehaviorTreeEngine]: Behavior Tree tick rate 100.00 was exceeded!
[bt_navigator-5] [WARN] [1788853258.438950234] [BehaviorTreeEngine]: Behavior Tree tick rate 100.00 was exceeded!
[controller_server-1] [INFO] [1788853258.481889883] [robot1.controller_server]: Passing new path to controller.
[bt_navigator-5] [WARN] [1788853258.571790398] [BehaviorTreeEngine]: Behavior Tree tick rate 100.00 was exceeded!
[bt_navigator-5] [WARN] [1788853258.619130656] [BehaviorTreeEngine]: Behavior Tree tick rate 100.00 was exceeded!
[bt_navigator-5] [WARN] [1788853258.632406309] [BehaviorTreeEngine]: Behavior Tree tick rate 100.00 was exceeded!
[bt_navigator-5] [WARN] [1788853258.689872395] [BehaviorTreeEngine]: Behavior Tree tick rate 100.00 was exceeded!
[bt_navigator-5] [WARN] [1788853258.715751388] [BehaviorTreeEngine]: Behavior Tree tick rate 100.00 was exceeded!
[bt_navigator-5] [WARN] [1788853258.896907699] [BehaviorTreeEngine]: Behavior Tree tick rate 100.00 was exceeded!
[bt_navigator-5] [WARN] [1788853258.942510651] [BehaviorTreeEngine]: Behavior Tree tick rate 100.00 was exceeded!
[bt_navigator-5] [WARN] [1788853259.040815575] [BehaviorTreeEngine]: Behavior Tree tick rate 100.00 was exceeded!
[bt_navigator-5] [WARN] [1788853259.073356208] [BehaviorTreeEngine]: Behavior Tree tick rate 100.00 was exceeded!
[bt_navigator-5] [WARN] [1788853259.202356183] [BehaviorTreeEngine]: Behavior Tree tick rate 100.00 was exceeded!
[bt_navigator-5] [WARN] [1788853259.240175712] [BehaviorTreeEngine]: Behavior Tree tick rate 100.00 was exceeded!
[bt_navigator-5] [WARN] [1788853259.276685562] [BehaviorTreeEngine]: Behavior Tree tick rate 100.00 was exceeded!
[bt_navigator-5] [WARN] [1788853259.382744545] [BehaviorTreeEngine]: Behavior Tree tick rate 100.00 was exceeded!
[bt_navigator-5] [WARN] [1788853259.423262679] [BehaviorTreeEngine]: Behavior Tree tick rate 100.00 was exceeded!
[controller_server-1] [INFO] [1788853259.481889760] [robot1.controller_server]: Passing new path to controller.
[bt_navigator-5] [WARN] [1788853259.570798195] [BehaviorTreeEngine]: Behavior Tree tick rate 100.00 was exceeded!
[bt_navigator-5] [WARN] [1788853259.601838358] [BehaviorTreeEngine]: Behavior Tree tick rate 100.00 was exceeded!
[bt_navigator-5] [WARN] [1788853259.623390482] [BehaviorTreeEngine]: Behavior Tree tick rate 100.00 was exceeded!
[bt_navigator-5] [WARN] [1788853259.652508690] [BehaviorTreeEngine]: Behavior Tree tick rate 100.00 was exceeded!
[bt_navigator-5] [WARN] [1788853259.846883454] [BehaviorTreeEngine]: Behavior Tree tick rate 100.00 was exceeded!
[bt_navigator-5] [WARN] [1788853259.885187098] [BehaviorTreeEngine]: Behavior Tree tick rate 100.00 was exceeded!
[bt_navigator-5] [WARN] [1788853259.950731517] [BehaviorTreeEngine]: Behavior Tree tick rate 100.00 was exceeded!
[bt_navigator-5] [WARN] [1788853260.060961035] [BehaviorTreeEngine]: Behavior Tree tick rate 100.00 was exceeded!
[bt_navigator-5] [WARN] [1788853260.172354717] [BehaviorTreeEngine]: Behavior Tree tick rate 100.00 was exceeded!
[bt_navigator-5] [WARN] [1788853260.407716632] [BehaviorTreeEngine]: Behavior Tree tick rate 100.00 was exceeded!
[controller_server-1] [INFO] [1788853260.531890047] [robot1.controller_server]: Passing new path to controller.
[bt_navigator-5] [WARN] [1788853260.611178355] [BehaviorTreeEngine]: Behavior Tree tick rate 100.00 was exceeded!
[bt_navigator-5] [WARN] [1788853260.639231476] [BehaviorTreeEngine]: Behavior Tree tick rate 100.00 was exceeded!
[bt_navigator-5] [WARN] [1788853260.708070078] [BehaviorTreeEngine]: Behavior Tree tick rate 100.00 was exceeded!
[bt_navigator-5] [WARN] [1788853260.797998477] [BehaviorTreeEngine]: Behavior Tree tick rate 100.00 was exceeded!
[bt_navigator-5] [WARN] [1788853260.850271372] [BehaviorTreeEngine]: Behavior Tree tick rate 100.00 was exceeded!
[bt_navigator-5] [WARN] [1788853261.000898845] [BehaviorTreeEngine]: Behavior Tree tick rate 100.00 was exceeded!
[bt_navigator-5] [WARN] [1788853261.038641142] [BehaviorTreeEngine]: Behavior Tree tick rate 100.00 was exceeded!
[bt_navigator-5] [WARN] [1788853261.064968301] [BehaviorTreeEngine]: Behavior Tree tick rate 100.00 was exceeded!
[bt_navigator-5] [WARN] [1788853261.126814996] [BehaviorTreeEngine]: Behavior Tree tick rate 100.00 was exceeded!
[bt_navigator-5] [WARN] [1788853261.322271210] [BehaviorTreeEngine]: Behavior Tree tick rate 100.00 was exceeded!
[bt_navigator-5] [WARN] [1788853261.370028862] [BehaviorTreeEngine]: Behavior Tree tick rate 100.00 was exceeded!
[bt_navigator-5] [WARN] [1788853261.407467620] [BehaviorTreeEngine]: Behavior Tree tick rate 100.00 was exceeded!
[bt_navigator-5] [WARN] [1788853261.432451860] [BehaviorTreeEngine]: Behavior Tree tick rate 100.00 was exceeded!
[bt_navigator-5] [WARN] [1788853261.453184825] [BehaviorTreeEngine]: Behavior Tree tick rate 100.00 was exceeded!
[bt_navigator-5] [WARN] [1788853261.485947185] [BehaviorTreeEngine]: Behavior Tree tick rate 100.00 was exceeded!
[bt_navigator-5] [WARN] [1788853261.564804425] [BehaviorTreeEngine]: Behavior Tree tick rate 100.00 was exceeded!
[bt_navigator-5] [WARN] [1788853261.564844297] [robot1.bt_navigator_navigate_to_pose_rclcpp_node]: Timed out while waiting for action server to acknowledge goal request for follow_path
[controller_server-1] [INFO] [1788853261.564939440] [robot1.local_costmap.local_costmap]: Received request to clear entirely the local_costmap
[controller_server-1] [WARN] [1788853261.581253130] [robot1.controller_server]: [follow_path] [ActionServer] Aborting handle.
[bt_navigator-5] [WARN] [1788853261.615811143] [BehaviorTreeEngine]: Behavior Tree tick rate 100.00 was exceeded!
[controller_server-1] [INFO] [1788853261.681945508] [robot1.controller_server]: Passing new path to controller.
[controller_server-1] [WARN] [1788853261.683450905] [robot1.controller_server]: Control loop missed its desired rate of 20.0000Hz
[bt_navigator-5] [WARN] [1788853261.755302204] [BehaviorTreeEngine]: Behavior Tree tick rate 100.00 was exceeded!
[bt_navigator-5] [WARN] [1788853261.852308589] [BehaviorTreeEngine]: Behavior Tree tick rate 100.00 was exceeded!
[controller_server-1] [INFO] [1788853261.872801134] [robot1.local_costmap.local_costmap]: StaticLayer: Resizing static layer to 183 X 334 at 0.050000 m/pix
[bt_navigator-5] [WARN] [1788853261.885551591] [BehaviorTreeEngine]: Behavior Tree tick rate 100.00 was exceeded!
[bt_navigator-5] [WARN] [1788853262.004413314] [BehaviorTreeEngine]: Behavior Tree tick rate 100.00 was exceeded!
[bt_navigator-5] [WARN] [1788853262.107258296] [BehaviorTreeEngine]: Behavior Tree tick rate 100.00 was exceeded!
[bt_navigator-5] [WARN] [1788853262.156060794] [BehaviorTreeEngine]: Behavior Tree tick rate 100.00 was exceeded!
[bt_navigator-5] [WARN] [1788853262.231921012] [BehaviorTreeEngine]: Behavior Tree tick rate 100.00 was exceeded!
[bt_navigator-5] [WARN] [1788853262.284934365] [BehaviorTreeEngine]: Behavior Tree tick rate 100.00 was exceeded!
[bt_navigator-5] [WARN] [1788853262.303485062] [BehaviorTreeEngine]: Behavior Tree tick rate 100.00 was exceeded!
[bt_navigator-5] [WARN] [1788853262.471895909] [BehaviorTreeEngine]: Behavior Tree tick rate 100.00 was exceeded!
[bt_navigator-5] [WARN] [1788853262.472030975] [BehaviorTreeEngine]: Behavior Tree tick rate 100.00 was exceeded!
[bt_navigator-5] [WARN] [1788853262.531810820] [BehaviorTreeEngine]: Behavior Tree tick rate 100.00 was exceeded!
[bt_navigator-5] [WARN] [1788853262.542642435] [BehaviorTreeEngine]: Behavior Tree tick rate 100.00 was exceeded!
[controller_server-1] [INFO] [1788853262.558316470] [robot1.controller_server]: Passing new path to controller.
[bt_navigator-5] [WARN] [1788853262.682364811] [BehaviorTreeEngine]: Behavior Tree tick rate 100.00 was exceeded!
[bt_navigator-5] [WARN] [1788853262.719172622] [BehaviorTreeEngine]: Behavior Tree tick rate 100.00 was exceeded!
[planner_server-3] [INFO] [1788853262.728839129] [robot1.global_costmap.global_costmap]: StaticLayer: Resizing costmap to 183 X 334 at 0.050000 m/pix
[bt_navigator-5] [WARN] [1788853262.741058298] [BehaviorTreeEngine]: Behavior Tree tick rate 100.00 was exceeded!
[bt_navigator-5] [WARN] [1788853262.753951795] [BehaviorTreeEngine]: Behavior Tree tick rate 100.00 was exceeded!
[bt_navigator-5] [WARN] [1788853262.894743647] [BehaviorTreeEngine]: Behavior Tree tick rate 100.00 was exceeded!
[bt_navigator-5] [WARN] [1788853263.004560861] [BehaviorTreeEngine]: Behavior Tree tick rate 100.00 was exceeded!
[bt_navigator-5] [WARN] [1788853263.046595106] [BehaviorTreeEngine]: Behavior Tree tick rate 100.00 was exceeded!
[bt_navigator-5] [WARN] [1788853263.112778251] [BehaviorTreeEngine]: Behavior Tree tick rate 100.00 was exceeded!
[bt_navigator-5] [WARN] [1788853263.210823009] [BehaviorTreeEngine]: Behavior Tree tick rate 100.00 was exceeded!
[bt_navigator-5] [WARN] [1788853263.277061579] [BehaviorTreeEngine]: Behavior Tree tick rate 100.00 was exceeded!
[bt_navigator-5] [WARN] [1788853263.476261752] [BehaviorTreeEngine]: Behavior Tree tick rate 100.00 was exceeded!
[controller_server-1] [INFO] [1788853263.583513709] [robot1.controller_server]: Passing new path to controller.
[bt_navigator-5] [WARN] [1788853263.586898266] [BehaviorTreeEngine]: Behavior Tree tick rate 100.00 was exceeded!
[bt_navigator-5] [WARN] [1788853263.589983775] [robot1.bt_navigator_navigate_to_pose_rclcpp_node]: Timed out while waiting for action server to acknowledge goal request for follow_path
[behavior_server-4] [INFO] [1788853263.599060397] [robot1.behavior_server]: Running spin
[behavior_server-4] [INFO] [1788853263.599195644] [robot1.behavior_server]: Turning 1.57 for spin behavior.
[bt_navigator-5] [WARN] [1788853263.776504258] [BehaviorTreeEngine]: Behavior Tree tick rate 100.00 was exceeded!
[bt_navigator-5] [WARN] [1788853263.869980423] [BehaviorTreeEngine]: Behavior Tree tick rate 100.00 was exceeded!
[bt_navigator-5] [WARN] [1788853263.908306911] [BehaviorTreeEngine]: Behavior Tree tick rate 100.00 was exceeded!
[bt_navigator-5] [WARN] [1788853263.934425136] [BehaviorTreeEngine]: Behavior Tree tick rate 100.00 was exceeded!
[bt_navigator-5] [WARN] [1788853264.228898315] [BehaviorTreeEngine]: Behavior Tree tick rate 100.00 was exceeded!
[bt_navigator-5] [WARN] [1788853264.376790908] [BehaviorTreeEngine]: Behavior Tree tick rate 100.00 was exceeded!
[bt_navigator-5] [WARN] [1788853264.518817259] [BehaviorTreeEngine]: Behavior Tree tick rate 100.00 was exceeded!
[bt_navigator-5] [WARN] [1788853264.569617183] [BehaviorTreeEngine]: Behavior Tree tick rate 100.00 was exceeded!
[bt_navigator-5] [WARN] [1788853264.605199169] [BehaviorTreeEngine]: Behavior Tree tick rate 100.00 was exceeded!
[bt_navigator-5] [WARN] [1788853264.639676231] [BehaviorTreeEngine]: Behavior Tree tick rate 100.00 was exceeded!
[bt_navigator-5] [WARN] [1788853264.679490100] [BehaviorTreeEngine]: Behavior Tree tick rate 100.00 was exceeded!
[bt_navigator-5] [WARN] [1788853264.729557548] [BehaviorTreeEngine]: Behavior Tree tick rate 100.00 was exceeded!
[bt_navigator-5] [WARN] [1788853264.790258765] [BehaviorTreeEngine]: Behavior Tree tick rate 100.00 was exceeded!
[bt_navigator-5] [WARN] [1788853264.933003711] [BehaviorTreeEngine]: Behavior Tree tick rate 100.00 was exceeded!
[bt_navigator-5] [WARN] [1788853265.005578387] [BehaviorTreeEngine]: Behavior Tree tick rate 100.00 was exceeded!
[bt_navigator-5] [WARN] [1788853265.042519783] [BehaviorTreeEngine]: Behavior Tree tick rate 100.00 was exceeded!
[bt_navigator-5] [WARN] [1788853265.422358277] [BehaviorTreeEngine]: Behavior Tree tick rate 100.00 was exceeded!
[bt_navigator-5] [WARN] [1788853265.515242543] [BehaviorTreeEngine]: Behavior Tree tick rate 100.00 was exceeded!
[bt_navigator-5] [WARN] [1788853265.556845239] [BehaviorTreeEngine]: Behavior Tree tick rate 100.00 was exceeded!
[bt_navigator-5] [WARN] [1788853265.795784375] [BehaviorTreeEngine]: Behavior Tree tick rate 100.00 was exceeded!
[bt_navigator-5] [WARN] [1788853265.895985563] [BehaviorTreeEngine]: Behavior Tree tick rate 100.00 was exceeded!
[bt_navigator-5] [WARN] [1788853266.366974959] [BehaviorTreeEngine]: Behavior Tree tick rate 100.00 was exceeded!
[bt_navigator-5] [WARN] [1788853266.394621506] [BehaviorTreeEngine]: Behavior Tree tick rate 100.00 was exceeded!
[bt_navigator-5] [WARN] [1788853266.415450817] [BehaviorTreeEngine]: Behavior Tree tick rate 100.00 was exceeded!
[bt_navigator-5] [WARN] [1788853266.446673113] [BehaviorTreeEngine]: Behavior Tree tick rate 100.00 was exceeded!
[bt_navigator-5] [WARN] [1788853266.466658150] [BehaviorTreeEngine]: Behavior Tree tick rate 100.00 was exceeded!
[bt_navigator-5] [WARN] [1788853266.672579726] [BehaviorTreeEngine]: Behavior Tree tick rate 100.00 was exceeded!
[bt_navigator-5] [WARN] [1788853266.717605574] [BehaviorTreeEngine]: Behavior Tree tick rate 100.00 was exceeded!
[bt_navigator-5] [WARN] [1788853266.744332406] [BehaviorTreeEngine]: Behavior Tree tick rate 100.00 was exceeded!
[bt_navigator-5] [WARN] [1788853266.784811186] [BehaviorTreeEngine]: Behavior Tree tick rate 100.00 was exceeded!
[bt_navigator-5] [WARN] [1788853266.880827144] [BehaviorTreeEngine]: Behavior Tree tick rate 100.00 was exceeded!
[bt_navigator-5] [WARN] [1788853266.897680703] [BehaviorTreeEngine]: Behavior Tree tick rate 100.00 was exceeded!
[bt_navigator-5] [WARN] [1788853266.921849286] [BehaviorTreeEngine]: Behavior Tree tick rate 100.00 was exceeded!
[bt_navigator-5] [WARN] [1788853267.071030153] [BehaviorTreeEngine]: Behavior Tree tick rate 100.00 was exceeded!
[bt_navigator-5] [WARN] [1788853267.111523796] [BehaviorTreeEngine]: Behavior Tree tick rate 100.00 was exceeded!
[bt_navigator-5] [WARN] [1788853267.133659526] [BehaviorTreeEngine]: Behavior Tree tick rate 100.00 was exceeded!
[bt_navigator-5] [WARN] [1788853267.187184108] [BehaviorTreeEngine]: Behavior Tree tick rate 100.00 was exceeded!
[bt_navigator-5] [WARN] [1788853267.239843525] [BehaviorTreeEngine]: Behavior Tree tick rate 100.00 was exceeded!
[bt_navigator-5] [WARN] [1788853267.279416656] [BehaviorTreeEngine]: Behavior Tree tick rate 100.00 was exceeded!
[bt_navigator-5] [WARN] [1788853267.541620165] [BehaviorTreeEngine]: Behavior Tree tick rate 100.00 was exceeded!
[bt_navigator-5] [WARN] [1788853267.563389618] [BehaviorTreeEngine]: Behavior Tree tick rate 100.00 was exceeded!
[bt_navigator-5] [WARN] [1788853267.585930951] [BehaviorTreeEngine]: Behavior Tree tick rate 100.00 was exceeded!
[bt_navigator-5] [WARN] [1788853267.614253739] [BehaviorTreeEngine]: Behavior Tree tick rate 100.00 was exceeded!
[bt_navigator-5] [WARN] [1788853267.654401890] [BehaviorTreeEngine]: Behavior Tree tick rate 100.00 was exceeded!
[bt_navigator-5] [WARN] [1788853267.762129062] [BehaviorTreeEngine]: Behavior Tree tick rate 100.00 was exceeded!
[bt_navigator-5] [WARN] [1788853267.842417570] [BehaviorTreeEngine]: Behavior Tree tick rate 100.00 was exceeded!
[bt_navigator-5] [WARN] [1788853268.108829679] [BehaviorTreeEngine]: Behavior Tree tick rate 100.00 was exceeded!
[bt_navigator-5] [WARN] [1788853268.289968186] [BehaviorTreeEngine]: Behavior Tree tick rate 100.00 was exceeded!
[bt_navigator-5] [WARN] [1788853268.331609495] [BehaviorTreeEngine]: Behavior Tree tick rate 100.00 was exceeded!
[bt_navigator-5] [WARN] [1788853268.375868332] [BehaviorTreeEngine]: Behavior Tree tick rate 100.00 was exceeded!
[bt_navigator-5] [WARN] [1788853268.463754195] [BehaviorTreeEngine]: Behavior Tree tick rate 100.00 was exceeded!
[bt_navigator-5] [WARN] [1788853268.674250486] [BehaviorTreeEngine]: Behavior Tree tick rate 100.00 was exceeded!
[bt_navigator-5] [WARN] [1788853268.823376445] [BehaviorTreeEngine]: Behavior Tree tick rate 100.00 was exceeded!
[bt_navigator-5] [WARN] [1788853269.037154853] [BehaviorTreeEngine]: Behavior Tree tick rate 100.00 was exceeded!
[bt_navigator-5] [WARN] [1788853269.121864785] [BehaviorTreeEngine]: Behavior Tree tick rate 100.00 was exceeded!
[bt_navigator-5] [WARN] [1788853269.560321056] [BehaviorTreeEngine]: Behavior Tree tick rate 100.00 was exceeded!
[bt_navigator-5] [WARN] [1788853269.754489035] [BehaviorTreeEngine]: Behavior Tree tick rate 100.00 was exceeded!
[bt_navigator-5] [WARN] [1788853269.834467792] [BehaviorTreeEngine]: Behavior Tree tick rate 100.00 was exceeded!
[bt_navigator-5] [WARN] [1788853269.866206954] [BehaviorTreeEngine]: Behavior Tree tick rate 100.00 was exceeded!
[bt_navigator-5] [WARN] [1788853269.908104642] [BehaviorTreeEngine]: Behavior Tree tick rate 100.00 was exceeded!
[bt_navigator-5] [WARN] [1788853270.119998190] [BehaviorTreeEngine]: Behavior Tree tick rate 100.00 was exceeded!
[bt_navigator-5] [WARN] [1788853270.282419162] [BehaviorTreeEngine]: Behavior Tree tick rate 100.00 was exceeded!
[bt_navigator-5] [WARN] [1788853270.576965579] [BehaviorTreeEngine]: Behavior Tree tick rate 100.00 was exceeded!
[bt_navigator-5] [WARN] [1788853270.620854694] [BehaviorTreeEngine]: Behavior Tree tick rate 100.00 was exceeded!
[bt_navigator-5] [WARN] [1788853270.774013336] [BehaviorTreeEngine]: Behavior Tree tick rate 100.00 was exceeded!
[bt_navigator-5] [WARN] [1788853270.852050874] [BehaviorTreeEngine]: Behavior Tree tick rate 100.00 was exceeded!
[bt_navigator-5] [WARN] [1788853270.883759243] [BehaviorTreeEngine]: Behavior Tree tick rate 100.00 was exceeded!
[bt_navigator-5] [WARN] [1788853270.936681138] [BehaviorTreeEngine]: Behavior Tree tick rate 100.00 was exceeded!
[bt_navigator-5] [WARN] [1788853270.963942520] [BehaviorTreeEngine]: Behavior Tree tick rate 100.00 was exceeded!
[bt_navigator-5] [WARN] [1788853271.067571898] [BehaviorTreeEngine]: Behavior Tree tick rate 100.00 was exceeded!
[bt_navigator-5] [WARN] [1788853271.094263475] [BehaviorTreeEngine]: Behavior Tree tick rate 100.00 was exceeded!
[bt_navigator-5] [WARN] [1788853271.135794698] [BehaviorTreeEngine]: Behavior Tree tick rate 100.00 was exceeded!
[bt_navigator-5] [WARN] [1788853271.189472438] [BehaviorTreeEngine]: Behavior Tree tick rate 100.00 was exceeded!
[bt_navigator-5] [WARN] [1788853271.238409400] [BehaviorTreeEngine]: Behavior Tree tick rate 100.00 was exceeded!
[bt_navigator-5] [WARN] [1788853271.272981071] [BehaviorTreeEngine]: Behavior Tree tick rate 100.00 was exceeded!
[bt_navigator-5] [WARN] [1788853271.291690204] [BehaviorTreeEngine]: Behavior Tree tick rate 100.00 was exceeded!
[bt_navigator-5] [WARN] [1788853271.328670040] [BehaviorTreeEngine]: Behavior Tree tick rate 100.00 was exceeded!
[bt_navigator-5] [WARN] [1788853271.360485156] [BehaviorTreeEngine]: Behavior Tree tick rate 100.00 was exceeded!
[bt_navigator-5] [WARN] [1788853271.427245533] [BehaviorTreeEngine]: Behavior Tree tick rate 100.00 was exceeded!
[bt_navigator-5] [WARN] [1788853271.598876291] [BehaviorTreeEngine]: Behavior Tree tick rate 100.00 was exceeded!
[bt_navigator-5] [WARN] [1788853271.710569699] [BehaviorTreeEngine]: Behavior Tree tick rate 100.00 was exceeded!
[bt_navigator-5] [WARN] [1788853271.857398466] [BehaviorTreeEngine]: Behavior Tree tick rate 100.00 was exceeded!
[bt_navigator-5] [WARN] [1788853272.173885448] [BehaviorTreeEngine]: Behavior Tree tick rate 100.00 was exceeded!
[bt_navigator-5] [WARN] [1788853272.359364270] [BehaviorTreeEngine]: Behavior Tree tick rate 100.00 was exceeded!
[controller_server-1] [INFO] [1788853272.472749182] [robot1.local_costmap.local_costmap]: StaticLayer: Resizing static layer to 183 X 334 at 0.050000 m/pix
[bt_navigator-5] [WARN] [1788853272.547261684] [BehaviorTreeEngine]: Behavior Tree tick rate 100.00 was exceeded!
[bt_navigator-5] [WARN] [1788853272.651216219] [BehaviorTreeEngine]: Behavior Tree tick rate 100.00 was exceeded!
[bt_navigator-5] [WARN] [1788853272.672507962] [BehaviorTreeEngine]: Behavior Tree tick rate 100.00 was exceeded!
[planner_server-3] [INFO] [1788853272.728881112] [robot1.global_costmap.global_costmap]: StaticLayer: Resizing costmap to 183 X 334 at 0.050000 m/pix
[bt_navigator-5] [WARN] [1788853272.851612343] [BehaviorTreeEngine]: Behavior Tree tick rate 100.00 was exceeded!
[bt_navigator-5] [WARN] [1788853272.867994832] [BehaviorTreeEngine]: Behavior Tree tick rate 100.00 was exceeded!
[bt_navigator-5] [WARN] [1788853272.959589644] [BehaviorTreeEngine]: Behavior Tree tick rate 100.00 was exceeded!
[bt_navigator-5] [WARN] [1788853273.069683622] [BehaviorTreeEngine]: Behavior Tree tick rate 100.00 was exceeded!
[bt_navigator-5] [WARN] [1788853273.193879490] [BehaviorTreeEngine]: Behavior Tree tick rate 100.00 was exceeded!
[bt_navigator-5] [WARN] [1788853273.490844843] [BehaviorTreeEngine]: Behavior Tree tick rate 100.00 was exceeded!
[bt_navigator-5] [WARN] [1788853273.543578351] [BehaviorTreeEngine]: Behavior Tree tick rate 100.00 was exceeded!
[behavior_server-4] [WARN] [1788853273.599336808] [robot1.behavior_server]: Exceeded time allowance before reaching the Spin goal - Exiting Spin
[behavior_server-4] [WARN] [1788853273.599373348] [robot1.behavior_server]: spin failed
[behavior_server-4] [WARN] [1788853273.599382530] [robot1.behavior_server]: [spin] [ActionServer] Aborting handle.
[bt_navigator-5] [WARN] [1788853273.611369819] [BehaviorTreeEngine]: Behavior Tree tick rate 100.00 was exceeded!
[bt_navigator-5] [WARN] [1788853273.658212619] [BehaviorTreeEngine]: Behavior Tree tick rate 100.00 was exceeded!
[behavior_server-4] [INFO] [1788853273.658522747] [robot1.behavior_server]: Running wait
[bt_navigator-5] [WARN] [1788853273.691316012] [BehaviorTreeEngine]: Behavior Tree tick rate 100.00 was exceeded!
[bt_navigator-5] [WARN] [1788853273.691355717] [robot1.bt_navigator_navigate_to_pose_rclcpp_node]: Timed out while waiting for action server to acknowledge goal request for wait
[behavior_server-4] [INFO] [1788853273.691772676] [robot1.behavior_server]: Running backup
[behavior_server-4] [INFO] [1788853273.691882041] [robot1.behavior_server]: DriveOnHeading: no acceleration or deceleration limits set
[bt_navigator-5] [WARN] [1788853273.787714831] [BehaviorTreeEngine]: Behavior Tree tick rate 100.00 was exceeded!
[bt_navigator-5] [WARN] [1788853273.802322627] [BehaviorTreeEngine]: Behavior Tree tick rate 100.00 was exceeded!
[bt_navigator-5] [WARN] [1788853273.849518005] [BehaviorTreeEngine]: Behavior Tree tick rate 100.00 was exceeded!
[bt_navigator-5] [WARN] [1788853274.017939601] [BehaviorTreeEngine]: Behavior Tree tick rate 100.00 was exceeded!
[bt_navigator-5] [WARN] [1788853274.029916371] [BehaviorTreeEngine]: Behavior Tree tick rate 100.00 was exceeded!
[bt_navigator-5] [WARN] [1788853274.199736945] [BehaviorTreeEngine]: Behavior Tree tick rate 100.00 was exceeded!
[bt_navigator-5] [WARN] [1788853274.227986573] [BehaviorTreeEngine]: Behavior Tree tick rate 100.00 was exceeded!
[bt_navigator-5] [WARN] [1788853274.311266697] [BehaviorTreeEngine]: Behavior Tree tick rate 100.00 was exceeded!
[bt_navigator-5] [WARN] [1788853274.477341655] [BehaviorTreeEngine]: Behavior Tree tick rate 100.00 was exceeded!
[bt_navigator-5] [WARN] [1788853274.626536382] [BehaviorTreeEngine]: Behavior Tree tick rate 100.00 was exceeded!
[bt_navigator-5] [WARN] [1788853274.714774503] [BehaviorTreeEngine]: Behavior Tree tick rate 100.00 was exceeded!
[bt_navigator-5] [WARN] [1788853274.745471683] [BehaviorTreeEngine]: Behavior Tree tick rate 100.00 was exceeded!
[bt_navigator-5] [WARN] [1788853274.777559360] [BehaviorTreeEngine]: Behavior Tree tick rate 100.00 was exceeded!
[bt_navigator-5] [WARN] [1788853274.838411794] [BehaviorTreeEngine]: Behavior Tree tick rate 100.00 was exceeded!
[bt_navigator-5] [WARN] [1788853274.895154936] [BehaviorTreeEngine]: Behavior Tree tick rate 100.00 was exceeded!
[bt_navigator-5] [WARN] [1788853274.991427991] [BehaviorTreeEngine]: Behavior Tree tick rate 100.00 was exceeded!
[behavior_server-4] [INFO] [1788853274.991961035] [robot1.behavior_server]: backup completed successfully
[bt_navigator-5] [WARN] [1788853275.035314351] [BehaviorTreeEngine]: Behavior Tree tick rate 100.00 was exceeded!
[bt_navigator-5] [WARN] [1788853275.088369607] [BehaviorTreeEngine]: Behavior Tree tick rate 100.00 was exceeded!
[bt_navigator-5] [WARN] [1788853275.110550977] [BehaviorTreeEngine]: Behavior Tree tick rate 100.00 was exceeded!
[controller_server-1] [INFO] [1788853275.133511036] [robot1.controller_server]: Passing new path to controller.
[bt_navigator-5] [WARN] [1788853275.136197140] [BehaviorTreeEngine]: Behavior Tree tick rate 100.00 was exceeded!
[bt_navigator-5] [WARN] [1788853275.167832649] [BehaviorTreeEngine]: Behavior Tree tick rate 100.00 was exceeded!
[bt_navigator-5] [WARN] [1788853275.200302672] [BehaviorTreeEngine]: Behavior Tree tick rate 100.00 was exceeded!
[bt_navigator-5] [WARN] [1788853275.225883441] [BehaviorTreeEngine]: Behavior Tree tick rate 100.00 was exceeded!
[bt_navigator-5] [WARN] [1788853275.264319328] [BehaviorTreeEngine]: Behavior Tree tick rate 100.00 was exceeded!
[bt_navigator-5] [WARN] [1788853275.378869808] [BehaviorTreeEngine]: Behavior Tree tick rate 100.00 was exceeded!
[bt_navigator-5] [WARN] [1788853275.425158216] [BehaviorTreeEngine]: Behavior Tree tick rate 100.00 was exceeded!
[bt_navigator-5] [WARN] [1788853275.559809698] [BehaviorTreeEngine]: Behavior Tree tick rate 100.00 was exceeded!
[bt_navigator-5] [WARN] [1788853275.611005233] [BehaviorTreeEngine]: Behavior Tree tick rate 100.00 was exceeded!
[bt_navigator-5] [WARN] [1788853275.893605894] [BehaviorTreeEngine]: Behavior Tree tick rate 100.00 was exceeded!
[bt_navigator-5] [WARN] [1788853276.052580003] [BehaviorTreeEngine]: Behavior Tree tick rate 100.00 was exceeded!
[bt_navigator-5] [WARN] [1788853276.064759802] [BehaviorTreeEngine]: Behavior Tree tick rate 100.00 was exceeded!
[bt_navigator-5] [WARN] [1788853276.084071216] [BehaviorTreeEngine]: Behavior Tree tick rate 100.00 was exceeded!
[controller_server-1] [INFO] [1788853276.183601344] [robot1.controller_server]: Passing new path to controller.
[bt_navigator-5] [WARN] [1788853276.307986432] [BehaviorTreeEngine]: Behavior Tree tick rate 100.00 was exceeded!
[bt_navigator-5] [WARN] [1788853276.324848761] [BehaviorTreeEngine]: Behavior Tree tick rate 100.00 was exceeded!
[bt_navigator-5] [WARN] [1788853276.346882066] [BehaviorTreeEngine]: Behavior Tree tick rate 100.00 was exceeded!
[bt_navigator-5] [WARN] [1788853276.367713330] [BehaviorTreeEngine]: Behavior Tree tick rate 100.00 was exceeded!
[bt_navigator-5] [WARN] [1788853276.548515409] [BehaviorTreeEngine]: Behavior Tree tick rate 100.00 was exceeded!
[bt_navigator-5] [WARN] [1788853276.612454337] [BehaviorTreeEngine]: Behavior Tree tick rate 100.00 was exceeded!
[bt_navigator-5] [WARN] [1788853276.799971069] [BehaviorTreeEngine]: Behavior Tree tick rate 100.00 was exceeded!
[bt_navigator-5] [WARN] [1788853276.850658731] [BehaviorTreeEngine]: Behavior Tree tick rate 100.00 was exceeded!
[controller_server-1] [INFO] [1788853276.872796399] [robot1.local_costmap.local_costmap]: StaticLayer: Resizing static layer to 183 X 337 at 0.050000 m/pix
[bt_navigator-5] [WARN] [1788853276.966524269] [BehaviorTreeEngine]: Behavior Tree tick rate 100.00 was exceeded!
[bt_navigator-5] [WARN] [1788853276.995634698] [BehaviorTreeEngine]: Behavior Tree tick rate 100.00 was exceeded!
[bt_navigator-5] [WARN] [1788853277.093644224] [BehaviorTreeEngine]: Behavior Tree tick rate 100.00 was exceeded!
[controller_server-1] [INFO] [1788853277.183530365] [robot1.controller_server]: Passing new path to controller.
[bt_navigator-5] [WARN] [1788853277.433922574] [BehaviorTreeEngine]: Behavior Tree tick rate 100.00 was exceeded!
[bt_navigator-5] [WARN] [1788853277.585016414] [BehaviorTreeEngine]: Behavior Tree tick rate 100.00 was exceeded!
[bt_navigator-5] [WARN] [1788853277.680191281] [BehaviorTreeEngine]: Behavior Tree tick rate 100.00 was exceeded!
[planner_server-3] [INFO] [1788853277.728846625] [robot1.global_costmap.global_costmap]: StaticLayer: Resizing costmap to 183 X 337 at 0.050000 m/pix
[bt_navigator-5] [WARN] [1788853277.750842289] [BehaviorTreeEngine]: Behavior Tree tick rate 100.00 was exceeded!
[controller_server-1] [INFO] [1788853277.785329536] [robot1.controller_server]: Reached the goal!
[bt_navigator-5] [INFO] [1788853277.820362311] [robot1.bt_navigator]: Goal succeeded
[behavior_server-4] [INFO] [1788853278.658750672] [robot1.behavior_server]: wait completed successfully
[controller_server-1] [INFO] [1788853314.549780244] [robot1.local_costmap.local_costmap]: Message Filter dropping message: frame 'rplidar_link' at time 1788853313.993 for reason 'the timestamp on the message is earlier than all the data in the transform cache'
[bt_navigator-5] [INFO] [1788853367.145898019] [robot1.bt_navigator]: Begin navigating from current location (-0.21, 2.95) to (-0.35, 0.02)
[controller_server-1] [INFO] [1788853367.166302430] [robot1.controller_server]: Received a goal, begin computing control effort.
[bt_navigator-5] [WARN] [1788853367.305574445] [BehaviorTreeEngine]: Behavior Tree tick rate 100.00 was exceeded!
[bt_navigator-5] [WARN] [1788853367.345367819] [BehaviorTreeEngine]: Behavior Tree tick rate 100.00 was exceeded!
[bt_navigator-5] [WARN] [1788853367.345575524] [BehaviorTreeEngine]: Behavior Tree tick rate 100.00 was exceeded!
[bt_navigator-5] [WARN] [1788853367.376539143] [BehaviorTreeEngine]: Behavior Tree tick rate 100.00 was exceeded!
[bt_navigator-5] [WARN] [1788853367.457165888] [BehaviorTreeEngine]: Behavior Tree tick rate 100.00 was exceeded!
[bt_navigator-5] [WARN] [1788853367.578769564] [BehaviorTreeEngine]: Behavior Tree tick rate 100.00 was exceeded!
[bt_navigator-5] [WARN] [1788853367.602665124] [BehaviorTreeEngine]: Behavior Tree tick rate 100.00 was exceeded!
[bt_navigator-5] [WARN] [1788853367.639783620] [BehaviorTreeEngine]: Behavior Tree tick rate 100.00 was exceeded!
[bt_navigator-5] [WARN] [1788853367.705178703] [BehaviorTreeEngine]: Behavior Tree tick rate 100.00 was exceeded!
[bt_navigator-5] [WARN] [1788853367.767290271] [BehaviorTreeEngine]: Behavior Tree tick rate 100.00 was exceeded!
[bt_navigator-5] [WARN] [1788853367.802591238] [BehaviorTreeEngine]: Behavior Tree tick rate 100.00 was exceeded!
[bt_navigator-5] [WARN] [1788853367.841708581] [BehaviorTreeEngine]: Behavior Tree tick rate 100.00 was exceeded!
[bt_navigator-5] [WARN] [1788853367.896581516] [BehaviorTreeEngine]: Behavior Tree tick rate 100.00 was exceeded!
[bt_navigator-5] [WARN] [1788853367.996047865] [BehaviorTreeEngine]: Behavior Tree tick rate 100.00 was exceeded!
[bt_navigator-5] [WARN] [1788853368.193728584] [BehaviorTreeEngine]: Behavior Tree tick rate 100.00 was exceeded!
[bt_navigator-5] [WARN] [1788853368.207045288] [BehaviorTreeEngine]: Behavior Tree tick rate 100.00 was exceeded!
[controller_server-1] [INFO] [1788853368.216520535] [robot1.controller_server]: Passing new path to controller.
[bt_navigator-5] [WARN] [1788853368.241942208] [BehaviorTreeEngine]: Behavior Tree tick rate 100.00 was exceeded!
[bt_navigator-5] [WARN] [1788853368.260877827] [BehaviorTreeEngine]: Behavior Tree tick rate 100.00 was exceeded!
[bt_navigator-5] [WARN] [1788853368.298715843] [BehaviorTreeEngine]: Behavior Tree tick rate 100.00 was exceeded!
[bt_navigator-5] [WARN] [1788853368.349898737] [BehaviorTreeEngine]: Behavior Tree tick rate 100.00 was exceeded!
[bt_navigator-5] [WARN] [1788853368.441230876] [BehaviorTreeEngine]: Behavior Tree tick rate 100.00 was exceeded!
[bt_navigator-5] [WARN] [1788853368.462540698] [BehaviorTreeEngine]: Behavior Tree tick rate 100.00 was exceeded!
[bt_navigator-5] [WARN] [1788853368.506365735] [BehaviorTreeEngine]: Behavior Tree tick rate 100.00 was exceeded!
[bt_navigator-5] [WARN] [1788853368.616879694] [BehaviorTreeEngine]: Behavior Tree tick rate 100.00 was exceeded!
[bt_navigator-5] [WARN] [1788853368.783751131] [BehaviorTreeEngine]: Behavior Tree tick rate 100.00 was exceeded!
[bt_navigator-5] [WARN] [1788853368.814934940] [BehaviorTreeEngine]: Behavior Tree tick rate 100.00 was exceeded!
[bt_navigator-5] [WARN] [1788853368.868759147] [BehaviorTreeEngine]: Behavior Tree tick rate 100.00 was exceeded!
[bt_navigator-5] [WARN] [1788853368.937507750] [BehaviorTreeEngine]: Behavior Tree tick rate 100.00 was exceeded!
[bt_navigator-5] [WARN] [1788853369.035376157] [BehaviorTreeEngine]: Behavior Tree tick rate 100.00 was exceeded!
[bt_navigator-5] [WARN] [1788853369.067588647] [BehaviorTreeEngine]: Behavior Tree tick rate 100.00 was exceeded!
[bt_navigator-5] [WARN] [1788853369.100029773] [BehaviorTreeEngine]: Behavior Tree tick rate 100.00 was exceeded!
[bt_navigator-5] [WARN] [1788853369.146019337] [BehaviorTreeEngine]: Behavior Tree tick rate 100.00 was exceeded!
[bt_navigator-5] [WARN] [1788853369.222884448] [BehaviorTreeEngine]: Behavior Tree tick rate 100.00 was exceeded!
[bt_navigator-5] [WARN] [1788853369.248879215] [BehaviorTreeEngine]: Behavior Tree tick rate 100.00 was exceeded!
[bt_navigator-5] [WARN] [1788853369.248931977] [robot1.bt_navigator_navigate_to_pose_rclcpp_node]: Timed out while waiting for action server to acknowledge goal request for compute_path_to_pose
[planner_server-3] [INFO] [1788853369.249088706] [robot1.global_costmap.global_costmap]: Received request to clear entirely the global_costmap
[bt_navigator-5] [WARN] [1788853369.275180585] [BehaviorTreeEngine]: Behavior Tree tick rate 100.00 was exceeded!
[bt_navigator-5] [WARN] [1788853369.307081041] [BehaviorTreeEngine]: Behavior Tree tick rate 100.00 was exceeded!
[bt_navigator-5] [WARN] [1788853369.331967830] [BehaviorTreeEngine]: Behavior Tree tick rate 100.00 was exceeded!
[bt_navigator-5] [WARN] [1788853369.357829896] [BehaviorTreeEngine]: Behavior Tree tick rate 100.00 was exceeded!
[bt_navigator-5] [WARN] [1788853369.436517045] [BehaviorTreeEngine]: Behavior Tree tick rate 100.00 was exceeded!
[bt_navigator-5] [WARN] [1788853369.490109102] [BehaviorTreeEngine]: Behavior Tree tick rate 100.00 was exceeded!
[bt_navigator-5] [WARN] [1788853369.509807330] [BehaviorTreeEngine]: Behavior Tree tick rate 100.00 was exceeded!
[bt_navigator-5] [WARN] [1788853369.538542194] [BehaviorTreeEngine]: Behavior Tree tick rate 100.00 was exceeded!
[bt_navigator-5] [WARN] [1788853369.629504170] [BehaviorTreeEngine]: Behavior Tree tick rate 100.00 was exceeded!
[bt_navigator-5] [WARN] [1788853369.683620173] [BehaviorTreeEngine]: Behavior Tree tick rate 100.00 was exceeded!
[bt_navigator-5] [WARN] [1788853369.734953377] [BehaviorTreeEngine]: Behavior Tree tick rate 100.00 was exceeded!
[planner_server-3] [WARN] [1788853369.740122491] [robot1.planner_server]: Planner loop missed its desired rate of 20.0000 Hz. Current loop rate is 2.0390 Hz
[bt_navigator-5] [WARN] [1788853369.784793130] [BehaviorTreeEngine]: Behavior Tree tick rate 100.00 was exceeded!
[bt_navigator-5] [WARN] [1788853369.785619397] [BehaviorTreeEngine]: Behavior Tree tick rate 100.00 was exceeded!
[controller_server-1] [INFO] [1788853369.816514607] [robot1.controller_server]: Passing new path to controller.
[bt_navigator-5] [WARN] [1788853369.850637053] [BehaviorTreeEngine]: Behavior Tree tick rate 100.00 was exceeded!
[bt_navigator-5] [WARN] [1788853369.977820701] [BehaviorTreeEngine]: Behavior Tree tick rate 100.00 was exceeded!
[bt_navigator-5] [WARN] [1788853370.010076043] [BehaviorTreeEngine]: Behavior Tree tick rate 100.00 was exceeded!
[bt_navigator-5] [WARN] [1788853370.090793228] [BehaviorTreeEngine]: Behavior Tree tick rate 100.00 was exceeded!
[bt_navigator-5] [WARN] [1788853370.162225469] [BehaviorTreeEngine]: Behavior Tree tick rate 100.00 was exceeded!
[bt_navigator-5] [WARN] [1788853370.202314606] [BehaviorTreeEngine]: Behavior Tree tick rate 100.00 was exceeded!
[bt_navigator-5] [WARN] [1788853370.265472762] [BehaviorTreeEngine]: Behavior Tree tick rate 100.00 was exceeded!
[bt_navigator-5] [WARN] [1788853370.396702701] [BehaviorTreeEngine]: Behavior Tree tick rate 100.00 was exceeded!
[bt_navigator-5] [WARN] [1788853370.481200835] [BehaviorTreeEngine]: Behavior Tree tick rate 100.00 was exceeded!
[bt_navigator-5] [WARN] [1788853370.584608702] [BehaviorTreeEngine]: Behavior Tree tick rate 100.00 was exceeded!
[bt_navigator-5] [WARN] [1788853370.649553402] [BehaviorTreeEngine]: Behavior Tree tick rate 100.00 was exceeded!
[bt_navigator-5] [WARN] [1788853370.676043707] [BehaviorTreeEngine]: Behavior Tree tick rate 100.00 was exceeded!
[bt_navigator-5] [WARN] [1788853370.711428210] [BehaviorTreeEngine]: Behavior Tree tick rate 100.00 was exceeded!
[bt_navigator-5] [WARN] [1788853370.754375978] [BehaviorTreeEngine]: Behavior Tree tick rate 100.00 was exceeded!
[bt_navigator-5] [WARN] [1788853370.772344348] [BehaviorTreeEngine]: Behavior Tree tick rate 100.00 was exceeded!
[controller_server-1] [INFO] [1788853370.816516053] [robot1.controller_server]: Passing new path to controller.
[bt_navigator-5] [WARN] [1788853370.823842447] [BehaviorTreeEngine]: Behavior Tree tick rate 100.00 was exceeded!
[bt_navigator-5] [WARN] [1788853370.955113546] [BehaviorTreeEngine]: Behavior Tree tick rate 100.00 was exceeded!
[bt_navigator-5] [WARN] [1788853371.186096699] [BehaviorTreeEngine]: Behavior Tree tick rate 100.00 was exceeded!
[bt_navigator-5] [WARN] [1788853371.297160744] [BehaviorTreeEngine]: Behavior Tree tick rate 100.00 was exceeded!
[bt_navigator-5] [WARN] [1788853371.331306395] [BehaviorTreeEngine]: Behavior Tree tick rate 100.00 was exceeded!
[bt_navigator-5] [WARN] [1788853371.418654529] [BehaviorTreeEngine]: Behavior Tree tick rate 100.00 was exceeded!
[bt_navigator-5] [WARN] [1788853371.436127686] [BehaviorTreeEngine]: Behavior Tree tick rate 100.00 was exceeded!
[bt_navigator-5] [WARN] [1788853371.689289438] [BehaviorTreeEngine]: Behavior Tree tick rate 100.00 was exceeded!
[bt_navigator-5] [WARN] [1788853371.838658555] [BehaviorTreeEngine]: Behavior Tree tick rate 100.00 was exceeded!
[controller_server-1] [INFO] [1788853371.866489966] [robot1.controller_server]: Passing new path to controller.
[bt_navigator-5] [WARN] [1788853372.207407264] [BehaviorTreeEngine]: Behavior Tree tick rate 100.00 was exceeded!
[bt_navigator-5] [WARN] [1788853372.256812140] [BehaviorTreeEngine]: Behavior Tree tick rate 100.00 was exceeded!
[bt_navigator-5] [WARN] [1788853372.350430498] [BehaviorTreeEngine]: Behavior Tree tick rate 100.00 was exceeded!
[bt_navigator-5] [WARN] [1788853372.410909410] [BehaviorTreeEngine]: Behavior Tree tick rate 100.00 was exceeded!
[bt_navigator-5] [WARN] [1788853372.571866508] [BehaviorTreeEngine]: Behavior Tree tick rate 100.00 was exceeded!
[bt_navigator-5] [WARN] [1788853372.722427978] [BehaviorTreeEngine]: Behavior Tree tick rate 100.00 was exceeded!
[controller_server-1] [INFO] [1788853372.866490065] [robot1.controller_server]: Passing new path to controller.
[bt_navigator-5] [WARN] [1788853372.897039270] [BehaviorTreeEngine]: Behavior Tree tick rate 100.00 was exceeded!
[bt_navigator-5] [WARN] [1788853372.916793003] [BehaviorTreeEngine]: Behavior Tree tick rate 100.00 was exceeded!
[bt_navigator-5] [WARN] [1788853373.054167567] [BehaviorTreeEngine]: Behavior Tree tick rate 100.00 was exceeded!
[bt_navigator-5] [WARN] [1788853373.236468131] [BehaviorTreeEngine]: Behavior Tree tick rate 100.00 was exceeded!
[bt_navigator-5] [WARN] [1788853373.355600111] [BehaviorTreeEngine]: Behavior Tree tick rate 100.00 was exceeded!
[bt_navigator-5] [WARN] [1788853373.408474357] [BehaviorTreeEngine]: Behavior Tree tick rate 100.00 was exceeded!
[bt_navigator-5] [WARN] [1788853373.447985431] [BehaviorTreeEngine]: Behavior Tree tick rate 100.00 was exceeded!
[bt_navigator-5] [WARN] [1788853373.572162350] [BehaviorTreeEngine]: Behavior Tree tick rate 100.00 was exceeded!
[bt_navigator-5] [WARN] [1788853373.600535318] [BehaviorTreeEngine]: Behavior Tree tick rate 100.00 was exceeded!
[bt_navigator-5] [WARN] [1788853373.634686699] [BehaviorTreeEngine]: Behavior Tree tick rate 100.00 was exceeded!
[bt_navigator-5] [WARN] [1788853373.667932878] [BehaviorTreeEngine]: Behavior Tree tick rate 100.00 was exceeded!
[bt_navigator-5] [WARN] [1788853373.704870433] [BehaviorTreeEngine]: Behavior Tree tick rate 100.00 was exceeded!
[bt_navigator-5] [WARN] [1788853373.790869996] [BehaviorTreeEngine]: Behavior Tree tick rate 100.00 was exceeded!
[bt_navigator-5] [WARN] [1788853373.846916278] [BehaviorTreeEngine]: Behavior Tree tick rate 100.00 was exceeded!
[controller_server-1] [INFO] [1788853373.866525600] [robot1.controller_server]: Passing new path to controller.
[bt_navigator-5] [WARN] [1788853374.116919994] [BehaviorTreeEngine]: Behavior Tree tick rate 100.00 was exceeded!
[bt_navigator-5] [WARN] [1788853374.137841064] [BehaviorTreeEngine]: Behavior Tree tick rate 100.00 was exceeded!
[bt_navigator-5] [WARN] [1788853374.174752868] [BehaviorTreeEngine]: Behavior Tree tick rate 100.00 was exceeded!
[bt_navigator-5] [WARN] [1788853374.246539808] [BehaviorTreeEngine]: Behavior Tree tick rate 100.00 was exceeded!
[bt_navigator-5] [WARN] [1788853374.425578809] [BehaviorTreeEngine]: Behavior Tree tick rate 100.00 was exceeded!
[bt_navigator-5] [WARN] [1788853374.576451009] [BehaviorTreeEngine]: Behavior Tree tick rate 100.00 was exceeded!
[bt_navigator-5] [WARN] [1788853374.786661773] [BehaviorTreeEngine]: Behavior Tree tick rate 100.00 was exceeded!
[bt_navigator-5] [WARN] [1788853374.907977126] [BehaviorTreeEngine]: Behavior Tree tick rate 100.00 was exceeded!
[controller_server-1] [INFO] [1788853374.916519683] [robot1.controller_server]: Passing new path to controller.
[bt_navigator-5] [WARN] [1788853374.949868050] [BehaviorTreeEngine]: Behavior Tree tick rate 100.00 was exceeded!
[bt_navigator-5] [WARN] [1788853374.989291568] [BehaviorTreeEngine]: Behavior Tree tick rate 100.00 was exceeded!
[bt_navigator-5] [WARN] [1788853375.021332423] [BehaviorTreeEngine]: Behavior Tree tick rate 100.00 was exceeded!
[bt_navigator-5] [WARN] [1788853375.308967314] [BehaviorTreeEngine]: Behavior Tree tick rate 100.00 was exceeded!
[bt_navigator-5] [WARN] [1788853375.321817856] [BehaviorTreeEngine]: Behavior Tree tick rate 100.00 was exceeded!
[bt_navigator-5] [WARN] [1788853375.354993429] [BehaviorTreeEngine]: Behavior Tree tick rate 100.00 was exceeded!
[bt_navigator-5] [WARN] [1788853375.476311542] [BehaviorTreeEngine]: Behavior Tree tick rate 100.00 was exceeded!
[bt_navigator-5] [WARN] [1788853375.694099355] [BehaviorTreeEngine]: Behavior Tree tick rate 100.00 was exceeded!
[bt_navigator-5] [WARN] [1788853375.727612203] [BehaviorTreeEngine]: Behavior Tree tick rate 100.00 was exceeded!
[bt_navigator-5] [WARN] [1788853375.756747850] [BehaviorTreeEngine]: Behavior Tree tick rate 100.00 was exceeded!
[bt_navigator-5] [WARN] [1788853375.789172772] [BehaviorTreeEngine]: Behavior Tree tick rate 100.00 was exceeded!
[bt_navigator-5] [WARN] [1788853375.850151621] [BehaviorTreeEngine]: Behavior Tree tick rate 100.00 was exceeded!
[bt_navigator-5] [WARN] [1788853375.882821346] [BehaviorTreeEngine]: Behavior Tree tick rate 100.00 was exceeded!
[controller_server-1] [INFO] [1788853375.966513423] [robot1.controller_server]: Passing new path to controller.
[bt_navigator-5] [WARN] [1788853375.975447520] [BehaviorTreeEngine]: Behavior Tree tick rate 100.00 was exceeded!
[bt_navigator-5] [WARN] [1788853375.992864760] [BehaviorTreeEngine]: Behavior Tree tick rate 100.00 was exceeded!
[bt_navigator-5] [WARN] [1788853376.203309644] [BehaviorTreeEngine]: Behavior Tree tick rate 100.00 was exceeded!
[bt_navigator-5] [WARN] [1788853376.224944700] [BehaviorTreeEngine]: Behavior Tree tick rate 100.00 was exceeded!
[bt_navigator-5] [WARN] [1788853376.285958587] [BehaviorTreeEngine]: Behavior Tree tick rate 100.00 was exceeded!
[bt_navigator-5] [WARN] [1788853376.305478267] [BehaviorTreeEngine]: Behavior Tree tick rate 100.00 was exceeded!
[bt_navigator-5] [WARN] [1788853376.333112512] [BehaviorTreeEngine]: Behavior Tree tick rate 100.00 was exceeded!
[bt_navigator-5] [WARN] [1788853376.433658393] [BehaviorTreeEngine]: Behavior Tree tick rate 100.00 was exceeded!
[bt_navigator-5] [WARN] [1788853376.554752321] [BehaviorTreeEngine]: Behavior Tree tick rate 100.00 was exceeded!
[bt_navigator-5] [WARN] [1788853376.598901803] [BehaviorTreeEngine]: Behavior Tree tick rate 100.00 was exceeded!
[bt_navigator-5] [WARN] [1788853376.655821179] [BehaviorTreeEngine]: Behavior Tree tick rate 100.00 was exceeded!
[bt_navigator-5] [WARN] [1788853376.698464864] [BehaviorTreeEngine]: Behavior Tree tick rate 100.00 was exceeded!
[bt_navigator-5] [WARN] [1788853376.838224773] [BehaviorTreeEngine]: Behavior Tree tick rate 100.00 was exceeded!
[bt_navigator-5] [WARN] [1788853376.894781587] [BehaviorTreeEngine]: Behavior Tree tick rate 100.00 was exceeded!
[controller_server-1] [INFO] [1788853376.966493060] [robot1.controller_server]: Passing new path to controller.
[bt_navigator-5] [WARN] [1788853377.164864141] [BehaviorTreeEngine]: Behavior Tree tick rate 100.00 was exceeded!
[bt_navigator-5] [WARN] [1788853377.207884162] [BehaviorTreeEngine]: Behavior Tree tick rate 100.00 was exceeded!
[bt_navigator-5] [WARN] [1788853377.233677702] [BehaviorTreeEngine]: Behavior Tree tick rate 100.00 was exceeded!
[bt_navigator-5] [WARN] [1788853377.314917390] [BehaviorTreeEngine]: Behavior Tree tick rate 100.00 was exceeded!
[bt_navigator-5] [WARN] [1788853377.334870556] [BehaviorTreeEngine]: Behavior Tree tick rate 100.00 was exceeded!
[bt_navigator-5] [WARN] [1788853377.752705641] [BehaviorTreeEngine]: Behavior Tree tick rate 100.00 was exceeded!
[bt_navigator-5] [WARN] [1788853377.767007346] [BehaviorTreeEngine]: Behavior Tree tick rate 100.00 was exceeded!
[bt_navigator-5] [WARN] [1788853377.820558536] [BehaviorTreeEngine]: Behavior Tree tick rate 100.00 was exceeded!
[bt_navigator-5] [WARN] [1788853377.851577663] [BehaviorTreeEngine]: Behavior Tree tick rate 100.00 was exceeded!
[controller_server-1] [INFO] [1788853378.016512535] [robot1.controller_server]: Passing new path to controller.
[bt_navigator-5] [WARN] [1788853378.082164014] [BehaviorTreeEngine]: Behavior Tree tick rate 100.00 was exceeded!
[bt_navigator-5] [WARN] [1788853378.125695710] [BehaviorTreeEngine]: Behavior Tree tick rate 100.00 was exceeded!
[bt_navigator-5] [WARN] [1788853378.201977317] [BehaviorTreeEngine]: Behavior Tree tick rate 100.00 was exceeded!
[bt_navigator-5] [WARN] [1788853378.286871201] [BehaviorTreeEngine]: Behavior Tree tick rate 100.00 was exceeded!
[bt_navigator-5] [WARN] [1788853378.302576478] [BehaviorTreeEngine]: Behavior Tree tick rate 100.00 was exceeded!
[bt_navigator-5] [WARN] [1788853378.331846620] [BehaviorTreeEngine]: Behavior Tree tick rate 100.00 was exceeded!
[bt_navigator-5] [WARN] [1788853378.438780646] [BehaviorTreeEngine]: Behavior Tree tick rate 100.00 was exceeded!
[bt_navigator-5] [WARN] [1788853378.550522050] [BehaviorTreeEngine]: Behavior Tree tick rate 100.00 was exceeded!
[bt_navigator-5] [WARN] [1788853378.687249580] [BehaviorTreeEngine]: Behavior Tree tick rate 100.00 was exceeded!
[bt_navigator-5] [WARN] [1788853378.760926637] [BehaviorTreeEngine]: Behavior Tree tick rate 100.00 was exceeded!
[bt_navigator-5] [WARN] [1788853378.810872335] [BehaviorTreeEngine]: Behavior Tree tick rate 100.00 was exceeded!
[bt_navigator-5] [WARN] [1788853378.855384026] [BehaviorTreeEngine]: Behavior Tree tick rate 100.00 was exceeded!
[bt_navigator-5] [WARN] [1788853378.906675239] [BehaviorTreeEngine]: Behavior Tree tick rate 100.00 was exceeded!
[bt_navigator-5] [WARN] [1788853378.999261148] [BehaviorTreeEngine]: Behavior Tree tick rate 100.00 was exceeded!
[controller_server-1] [INFO] [1788853379.016520890] [robot1.controller_server]: Passing new path to controller.
[bt_navigator-5] [WARN] [1788853379.289907852] [BehaviorTreeEngine]: Behavior Tree tick rate 100.00 was exceeded!
[bt_navigator-5] [WARN] [1788853379.346905141] [BehaviorTreeEngine]: Behavior Tree tick rate 100.00 was exceeded!
[bt_navigator-5] [WARN] [1788853379.475945581] [BehaviorTreeEngine]: Behavior Tree tick rate 100.00 was exceeded!
[bt_navigator-5] [WARN] [1788853379.583876786] [BehaviorTreeEngine]: Behavior Tree tick rate 100.00 was exceeded!
[bt_navigator-5] [WARN] [1788853379.637477605] [BehaviorTreeEngine]: Behavior Tree tick rate 100.00 was exceeded!
[bt_navigator-5] [WARN] [1788853379.801772565] [BehaviorTreeEngine]: Behavior Tree tick rate 100.00 was exceeded!
[bt_navigator-5] [WARN] [1788853380.010689910] [BehaviorTreeEngine]: Behavior Tree tick rate 100.00 was exceeded!
[bt_navigator-5] [WARN] [1788853380.053779365] [BehaviorTreeEngine]: Behavior Tree tick rate 100.00 was exceeded!
[bt_navigator-5] [WARN] [1788853380.058862093] [robot1.bt_navigator_navigate_to_pose_rclcpp_node]: Timed out while waiting for action server to acknowledge goal request for follow_path
[controller_server-1] [INFO] [1788853380.064781224] [robot1.local_costmap.local_costmap]: Received request to clear entirely the local_costmap
[controller_server-1] [WARN] [1788853380.065311081] [robot1.controller_server]: [follow_path] [ActionServer] Aborting handle.
[bt_navigator-5] [WARN] [1788853380.065404783] [BehaviorTreeEngine]: Behavior Tree tick rate 100.00 was exceeded!
[controller_server-1] [INFO] [1788853380.076569880] [robot1.controller_server]: Passing new path to controller.
[bt_navigator-5] [WARN] [1788853380.191327353] [BehaviorTreeEngine]: Behavior Tree tick rate 100.00 was exceeded!
[bt_navigator-5] [WARN] [1788853380.300704573] [BehaviorTreeEngine]: Behavior Tree tick rate 100.00 was exceeded!
[bt_navigator-5] [WARN] [1788853380.400589027] [BehaviorTreeEngine]: Behavior Tree tick rate 100.00 was exceeded!
[bt_navigator-5] [WARN] [1788853380.524894062] [BehaviorTreeEngine]: Behavior Tree tick rate 100.00 was exceeded!
[bt_navigator-5] [WARN] [1788853380.598723305] [BehaviorTreeEngine]: Behavior Tree tick rate 100.00 was exceeded!
[bt_navigator-5] [WARN] [1788853380.690183596] [BehaviorTreeEngine]: Behavior Tree tick rate 100.00 was exceeded!
[bt_navigator-5] [WARN] [1788853380.711847939] [BehaviorTreeEngine]: Behavior Tree tick rate 100.00 was exceeded!
[bt_navigator-5] [WARN] [1788853380.786694668] [BehaviorTreeEngine]: Behavior Tree tick rate 100.00 was exceeded!
[bt_navigator-5] [WARN] [1788853380.845013006] [BehaviorTreeEngine]: Behavior Tree tick rate 100.00 was exceeded!
[bt_navigator-5] [WARN] [1788853380.898023458] [BehaviorTreeEngine]: Behavior Tree tick rate 100.00 was exceeded!
[bt_navigator-5] [WARN] [1788853380.945434782] [BehaviorTreeEngine]: Behavior Tree tick rate 100.00 was exceeded!
[bt_navigator-5] [WARN] [1788853381.013909960] [BehaviorTreeEngine]: Behavior Tree tick rate 100.00 was exceeded!
[bt_navigator-5] [WARN] [1788853381.063645147] [BehaviorTreeEngine]: Behavior Tree tick rate 100.00 was exceeded!
[bt_navigator-5] [WARN] [1788853381.064237014] [BehaviorTreeEngine]: Behavior Tree tick rate 100.00 was exceeded!
[controller_server-1] [INFO] [1788853381.066491969] [robot1.controller_server]: Passing new path to controller.
[bt_navigator-5] [WARN] [1788853381.102742232] [BehaviorTreeEngine]: Behavior Tree tick rate 100.00 was exceeded!
[bt_navigator-5] [WARN] [1788853381.133310796] [BehaviorTreeEngine]: Behavior Tree tick rate 100.00 was exceeded!
[bt_navigator-5] [WARN] [1788853381.167705060] [BehaviorTreeEngine]: Behavior Tree tick rate 100.00 was exceeded!
[bt_navigator-5] [WARN] [1788853381.202844841] [BehaviorTreeEngine]: Behavior Tree tick rate 100.00 was exceeded!
[bt_navigator-5] [WARN] [1788853381.257308216] [BehaviorTreeEngine]: Behavior Tree tick rate 100.00 was exceeded!
[bt_navigator-5] [WARN] [1788853381.304634776] [BehaviorTreeEngine]: Behavior Tree tick rate 100.00 was exceeded!
[bt_navigator-5] [WARN] [1788853381.367649311] [BehaviorTreeEngine]: Behavior Tree tick rate 100.00 was exceeded!
[bt_navigator-5] [WARN] [1788853381.431997263] [BehaviorTreeEngine]: Behavior Tree tick rate 100.00 was exceeded!
[bt_navigator-5] [WARN] [1788853381.455064032] [BehaviorTreeEngine]: Behavior Tree tick rate 100.00 was exceeded!
[bt_navigator-5] [WARN] [1788853381.505400598] [BehaviorTreeEngine]: Behavior Tree tick rate 100.00 was exceeded!
[controller_server-1] [INFO] [1788853381.518265517] [robot1.controller_server]: Reached the goal!
[bt_navigator-5] [INFO] [1788853381.554847546] [robot1.bt_navigator]: Goal succeeded
[controller_server-1] [INFO] [1788853454.034922148] [robot1.local_costmap.local_costmap]: Message Filter dropping message: frame 'rplidar_link' at time 1788853453.446 for reason 'the timestamp on the message is earlier than all the data in the transform cache'
[planner_server-3] [INFO] [1788853454.034927596] [robot1.global_costmap.global_costmap]: Message Filter dropping message: frame 'rplidar_link' at time 1788853453.446 for reason 'the timestamp on the message is earlier than all the data in the transform cache'
[bt_navigator-5] [INFO] [1788853612.173532452] [robot1.bt_navigator]: Begin navigating from current location (-0.32, 0.24) to (-2.09, 5.95)
[bt_navigator-5] [WARN] [1788853612.222737862] [BehaviorTreeEngine]: Behavior Tree tick rate 100.00 was exceeded!
[controller_server-1] [INFO] [1788853612.246854789] [robot1.controller_server]: Received a goal, begin computing control effort.
[bt_navigator-5] [WARN] [1788853612.265894864] [BehaviorTreeEngine]: Behavior Tree tick rate 100.00 was exceeded!
[bt_navigator-5] [WARN] [1788853612.340046981] [BehaviorTreeEngine]: Behavior Tree tick rate 100.00 was exceeded!
[bt_navigator-5] [WARN] [1788853612.490306718] [BehaviorTreeEngine]: Behavior Tree tick rate 100.00 was exceeded!
[bt_navigator-5] [WARN] [1788853612.540151193] [BehaviorTreeEngine]: Behavior Tree tick rate 100.00 was exceeded!
[bt_navigator-5] [WARN] [1788853612.642825880] [BehaviorTreeEngine]: Behavior Tree tick rate 100.00 was exceeded!
[bt_navigator-5] [WARN] [1788853612.691610184] [BehaviorTreeEngine]: Behavior Tree tick rate 100.00 was exceeded!
[bt_navigator-5] [WARN] [1788853612.761856099] [BehaviorTreeEngine]: Behavior Tree tick rate 100.00 was exceeded!
[bt_navigator-5] [WARN] [1788853612.842242614] [BehaviorTreeEngine]: Behavior Tree tick rate 100.00 was exceeded!
[bt_navigator-5] [WARN] [1788853612.938467847] [BehaviorTreeEngine]: Behavior Tree tick rate 100.00 was exceeded!
[bt_navigator-5] [WARN] [1788853613.233243649] [BehaviorTreeEngine]: Behavior Tree tick rate 100.00 was exceeded!
[controller_server-1] [INFO] [1788853613.297079369] [robot1.controller_server]: Passing new path to controller.
[bt_navigator-5] [WARN] [1788853613.476297396] [BehaviorTreeEngine]: Behavior Tree tick rate 100.00 was exceeded!
[bt_navigator-5] [WARN] [1788853613.563798432] [BehaviorTreeEngine]: Behavior Tree tick rate 100.00 was exceeded!
[bt_navigator-5] [WARN] [1788853613.750553906] [BehaviorTreeEngine]: Behavior Tree tick rate 100.00 was exceeded!
[bt_navigator-5] [WARN] [1788853613.793416196] [BehaviorTreeEngine]: Behavior Tree tick rate 100.00 was exceeded!
[bt_navigator-5] [WARN] [1788853613.866042704] [BehaviorTreeEngine]: Behavior Tree tick rate 100.00 was exceeded!
[bt_navigator-5] [WARN] [1788853614.096675047] [BehaviorTreeEngine]: Behavior Tree tick rate 100.00 was exceeded!
[bt_navigator-5] [WARN] [1788853614.124338636] [BehaviorTreeEngine]: Behavior Tree tick rate 100.00 was exceeded!
[bt_navigator-5] [WARN] [1788853614.305761191] [BehaviorTreeEngine]: Behavior Tree tick rate 100.00 was exceeded!
[bt_navigator-5] [WARN] [1788853614.369892869] [BehaviorTreeEngine]: Behavior Tree tick rate 100.00 was exceeded!
[bt_navigator-5] [WARN] [1788853614.369919728] [robot1.bt_navigator_navigate_to_pose_rclcpp_node]: Timed out while waiting for action server to acknowledge goal request for follow_path
[controller_server-1] [INFO] [1788853614.369999013] [robot1.local_costmap.local_costmap]: Received request to clear entirely the local_costmap
[controller_server-1] [WARN] [1788853614.370962051] [robot1.controller_server]: [follow_path] [ActionServer] Aborting handle.
[bt_navigator-5] [WARN] [1788853614.473844393] [BehaviorTreeEngine]: Behavior Tree tick rate 100.00 was exceeded!
[controller_server-1] [INFO] [1788853614.477138404] [robot1.controller_server]: Passing new path to controller.
[controller_server-1] [WARN] [1788853614.478622093] [robot1.controller_server]: Control loop missed its desired rate of 20.0000Hz
[bt_navigator-5] [WARN] [1788853614.547493686] [BehaviorTreeEngine]: Behavior Tree tick rate 100.00 was exceeded!
[bt_navigator-5] [WARN] [1788853614.758320959] [BehaviorTreeEngine]: Behavior Tree tick rate 100.00 was exceeded!
[bt_navigator-5] [WARN] [1788853614.791115278] [BehaviorTreeEngine]: Behavior Tree tick rate 100.00 was exceeded!
[bt_navigator-5] [WARN] [1788853614.836045198] [BehaviorTreeEngine]: Behavior Tree tick rate 100.00 was exceeded!
[bt_navigator-5] [WARN] [1788853614.939106652] [BehaviorTreeEngine]: Behavior Tree tick rate 100.00 was exceeded!
[bt_navigator-5] [WARN] [1788853614.990696896] [BehaviorTreeEngine]: Behavior Tree tick rate 100.00 was exceeded!
[bt_navigator-5] [WARN] [1788853615.043878950] [BehaviorTreeEngine]: Behavior Tree tick rate 100.00 was exceeded!
[bt_navigator-5] [WARN] [1788853615.075748942] [BehaviorTreeEngine]: Behavior Tree tick rate 100.00 was exceeded!
[bt_navigator-5] [WARN] [1788853615.236305302] [BehaviorTreeEngine]: Behavior Tree tick rate 100.00 was exceeded!
[bt_navigator-5] [WARN] [1788853615.387104025] [BehaviorTreeEngine]: Behavior Tree tick rate 100.00 was exceeded!
[controller_server-1] [INFO] [1788853615.397066203] [robot1.controller_server]: Passing new path to controller.
[bt_navigator-5] [WARN] [1788853615.600849048] [BehaviorTreeEngine]: Behavior Tree tick rate 100.00 was exceeded!
[bt_navigator-5] [WARN] [1788853615.660995422] [BehaviorTreeEngine]: Behavior Tree tick rate 100.00 was exceeded!
[bt_navigator-5] [WARN] [1788853615.815526889] [BehaviorTreeEngine]: Behavior Tree tick rate 100.00 was exceeded!
[bt_navigator-5] [WARN] [1788853615.832857310] [BehaviorTreeEngine]: Behavior Tree tick rate 100.00 was exceeded!
[bt_navigator-5] [WARN] [1788853615.879559795] [BehaviorTreeEngine]: Behavior Tree tick rate 100.00 was exceeded!
[bt_navigator-5] [WARN] [1788853615.945626047] [BehaviorTreeEngine]: Behavior Tree tick rate 100.00 was exceeded!
[bt_navigator-5] [WARN] [1788853616.013525337] [BehaviorTreeEngine]: Behavior Tree tick rate 100.00 was exceeded!
[bt_navigator-5] [WARN] [1788853616.176195951] [BehaviorTreeEngine]: Behavior Tree tick rate 100.00 was exceeded!
[bt_navigator-5] [WARN] [1788853616.351343419] [BehaviorTreeEngine]: Behavior Tree tick rate 100.00 was exceeded!
[bt_navigator-5] [WARN] [1788853616.376192427] [BehaviorTreeEngine]: Behavior Tree tick rate 100.00 was exceeded!
[bt_navigator-5] [WARN] [1788853616.392568707] [BehaviorTreeEngine]: Behavior Tree tick rate 100.00 was exceeded!
[controller_server-1] [INFO] [1788853616.397059265] [robot1.controller_server]: Passing new path to controller.
[bt_navigator-5] [WARN] [1788853616.450427648] [BehaviorTreeEngine]: Behavior Tree tick rate 100.00 was exceeded!
[bt_navigator-5] [WARN] [1788853616.492529002] [BehaviorTreeEngine]: Behavior Tree tick rate 100.00 was exceeded!
[bt_navigator-5] [WARN] [1788853616.524976685] [BehaviorTreeEngine]: Behavior Tree tick rate 100.00 was exceeded!
[bt_navigator-5] [WARN] [1788853616.543636733] [BehaviorTreeEngine]: Behavior Tree tick rate 100.00 was exceeded!
[bt_navigator-5] [WARN] [1788853616.565207611] [BehaviorTreeEngine]: Behavior Tree tick rate 100.00 was exceeded!
[bt_navigator-5] [WARN] [1788853616.647268792] [BehaviorTreeEngine]: Behavior Tree tick rate 100.00 was exceeded!
[bt_navigator-5] [WARN] [1788853616.840800580] [BehaviorTreeEngine]: Behavior Tree tick rate 100.00 was exceeded!
[bt_navigator-5] [WARN] [1788853616.887792351] [BehaviorTreeEngine]: Behavior Tree tick rate 100.00 was exceeded!
[bt_navigator-5] [WARN] [1788853616.915588220] [BehaviorTreeEngine]: Behavior Tree tick rate 100.00 was exceeded!
[bt_navigator-5] [WARN] [1788853617.191481564] [BehaviorTreeEngine]: Behavior Tree tick rate 100.00 was exceeded!
[bt_navigator-5] [WARN] [1788853617.213222999] [BehaviorTreeEngine]: Behavior Tree tick rate 100.00 was exceeded!
[bt_navigator-5] [WARN] [1788853617.236090558] [BehaviorTreeEngine]: Behavior Tree tick rate 100.00 was exceeded!
[bt_navigator-5] [WARN] [1788853617.383467908] [BehaviorTreeEngine]: Behavior Tree tick rate 100.00 was exceeded!
[controller_server-1] [INFO] [1788853617.447093707] [robot1.controller_server]: Passing new path to controller.
[bt_navigator-5] [WARN] [1788853617.721648688] [BehaviorTreeEngine]: Behavior Tree tick rate 100.00 was exceeded!
[bt_navigator-5] [WARN] [1788853617.782114191] [BehaviorTreeEngine]: Behavior Tree tick rate 100.00 was exceeded!
[bt_navigator-5] [WARN] [1788853617.845241197] [BehaviorTreeEngine]: Behavior Tree tick rate 100.00 was exceeded!
[bt_navigator-5] [WARN] [1788853617.951971590] [BehaviorTreeEngine]: Behavior Tree tick rate 100.00 was exceeded!
[bt_navigator-5] [WARN] [1788853618.203461648] [BehaviorTreeEngine]: Behavior Tree tick rate 100.00 was exceeded!
[controller_server-1] [INFO] [1788853618.447058244] [robot1.controller_server]: Passing new path to controller.
[bt_navigator-5] [WARN] [1788853618.714184974] [BehaviorTreeEngine]: Behavior Tree tick rate 100.00 was exceeded!
[bt_navigator-5] [WARN] [1788853618.868785539] [BehaviorTreeEngine]: Behavior Tree tick rate 100.00 was exceeded!
[bt_navigator-5] [WARN] [1788853618.936025095] [BehaviorTreeEngine]: Behavior Tree tick rate 100.00 was exceeded!
[bt_navigator-5] [WARN] [1788853619.010799340] [BehaviorTreeEngine]: Behavior Tree tick rate 100.00 was exceeded!
[bt_navigator-5] [WARN] [1788853619.332413815] [BehaviorTreeEngine]: Behavior Tree tick rate 100.00 was exceeded!
[bt_navigator-5] [WARN] [1788853619.406411805] [BehaviorTreeEngine]: Behavior Tree tick rate 100.00 was exceeded!
[controller_server-1] [INFO] [1788853619.497077410] [robot1.controller_server]: Passing new path to controller.
[bt_navigator-5] [WARN] [1788853619.554271365] [BehaviorTreeEngine]: Behavior Tree tick rate 100.00 was exceeded!
[bt_navigator-5] [WARN] [1788853619.716930035] [BehaviorTreeEngine]: Behavior Tree tick rate 100.00 was exceeded!
[bt_navigator-5] [WARN] [1788853619.736847769] [BehaviorTreeEngine]: Behavior Tree tick rate 100.00 was exceeded!
[bt_navigator-5] [WARN] [1788853619.825806448] [BehaviorTreeEngine]: Behavior Tree tick rate 100.00 was exceeded!
[bt_navigator-5] [WARN] [1788853619.866374945] [BehaviorTreeEngine]: Behavior Tree tick rate 100.00 was exceeded!
[bt_navigator-5] [WARN] [1788853619.887830611] [BehaviorTreeEngine]: Behavior Tree tick rate 100.00 was exceeded!
[bt_navigator-5] [WARN] [1788853620.024953535] [BehaviorTreeEngine]: Behavior Tree tick rate 100.00 was exceeded!
[bt_navigator-5] [WARN] [1788853620.058233435] [BehaviorTreeEngine]: Behavior Tree tick rate 100.00 was exceeded!
[bt_navigator-5] [WARN] [1788853620.085079292] [BehaviorTreeEngine]: Behavior Tree tick rate 100.00 was exceeded!
[bt_navigator-5] [WARN] [1788853620.188495495] [BehaviorTreeEngine]: Behavior Tree tick rate 100.00 was exceeded!
[bt_navigator-5] [WARN] [1788853620.317025243] [BehaviorTreeEngine]: Behavior Tree tick rate 100.00 was exceeded!
[bt_navigator-5] [WARN] [1788853620.451299501] [BehaviorTreeEngine]: Behavior Tree tick rate 100.00 was exceeded!
[controller_server-1] [INFO] [1788853620.497084479] [robot1.controller_server]: Passing new path to controller.
[bt_navigator-5] [WARN] [1788853620.622475583] [BehaviorTreeEngine]: Behavior Tree tick rate 100.00 was exceeded!
[bt_navigator-5] [WARN] [1788853620.719819223] [BehaviorTreeEngine]: Behavior Tree tick rate 100.00 was exceeded!
[bt_navigator-5] [WARN] [1788853620.783885075] [BehaviorTreeEngine]: Behavior Tree tick rate 100.00 was exceeded!
[bt_navigator-5] [WARN] [1788853620.829876958] [BehaviorTreeEngine]: Behavior Tree tick rate 100.00 was exceeded!
[bt_navigator-5] [WARN] [1788853620.870500148] [BehaviorTreeEngine]: Behavior Tree tick rate 100.00 was exceeded!
[bt_navigator-5] [WARN] [1788853621.080012206] [BehaviorTreeEngine]: Behavior Tree tick rate 100.00 was exceeded!
[bt_navigator-5] [WARN] [1788853621.390743937] [BehaviorTreeEngine]: Behavior Tree tick rate 100.00 was exceeded!
[bt_navigator-5] [WARN] [1788853621.447240790] [BehaviorTreeEngine]: Behavior Tree tick rate 100.00 was exceeded!
[bt_navigator-5] [WARN] [1788853621.508676671] [BehaviorTreeEngine]: Behavior Tree tick rate 100.00 was exceeded!
[bt_navigator-5] [WARN] [1788853621.530666267] [BehaviorTreeEngine]: Behavior Tree tick rate 100.00 was exceeded!
[controller_server-1] [INFO] [1788853621.547061659] [robot1.controller_server]: Passing new path to controller.
[bt_navigator-5] [WARN] [1788853621.558477951] [BehaviorTreeEngine]: Behavior Tree tick rate 100.00 was exceeded!
[bt_navigator-5] [WARN] [1788853621.589003069] [BehaviorTreeEngine]: Behavior Tree tick rate 100.00 was exceeded!
[bt_navigator-5] [WARN] [1788853621.643198133] [BehaviorTreeEngine]: Behavior Tree tick rate 100.00 was exceeded!
[bt_navigator-5] [WARN] [1788853621.701334427] [BehaviorTreeEngine]: Behavior Tree tick rate 100.00 was exceeded!
[bt_navigator-5] [WARN] [1788853621.733459965] [BehaviorTreeEngine]: Behavior Tree tick rate 100.00 was exceeded!
[bt_navigator-5] [WARN] [1788853621.763872249] [BehaviorTreeEngine]: Behavior Tree tick rate 100.00 was exceeded!
[bt_navigator-5] [WARN] [1788853621.835935601] [BehaviorTreeEngine]: Behavior Tree tick rate 100.00 was exceeded!
[bt_navigator-5] [WARN] [1788853621.890671643] [BehaviorTreeEngine]: Behavior Tree tick rate 100.00 was exceeded!
[bt_navigator-5] [WARN] [1788853622.114376041] [BehaviorTreeEngine]: Behavior Tree tick rate 100.00 was exceeded!
[bt_navigator-5] [WARN] [1788853622.243346474] [BehaviorTreeEngine]: Behavior Tree tick rate 100.00 was exceeded!
[bt_navigator-5] [WARN] [1788853622.477848447] [BehaviorTreeEngine]: Behavior Tree tick rate 100.00 was exceeded!
[controller_server-1] [INFO] [1788853622.547081151] [robot1.controller_server]: Passing new path to controller.
[bt_navigator-5] [WARN] [1788853622.558859819] [BehaviorTreeEngine]: Behavior Tree tick rate 100.00 was exceeded!
[bt_navigator-5] [WARN] [1788853622.655903818] [BehaviorTreeEngine]: Behavior Tree tick rate 100.00 was exceeded!
[bt_navigator-5] [WARN] [1788853622.711189502] [BehaviorTreeEngine]: Behavior Tree tick rate 100.00 was exceeded!
[bt_navigator-5] [WARN] [1788853622.770192131] [BehaviorTreeEngine]: Behavior Tree tick rate 100.00 was exceeded!
[bt_navigator-5] [WARN] [1788853622.800789919] [BehaviorTreeEngine]: Behavior Tree tick rate 100.00 was exceeded!
[bt_navigator-5] [WARN] [1788853622.830709605] [BehaviorTreeEngine]: Behavior Tree tick rate 100.00 was exceeded!
[bt_navigator-5] [WARN] [1788853622.887805131] [BehaviorTreeEngine]: Behavior Tree tick rate 100.00 was exceeded!
[bt_navigator-5] [WARN] [1788853622.938024402] [BehaviorTreeEngine]: Behavior Tree tick rate 100.00 was exceeded!
[bt_navigator-5] [WARN] [1788853622.971346462] [BehaviorTreeEngine]: Behavior Tree tick rate 100.00 was exceeded!
[bt_navigator-5] [WARN] [1788853622.997035008] [BehaviorTreeEngine]: Behavior Tree tick rate 100.00 was exceeded!
[bt_navigator-5] [WARN] [1788853623.021436781] [BehaviorTreeEngine]: Behavior Tree tick rate 100.00 was exceeded!
[bt_navigator-5] [WARN] [1788853623.108391801] [BehaviorTreeEngine]: Behavior Tree tick rate 100.00 was exceeded!
[bt_navigator-5] [WARN] [1788853623.146817291] [BehaviorTreeEngine]: Behavior Tree tick rate 100.00 was exceeded!
[bt_navigator-5] [WARN] [1788853623.170175404] [BehaviorTreeEngine]: Behavior Tree tick rate 100.00 was exceeded!
[bt_navigator-5] [WARN] [1788853623.211442384] [BehaviorTreeEngine]: Behavior Tree tick rate 100.00 was exceeded!
[bt_navigator-5] [WARN] [1788853623.211599360] [BehaviorTreeEngine]: Behavior Tree tick rate 100.00 was exceeded!
[bt_navigator-5] [WARN] [1788853623.273387806] [BehaviorTreeEngine]: Behavior Tree tick rate 100.00 was exceeded!
[bt_navigator-5] [WARN] [1788853623.383819609] [BehaviorTreeEngine]: Behavior Tree tick rate 100.00 was exceeded!
[controller_server-1] [INFO] [1788853623.597083581] [robot1.controller_server]: Passing new path to controller.
[bt_navigator-5] [WARN] [1788853623.742518455] [BehaviorTreeEngine]: Behavior Tree tick rate 100.00 was exceeded!
[bt_navigator-5] [WARN] [1788853623.943332991] [BehaviorTreeEngine]: Behavior Tree tick rate 100.00 was exceeded!
[bt_navigator-5] [WARN] [1788853624.124970426] [BehaviorTreeEngine]: Behavior Tree tick rate 100.00 was exceeded!
[bt_navigator-5] [WARN] [1788853624.255521384] [BehaviorTreeEngine]: Behavior Tree tick rate 100.00 was exceeded!
[bt_navigator-5] [WARN] [1788853624.299922285] [BehaviorTreeEngine]: Behavior Tree tick rate 100.00 was exceeded!
[controller_server-1] [INFO] [1788853624.597087885] [robot1.controller_server]: Passing new path to controller.
[bt_navigator-5] [WARN] [1788853624.611283669] [BehaviorTreeEngine]: Behavior Tree tick rate 100.00 was exceeded!
[bt_navigator-5] [WARN] [1788853624.786665555] [BehaviorTreeEngine]: Behavior Tree tick rate 100.00 was exceeded!
[bt_navigator-5] [WARN] [1788853624.826138031] [BehaviorTreeEngine]: Behavior Tree tick rate 100.00 was exceeded!
[bt_navigator-5] [WARN] [1788853624.954291202] [BehaviorTreeEngine]: Behavior Tree tick rate 100.00 was exceeded!
[bt_navigator-5] [WARN] [1788853625.048671360] [BehaviorTreeEngine]: Behavior Tree tick rate 100.00 was exceeded!
[bt_navigator-5] [WARN] [1788853625.158738496] [BehaviorTreeEngine]: Behavior Tree tick rate 100.00 was exceeded!
[bt_navigator-5] [WARN] [1788853625.221603321] [BehaviorTreeEngine]: Behavior Tree tick rate 100.00 was exceeded!
[bt_navigator-5] [WARN] [1788853625.320118045] [BehaviorTreeEngine]: Behavior Tree tick rate 100.00 was exceeded!
[bt_navigator-5] [WARN] [1788853625.442453393] [BehaviorTreeEngine]: Behavior Tree tick rate 100.00 was exceeded!
[bt_navigator-5] [WARN] [1788853625.629880135] [BehaviorTreeEngine]: Behavior Tree tick rate 100.00 was exceeded!
[controller_server-1] [INFO] [1788853625.647078930] [robot1.controller_server]: Passing new path to controller.
[bt_navigator-5] [WARN] [1788853625.841632463] [BehaviorTreeEngine]: Behavior Tree tick rate 100.00 was exceeded!
[bt_navigator-5] [WARN] [1788853625.860522537] [BehaviorTreeEngine]: Behavior Tree tick rate 100.00 was exceeded!
[bt_navigator-5] [WARN] [1788853625.980206562] [BehaviorTreeEngine]: Behavior Tree tick rate 100.00 was exceeded!
[bt_navigator-5] [WARN] [1788853626.075958632] [BehaviorTreeEngine]: Behavior Tree tick rate 100.00 was exceeded!
[bt_navigator-5] [WARN] [1788853626.221819644] [BehaviorTreeEngine]: Behavior Tree tick rate 100.00 was exceeded!
[bt_navigator-5] [WARN] [1788853626.298965399] [BehaviorTreeEngine]: Behavior Tree tick rate 100.00 was exceeded!
[bt_navigator-5] [WARN] [1788853626.418387340] [BehaviorTreeEngine]: Behavior Tree tick rate 100.00 was exceeded!
[controller_server-1] [INFO] [1788853626.647062776] [robot1.controller_server]: Passing new path to controller.
[bt_navigator-5] [WARN] [1788853626.730264677] [BehaviorTreeEngine]: Behavior Tree tick rate 100.00 was exceeded!
[bt_navigator-5] [WARN] [1788853626.763578589] [BehaviorTreeEngine]: Behavior Tree tick rate 100.00 was exceeded!
[bt_navigator-5] [WARN] [1788853626.782553801] [BehaviorTreeEngine]: Behavior Tree tick rate 100.00 was exceeded!
[bt_navigator-5] [WARN] [1788853626.840416189] [BehaviorTreeEngine]: Behavior Tree tick rate 100.00 was exceeded!
[bt_navigator-5] [WARN] [1788853626.896098856] [BehaviorTreeEngine]: Behavior Tree tick rate 100.00 was exceeded!
[bt_navigator-5] [WARN] [1788853627.008349796] [BehaviorTreeEngine]: Behavior Tree tick rate 100.00 was exceeded!
[bt_navigator-5] [WARN] [1788853627.073539275] [BehaviorTreeEngine]: Behavior Tree tick rate 100.00 was exceeded!
[bt_navigator-5] [WARN] [1788853627.285761689] [BehaviorTreeEngine]: Behavior Tree tick rate 100.00 was exceeded!
[bt_navigator-5] [WARN] [1788853627.324515289] [BehaviorTreeEngine]: Behavior Tree tick rate 100.00 was exceeded!
[bt_navigator-5] [WARN] [1788853627.467379750] [BehaviorTreeEngine]: Behavior Tree tick rate 100.00 was exceeded!
[bt_navigator-5] [WARN] [1788853627.485634150] [BehaviorTreeEngine]: Behavior Tree tick rate 100.00 was exceeded!
[bt_navigator-5] [WARN] [1788853627.592976489] [BehaviorTreeEngine]: Behavior Tree tick rate 100.00 was exceeded!
[bt_navigator-5] [WARN] [1788853627.615954778] [BehaviorTreeEngine]: Behavior Tree tick rate 100.00 was exceeded!
[bt_navigator-5] [WARN] [1788853627.663786384] [BehaviorTreeEngine]: Behavior Tree tick rate 100.00 was exceeded!
[controller_server-1] [INFO] [1788853627.697086759] [robot1.controller_server]: Passing new path to controller.
[bt_navigator-5] [WARN] [1788853627.705515395] [BehaviorTreeEngine]: Behavior Tree tick rate 100.00 was exceeded!
[bt_navigator-5] [WARN] [1788853627.734480767] [BehaviorTreeEngine]: Behavior Tree tick rate 100.00 was exceeded!
[bt_navigator-5] [WARN] [1788853627.911790784] [BehaviorTreeEngine]: Behavior Tree tick rate 100.00 was exceeded!
[bt_navigator-5] [WARN] [1788853627.938995602] [BehaviorTreeEngine]: Behavior Tree tick rate 100.00 was exceeded!
[bt_navigator-5] [WARN] [1788853627.984617252] [BehaviorTreeEngine]: Behavior Tree tick rate 100.00 was exceeded!
[bt_navigator-5] [WARN] [1788853628.018358642] [BehaviorTreeEngine]: Behavior Tree tick rate 100.00 was exceeded!
[bt_navigator-5] [WARN] [1788853628.218706149] [BehaviorTreeEngine]: Behavior Tree tick rate 100.00 was exceeded!
[bt_navigator-5] [WARN] [1788853628.257236065] [BehaviorTreeEngine]: Behavior Tree tick rate 100.00 was exceeded!
[bt_navigator-5] [WARN] [1788853628.642410138] [BehaviorTreeEngine]: Behavior Tree tick rate 100.00 was exceeded!
[bt_navigator-5] [WARN] [1788853628.685772263] [BehaviorTreeEngine]: Behavior Tree tick rate 100.00 was exceeded!
[controller_server-1] [INFO] [1788853628.747082101] [robot1.controller_server]: Passing new path to controller.
[bt_navigator-5] [WARN] [1788853628.808821786] [BehaviorTreeEngine]: Behavior Tree tick rate 100.00 was exceeded!
[bt_navigator-5] [WARN] [1788853628.911441732] [BehaviorTreeEngine]: Behavior Tree tick rate 100.00 was exceeded!
[bt_navigator-5] [WARN] [1788853629.055363958] [BehaviorTreeEngine]: Behavior Tree tick rate 100.00 was exceeded!
[bt_navigator-5] [WARN] [1788853629.110617992] [BehaviorTreeEngine]: Behavior Tree tick rate 100.00 was exceeded!
[bt_navigator-5] [WARN] [1788853629.143112508] [BehaviorTreeEngine]: Behavior Tree tick rate 100.00 was exceeded!
[bt_navigator-5] [WARN] [1788853629.166924125] [BehaviorTreeEngine]: Behavior Tree tick rate 100.00 was exceeded!
[bt_navigator-5] [WARN] [1788853629.314898448] [BehaviorTreeEngine]: Behavior Tree tick rate 100.00 was exceeded!
[bt_navigator-5] [WARN] [1788853629.362592149] [BehaviorTreeEngine]: Behavior Tree tick rate 100.00 was exceeded!
[bt_navigator-5] [WARN] [1788853629.419060256] [BehaviorTreeEngine]: Behavior Tree tick rate 100.00 was exceeded!
[bt_navigator-5] [WARN] [1788853629.515520797] [BehaviorTreeEngine]: Behavior Tree tick rate 100.00 was exceeded!
[bt_navigator-5] [WARN] [1788853629.630548466] [BehaviorTreeEngine]: Behavior Tree tick rate 100.00 was exceeded!
[bt_navigator-5] [WARN] [1788853629.706934946] [BehaviorTreeEngine]: Behavior Tree tick rate 100.00 was exceeded!
[controller_server-1] [INFO] [1788853629.797058256] [robot1.controller_server]: Passing new path to controller.
[bt_navigator-5] [WARN] [1788853629.800931372] [BehaviorTreeEngine]: Behavior Tree tick rate 100.00 was exceeded!
[bt_navigator-5] [WARN] [1788853629.800958954] [robot1.bt_navigator_navigate_to_pose_rclcpp_node]: Timed out while waiting for action server to acknowledge goal request for follow_path
[controller_server-1] [INFO] [1788853629.801077141] [robot1.local_costmap.local_costmap]: Received request to clear entirely the local_costmap
[planner_server-3] [INFO] [1788853629.802120505] [robot1.global_costmap.global_costmap]: Received request to clear entirely the global_costmap
[bt_navigator-5] [WARN] [1788853629.833454564] [BehaviorTreeEngine]: Behavior Tree tick rate 100.00 was exceeded!
[bt_navigator-5] [WARN] [1788853629.854943825] [BehaviorTreeEngine]: Behavior Tree tick rate 100.00 was exceeded!
[bt_navigator-5] [WARN] [1788853629.875764834] [BehaviorTreeEngine]: Behavior Tree tick rate 100.00 was exceeded!
[bt_navigator-5] [WARN] [1788853629.892379488] [BehaviorTreeEngine]: Behavior Tree tick rate 100.00 was exceeded!
[bt_navigator-5] [WARN] [1788853629.951871393] [BehaviorTreeEngine]: Behavior Tree tick rate 100.00 was exceeded!
[bt_navigator-5] [WARN] [1788853630.029953677] [BehaviorTreeEngine]: Behavior Tree tick rate 100.00 was exceeded!
[bt_navigator-5] [WARN] [1788853630.072909065] [BehaviorTreeEngine]: Behavior Tree tick rate 100.00 was exceeded!
[bt_navigator-5] [WARN] [1788853630.104631652] [BehaviorTreeEngine]: Behavior Tree tick rate 100.00 was exceeded!
[bt_navigator-5] [WARN] [1788853630.137558015] [BehaviorTreeEngine]: Behavior Tree tick rate 100.00 was exceeded!
[bt_navigator-5] [WARN] [1788853630.180096987] [BehaviorTreeEngine]: Behavior Tree tick rate 100.00 was exceeded!
[bt_navigator-5] [WARN] [1788853630.233716563] [BehaviorTreeEngine]: Behavior Tree tick rate 100.00 was exceeded!
[bt_navigator-5] [WARN] [1788853630.293414928] [BehaviorTreeEngine]: Behavior Tree tick rate 100.00 was exceeded!
[bt_navigator-5] [WARN] [1788853630.363871288] [BehaviorTreeEngine]: Behavior Tree tick rate 100.00 was exceeded!
[bt_navigator-5] [WARN] [1788853630.459170598] [BehaviorTreeEngine]: Behavior Tree tick rate 100.00 was exceeded!
[bt_navigator-5] [WARN] [1788853630.498652653] [BehaviorTreeEngine]: Behavior Tree tick rate 100.00 was exceeded!
[bt_navigator-5] [WARN] [1788853630.559353754] [BehaviorTreeEngine]: Behavior Tree tick rate 100.00 was exceeded!
[bt_navigator-5] [WARN] [1788853630.606221400] [BehaviorTreeEngine]: Behavior Tree tick rate 100.00 was exceeded!
[bt_navigator-5] [WARN] [1788853630.639385335] [BehaviorTreeEngine]: Behavior Tree tick rate 100.00 was exceeded!
[bt_navigator-5] [WARN] [1788853630.676371866] [BehaviorTreeEngine]: Behavior Tree tick rate 100.00 was exceeded!
[planner_server-3] [WARN] [1788853630.732938405] [robot1.planner_server]: Planner loop missed its desired rate of 20.0000 Hz. Current loop rate is 1.0746 Hz
[bt_navigator-5] [WARN] [1788853630.750772139] [BehaviorTreeEngine]: Behavior Tree tick rate 100.00 was exceeded!
[bt_navigator-5] [WARN] [1788853630.788544861] [BehaviorTreeEngine]: Behavior Tree tick rate 100.00 was exceeded!
[controller_server-1] [INFO] [1788853630.797078016] [robot1.controller_server]: Passing new path to controller.
[bt_navigator-5] [WARN] [1788853630.836322412] [BehaviorTreeEngine]: Behavior Tree tick rate 100.00 was exceeded!
[bt_navigator-5] [WARN] [1788853630.879484069] [BehaviorTreeEngine]: Behavior Tree tick rate 100.00 was exceeded!
[bt_navigator-5] [WARN] [1788853630.928652764] [BehaviorTreeEngine]: Behavior Tree tick rate 100.00 was exceeded!
[bt_navigator-5] [WARN] [1788853630.977579096] [BehaviorTreeEngine]: Behavior Tree tick rate 100.00 was exceeded!
[bt_navigator-5] [WARN] [1788853631.008680368] [BehaviorTreeEngine]: Behavior Tree tick rate 100.00 was exceeded!
[bt_navigator-5] [WARN] [1788853631.040990296] [BehaviorTreeEngine]: Behavior Tree tick rate 100.00 was exceeded!
[bt_navigator-5] [WARN] [1788853631.095326512] [BehaviorTreeEngine]: Behavior Tree tick rate 100.00 was exceeded!
[bt_navigator-5] [WARN] [1788853631.182367916] [BehaviorTreeEngine]: Behavior Tree tick rate 100.00 was exceeded!
[bt_navigator-5] [WARN] [1788853631.229986186] [BehaviorTreeEngine]: Behavior Tree tick rate 100.00 was exceeded!
[bt_navigator-5] [WARN] [1788853631.266844008] [BehaviorTreeEngine]: Behavior Tree tick rate 100.00 was exceeded!
[bt_navigator-5] [WARN] [1788853631.299545238] [BehaviorTreeEngine]: Behavior Tree tick rate 100.00 was exceeded!
[bt_navigator-5] [WARN] [1788853631.339205338] [BehaviorTreeEngine]: Behavior Tree tick rate 100.00 was exceeded!
[bt_navigator-5] [WARN] [1788853631.377451565] [BehaviorTreeEngine]: Behavior Tree tick rate 100.00 was exceeded!
[bt_navigator-5] [WARN] [1788853631.390956916] [BehaviorTreeEngine]: Behavior Tree tick rate 100.00 was exceeded!
[bt_navigator-5] [WARN] [1788853631.482676597] [BehaviorTreeEngine]: Behavior Tree tick rate 100.00 was exceeded!
[bt_navigator-5] [WARN] [1788853631.586223082] [BehaviorTreeEngine]: Behavior Tree tick rate 100.00 was exceeded!
[bt_navigator-5] [WARN] [1788853631.635246260] [BehaviorTreeEngine]: Behavior Tree tick rate 100.00 was exceeded!
[bt_navigator-5] [WARN] [1788853631.675339190] [BehaviorTreeEngine]: Behavior Tree tick rate 100.00 was exceeded!
[bt_navigator-5] [WARN] [1788853631.720710071] [BehaviorTreeEngine]: Behavior Tree tick rate 100.00 was exceeded!
[bt_navigator-5] [WARN] [1788853631.768251659] [BehaviorTreeEngine]: Behavior Tree tick rate 100.00 was exceeded!
[bt_navigator-5] [WARN] [1788853631.811478227] [BehaviorTreeEngine]: Behavior Tree tick rate 100.00 was exceeded!
[controller_server-1] [INFO] [1788853631.897059817] [robot1.controller_server]: Passing new path to controller.
[bt_navigator-5] [WARN] [1788853632.032643029] [BehaviorTreeEngine]: Behavior Tree tick rate 100.00 was exceeded!
[bt_navigator-5] [WARN] [1788853632.062646978] [BehaviorTreeEngine]: Behavior Tree tick rate 100.00 was exceeded!
[bt_navigator-5] [WARN] [1788853632.158273489] [BehaviorTreeEngine]: Behavior Tree tick rate 100.00 was exceeded!
[bt_navigator-5] [WARN] [1788853632.321786594] [BehaviorTreeEngine]: Behavior Tree tick rate 100.00 was exceeded!
[bt_navigator-5] [WARN] [1788853632.356101323] [BehaviorTreeEngine]: Behavior Tree tick rate 100.00 was exceeded!
[bt_navigator-5] [WARN] [1788853632.403941449] [BehaviorTreeEngine]: Behavior Tree tick rate 100.00 was exceeded!
[bt_navigator-5] [WARN] [1788853632.512809672] [BehaviorTreeEngine]: Behavior Tree tick rate 100.00 was exceeded!
[bt_navigator-5] [WARN] [1788853632.569147424] [BehaviorTreeEngine]: Behavior Tree tick rate 100.00 was exceeded!
[bt_navigator-5] [WARN] [1788853632.611197860] [BehaviorTreeEngine]: Behavior Tree tick rate 100.00 was exceeded!
[bt_navigator-5] [WARN] [1788853632.704769621] [BehaviorTreeEngine]: Behavior Tree tick rate 100.00 was exceeded!
[bt_navigator-5] [WARN] [1788853632.767642776] [BehaviorTreeEngine]: Behavior Tree tick rate 100.00 was exceeded!
[bt_navigator-5] [WARN] [1788853632.807187297] [BehaviorTreeEngine]: Behavior Tree tick rate 100.00 was exceeded!
[bt_navigator-5] [WARN] [1788853632.907725319] [BehaviorTreeEngine]: Behavior Tree tick rate 100.00 was exceeded!
[bt_navigator-5] [WARN] [1788853632.907756081] [robot1.bt_navigator_navigate_to_pose_rclcpp_node]: Timed out while waiting for action server to acknowledge goal request for compute_path_to_pose
[planner_server-3] [INFO] [1788853632.907885819] [robot1.global_costmap.global_costmap]: Received request to clear entirely the global_costmap
[bt_navigator-5] [WARN] [1788853632.946823853] [BehaviorTreeEngine]: Behavior Tree tick rate 100.00 was exceeded!
[bt_navigator-5] [WARN] [1788853632.958598251] [BehaviorTreeEngine]: Behavior Tree tick rate 100.00 was exceeded!
[bt_navigator-5] [WARN] [1788853632.982394712] [BehaviorTreeEngine]: Behavior Tree tick rate 100.00 was exceeded!
[bt_navigator-5] [WARN] [1788853633.006845410] [BehaviorTreeEngine]: Behavior Tree tick rate 100.00 was exceeded!
[bt_navigator-5] [WARN] [1788853633.035046036] [BehaviorTreeEngine]: Behavior Tree tick rate 100.00 was exceeded!
[bt_navigator-5] [WARN] [1788853633.117768210] [BehaviorTreeEngine]: Behavior Tree tick rate 100.00 was exceeded!
[bt_navigator-5] [WARN] [1788853633.444084213] [BehaviorTreeEngine]: Behavior Tree tick rate 100.00 was exceeded!
[bt_navigator-5] [WARN] [1788853633.495448821] [BehaviorTreeEngine]: Behavior Tree tick rate 100.00 was exceeded!
[bt_navigator-5] [WARN] [1788853633.538039010] [BehaviorTreeEngine]: Behavior Tree tick rate 100.00 was exceeded!
[planner_server-3] [WARN] [1788853633.738914363] [robot1.planner_server]: Planner loop missed its desired rate of 20.0000 Hz. Current loop rate is 1.2041 Hz
[bt_navigator-5] [WARN] [1788853633.761952259] [BehaviorTreeEngine]: Behavior Tree tick rate 100.00 was exceeded!
[bt_navigator-5] [WARN] [1788853633.776035770] [BehaviorTreeEngine]: Behavior Tree tick rate 100.00 was exceeded!
[controller_server-1] [INFO] [1788853633.797089071] [robot1.controller_server]: Passing new path to controller.
[bt_navigator-5] [WARN] [1788853633.908734094] [BehaviorTreeEngine]: Behavior Tree tick rate 100.00 was exceeded!
[bt_navigator-5] [WARN] [1788853633.959638766] [BehaviorTreeEngine]: Behavior Tree tick rate 100.00 was exceeded!
[bt_navigator-5] [WARN] [1788853634.056394063] [BehaviorTreeEngine]: Behavior Tree tick rate 100.00 was exceeded!
[bt_navigator-5] [WARN] [1788853634.111789842] [BehaviorTreeEngine]: Behavior Tree tick rate 100.00 was exceeded!
[bt_navigator-5] [WARN] [1788853634.133818830] [BehaviorTreeEngine]: Behavior Tree tick rate 100.00 was exceeded!
[bt_navigator-5] [WARN] [1788853634.153907977] [BehaviorTreeEngine]: Behavior Tree tick rate 100.00 was exceeded!
[bt_navigator-5] [WARN] [1788853634.198739130] [BehaviorTreeEngine]: Behavior Tree tick rate 100.00 was exceeded!
[bt_navigator-5] [WARN] [1788853634.255112755] [BehaviorTreeEngine]: Behavior Tree tick rate 100.00 was exceeded!
[bt_navigator-5] [WARN] [1788853634.328298522] [BehaviorTreeEngine]: Behavior Tree tick rate 100.00 was exceeded!
[bt_navigator-5] [WARN] [1788853634.371807500] [BehaviorTreeEngine]: Behavior Tree tick rate 100.00 was exceeded!
[bt_navigator-5] [WARN] [1788853634.483329671] [BehaviorTreeEngine]: Behavior Tree tick rate 100.00 was exceeded!
[bt_navigator-5] [WARN] [1788853634.522805129] [BehaviorTreeEngine]: Behavior Tree tick rate 100.00 was exceeded!
[bt_navigator-5] [WARN] [1788853634.585430475] [BehaviorTreeEngine]: Behavior Tree tick rate 100.00 was exceeded!
[bt_navigator-5] [WARN] [1788853634.643228912] [BehaviorTreeEngine]: Behavior Tree tick rate 100.00 was exceeded!
[bt_navigator-5] [WARN] [1788853634.689848737] [BehaviorTreeEngine]: Behavior Tree tick rate 100.00 was exceeded!
[bt_navigator-5] [WARN] [1788853634.762491907] [BehaviorTreeEngine]: Behavior Tree tick rate 100.00 was exceeded!
[bt_navigator-5] [WARN] [1788853634.793901657] [BehaviorTreeEngine]: Behavior Tree tick rate 100.00 was exceeded!
[controller_server-1] [INFO] [1788853634.847058444] [robot1.controller_server]: Passing new path to controller.
[bt_navigator-5] [WARN] [1788853634.863960276] [BehaviorTreeEngine]: Behavior Tree tick rate 100.00 was exceeded!
[bt_navigator-5] [WARN] [1788853634.913969696] [BehaviorTreeEngine]: Behavior Tree tick rate 100.00 was exceeded!
[bt_navigator-5] [WARN] [1788853634.959560295] [BehaviorTreeEngine]: Behavior Tree tick rate 100.00 was exceeded!
[bt_navigator-5] [WARN] [1788853635.001128393] [BehaviorTreeEngine]: Behavior Tree tick rate 100.00 was exceeded!
[bt_navigator-5] [WARN] [1788853635.058514598] [BehaviorTreeEngine]: Behavior Tree tick rate 100.00 was exceeded!
[bt_navigator-5] [WARN] [1788853635.111463709] [BehaviorTreeEngine]: Behavior Tree tick rate 100.00 was exceeded!
[bt_navigator-5] [WARN] [1788853635.155112190] [BehaviorTreeEngine]: Behavior Tree tick rate 100.00 was exceeded!
[bt_navigator-5] [WARN] [1788853635.176639384] [BehaviorTreeEngine]: Behavior Tree tick rate 100.00 was exceeded!
[bt_navigator-5] [WARN] [1788853635.225571174] [BehaviorTreeEngine]: Behavior Tree tick rate 100.00 was exceeded!
[bt_navigator-5] [WARN] [1788853635.282853665] [BehaviorTreeEngine]: Behavior Tree tick rate 100.00 was exceeded!
[bt_navigator-5] [WARN] [1788853635.324905690] [BehaviorTreeEngine]: Behavior Tree tick rate 100.00 was exceeded!
[bt_navigator-5] [WARN] [1788853635.393095022] [BehaviorTreeEngine]: Behavior Tree tick rate 100.00 was exceeded!
[bt_navigator-5] [WARN] [1788853635.525026936] [BehaviorTreeEngine]: Behavior Tree tick rate 100.00 was exceeded!
[bt_navigator-5] [WARN] [1788853635.545737296] [BehaviorTreeEngine]: Behavior Tree tick rate 100.00 was exceeded!
[bt_navigator-5] [WARN] [1788853635.695902316] [BehaviorTreeEngine]: Behavior Tree tick rate 100.00 was exceeded!
[bt_navigator-5] [WARN] [1788853635.729212071] [BehaviorTreeEngine]: Behavior Tree tick rate 100.00 was exceeded!
[bt_navigator-5] [WARN] [1788853635.786672071] [BehaviorTreeEngine]: Behavior Tree tick rate 100.00 was exceeded!
[bt_navigator-5] [WARN] [1788853635.827997451] [BehaviorTreeEngine]: Behavior Tree tick rate 100.00 was exceeded!
[bt_navigator-5] [WARN] [1788853635.882776705] [BehaviorTreeEngine]: Behavior Tree tick rate 100.00 was exceeded!
[bt_navigator-5] [WARN] [1788853635.882818789] [robot1.bt_navigator_navigate_to_pose_rclcpp_node]: Timed out while waiting for action server to acknowledge goal request for compute_path_to_pose
[planner_server-3] [INFO] [1788853635.882985509] [robot1.global_costmap.global_costmap]: Received request to clear entirely the global_costmap
[bt_navigator-5] [WARN] [1788853635.905869569] [BehaviorTreeEngine]: Behavior Tree tick rate 100.00 was exceeded!
[bt_navigator-5] [WARN] [1788853635.905897240] [robot1.bt_navigator_navigate_to_pose_rclcpp_node]: Node timed out while executing service call to global_costmap/clear_entirely_global_costmap.
[bt_navigator-5] [ERROR] [1788853635.926865633] [robot1.bt_navigator_navigate_to_pose_rclcpp_node]: Failed to get result for follow_path in node halt!
[behavior_server-4] [INFO] [1788853635.927768013] [robot1.behavior_server]: Running spin
[behavior_server-4] [INFO] [1788853635.927838072] [robot1.behavior_server]: Turning 1.57 for spin behavior.
[bt_navigator-5] [WARN] [1788853635.939541611] [BehaviorTreeEngine]: Behavior Tree tick rate 100.00 was exceeded!
[controller_server-1] [INFO] [1788853635.947058905] [robot1.controller_server]: Goal was canceled. Stopping the robot.
[controller_server-1] [INFO] [1788853635.947090269] [robot1.controller_server]: [follow_path] [ActionServer] Client requested to cancel the goal. Cancelling.
[bt_navigator-5] [WARN] [1788853636.018578389] [BehaviorTreeEngine]: Behavior Tree tick rate 100.00 was exceeded!
[bt_navigator-5] [WARN] [1788853636.084955910] [BehaviorTreeEngine]: Behavior Tree tick rate 100.00 was exceeded!
[bt_navigator-5] [WARN] [1788853636.199108365] [BehaviorTreeEngine]: Behavior Tree tick rate 100.00 was exceeded!
[bt_navigator-5] [WARN] [1788853636.302479511] [BehaviorTreeEngine]: Behavior Tree tick rate 100.00 was exceeded!
[bt_navigator-5] [WARN] [1788853636.447897595] [BehaviorTreeEngine]: Behavior Tree tick rate 100.00 was exceeded!
[bt_navigator-5] [WARN] [1788853636.488253661] [BehaviorTreeEngine]: Behavior Tree tick rate 100.00 was exceeded!
[bt_navigator-5] [WARN] [1788853636.545382739] [BehaviorTreeEngine]: Behavior Tree tick rate 100.00 was exceeded!
[bt_navigator-5] [WARN] [1788853636.589513778] [BehaviorTreeEngine]: Behavior Tree tick rate 100.00 was exceeded!
[bt_navigator-5] [WARN] [1788853636.614958632] [BehaviorTreeEngine]: Behavior Tree tick rate 100.00 was exceeded!
[bt_navigator-5] [WARN] [1788853636.642088149] [BehaviorTreeEngine]: Behavior Tree tick rate 100.00 was exceeded!
[bt_navigator-5] [WARN] [1788853636.671878669] [BehaviorTreeEngine]: Behavior Tree tick rate 100.00 was exceeded!
[bt_navigator-5] [WARN] [1788853636.763297640] [BehaviorTreeEngine]: Behavior Tree tick rate 100.00 was exceeded!
[bt_navigator-5] [WARN] [1788853636.804080487] [BehaviorTreeEngine]: Behavior Tree tick rate 100.00 was exceeded!
[bt_navigator-5] [WARN] [1788853636.877676216] [BehaviorTreeEngine]: Behavior Tree tick rate 100.00 was exceeded!
[bt_navigator-5] [WARN] [1788853636.909997237] [BehaviorTreeEngine]: Behavior Tree tick rate 100.00 was exceeded!
[bt_navigator-5] [WARN] [1788853636.937927505] [BehaviorTreeEngine]: Behavior Tree tick rate 100.00 was exceeded!
[bt_navigator-5] [WARN] [1788853636.990666424] [BehaviorTreeEngine]: Behavior Tree tick rate 100.00 was exceeded!
[bt_navigator-5] [WARN] [1788853637.103766649] [BehaviorTreeEngine]: Behavior Tree tick rate 100.00 was exceeded!
[bt_navigator-5] [WARN] [1788853637.143439159] [BehaviorTreeEngine]: Behavior Tree tick rate 100.00 was exceeded!
[bt_navigator-5] [WARN] [1788853637.202709480] [BehaviorTreeEngine]: Behavior Tree tick rate 100.00 was exceeded!
[bt_navigator-5] [WARN] [1788853637.226411007] [BehaviorTreeEngine]: Behavior Tree tick rate 100.00 was exceeded!
[bt_navigator-5] [WARN] [1788853637.252722999] [BehaviorTreeEngine]: Behavior Tree tick rate 100.00 was exceeded!
[bt_navigator-5] [WARN] [1788853637.321283054] [BehaviorTreeEngine]: Behavior Tree tick rate 100.00 was exceeded!
[bt_navigator-5] [WARN] [1788853637.340553882] [BehaviorTreeEngine]: Behavior Tree tick rate 100.00 was exceeded!
[bt_navigator-5] [WARN] [1788853637.375838506] [BehaviorTreeEngine]: Behavior Tree tick rate 100.00 was exceeded!
[bt_navigator-5] [WARN] [1788853637.477987605] [BehaviorTreeEngine]: Behavior Tree tick rate 100.00 was exceeded!
[bt_navigator-5] [WARN] [1788853637.535003000] [BehaviorTreeEngine]: Behavior Tree tick rate 100.00 was exceeded!
[bt_navigator-5] [WARN] [1788853637.596244110] [BehaviorTreeEngine]: Behavior Tree tick rate 100.00 was exceeded!
[bt_navigator-5] [WARN] [1788853637.637544609] [BehaviorTreeEngine]: Behavior Tree tick rate 100.00 was exceeded!
[bt_navigator-5] [WARN] [1788853637.658416184] [BehaviorTreeEngine]: Behavior Tree tick rate 100.00 was exceeded!
[bt_navigator-5] [WARN] [1788853637.682412529] [BehaviorTreeEngine]: Behavior Tree tick rate 100.00 was exceeded!
[bt_navigator-5] [WARN] [1788853637.757760599] [BehaviorTreeEngine]: Behavior Tree tick rate 100.00 was exceeded!
[bt_navigator-5] [WARN] [1788853637.800419593] [BehaviorTreeEngine]: Behavior Tree tick rate 100.00 was exceeded!
[bt_navigator-5] [WARN] [1788853637.839780603] [BehaviorTreeEngine]: Behavior Tree tick rate 100.00 was exceeded!
[bt_navigator-5] [WARN] [1788853637.853267034] [BehaviorTreeEngine]: Behavior Tree tick rate 100.00 was exceeded!
[bt_navigator-5] [WARN] [1788853637.890439721] [BehaviorTreeEngine]: Behavior Tree tick rate 100.00 was exceeded!
[bt_navigator-5] [WARN] [1788853637.915987711] [BehaviorTreeEngine]: Behavior Tree tick rate 100.00 was exceeded!
[bt_navigator-5] [WARN] [1788853638.053047380] [BehaviorTreeEngine]: Behavior Tree tick rate 100.00 was exceeded!
[bt_navigator-5] [WARN] [1788853638.204881075] [BehaviorTreeEngine]: Behavior Tree tick rate 100.00 was exceeded!
[bt_navigator-5] [WARN] [1788853638.262751870] [BehaviorTreeEngine]: Behavior Tree tick rate 100.00 was exceeded!
[bt_navigator-5] [WARN] [1788853638.329067102] [BehaviorTreeEngine]: Behavior Tree tick rate 100.00 was exceeded!
[bt_navigator-5] [WARN] [1788853638.378780988] [BehaviorTreeEngine]: Behavior Tree tick rate 100.00 was exceeded!
[bt_navigator-5] [WARN] [1788853638.425734487] [BehaviorTreeEngine]: Behavior Tree tick rate 100.00 was exceeded!
[bt_navigator-5] [WARN] [1788853638.469432159] [BehaviorTreeEngine]: Behavior Tree tick rate 100.00 was exceeded!
[bt_navigator-5] [WARN] [1788853638.515965696] [BehaviorTreeEngine]: Behavior Tree tick rate 100.00 was exceeded!
[bt_navigator-5] [WARN] [1788853638.548170462] [BehaviorTreeEngine]: Behavior Tree tick rate 100.00 was exceeded!
[bt_navigator-5] [WARN] [1788853638.566693834] [BehaviorTreeEngine]: Behavior Tree tick rate 100.00 was exceeded!
[bt_navigator-5] [WARN] [1788853638.587852984] [BehaviorTreeEngine]: Behavior Tree tick rate 100.00 was exceeded!
[bt_navigator-5] [WARN] [1788853638.633855396] [BehaviorTreeEngine]: Behavior Tree tick rate 100.00 was exceeded!
[bt_navigator-5] [WARN] [1788853638.700503707] [BehaviorTreeEngine]: Behavior Tree tick rate 100.00 was exceeded!
[bt_navigator-5] [WARN] [1788853638.716994514] [BehaviorTreeEngine]: Behavior Tree tick rate 100.00 was exceeded!
[bt_navigator-5] [WARN] [1788853638.774045956] [BehaviorTreeEngine]: Behavior Tree tick rate 100.00 was exceeded!
[bt_navigator-5] [WARN] [1788853638.818699202] [BehaviorTreeEngine]: Behavior Tree tick rate 100.00 was exceeded!
[behavior_server-4] [INFO] [1788853638.827999370] [robot1.behavior_server]: spin completed successfully
[bt_navigator-5] [WARN] [1788853638.890679651] [BehaviorTreeEngine]: Behavior Tree tick rate 100.00 was exceeded!
[bt_navigator-5] [WARN] [1788853638.948939663] [BehaviorTreeEngine]: Behavior Tree tick rate 100.00 was exceeded!
[bt_navigator-5] [WARN] [1788853638.995509537] [BehaviorTreeEngine]: Behavior Tree tick rate 100.00 was exceeded!
[bt_navigator-5] [WARN] [1788853638.995554637] [robot1.bt_navigator_navigate_to_pose_rclcpp_node]: Timed out while waiting for action server to acknowledge goal request for compute_path_to_pose
[planner_server-3] [INFO] [1788853638.995682269] [robot1.global_costmap.global_costmap]: Received request to clear entirely the global_costmap
[bt_navigator-5] [WARN] [1788853639.029539240] [BehaviorTreeEngine]: Behavior Tree tick rate 100.00 was exceeded!
[bt_navigator-5] [WARN] [1788853639.093099949] [BehaviorTreeEngine]: Behavior Tree tick rate 100.00 was exceeded!
[bt_navigator-5] [WARN] [1788853639.138647251] [BehaviorTreeEngine]: Behavior Tree tick rate 100.00 was exceeded!
[bt_navigator-5] [WARN] [1788853639.165701391] [BehaviorTreeEngine]: Behavior Tree tick rate 100.00 was exceeded!
[bt_navigator-5] [WARN] [1788853639.191223828] [BehaviorTreeEngine]: Behavior Tree tick rate 100.00 was exceeded!
[bt_navigator-5] [WARN] [1788853639.251166813] [BehaviorTreeEngine]: Behavior Tree tick rate 100.00 was exceeded!
[bt_navigator-5] [WARN] [1788853639.303996372] [BehaviorTreeEngine]: Behavior Tree tick rate 100.00 was exceeded!
[bt_navigator-5] [WARN] [1788853639.364040086] [BehaviorTreeEngine]: Behavior Tree tick rate 100.00 was exceeded!
[bt_navigator-5] [WARN] [1788853639.529577936] [BehaviorTreeEngine]: Behavior Tree tick rate 100.00 was exceeded!
[planner_server-3] [WARN] [1788853639.737186831] [robot1.planner_server]: Planner loop missed its desired rate of 20.0000 Hz. Current loop rate is 1.3506 Hz
[bt_navigator-5] [WARN] [1788853640.297131873] [BehaviorTreeEngine]: Behavior Tree tick rate 100.00 was exceeded!
[bt_navigator-5] [WARN] [1788853640.805560869] [BehaviorTreeEngine]: Behavior Tree tick rate 100.00 was exceeded!
[bt_navigator-5] [WARN] [1788853641.012479024] [BehaviorTreeEngine]: Behavior Tree tick rate 100.00 was exceeded!
[controller_server-1] [INFO] [1788853641.012792200] [robot1.controller_server]: Received a goal, begin computing control effort.
[bt_navigator-5] [WARN] [1788853641.146920589] [BehaviorTreeEngine]: Behavior Tree tick rate 100.00 was exceeded!
[bt_navigator-5] [WARN] [1788853641.146955188] [robot1.bt_navigator_navigate_to_pose_rclcpp_node]: Timed out while waiting for action server to acknowledge goal request for follow_path
[controller_server-1] [INFO] [1788853641.147201263] [robot1.local_costmap.local_costmap]: Received request to clear entirely the local_costmap
[bt_navigator-5] [WARN] [1788853641.255492087] [BehaviorTreeEngine]: Behavior Tree tick rate 100.00 was exceeded!
[controller_server-1] [INFO] [1788853641.282990550] [robot1.controller_server]: Passing new path to controller.
[controller_server-1] [WARN] [1788853641.284372429] [robot1.controller_server]: Control loop missed its desired rate of 20.0000Hz
[bt_navigator-5] [WARN] [1788853641.504342114] [BehaviorTreeEngine]: Behavior Tree tick rate 100.00 was exceeded!
[bt_navigator-5] [WARN] [1788853641.583579366] [BehaviorTreeEngine]: Behavior Tree tick rate 100.00 was exceeded!
[bt_navigator-5] [WARN] [1788853641.677949277] [BehaviorTreeEngine]: Behavior Tree tick rate 100.00 was exceeded!
[bt_navigator-5] [WARN] [1788853641.771336495] [BehaviorTreeEngine]: Behavior Tree tick rate 100.00 was exceeded!
[bt_navigator-5] [WARN] [1788853641.955175218] [BehaviorTreeEngine]: Behavior Tree tick rate 100.00 was exceeded!
[bt_navigator-5] [WARN] [1788853642.030989516] [BehaviorTreeEngine]: Behavior Tree tick rate 100.00 was exceeded!
[controller_server-1] [INFO] [1788853642.110258330] [robot1.controller_server]: Passing new path to controller.
[bt_navigator-5] [WARN] [1788853642.198362134] [BehaviorTreeEngine]: Behavior Tree tick rate 100.00 was exceeded!
[bt_navigator-5] [WARN] [1788853642.198399729] [robot1.bt_navigator_navigate_to_pose_rclcpp_node]: Timed out while waiting for action server to acknowledge goal request for follow_path
[behavior_server-4] [INFO] [1788853642.198682094] [robot1.behavior_server]: Running wait
[bt_navigator-5] [WARN] [1788853642.250702850] [BehaviorTreeEngine]: Behavior Tree tick rate 100.00 was exceeded!
[bt_navigator-5] [WARN] [1788853642.429628984] [BehaviorTreeEngine]: Behavior Tree tick rate 100.00 was exceeded!
[bt_navigator-5] [WARN] [1788853642.577880743] [BehaviorTreeEngine]: Behavior Tree tick rate 100.00 was exceeded!
[bt_navigator-5] [WARN] [1788853642.738432710] [BehaviorTreeEngine]: Behavior Tree tick rate 100.00 was exceeded!
[bt_navigator-5] [WARN] [1788853642.847626031] [BehaviorTreeEngine]: Behavior Tree tick rate 100.00 was exceeded!
[bt_navigator-5] [WARN] [1788853643.085617675] [BehaviorTreeEngine]: Behavior Tree tick rate 100.00 was exceeded!
[bt_navigator-5] [WARN] [1788853643.137911221] [BehaviorTreeEngine]: Behavior Tree tick rate 100.00 was exceeded!
[bt_navigator-5] [WARN] [1788853643.189777414] [BehaviorTreeEngine]: Behavior Tree tick rate 100.00 was exceeded!
[bt_navigator-5] [WARN] [1788853643.216521907] [BehaviorTreeEngine]: Behavior Tree tick rate 100.00 was exceeded!
[bt_navigator-5] [WARN] [1788853643.345779813] [BehaviorTreeEngine]: Behavior Tree tick rate 100.00 was exceeded!
[bt_navigator-5] [WARN] [1788853643.489041187] [BehaviorTreeEngine]: Behavior Tree tick rate 100.00 was exceeded!
[bt_navigator-5] [WARN] [1788853643.530711759] [BehaviorTreeEngine]: Behavior Tree tick rate 100.00 was exceeded!
[bt_navigator-5] [WARN] [1788853643.557484194] [BehaviorTreeEngine]: Behavior Tree tick rate 100.00 was exceeded!
[bt_navigator-5] [WARN] [1788853643.589360795] [BehaviorTreeEngine]: Behavior Tree tick rate 100.00 was exceeded!
[bt_navigator-5] [WARN] [1788853643.657689292] [BehaviorTreeEngine]: Behavior Tree tick rate 100.00 was exceeded!
[bt_navigator-5] [WARN] [1788853643.670289774] [BehaviorTreeEngine]: Behavior Tree tick rate 100.00 was exceeded!
[bt_navigator-5] [WARN] [1788853643.693407642] [BehaviorTreeEngine]: Behavior Tree tick rate 100.00 was exceeded!
[bt_navigator-5] [WARN] [1788853643.709729460] [BehaviorTreeEngine]: Behavior Tree tick rate 100.00 was exceeded!
[bt_navigator-5] [WARN] [1788853643.734920936] [BehaviorTreeEngine]: Behavior Tree tick rate 100.00 was exceeded!
[bt_navigator-5] [WARN] [1788853643.776027439] [BehaviorTreeEngine]: Behavior Tree tick rate 100.00 was exceeded!
[bt_navigator-5] [WARN] [1788853643.818746680] [BehaviorTreeEngine]: Behavior Tree tick rate 100.00 was exceeded!
[bt_navigator-5] [WARN] [1788853643.855037565] [BehaviorTreeEngine]: Behavior Tree tick rate 100.00 was exceeded!
[bt_navigator-5] [WARN] [1788853643.899817845] [BehaviorTreeEngine]: Behavior Tree tick rate 100.00 was exceeded!
[bt_navigator-5] [WARN] [1788853643.980899302] [BehaviorTreeEngine]: Behavior Tree tick rate 100.00 was exceeded!
[bt_navigator-5] [WARN] [1788853644.033411477] [BehaviorTreeEngine]: Behavior Tree tick rate 100.00 was exceeded!
[bt_navigator-5] [WARN] [1788853644.076648427] [BehaviorTreeEngine]: Behavior Tree tick rate 100.00 was exceeded!
[bt_navigator-5] [WARN] [1788853644.114239606] [BehaviorTreeEngine]: Behavior Tree tick rate 100.00 was exceeded!
[bt_navigator-5] [WARN] [1788853644.145787630] [BehaviorTreeEngine]: Behavior Tree tick rate 100.00 was exceeded!
[bt_navigator-5] [WARN] [1788853644.194568022] [BehaviorTreeEngine]: Behavior Tree tick rate 100.00 was exceeded!
[bt_navigator-5] [WARN] [1788853644.243628291] [BehaviorTreeEngine]: Behavior Tree tick rate 100.00 was exceeded!
[bt_navigator-5] [WARN] [1788853644.268661310] [BehaviorTreeEngine]: Behavior Tree tick rate 100.00 was exceeded!
[bt_navigator-5] [WARN] [1788853644.392917832] [BehaviorTreeEngine]: Behavior Tree tick rate 100.00 was exceeded!
[bt_navigator-5] [WARN] [1788853644.466290249] [BehaviorTreeEngine]: Behavior Tree tick rate 100.00 was exceeded!
[bt_navigator-5] [WARN] [1788853644.549020360] [BehaviorTreeEngine]: Behavior Tree tick rate 100.00 was exceeded!
[bt_navigator-5] [WARN] [1788853644.592472214] [BehaviorTreeEngine]: Behavior Tree tick rate 100.00 was exceeded!
[bt_navigator-5] [WARN] [1788853644.637799662] [BehaviorTreeEngine]: Behavior Tree tick rate 100.00 was exceeded!
[bt_navigator-5] [WARN] [1788853644.695481405] [BehaviorTreeEngine]: Behavior Tree tick rate 100.00 was exceeded!
[bt_navigator-5] [WARN] [1788853644.755937445] [BehaviorTreeEngine]: Behavior Tree tick rate 100.00 was exceeded!
[bt_navigator-5] [WARN] [1788853644.798647089] [BehaviorTreeEngine]: Behavior Tree tick rate 100.00 was exceeded!
[bt_navigator-5] [WARN] [1788853644.985032654] [BehaviorTreeEngine]: Behavior Tree tick rate 100.00 was exceeded!
[bt_navigator-5] [WARN] [1788853645.070726556] [BehaviorTreeEngine]: Behavior Tree tick rate 100.00 was exceeded!
[bt_navigator-5] [WARN] [1788853645.114227664] [BehaviorTreeEngine]: Behavior Tree tick rate 100.00 was exceeded!
[bt_navigator-5] [WARN] [1788853645.174921562] [BehaviorTreeEngine]: Behavior Tree tick rate 100.00 was exceeded!
[bt_navigator-5] [WARN] [1788853645.247929087] [BehaviorTreeEngine]: Behavior Tree tick rate 100.00 was exceeded!
[bt_navigator-5] [WARN] [1788853645.340792641] [BehaviorTreeEngine]: Behavior Tree tick rate 100.00 was exceeded!
[bt_navigator-5] [WARN] [1788853645.374504329] [BehaviorTreeEngine]: Behavior Tree tick rate 100.00 was exceeded!
[bt_navigator-5] [WARN] [1788853645.626526862] [BehaviorTreeEngine]: Behavior Tree tick rate 100.00 was exceeded!
[bt_navigator-5] [WARN] [1788853645.952462096] [BehaviorTreeEngine]: Behavior Tree tick rate 100.00 was exceeded!
[bt_navigator-5] [WARN] [1788853646.204984963] [BehaviorTreeEngine]: Behavior Tree tick rate 100.00 was exceeded!
[bt_navigator-5] [WARN] [1788853646.417084262] [BehaviorTreeEngine]: Behavior Tree tick rate 100.00 was exceeded!
[bt_navigator-5] [WARN] [1788853646.579421006] [BehaviorTreeEngine]: Behavior Tree tick rate 100.00 was exceeded!
[bt_navigator-5] [WARN] [1788853646.697252967] [BehaviorTreeEngine]: Behavior Tree tick rate 100.00 was exceeded!
[bt_navigator-5] [WARN] [1788853646.841889334] [BehaviorTreeEngine]: Behavior Tree tick rate 100.00 was exceeded!
[bt_navigator-5] [WARN] [1788853647.004192969] [BehaviorTreeEngine]: Behavior Tree tick rate 100.00 was exceeded!
[bt_navigator-5] [WARN] [1788853647.174418281] [BehaviorTreeEngine]: Behavior Tree tick rate 100.00 was exceeded!
[behavior_server-4] [INFO] [1788853647.198848294] [robot1.behavior_server]: wait completed successfully
[bt_navigator-5] [WARN] [1788853647.305044198] [BehaviorTreeEngine]: Behavior Tree tick rate 100.00 was exceeded!
[bt_navigator-5] [WARN] [1788853647.407624668] [BehaviorTreeEngine]: Behavior Tree tick rate 100.00 was exceeded!
[bt_navigator-5] [WARN] [1788853647.450431594] [BehaviorTreeEngine]: Behavior Tree tick rate 100.00 was exceeded!
[bt_navigator-5] [WARN] [1788853647.493953443] [BehaviorTreeEngine]: Behavior Tree tick rate 100.00 was exceeded!
[bt_navigator-5] [WARN] [1788853647.493977670] [robot1.bt_navigator_navigate_to_pose_rclcpp_node]: Timed out while waiting for action server to acknowledge goal request for compute_path_to_pose
[planner_server-3] [INFO] [1788853647.494056297] [robot1.global_costmap.global_costmap]: Received request to clear entirely the global_costmap
[bt_navigator-5] [WARN] [1788853647.547774095] [BehaviorTreeEngine]: Behavior Tree tick rate 100.00 was exceeded!
[bt_navigator-5] [WARN] [1788853647.597261284] [BehaviorTreeEngine]: Behavior Tree tick rate 100.00 was exceeded!
[planner_server-3] [WARN] [1788853647.734657453] [robot1.planner_server]: Planner loop missed its desired rate of 20.0000 Hz. Current loop rate is 4.1604 Hz
[bt_navigator-5] [WARN] [1788853647.768699826] [BehaviorTreeEngine]: Behavior Tree tick rate 100.00 was exceeded!
[controller_server-1] [INFO] [1788853647.784457447] [robot1.controller_server]: Passing new path to controller.
[bt_navigator-5] [WARN] [1788853647.809617037] [BehaviorTreeEngine]: Behavior Tree tick rate 100.00 was exceeded!
[bt_navigator-5] [WARN] [1788853647.882537754] [BehaviorTreeEngine]: Behavior Tree tick rate 100.00 was exceeded!
[bt_navigator-5] [WARN] [1788853647.936243542] [BehaviorTreeEngine]: Behavior Tree tick rate 100.00 was exceeded!
[bt_navigator-5] [WARN] [1788853648.017052591] [BehaviorTreeEngine]: Behavior Tree tick rate 100.00 was exceeded!
[bt_navigator-5] [WARN] [1788853648.060503053] [BehaviorTreeEngine]: Behavior Tree tick rate 100.00 was exceeded!
[bt_navigator-5] [WARN] [1788853648.092521738] [BehaviorTreeEngine]: Behavior Tree tick rate 100.00 was exceeded!
[bt_navigator-5] [WARN] [1788853648.121428336] [BehaviorTreeEngine]: Behavior Tree tick rate 100.00 was exceeded!
[controller_server-1] [INFO] [1788853648.136282139] [robot1.controller_server]: Reached the goal!
[bt_navigator-5] [WARN] [1788853648.160419987] [BehaviorTreeEngine]: Behavior Tree tick rate 100.00 was exceeded!
[bt_navigator-5] [WARN] [1788853648.180343543] [BehaviorTreeEngine]: Behavior Tree tick rate 100.00 was exceeded!
[bt_navigator-5] [WARN] [1788853648.195434160] [BehaviorTreeEngine]: Behavior Tree tick rate 100.00 was exceeded!
[bt_navigator-5] [WARN] [1788853648.216799477] [BehaviorTreeEngine]: Behavior Tree tick rate 100.00 was exceeded!
[bt_navigator-5] [INFO] [1788853648.226650868] [robot1.bt_navigator]: Goal succeeded
[bt_navigator-5] [INFO] [1788853762.906841142] [robot1.bt_navigator]: Begin navigating from current location (-2.06, 5.74) to (-0.27, -0.01)
[controller_server-1] [INFO] [1788853762.933216540] [robot1.controller_server]: Received a goal, begin computing control effort.
[bt_navigator-5] [WARN] [1788853763.008188246] [BehaviorTreeEngine]: Behavior Tree tick rate 100.00 was exceeded!
[bt_navigator-5] [WARN] [1788853763.056885440] [BehaviorTreeEngine]: Behavior Tree tick rate 100.00 was exceeded!
[bt_navigator-5] [WARN] [1788853763.073913023] [BehaviorTreeEngine]: Behavior Tree tick rate 100.00 was exceeded!
[bt_navigator-5] [WARN] [1788853763.178874020] [BehaviorTreeEngine]: Behavior Tree tick rate 100.00 was exceeded!
[bt_navigator-5] [WARN] [1788853763.229006588] [BehaviorTreeEngine]: Behavior Tree tick rate 100.00 was exceeded!
[bt_navigator-5] [WARN] [1788853763.251890939] [BehaviorTreeEngine]: Behavior Tree tick rate 100.00 was exceeded!
[bt_navigator-5] [WARN] [1788853763.283830432] [BehaviorTreeEngine]: Behavior Tree tick rate 100.00 was exceeded!
[bt_navigator-5] [WARN] [1788853763.316064677] [BehaviorTreeEngine]: Behavior Tree tick rate 100.00 was exceeded!
[bt_navigator-5] [WARN] [1788853763.336831349] [BehaviorTreeEngine]: Behavior Tree tick rate 100.00 was exceeded!
[bt_navigator-5] [WARN] [1788853763.377902540] [BehaviorTreeEngine]: Behavior Tree tick rate 100.00 was exceeded!
[bt_navigator-5] [WARN] [1788853763.470933714] [BehaviorTreeEngine]: Behavior Tree tick rate 100.00 was exceeded!
[bt_navigator-5] [WARN] [1788853763.610728649] [BehaviorTreeEngine]: Behavior Tree tick rate 100.00 was exceeded!
[bt_navigator-5] [WARN] [1788853763.726715517] [BehaviorTreeEngine]: Behavior Tree tick rate 100.00 was exceeded!
[bt_navigator-5] [WARN] [1788853763.802119762] [BehaviorTreeEngine]: Behavior Tree tick rate 100.00 was exceeded!
[bt_navigator-5] [WARN] [1788853763.834400068] [BehaviorTreeEngine]: Behavior Tree tick rate 100.00 was exceeded!
[bt_navigator-5] [WARN] [1788853763.872759093] [BehaviorTreeEngine]: Behavior Tree tick rate 100.00 was exceeded!
[bt_navigator-5] [WARN] [1788853763.923933317] [BehaviorTreeEngine]: Behavior Tree tick rate 100.00 was exceeded!
[bt_navigator-5] [WARN] [1788853764.586889225] [BehaviorTreeEngine]: Behavior Tree tick rate 100.00 was exceeded!
[bt_navigator-5] [WARN] [1788853764.586928469] [robot1.bt_navigator_navigate_to_pose_rclcpp_node]: Timed out while waiting for action server to acknowledge goal request for compute_path_to_pose
[planner_server-3] [INFO] [1788853764.587127804] [robot1.global_costmap.global_costmap]: Received request to clear entirely the global_costmap
[planner_server-3] [WARN] [1788853764.739958109] [robot1.planner_server]: Planner loop missed its desired rate of 20.0000 Hz. Current loop rate is 6.6332 Hz
[bt_navigator-5] [WARN] [1788853765.067226026] [BehaviorTreeEngine]: Behavior Tree tick rate 100.00 was exceeded!
[bt_navigator-5] [WARN] [1788853765.407544696] [BehaviorTreeEngine]: Behavior Tree tick rate 100.00 was exceeded!
[controller_server-1] [INFO] [1788853765.433414473] [robot1.controller_server]: Passing new path to controller.
[bt_navigator-5] [WARN] [1788853765.662263267] [BehaviorTreeEngine]: Behavior Tree tick rate 100.00 was exceeded!
[bt_navigator-5] [WARN] [1788853765.829483409] [BehaviorTreeEngine]: Behavior Tree tick rate 100.00 was exceeded!
[bt_navigator-5] [WARN] [1788853766.186236045] [BehaviorTreeEngine]: Behavior Tree tick rate 100.00 was exceeded!
[bt_navigator-5] [WARN] [1788853766.358315892] [BehaviorTreeEngine]: Behavior Tree tick rate 100.00 was exceeded!
[bt_navigator-5] [WARN] [1788853766.422461522] [BehaviorTreeEngine]: Behavior Tree tick rate 100.00 was exceeded!
[bt_navigator-5] [WARN] [1788853766.442879245] [BehaviorTreeEngine]: Behavior Tree tick rate 100.00 was exceeded!
[bt_navigator-5] [WARN] [1788853766.442899902] [robot1.bt_navigator_navigate_to_pose_rclcpp_node]: Timed out while waiting for action server to acknowledge goal request for compute_path_to_pose
[planner_server-3] [INFO] [1788853766.443076968] [robot1.global_costmap.global_costmap]: Received request to clear entirely the global_costmap
[bt_navigator-5] [WARN] [1788853766.458003091] [BehaviorTreeEngine]: Behavior Tree tick rate 100.00 was exceeded!
[bt_navigator-5] [WARN] [1788853766.575395104] [BehaviorTreeEngine]: Behavior Tree tick rate 100.00 was exceeded!
[bt_navigator-5] [WARN] [1788853766.635881222] [BehaviorTreeEngine]: Behavior Tree tick rate 100.00 was exceeded!
[bt_navigator-5] [WARN] [1788853766.665115666] [BehaviorTreeEngine]: Behavior Tree tick rate 100.00 was exceeded!
[bt_navigator-5] [WARN] [1788853766.678557964] [BehaviorTreeEngine]: Behavior Tree tick rate 100.00 was exceeded!
[bt_navigator-5] [WARN] [1788853766.696829482] [BehaviorTreeEngine]: Behavior Tree tick rate 100.00 was exceeded!
[bt_navigator-5] [WARN] [1788853766.736172800] [BehaviorTreeEngine]: Behavior Tree tick rate 100.00 was exceeded!
[planner_server-3] [WARN] [1788853766.740587160] [robot1.planner_server]: Planner loop missed its desired rate of 20.0000 Hz. Current loop rate is 3.5619 Hz
[controller_server-1] [INFO] [1788853766.783411285] [robot1.controller_server]: Passing new path to controller.
[bt_navigator-5] [WARN] [1788853766.871197972] [BehaviorTreeEngine]: Behavior Tree tick rate 100.00 was exceeded!
[bt_navigator-5] [WARN] [1788853767.026795229] [BehaviorTreeEngine]: Behavior Tree tick rate 100.00 was exceeded!
[bt_navigator-5] [WARN] [1788853767.124119822] [BehaviorTreeEngine]: Behavior Tree tick rate 100.00 was exceeded!
[bt_navigator-5] [WARN] [1788853767.266631187] [BehaviorTreeEngine]: Behavior Tree tick rate 100.00 was exceeded!
[bt_navigator-5] [WARN] [1788853767.409955667] [BehaviorTreeEngine]: Behavior Tree tick rate 100.00 was exceeded!
[bt_navigator-5] [WARN] [1788853767.427139593] [BehaviorTreeEngine]: Behavior Tree tick rate 100.00 was exceeded!
[bt_navigator-5] [WARN] [1788853767.446965060] [BehaviorTreeEngine]: Behavior Tree tick rate 100.00 was exceeded!
[bt_navigator-5] [WARN] [1788853767.660879436] [BehaviorTreeEngine]: Behavior Tree tick rate 100.00 was exceeded!
[bt_navigator-5] [WARN] [1788853767.680808244] [BehaviorTreeEngine]: Behavior Tree tick rate 100.00 was exceeded!
[controller_server-1] [INFO] [1788853767.833412050] [robot1.controller_server]: Passing new path to controller.
[bt_navigator-5] [WARN] [1788853767.848371172] [BehaviorTreeEngine]: Behavior Tree tick rate 100.00 was exceeded!
[bt_navigator-5] [WARN] [1788853767.868706053] [BehaviorTreeEngine]: Behavior Tree tick rate 100.00 was exceeded!
[bt_navigator-5] [WARN] [1788853767.960615352] [BehaviorTreeEngine]: Behavior Tree tick rate 100.00 was exceeded!
[bt_navigator-5] [WARN] [1788853768.045951248] [BehaviorTreeEngine]: Behavior Tree tick rate 100.00 was exceeded!
[bt_navigator-5] [WARN] [1788853768.085248013] [BehaviorTreeEngine]: Behavior Tree tick rate 100.00 was exceeded!
[bt_navigator-5] [WARN] [1788853768.107869964] [BehaviorTreeEngine]: Behavior Tree tick rate 100.00 was exceeded!
[bt_navigator-5] [WARN] [1788853768.142356743] [BehaviorTreeEngine]: Behavior Tree tick rate 100.00 was exceeded!
[bt_navigator-5] [WARN] [1788853768.194552931] [BehaviorTreeEngine]: Behavior Tree tick rate 100.00 was exceeded!
[bt_navigator-5] [WARN] [1788853768.212705425] [BehaviorTreeEngine]: Behavior Tree tick rate 100.00 was exceeded!
[bt_navigator-5] [WARN] [1788853768.332432494] [BehaviorTreeEngine]: Behavior Tree tick rate 100.00 was exceeded!
[bt_navigator-5] [WARN] [1788853768.483729407] [BehaviorTreeEngine]: Behavior Tree tick rate 100.00 was exceeded!
[bt_navigator-5] [WARN] [1788853768.522975918] [BehaviorTreeEngine]: Behavior Tree tick rate 100.00 was exceeded!
[bt_navigator-5] [WARN] [1788853768.575563856] [BehaviorTreeEngine]: Behavior Tree tick rate 100.00 was exceeded!
[bt_navigator-5] [WARN] [1788853768.628988985] [BehaviorTreeEngine]: Behavior Tree tick rate 100.00 was exceeded!
[bt_navigator-5] [WARN] [1788853768.694093419] [BehaviorTreeEngine]: Behavior Tree tick rate 100.00 was exceeded!
[bt_navigator-5] [WARN] [1788853768.761015122] [BehaviorTreeEngine]: Behavior Tree tick rate 100.00 was exceeded!
[bt_navigator-5] [WARN] [1788853768.799618315] [BehaviorTreeEngine]: Behavior Tree tick rate 100.00 was exceeded!
[bt_navigator-5] [WARN] [1788853768.825888108] [BehaviorTreeEngine]: Behavior Tree tick rate 100.00 was exceeded!
[controller_server-1] [INFO] [1788853768.833391424] [robot1.controller_server]: Passing new path to controller.
[bt_navigator-5] [WARN] [1788853768.858952450] [BehaviorTreeEngine]: Behavior Tree tick rate 100.00 was exceeded!
[bt_navigator-5] [WARN] [1788853768.964939377] [BehaviorTreeEngine]: Behavior Tree tick rate 100.00 was exceeded!
[bt_navigator-5] [WARN] [1788853769.017640598] [BehaviorTreeEngine]: Behavior Tree tick rate 100.00 was exceeded!
[bt_navigator-5] [WARN] [1788853769.051360165] [BehaviorTreeEngine]: Behavior Tree tick rate 100.00 was exceeded!
[bt_navigator-5] [WARN] [1788853769.086765828] [BehaviorTreeEngine]: Behavior Tree tick rate 100.00 was exceeded!
[bt_navigator-5] [WARN] [1788853769.144814739] [BehaviorTreeEngine]: Behavior Tree tick rate 100.00 was exceeded!
[bt_navigator-5] [WARN] [1788853769.176285653] [BehaviorTreeEngine]: Behavior Tree tick rate 100.00 was exceeded!
[bt_navigator-5] [WARN] [1788853769.212578624] [BehaviorTreeEngine]: Behavior Tree tick rate 100.00 was exceeded!
[bt_navigator-5] [WARN] [1788853769.328232885] [BehaviorTreeEngine]: Behavior Tree tick rate 100.00 was exceeded!
[bt_navigator-5] [WARN] [1788853769.353254459] [BehaviorTreeEngine]: Behavior Tree tick rate 100.00 was exceeded!
[bt_navigator-5] [WARN] [1788853769.420410672] [BehaviorTreeEngine]: Behavior Tree tick rate 100.00 was exceeded!
[bt_navigator-5] [WARN] [1788853769.464549568] [BehaviorTreeEngine]: Behavior Tree tick rate 100.00 was exceeded!
[bt_navigator-5] [WARN] [1788853769.498996719] [BehaviorTreeEngine]: Behavior Tree tick rate 100.00 was exceeded!
[bt_navigator-5] [WARN] [1788853769.513951563] [BehaviorTreeEngine]: Behavior Tree tick rate 100.00 was exceeded!
[bt_navigator-5] [WARN] [1788853769.629780199] [BehaviorTreeEngine]: Behavior Tree tick rate 100.00 was exceeded!
[bt_navigator-5] [WARN] [1788853769.701794254] [BehaviorTreeEngine]: Behavior Tree tick rate 100.00 was exceeded!
[bt_navigator-5] [WARN] [1788853769.815071062] [BehaviorTreeEngine]: Behavior Tree tick rate 100.00 was exceeded!
[bt_navigator-5] [WARN] [1788853769.859756191] [BehaviorTreeEngine]: Behavior Tree tick rate 100.00 was exceeded!
[controller_server-1] [INFO] [1788853769.883416606] [robot1.controller_server]: Passing new path to controller.
[bt_navigator-5] [WARN] [1788853769.978617759] [BehaviorTreeEngine]: Behavior Tree tick rate 100.00 was exceeded!
[bt_navigator-5] [WARN] [1788853770.069196884] [BehaviorTreeEngine]: Behavior Tree tick rate 100.00 was exceeded!
[bt_navigator-5] [WARN] [1788853770.118639556] [BehaviorTreeEngine]: Behavior Tree tick rate 100.00 was exceeded!
[bt_navigator-5] [WARN] [1788853770.131071409] [BehaviorTreeEngine]: Behavior Tree tick rate 100.00 was exceeded!
[bt_navigator-5] [WARN] [1788853770.162263559] [BehaviorTreeEngine]: Behavior Tree tick rate 100.00 was exceeded!
[bt_navigator-5] [WARN] [1788853770.191535835] [BehaviorTreeEngine]: Behavior Tree tick rate 100.00 was exceeded!
[bt_navigator-5] [WARN] [1788853770.345295126] [BehaviorTreeEngine]: Behavior Tree tick rate 100.00 was exceeded!
[bt_navigator-5] [WARN] [1788853770.406860869] [BehaviorTreeEngine]: Behavior Tree tick rate 100.00 was exceeded!
[bt_navigator-5] [WARN] [1788853770.447980421] [BehaviorTreeEngine]: Behavior Tree tick rate 100.00 was exceeded!
[bt_navigator-5] [WARN] [1788853770.489794284] [BehaviorTreeEngine]: Behavior Tree tick rate 100.00 was exceeded!
[bt_navigator-5] [WARN] [1788853770.519432567] [BehaviorTreeEngine]: Behavior Tree tick rate 100.00 was exceeded!
[bt_navigator-5] [WARN] [1788853770.571875741] [BehaviorTreeEngine]: Behavior Tree tick rate 100.00 was exceeded!
[bt_navigator-5] [WARN] [1788853770.622804412] [BehaviorTreeEngine]: Behavior Tree tick rate 100.00 was exceeded!
[bt_navigator-5] [WARN] [1788853770.707787608] [BehaviorTreeEngine]: Behavior Tree tick rate 100.00 was exceeded!
[bt_navigator-5] [WARN] [1788853770.748123306] [BehaviorTreeEngine]: Behavior Tree tick rate 100.00 was exceeded!
[bt_navigator-5] [WARN] [1788853770.772392524] [BehaviorTreeEngine]: Behavior Tree tick rate 100.00 was exceeded!
[bt_navigator-5] [WARN] [1788853770.803187442] [BehaviorTreeEngine]: Behavior Tree tick rate 100.00 was exceeded!
[bt_navigator-5] [WARN] [1788853770.841533636] [BehaviorTreeEngine]: Behavior Tree tick rate 100.00 was exceeded!
[controller_server-1] [INFO] [1788853770.883416830] [robot1.controller_server]: Passing new path to controller.
[bt_navigator-5] [WARN] [1788853770.897886953] [BehaviorTreeEngine]: Behavior Tree tick rate 100.00 was exceeded!
[bt_navigator-5] [WARN] [1788853770.957748824] [BehaviorTreeEngine]: Behavior Tree tick rate 100.00 was exceeded!
[bt_navigator-5] [WARN] [1788853771.043797804] [BehaviorTreeEngine]: Behavior Tree tick rate 100.00 was exceeded!
[bt_navigator-5] [WARN] [1788853771.094902066] [BehaviorTreeEngine]: Behavior Tree tick rate 100.00 was exceeded!
[bt_navigator-5] [WARN] [1788853771.170860699] [BehaviorTreeEngine]: Behavior Tree tick rate 100.00 was exceeded!
[bt_navigator-5] [WARN] [1788853771.217007325] [BehaviorTreeEngine]: Behavior Tree tick rate 100.00 was exceeded!
[bt_navigator-5] [WARN] [1788853771.248764305] [BehaviorTreeEngine]: Behavior Tree tick rate 100.00 was exceeded!
[bt_navigator-5] [WARN] [1788853771.263457335] [BehaviorTreeEngine]: Behavior Tree tick rate 100.00 was exceeded!
[bt_navigator-5] [WARN] [1788853771.290930511] [BehaviorTreeEngine]: Behavior Tree tick rate 100.00 was exceeded!
[bt_navigator-5] [WARN] [1788853771.341468984] [BehaviorTreeEngine]: Behavior Tree tick rate 100.00 was exceeded!
[bt_navigator-5] [WARN] [1788853771.461171630] [BehaviorTreeEngine]: Behavior Tree tick rate 100.00 was exceeded!
[bt_navigator-5] [WARN] [1788853771.603905568] [BehaviorTreeEngine]: Behavior Tree tick rate 100.00 was exceeded!
[bt_navigator-5] [WARN] [1788853771.628133235] [BehaviorTreeEngine]: Behavior Tree tick rate 100.00 was exceeded!
[bt_navigator-5] [WARN] [1788853771.669271739] [BehaviorTreeEngine]: Behavior Tree tick rate 100.00 was exceeded!
[bt_navigator-5] [WARN] [1788853771.701193333] [BehaviorTreeEngine]: Behavior Tree tick rate 100.00 was exceeded!
[bt_navigator-5] [WARN] [1788853771.757760147] [BehaviorTreeEngine]: Behavior Tree tick rate 100.00 was exceeded!
[bt_navigator-5] [WARN] [1788853771.829828559] [BehaviorTreeEngine]: Behavior Tree tick rate 100.00 was exceeded!
[bt_navigator-5] [WARN] [1788853771.872433102] [BehaviorTreeEngine]: Behavior Tree tick rate 100.00 was exceeded!
[controller_server-1] [INFO] [1788853771.933414850] [robot1.controller_server]: Passing new path to controller.
[bt_navigator-5] [WARN] [1788853771.960615605] [BehaviorTreeEngine]: Behavior Tree tick rate 100.00 was exceeded!
[bt_navigator-5] [WARN] [1788853771.960639846] [robot1.bt_navigator_navigate_to_pose_rclcpp_node]: Timed out while waiting for action server to acknowledge goal request for follow_path
[controller_server-1] [INFO] [1788853771.960741227] [robot1.local_costmap.local_costmap]: Received request to clear entirely the local_costmap
[bt_navigator-5] [WARN] [1788853772.012247156] [BehaviorTreeEngine]: Behavior Tree tick rate 100.00 was exceeded!
[bt_navigator-5] [WARN] [1788853772.045222011] [BehaviorTreeEngine]: Behavior Tree tick rate 100.00 was exceeded!
[controller_server-1] [INFO] [1788853772.073451599] [robot1.controller_server]: Passing new path to controller.
[controller_server-1] [WARN] [1788853772.074884686] [robot1.controller_server]: Control loop missed its desired rate of 20.0000Hz
[bt_navigator-5] [WARN] [1788853772.106005283] [BehaviorTreeEngine]: Behavior Tree tick rate 100.00 was exceeded!
[bt_navigator-5] [WARN] [1788853772.180181322] [BehaviorTreeEngine]: Behavior Tree tick rate 100.00 was exceeded!
[bt_navigator-5] [WARN] [1788853772.227446106] [BehaviorTreeEngine]: Behavior Tree tick rate 100.00 was exceeded!
[bt_navigator-5] [WARN] [1788853772.251819758] [BehaviorTreeEngine]: Behavior Tree tick rate 100.00 was exceeded!
[bt_navigator-5] [WARN] [1788853772.275152877] [BehaviorTreeEngine]: Behavior Tree tick rate 100.00 was exceeded!
[bt_navigator-5] [WARN] [1788853772.310512778] [BehaviorTreeEngine]: Behavior Tree tick rate 100.00 was exceeded!
[bt_navigator-5] [WARN] [1788853772.342811809] [BehaviorTreeEngine]: Behavior Tree tick rate 100.00 was exceeded!
[bt_navigator-5] [WARN] [1788853772.402214950] [BehaviorTreeEngine]: Behavior Tree tick rate 100.00 was exceeded!
[bt_navigator-5] [WARN] [1788853772.450597755] [BehaviorTreeEngine]: Behavior Tree tick rate 100.00 was exceeded!
[bt_navigator-5] [WARN] [1788853772.477534239] [BehaviorTreeEngine]: Behavior Tree tick rate 100.00 was exceeded!
[bt_navigator-5] [WARN] [1788853772.529499016] [BehaviorTreeEngine]: Behavior Tree tick rate 100.00 was exceeded!
[bt_navigator-5] [WARN] [1788853772.603952476] [BehaviorTreeEngine]: Behavior Tree tick rate 100.00 was exceeded!
[bt_navigator-5] [WARN] [1788853772.657365057] [BehaviorTreeEngine]: Behavior Tree tick rate 100.00 was exceeded!
[bt_navigator-5] [WARN] [1788853772.714847905] [BehaviorTreeEngine]: Behavior Tree tick rate 100.00 was exceeded!
[bt_navigator-5] [WARN] [1788853772.795818694] [BehaviorTreeEngine]: Behavior Tree tick rate 100.00 was exceeded!
[bt_navigator-5] [WARN] [1788853772.847616556] [BehaviorTreeEngine]: Behavior Tree tick rate 100.00 was exceeded!
[bt_navigator-5] [WARN] [1788853772.890741129] [BehaviorTreeEngine]: Behavior Tree tick rate 100.00 was exceeded!
[bt_navigator-5] [WARN] [1788853772.948646165] [BehaviorTreeEngine]: Behavior Tree tick rate 100.00 was exceeded!
[bt_navigator-5] [WARN] [1788853772.948672574] [robot1.bt_navigator_navigate_to_pose_rclcpp_node]: Timed out while waiting for action server to acknowledge goal request for compute_path_to_pose
[planner_server-3] [INFO] [1788853772.948763568] [robot1.global_costmap.global_costmap]: Received request to clear entirely the global_costmap
[bt_navigator-5] [WARN] [1788853772.993835563] [BehaviorTreeEngine]: Behavior Tree tick rate 100.00 was exceeded!
[bt_navigator-5] [WARN] [1788853773.064138425] [BehaviorTreeEngine]: Behavior Tree tick rate 100.00 was exceeded!
[bt_navigator-5] [WARN] [1788853773.145826286] [BehaviorTreeEngine]: Behavior Tree tick rate 100.00 was exceeded!
[bt_navigator-5] [WARN] [1788853773.185437569] [BehaviorTreeEngine]: Behavior Tree tick rate 100.00 was exceeded!
[bt_navigator-5] [WARN] [1788853773.394892931] [BehaviorTreeEngine]: Behavior Tree tick rate 100.00 was exceeded!
[bt_navigator-5] [WARN] [1788853773.456352659] [BehaviorTreeEngine]: Behavior Tree tick rate 100.00 was exceeded!
[bt_navigator-5] [WARN] [1788853773.502319384] [BehaviorTreeEngine]: Behavior Tree tick rate 100.00 was exceeded!
[bt_navigator-5] [WARN] [1788853773.637973776] [BehaviorTreeEngine]: Behavior Tree tick rate 100.00 was exceeded!
[bt_navigator-5] [WARN] [1788853773.686943085] [BehaviorTreeEngine]: Behavior Tree tick rate 100.00 was exceeded!
[planner_server-3] [WARN] [1788853773.740167433] [robot1.planner_server]: Planner loop missed its desired rate of 20.0000 Hz. Current loop rate is 1.2646 Hz
[bt_navigator-5] [WARN] [1788853773.757920744] [BehaviorTreeEngine]: Behavior Tree tick rate 100.00 was exceeded!
[bt_navigator-5] [WARN] [1788853773.864760307] [BehaviorTreeEngine]: Behavior Tree tick rate 100.00 was exceeded!
[controller_server-1] [INFO] [1788853773.883418786] [robot1.controller_server]: Passing new path to controller.
[bt_navigator-5] [WARN] [1788853773.911472783] [BehaviorTreeEngine]: Behavior Tree tick rate 100.00 was exceeded!
[bt_navigator-5] [WARN] [1788853774.052157017] [BehaviorTreeEngine]: Behavior Tree tick rate 100.00 was exceeded!
[bt_navigator-5] [WARN] [1788853774.111042922] [BehaviorTreeEngine]: Behavior Tree tick rate 100.00 was exceeded!
[bt_navigator-5] [WARN] [1788853774.166705764] [BehaviorTreeEngine]: Behavior Tree tick rate 100.00 was exceeded!
[bt_navigator-5] [WARN] [1788853774.238295468] [BehaviorTreeEngine]: Behavior Tree tick rate 100.00 was exceeded!
[bt_navigator-5] [WARN] [1788853774.290461034] [BehaviorTreeEngine]: Behavior Tree tick rate 100.00 was exceeded!
[bt_navigator-5] [WARN] [1788853774.312001064] [BehaviorTreeEngine]: Behavior Tree tick rate 100.00 was exceeded!
[bt_navigator-5] [WARN] [1788853774.369614627] [BehaviorTreeEngine]: Behavior Tree tick rate 100.00 was exceeded!
[bt_navigator-5] [WARN] [1788853774.600241953] [BehaviorTreeEngine]: Behavior Tree tick rate 100.00 was exceeded!
[bt_navigator-5] [WARN] [1788853774.633028282] [BehaviorTreeEngine]: Behavior Tree tick rate 100.00 was exceeded!
[bt_navigator-5] [WARN] [1788853774.664167358] [BehaviorTreeEngine]: Behavior Tree tick rate 100.00 was exceeded!
[bt_navigator-5] [WARN] [1788853774.734831027] [BehaviorTreeEngine]: Behavior Tree tick rate 100.00 was exceeded!
[bt_navigator-5] [WARN] [1788853774.829485476] [BehaviorTreeEngine]: Behavior Tree tick rate 100.00 was exceeded!
[bt_navigator-5] [WARN] [1788853774.879416147] [BehaviorTreeEngine]: Behavior Tree tick rate 100.00 was exceeded!
[controller_server-1] [INFO] [1788853774.933393280] [robot1.controller_server]: Passing new path to controller.
[bt_navigator-5] [WARN] [1788853775.046851948] [BehaviorTreeEngine]: Behavior Tree tick rate 100.00 was exceeded!
[bt_navigator-5] [WARN] [1788853775.075086183] [BehaviorTreeEngine]: Behavior Tree tick rate 100.00 was exceeded!
[bt_navigator-5] [WARN] [1788853775.130641624] [BehaviorTreeEngine]: Behavior Tree tick rate 100.00 was exceeded!
[bt_navigator-5] [WARN] [1788853775.379929476] [BehaviorTreeEngine]: Behavior Tree tick rate 100.00 was exceeded!
[bt_navigator-5] [WARN] [1788853775.495850163] [BehaviorTreeEngine]: Behavior Tree tick rate 100.00 was exceeded!
[bt_navigator-5] [WARN] [1788853775.647304369] [BehaviorTreeEngine]: Behavior Tree tick rate 100.00 was exceeded!
[bt_navigator-5] [WARN] [1788853775.691736165] [BehaviorTreeEngine]: Behavior Tree tick rate 100.00 was exceeded!
[bt_navigator-5] [WARN] [1788853775.747592946] [BehaviorTreeEngine]: Behavior Tree tick rate 100.00 was exceeded!
[bt_navigator-5] [WARN] [1788853775.844456721] [BehaviorTreeEngine]: Behavior Tree tick rate 100.00 was exceeded!
[bt_navigator-5] [WARN] [1788853775.899001959] [BehaviorTreeEngine]: Behavior Tree tick rate 100.00 was exceeded!
[controller_server-1] [INFO] [1788853775.933413598] [robot1.controller_server]: Passing new path to controller.
[bt_navigator-5] [WARN] [1788853776.076621565] [BehaviorTreeEngine]: Behavior Tree tick rate 100.00 was exceeded!
[bt_navigator-5] [WARN] [1788853776.106924092] [BehaviorTreeEngine]: Behavior Tree tick rate 100.00 was exceeded!
[bt_navigator-5] [WARN] [1788853776.218661528] [BehaviorTreeEngine]: Behavior Tree tick rate 100.00 was exceeded!
[bt_navigator-5] [WARN] [1788853776.433502789] [BehaviorTreeEngine]: Behavior Tree tick rate 100.00 was exceeded!
[bt_navigator-5] [WARN] [1788853776.480860966] [BehaviorTreeEngine]: Behavior Tree tick rate 100.00 was exceeded!
[bt_navigator-5] [WARN] [1788853776.632034322] [BehaviorTreeEngine]: Behavior Tree tick rate 100.00 was exceeded!
[bt_navigator-5] [WARN] [1788853776.692513492] [BehaviorTreeEngine]: Behavior Tree tick rate 100.00 was exceeded!
[bt_navigator-5] [WARN] [1788853776.886178978] [BehaviorTreeEngine]: Behavior Tree tick rate 100.00 was exceeded!
[bt_navigator-5] [WARN] [1788853776.931228783] [BehaviorTreeEngine]: Behavior Tree tick rate 100.00 was exceeded!
[bt_navigator-5] [WARN] [1788853776.972479144] [BehaviorTreeEngine]: Behavior Tree tick rate 100.00 was exceeded!
[controller_server-1] [INFO] [1788853776.983416013] [robot1.controller_server]: Passing new path to controller.
[bt_navigator-5] [WARN] [1788853777.005361707] [BehaviorTreeEngine]: Behavior Tree tick rate 100.00 was exceeded!
[bt_navigator-5] [WARN] [1788853777.078835279] [BehaviorTreeEngine]: Behavior Tree tick rate 100.00 was exceeded!
[bt_navigator-5] [WARN] [1788853777.190422619] [BehaviorTreeEngine]: Behavior Tree tick rate 100.00 was exceeded!
[bt_navigator-5] [WARN] [1788853777.232023454] [BehaviorTreeEngine]: Behavior Tree tick rate 100.00 was exceeded!
[bt_navigator-5] [WARN] [1788853777.373361183] [BehaviorTreeEngine]: Behavior Tree tick rate 100.00 was exceeded!
[bt_navigator-5] [WARN] [1788853777.440039958] [BehaviorTreeEngine]: Behavior Tree tick rate 100.00 was exceeded!
[bt_navigator-5] [WARN] [1788853777.510762794] [BehaviorTreeEngine]: Behavior Tree tick rate 100.00 was exceeded!
[bt_navigator-5] [WARN] [1788853777.543324750] [BehaviorTreeEngine]: Behavior Tree tick rate 100.00 was exceeded!
[bt_navigator-5] [WARN] [1788853777.591199737] [BehaviorTreeEngine]: Behavior Tree tick rate 100.00 was exceeded!
[bt_navigator-5] [WARN] [1788853777.652825632] [BehaviorTreeEngine]: Behavior Tree tick rate 100.00 was exceeded!
[bt_navigator-5] [WARN] [1788853777.701970708] [BehaviorTreeEngine]: Behavior Tree tick rate 100.00 was exceeded!
[bt_navigator-5] [WARN] [1788853777.951599134] [BehaviorTreeEngine]: Behavior Tree tick rate 100.00 was exceeded!
[bt_navigator-5] [WARN] [1788853778.021676070] [BehaviorTreeEngine]: Behavior Tree tick rate 100.00 was exceeded!
[bt_navigator-5] [WARN] [1788853778.021710572] [robot1.bt_navigator_navigate_to_pose_rclcpp_node]: Timed out while waiting for action server to acknowledge goal request for compute_path_to_pose
[planner_server-3] [INFO] [1788853778.021792683] [robot1.global_costmap.global_costmap]: Received request to clear entirely the global_costmap
[bt_navigator-5] [WARN] [1788853778.142078165] [BehaviorTreeEngine]: Behavior Tree tick rate 100.00 was exceeded!
[bt_navigator-5] [WARN] [1788853778.393699495] [BehaviorTreeEngine]: Behavior Tree tick rate 100.00 was exceeded!
[bt_navigator-5] [WARN] [1788853778.431556333] [BehaviorTreeEngine]: Behavior Tree tick rate 100.00 was exceeded!
[bt_navigator-5] [WARN] [1788853778.601703674] [BehaviorTreeEngine]: Behavior Tree tick rate 100.00 was exceeded!
[planner_server-3] [WARN] [1788853778.733008297] [robot1.planner_server]: Planner loop missed its desired rate of 20.0000 Hz. Current loop rate is 1.4076 Hz
[controller_server-1] [INFO] [1788853778.783421075] [robot1.controller_server]: Passing new path to controller.
[bt_navigator-5] [WARN] [1788853778.783811692] [BehaviorTreeEngine]: Behavior Tree tick rate 100.00 was exceeded!
[bt_navigator-5] [WARN] [1788853778.928421941] [BehaviorTreeEngine]: Behavior Tree tick rate 100.00 was exceeded!
[bt_navigator-5] [WARN] [1788853779.018526974] [BehaviorTreeEngine]: Behavior Tree tick rate 100.00 was exceeded!
[bt_navigator-5] [WARN] [1788853779.160238924] [BehaviorTreeEngine]: Behavior Tree tick rate 100.00 was exceeded!
[bt_navigator-5] [WARN] [1788853779.340568006] [BehaviorTreeEngine]: Behavior Tree tick rate 100.00 was exceeded!
[bt_navigator-5] [WARN] [1788853779.463617218] [BehaviorTreeEngine]: Behavior Tree tick rate 100.00 was exceeded!
[bt_navigator-5] [WARN] [1788853779.482701760] [BehaviorTreeEngine]: Behavior Tree tick rate 100.00 was exceeded!
[bt_navigator-5] [WARN] [1788853779.514026704] [BehaviorTreeEngine]: Behavior Tree tick rate 100.00 was exceeded!
[bt_navigator-5] [WARN] [1788853779.535086739] [BehaviorTreeEngine]: Behavior Tree tick rate 100.00 was exceeded!
[bt_navigator-5] [WARN] [1788853779.662475765] [BehaviorTreeEngine]: Behavior Tree tick rate 100.00 was exceeded!
[bt_navigator-5] [WARN] [1788853779.711806284] [BehaviorTreeEngine]: Behavior Tree tick rate 100.00 was exceeded!
[bt_navigator-5] [WARN] [1788853779.724710616] [BehaviorTreeEngine]: Behavior Tree tick rate 100.00 was exceeded!
[bt_navigator-5] [WARN] [1788853779.746932751] [BehaviorTreeEngine]: Behavior Tree tick rate 100.00 was exceeded!
[controller_server-1] [INFO] [1788853779.783390033] [robot1.controller_server]: Passing new path to controller.
[bt_navigator-5] [WARN] [1788853779.855258707] [BehaviorTreeEngine]: Behavior Tree tick rate 100.00 was exceeded!
[bt_navigator-5] [WARN] [1788853779.901916372] [BehaviorTreeEngine]: Behavior Tree tick rate 100.00 was exceeded!
[bt_navigator-5] [WARN] [1788853779.993949935] [BehaviorTreeEngine]: Behavior Tree tick rate 100.00 was exceeded!
[bt_navigator-5] [WARN] [1788853780.049228065] [BehaviorTreeEngine]: Behavior Tree tick rate 100.00 was exceeded!
[bt_navigator-5] [WARN] [1788853780.070509049] [BehaviorTreeEngine]: Behavior Tree tick rate 100.00 was exceeded!
[bt_navigator-5] [WARN] [1788853780.098973260] [BehaviorTreeEngine]: Behavior Tree tick rate 100.00 was exceeded!
[bt_navigator-5] [WARN] [1788853780.157704625] [BehaviorTreeEngine]: Behavior Tree tick rate 100.00 was exceeded!
[bt_navigator-5] [WARN] [1788853780.260178081] [BehaviorTreeEngine]: Behavior Tree tick rate 100.00 was exceeded!
[bt_navigator-5] [WARN] [1788853780.353119508] [BehaviorTreeEngine]: Behavior Tree tick rate 100.00 was exceeded!
[bt_navigator-5] [WARN] [1788853780.412142238] [BehaviorTreeEngine]: Behavior Tree tick rate 100.00 was exceeded!
[bt_navigator-5] [WARN] [1788853780.444559455] [BehaviorTreeEngine]: Behavior Tree tick rate 100.00 was exceeded!
[bt_navigator-5] [WARN] [1788853780.467833721] [BehaviorTreeEngine]: Behavior Tree tick rate 100.00 was exceeded!
[bt_navigator-5] [WARN] [1788853780.503003888] [BehaviorTreeEngine]: Behavior Tree tick rate 100.00 was exceeded!
[bt_navigator-5] [WARN] [1788853780.525332004] [BehaviorTreeEngine]: Behavior Tree tick rate 100.00 was exceeded!
[bt_navigator-5] [WARN] [1788853780.794576302] [BehaviorTreeEngine]: Behavior Tree tick rate 100.00 was exceeded!
[controller_server-1] [INFO] [1788853780.833391305] [robot1.controller_server]: Passing new path to controller.
[bt_navigator-5] [WARN] [1788853780.848861751] [BehaviorTreeEngine]: Behavior Tree tick rate 100.00 was exceeded!
[bt_navigator-5] [WARN] [1788853781.100466703] [BehaviorTreeEngine]: Behavior Tree tick rate 100.00 was exceeded!
[bt_navigator-5] [WARN] [1788853781.119910863] [BehaviorTreeEngine]: Behavior Tree tick rate 100.00 was exceeded!
[bt_navigator-5] [WARN] [1788853781.199787498] [BehaviorTreeEngine]: Behavior Tree tick rate 100.00 was exceeded!
[bt_navigator-5] [WARN] [1788853781.350714072] [BehaviorTreeEngine]: Behavior Tree tick rate 100.00 was exceeded!
[bt_navigator-5] [WARN] [1788853781.380652988] [BehaviorTreeEngine]: Behavior Tree tick rate 100.00 was exceeded!
[bt_navigator-5] [WARN] [1788853781.565266847] [BehaviorTreeEngine]: Behavior Tree tick rate 100.00 was exceeded!
[bt_navigator-5] [WARN] [1788853781.595281722] [BehaviorTreeEngine]: Behavior Tree tick rate 100.00 was exceeded!
[bt_navigator-5] [WARN] [1788853781.656770583] [BehaviorTreeEngine]: Behavior Tree tick rate 100.00 was exceeded!
[bt_navigator-5] [WARN] [1788853781.737440496] [BehaviorTreeEngine]: Behavior Tree tick rate 100.00 was exceeded!
[bt_navigator-5] [WARN] [1788853781.790274994] [BehaviorTreeEngine]: Behavior Tree tick rate 100.00 was exceeded!
[bt_navigator-5] [WARN] [1788853781.860221334] [BehaviorTreeEngine]: Behavior Tree tick rate 100.00 was exceeded!
[controller_server-1] [INFO] [1788853781.933413219] [robot1.controller_server]: Passing new path to controller.
[bt_navigator-5] [WARN] [1788853781.939000017] [BehaviorTreeEngine]: Behavior Tree tick rate 100.00 was exceeded!
[bt_navigator-5] [WARN] [1788853781.989258807] [BehaviorTreeEngine]: Behavior Tree tick rate 100.00 was exceeded!
[bt_navigator-5] [WARN] [1788853782.021809866] [BehaviorTreeEngine]: Behavior Tree tick rate 100.00 was exceeded!
[bt_navigator-5] [WARN] [1788853782.063032143] [BehaviorTreeEngine]: Behavior Tree tick rate 100.00 was exceeded!
[bt_navigator-5] [WARN] [1788853782.095355976] [BehaviorTreeEngine]: Behavior Tree tick rate 100.00 was exceeded!
[bt_navigator-5] [WARN] [1788853782.130350251] [BehaviorTreeEngine]: Behavior Tree tick rate 100.00 was exceeded!
[bt_navigator-5] [WARN] [1788853782.222556895] [BehaviorTreeEngine]: Behavior Tree tick rate 100.00 was exceeded!
[bt_navigator-5] [WARN] [1788853782.263124954] [BehaviorTreeEngine]: Behavior Tree tick rate 100.00 was exceeded!
[bt_navigator-5] [WARN] [1788853782.324840702] [BehaviorTreeEngine]: Behavior Tree tick rate 100.00 was exceeded!
[bt_navigator-5] [WARN] [1788853782.368765198] [BehaviorTreeEngine]: Behavior Tree tick rate 100.00 was exceeded!
[bt_navigator-5] [WARN] [1788853782.399775433] [BehaviorTreeEngine]: Behavior Tree tick rate 100.00 was exceeded!
[bt_navigator-5] [WARN] [1788853782.465605806] [BehaviorTreeEngine]: Behavior Tree tick rate 100.00 was exceeded!
[bt_navigator-5] [WARN] [1788853782.513096056] [BehaviorTreeEngine]: Behavior Tree tick rate 100.00 was exceeded!
[bt_navigator-5] [WARN] [1788853782.527177443] [BehaviorTreeEngine]: Behavior Tree tick rate 100.00 was exceeded!
[bt_navigator-5] [WARN] [1788853782.631216110] [BehaviorTreeEngine]: Behavior Tree tick rate 100.00 was exceeded!
[bt_navigator-5] [WARN] [1788853782.816963495] [BehaviorTreeEngine]: Behavior Tree tick rate 100.00 was exceeded!
[controller_server-1] [INFO] [1788853782.933409516] [robot1.controller_server]: Passing new path to controller.
[bt_navigator-5] [WARN] [1788853783.257071863] [BehaviorTreeEngine]: Behavior Tree tick rate 100.00 was exceeded!
[bt_navigator-5] [WARN] [1788853783.429909017] [BehaviorTreeEngine]: Behavior Tree tick rate 100.00 was exceeded!
[bt_navigator-5] [WARN] [1788853783.558382763] [BehaviorTreeEngine]: Behavior Tree tick rate 100.00 was exceeded!
[bt_navigator-5] [WARN] [1788853783.649446442] [BehaviorTreeEngine]: Behavior Tree tick rate 100.00 was exceeded!
[bt_navigator-5] [WARN] [1788853783.720512922] [BehaviorTreeEngine]: Behavior Tree tick rate 100.00 was exceeded!
[bt_navigator-5] [WARN] [1788853783.778240553] [BehaviorTreeEngine]: Behavior Tree tick rate 100.00 was exceeded!
[bt_navigator-5] [WARN] [1788853783.836514001] [BehaviorTreeEngine]: Behavior Tree tick rate 100.00 was exceeded!
[bt_navigator-5] [WARN] [1788853783.906368716] [BehaviorTreeEngine]: Behavior Tree tick rate 100.00 was exceeded!
[bt_navigator-5] [WARN] [1788853783.936777551] [BehaviorTreeEngine]: Behavior Tree tick rate 100.00 was exceeded!
[controller_server-1] [INFO] [1788853783.983394035] [robot1.controller_server]: Passing new path to controller.
[bt_navigator-5] [WARN] [1788853784.049270803] [BehaviorTreeEngine]: Behavior Tree tick rate 100.00 was exceeded!
[bt_navigator-5] [WARN] [1788853784.181876305] [BehaviorTreeEngine]: Behavior Tree tick rate 100.00 was exceeded!
[bt_navigator-5] [WARN] [1788853784.246990462] [BehaviorTreeEngine]: Behavior Tree tick rate 100.00 was exceeded!
[bt_navigator-5] [WARN] [1788853784.300878698] [BehaviorTreeEngine]: Behavior Tree tick rate 100.00 was exceeded!
[bt_navigator-5] [WARN] [1788853784.349782489] [BehaviorTreeEngine]: Behavior Tree tick rate 100.00 was exceeded!
[bt_navigator-5] [WARN] [1788853784.372838133] [BehaviorTreeEngine]: Behavior Tree tick rate 100.00 was exceeded!
[bt_navigator-5] [WARN] [1788853784.391183237] [BehaviorTreeEngine]: Behavior Tree tick rate 100.00 was exceeded!
[bt_navigator-5] [WARN] [1788853784.406955351] [BehaviorTreeEngine]: Behavior Tree tick rate 100.00 was exceeded!
[bt_navigator-5] [WARN] [1788853784.483149897] [BehaviorTreeEngine]: Behavior Tree tick rate 100.00 was exceeded!
[bt_navigator-5] [WARN] [1788853784.550448941] [BehaviorTreeEngine]: Behavior Tree tick rate 100.00 was exceeded!
[bt_navigator-5] [WARN] [1788853784.610626860] [BehaviorTreeEngine]: Behavior Tree tick rate 100.00 was exceeded!
[bt_navigator-5] [WARN] [1788853784.815677625] [BehaviorTreeEngine]: Behavior Tree tick rate 100.00 was exceeded!
[bt_navigator-5] [WARN] [1788853784.876124600] [BehaviorTreeEngine]: Behavior Tree tick rate 100.00 was exceeded!
[bt_navigator-5] [WARN] [1788853784.943939737] [BehaviorTreeEngine]: Behavior Tree tick rate 100.00 was exceeded!
[bt_navigator-5] [WARN] [1788853784.992220448] [BehaviorTreeEngine]: Behavior Tree tick rate 100.00 was exceeded!
[controller_server-1] [INFO] [1788853785.033395277] [robot1.controller_server]: Passing new path to controller.
[bt_navigator-5] [WARN] [1788853785.065776049] [BehaviorTreeEngine]: Behavior Tree tick rate 100.00 was exceeded!
[bt_navigator-5] [WARN] [1788853785.195706453] [BehaviorTreeEngine]: Behavior Tree tick rate 100.00 was exceeded!
[bt_navigator-5] [WARN] [1788853785.334877669] [BehaviorTreeEngine]: Behavior Tree tick rate 100.00 was exceeded!
[bt_navigator-5] [WARN] [1788853785.358965303] [BehaviorTreeEngine]: Behavior Tree tick rate 100.00 was exceeded!
[bt_navigator-5] [WARN] [1788853785.470738045] [BehaviorTreeEngine]: Behavior Tree tick rate 100.00 was exceeded!
[bt_navigator-5] [WARN] [1788853785.572937436] [BehaviorTreeEngine]: Behavior Tree tick rate 100.00 was exceeded!
[bt_navigator-5] [WARN] [1788853785.624860536] [BehaviorTreeEngine]: Behavior Tree tick rate 100.00 was exceeded!
[bt_navigator-5] [WARN] [1788853785.796376541] [BehaviorTreeEngine]: Behavior Tree tick rate 100.00 was exceeded!
[bt_navigator-5] [WARN] [1788853785.879374155] [BehaviorTreeEngine]: Behavior Tree tick rate 100.00 was exceeded!
[bt_navigator-5] [WARN] [1788853785.989333863] [BehaviorTreeEngine]: Behavior Tree tick rate 100.00 was exceeded!
[bt_navigator-5] [WARN] [1788853786.013828319] [BehaviorTreeEngine]: Behavior Tree tick rate 100.00 was exceeded!
[controller_server-1] [INFO] [1788853786.033405647] [robot1.controller_server]: Passing new path to controller.
[bt_navigator-5] [WARN] [1788853786.127697063] [BehaviorTreeEngine]: Behavior Tree tick rate 100.00 was exceeded!
[bt_navigator-5] [WARN] [1788853786.195283794] [BehaviorTreeEngine]: Behavior Tree tick rate 100.00 was exceeded!
[bt_navigator-5] [WARN] [1788853786.400379010] [BehaviorTreeEngine]: Behavior Tree tick rate 100.00 was exceeded!
[bt_navigator-5] [WARN] [1788853786.460557176] [BehaviorTreeEngine]: Behavior Tree tick rate 100.00 was exceeded!
[bt_navigator-5] [WARN] [1788853786.510560998] [BehaviorTreeEngine]: Behavior Tree tick rate 100.00 was exceeded!
[bt_navigator-5] [WARN] [1788853786.574582106] [BehaviorTreeEngine]: Behavior Tree tick rate 100.00 was exceeded!
[bt_navigator-5] [WARN] [1788853786.756956284] [BehaviorTreeEngine]: Behavior Tree tick rate 100.00 was exceeded!
[bt_navigator-5] [WARN] [1788853786.927243960] [BehaviorTreeEngine]: Behavior Tree tick rate 100.00 was exceeded!
[controller_server-1] [INFO] [1788853787.033391602] [robot1.controller_server]: Passing new path to controller.
[bt_navigator-5] [WARN] [1788853787.070016278] [BehaviorTreeEngine]: Behavior Tree tick rate 100.00 was exceeded!
[bt_navigator-5] [WARN] [1788853787.106923015] [BehaviorTreeEngine]: Behavior Tree tick rate 100.00 was exceeded!
[bt_navigator-5] [WARN] [1788853787.346955219] [BehaviorTreeEngine]: Behavior Tree tick rate 100.00 was exceeded!
[bt_navigator-5] [WARN] [1788853787.379431417] [BehaviorTreeEngine]: Behavior Tree tick rate 100.00 was exceeded!
[bt_navigator-5] [WARN] [1788853787.545675416] [BehaviorTreeEngine]: Behavior Tree tick rate 100.00 was exceeded!
[bt_navigator-5] [WARN] [1788853787.581342287] [BehaviorTreeEngine]: Behavior Tree tick rate 100.00 was exceeded!
[bt_navigator-5] [WARN] [1788853787.621622569] [BehaviorTreeEngine]: Behavior Tree tick rate 100.00 was exceeded!
[bt_navigator-5] [WARN] [1788853787.689642267] [BehaviorTreeEngine]: Behavior Tree tick rate 100.00 was exceeded!
[bt_navigator-5] [WARN] [1788853787.751502088] [BehaviorTreeEngine]: Behavior Tree tick rate 100.00 was exceeded!
[bt_navigator-5] [WARN] [1788853787.789768594] [BehaviorTreeEngine]: Behavior Tree tick rate 100.00 was exceeded!
[bt_navigator-5] [WARN] [1788853787.931727168] [BehaviorTreeEngine]: Behavior Tree tick rate 100.00 was exceeded!
[bt_navigator-5] [WARN] [1788853787.995517627] [BehaviorTreeEngine]: Behavior Tree tick rate 100.00 was exceeded!
[bt_navigator-5] [WARN] [1788853788.045272732] [BehaviorTreeEngine]: Behavior Tree tick rate 100.00 was exceeded!
[controller_server-1] [INFO] [1788853788.083391806] [robot1.controller_server]: Passing new path to controller.
[bt_navigator-5] [WARN] [1788853788.094057063] [BehaviorTreeEngine]: Behavior Tree tick rate 100.00 was exceeded!
[bt_navigator-5] [WARN] [1788853788.124202382] [BehaviorTreeEngine]: Behavior Tree tick rate 100.00 was exceeded!
[bt_navigator-5] [WARN] [1788853788.226012085] [BehaviorTreeEngine]: Behavior Tree tick rate 100.00 was exceeded!
[bt_navigator-5] [WARN] [1788853788.299150605] [BehaviorTreeEngine]: Behavior Tree tick rate 100.00 was exceeded!
[bt_navigator-5] [WARN] [1788853788.321643425] [BehaviorTreeEngine]: Behavior Tree tick rate 100.00 was exceeded!
[bt_navigator-5] [WARN] [1788853788.381949638] [BehaviorTreeEngine]: Behavior Tree tick rate 100.00 was exceeded!
[bt_navigator-5] [WARN] [1788853788.650105059] [BehaviorTreeEngine]: Behavior Tree tick rate 100.00 was exceeded!
[bt_navigator-5] [WARN] [1788853788.687882718] [BehaviorTreeEngine]: Behavior Tree tick rate 100.00 was exceeded!
[bt_navigator-5] [WARN] [1788853788.873296532] [BehaviorTreeEngine]: Behavior Tree tick rate 100.00 was exceeded!
[bt_navigator-5] [WARN] [1788853789.107812613] [BehaviorTreeEngine]: Behavior Tree tick rate 100.00 was exceeded!
[controller_server-1] [INFO] [1788853789.133413839] [robot1.controller_server]: Passing new path to controller.
[bt_navigator-5] [WARN] [1788853789.143789706] [BehaviorTreeEngine]: Behavior Tree tick rate 100.00 was exceeded!
[bt_navigator-5] [WARN] [1788853789.171525820] [BehaviorTreeEngine]: Behavior Tree tick rate 100.00 was exceeded!
[bt_navigator-5] [WARN] [1788853789.323731672] [BehaviorTreeEngine]: Behavior Tree tick rate 100.00 was exceeded!
[bt_navigator-5] [WARN] [1788853789.367857415] [BehaviorTreeEngine]: Behavior Tree tick rate 100.00 was exceeded!
[bt_navigator-5] [WARN] [1788853789.385407146] [BehaviorTreeEngine]: Behavior Tree tick rate 100.00 was exceeded!
[bt_navigator-5] [WARN] [1788853789.417208350] [BehaviorTreeEngine]: Behavior Tree tick rate 100.00 was exceeded!
[controller_server-1] [INFO] [1788853789.485177694] [robot1.controller_server]: Reached the goal!
[bt_navigator-5] [INFO] [1788853789.533054685] [robot1.bt_navigator]: Goal succeeded
[controller_server-1] [INFO] [1788854640.311691631] [robot1.local_costmap.local_costmap]: Message Filter dropping message: frame 'rplidar_link' at time 1788854639.838 for reason 'the timestamp on the message is earlier than all the data in the transform cache'
[planner_server-3] [INFO] [1788854640.411507296] [robot1.global_costmap.global_costmap]: Message Filter dropping message: frame 'rplidar_link' at time 1788854639.838 for reason 'the timestamp on the message is earlier than all the data in the transform cache'
[controller_server-1] [INFO] [1788854698.691605610] [robot1.local_costmap.local_costmap]: Message Filter dropping message: frame 'rplidar_link' at time 1788854698.105 for reason 'the timestamp on the message is earlier than all the data in the transform cache'
[planner_server-3] [INFO] [1788854698.693837515] [robot1.global_costmap.global_costmap]: Message Filter dropping message: frame 'rplidar_link' at time 1788854698.105 for reason 'the timestamp on the message is earlier than all the data in the transform cache'
[controller_server-1] [INFO] [1788854732.636749926] [robot1.local_costmap.local_costmap]: Message Filter dropping message: frame 'rplidar_link' at time 1788854732.097 for reason 'the timestamp on the message is earlier than all the data in the transform cache'
[controller_server-1] [INFO] [1788854824.398439995] [robot1.local_costmap.local_costmap]: Message Filter dropping message: frame 'rplidar_link' at time 1788854823.824 for reason 'the timestamp on the message is earlier than all the data in the transform cache'
[planner_server-3] [INFO] [1788854859.051011855] [robot1.global_costmap.global_costmap]: Message Filter dropping message: frame 'rplidar_link' at time 1788854858.561 for reason 'the timestamp on the message is earlier than all the data in the transform cache'
[controller_server-1] [INFO] [1788854859.051036201] [robot1.local_costmap.local_costmap]: Message Filter dropping message: frame 'rplidar_link' at time 1788854858.561 for reason 'the timestamp on the message is earlier than all the data in the transform cache'
[controller_server-1] [INFO] [1788854879.698971297] [robot1.local_costmap.local_costmap]: Message Filter dropping message: frame 'rplidar_link' at time 1788854879.155 for reason 'the timestamp on the message is earlier than all the data in the transform cache'
[controller_server-1] [INFO] [1788854901.146078822] [robot1.local_costmap.local_costmap]: Message Filter dropping message: frame 'rplidar_link' at time 1788854900.680 for reason 'the timestamp on the message is earlier than all the data in the transform cache'
[planner_server-3] [INFO] [1788854994.410157691] [robot1.global_costmap.global_costmap]: Message Filter dropping message: frame 'rplidar_link' at time 1788854993.934 for reason 'the timestamp on the message is earlier than all the data in the transform cache'
[controller_server-1] [INFO] [1788854996.553407486] [robot1.local_costmap.local_costmap]: Message Filter dropping message: frame 'rplidar_link' at time 1788854996.033 for reason 'the timestamp on the message is earlier than all the data in the transform cache'
[planner_server-3] [INFO] [1788855004.341506059] [robot1.global_costmap.global_costmap]: Message Filter dropping message: frame 'rplidar_link' at time 1788855003.768 for reason 'the timestamp on the message is earlier than all the data in the transform cache'
[controller_server-1] [INFO] [1788855004.341531251] [robot1.local_costmap.local_costmap]: Message Filter dropping message: frame 'rplidar_link' at time 1788855003.768 for reason 'the timestamp on the message is earlier than all the data in the transform cache'
[controller_server-1] [INFO] [1788855021.243683960] [robot1.local_costmap.local_costmap]: Message Filter dropping message: frame 'rplidar_link' at time 1788855020.661 for reason 'the timestamp on the message is earlier than all the data in the transform cache'
[controller_server-1] [INFO] [1788855032.413936942] [robot1.local_costmap.local_costmap]: Message Filter dropping message: frame 'rplidar_link' at time 1788855031.658 for reason 'the timestamp on the message is earlier than all the data in the transform cache'
[planner_server-3] [INFO] [1788855032.416442409] [robot1.global_costmap.global_costmap]: Message Filter dropping message: frame 'rplidar_link' at time 1788855031.658 for reason 'the timestamp on the message is earlier than all the data in the transform cache'
[controller_server-1] [INFO] [1788855038.526885832] [robot1.local_costmap.local_costmap]: Message Filter dropping message: frame 'rplidar_link' at time 1788855038.017 for reason 'the timestamp on the message is earlier than all the data in the transform cache'
[planner_server-3] [INFO] [1788855038.531147153] [robot1.global_costmap.global_costmap]: Message Filter dropping message: frame 'rplidar_link' at time 1788855038.017 for reason 'the timestamp on the message is earlier than all the data in the transform cache'
[controller_server-1] [INFO] [1788855061.235156153] [robot1.local_costmap.local_costmap]: Message Filter dropping message: frame 'rplidar_link' at time 1788855060.667 for reason 'the timestamp on the message is earlier than all the data in the transform cache'
[controller_server-1] [INFO] [1788855087.033310139] [robot1.local_costmap.local_costmap]: Message Filter dropping message: frame 'rplidar_link' at time 1788855086.550 for reason 'the timestamp on the message is earlier than all the data in the transform cache'
[planner_server-3] [INFO] [1788855126.193168522] [robot1.global_costmap.global_costmap]: Message Filter dropping message: frame 'rplidar_link' at time 1788855125.603 for reason 'the timestamp on the message is earlier than all the data in the transform cache'
[controller_server-1] [INFO] [1788855126.193169622] [robot1.local_costmap.local_costmap]: Message Filter dropping message: frame 'rplidar_link' at time 1788855125.603 for reason 'the timestamp on the message is earlier than all the data in the transform cache'
[controller_server-1] [INFO] [1788855163.353889309] [robot1.local_costmap.local_costmap]: Message Filter dropping message: frame 'rplidar_link' at time 1788855162.857 for reason 'the timestamp on the message is earlier than all the data in the transform cache'
[controller_server-1] [INFO] [1788855166.637555162] [robot1.local_costmap.local_costmap]: Message Filter dropping message: frame 'rplidar_link' at time 1788855166.053 for reason 'the timestamp on the message is earlier than all the data in the transform cache'
[planner_server-3] [INFO] [1788855166.637586348] [robot1.global_costmap.global_costmap]: Message Filter dropping message: frame 'rplidar_link' at time 1788855166.053 for reason 'the timestamp on the message is earlier than all the data in the transform cache'
[controller_server-1] [INFO] [1788855175.111927865] [robot1.local_costmap.local_costmap]: Message Filter dropping message: frame 'rplidar_link' at time 1788855174.504 for reason 'the timestamp on the message is earlier than all the data in the transform cache'
[bt_navigator-5] [INFO] [1788855201.155671594] [robot1.bt_navigator]: Begin navigating from current location (0.01, -0.00) to (-0.56, -0.05)
[controller_server-1] [INFO] [1788855201.176997378] [robot1.controller_server]: Received a goal, begin computing control effort.
[bt_navigator-5] [WARN] [1788855201.277298544] [BehaviorTreeEngine]: Behavior Tree tick rate 100.00 was exceeded!
[bt_navigator-5] [WARN] [1788855201.572102062] [BehaviorTreeEngine]: Behavior Tree tick rate 100.00 was exceeded!
[bt_navigator-5] [WARN] [1788855201.644166368] [BehaviorTreeEngine]: Behavior Tree tick rate 100.00 was exceeded!
[bt_navigator-5] [WARN] [1788855201.778185785] [BehaviorTreeEngine]: Behavior Tree tick rate 100.00 was exceeded!
[bt_navigator-5] [WARN] [1788855202.024035249] [BehaviorTreeEngine]: Behavior Tree tick rate 100.00 was exceeded!
[bt_navigator-5] [WARN] [1788855202.049921392] [BehaviorTreeEngine]: Behavior Tree tick rate 100.00 was exceeded!
[bt_navigator-5] [WARN] [1788855202.086026473] [BehaviorTreeEngine]: Behavior Tree tick rate 100.00 was exceeded!
[controller_server-1] [INFO] [1788855202.227154824] [robot1.controller_server]: Passing new path to controller.
[bt_navigator-5] [WARN] [1788855202.322385357] [BehaviorTreeEngine]: Behavior Tree tick rate 100.00 was exceeded!
[bt_navigator-5] [WARN] [1788855202.444374880] [BehaviorTreeEngine]: Behavior Tree tick rate 100.00 was exceeded!
[bt_navigator-5] [WARN] [1788855202.463114594] [BehaviorTreeEngine]: Behavior Tree tick rate 100.00 was exceeded!
[bt_navigator-5] [WARN] [1788855202.603378855] [BehaviorTreeEngine]: Behavior Tree tick rate 100.00 was exceeded!
[bt_navigator-5] [WARN] [1788855202.632120616] [BehaviorTreeEngine]: Behavior Tree tick rate 100.00 was exceeded!
[bt_navigator-5] [WARN] [1788855202.662244532] [BehaviorTreeEngine]: Behavior Tree tick rate 100.00 was exceeded!
[bt_navigator-5] [WARN] [1788855202.792306274] [BehaviorTreeEngine]: Behavior Tree tick rate 100.00 was exceeded!
[bt_navigator-5] [WARN] [1788855203.100580892] [BehaviorTreeEngine]: Behavior Tree tick rate 100.00 was exceeded!
[bt_navigator-5] [WARN] [1788855203.141860851] [BehaviorTreeEngine]: Behavior Tree tick rate 100.00 was exceeded!
[bt_navigator-5] [WARN] [1788855203.185576863] [BehaviorTreeEngine]: Behavior Tree tick rate 100.00 was exceeded!
[controller_server-1] [INFO] [1788855203.227153906] [robot1.controller_server]: Passing new path to controller.
[bt_navigator-5] [WARN] [1788855203.541553598] [BehaviorTreeEngine]: Behavior Tree tick rate 100.00 was exceeded!
[bt_navigator-5] [WARN] [1788855203.789621881] [BehaviorTreeEngine]: Behavior Tree tick rate 100.00 was exceeded!
[bt_navigator-5] [WARN] [1788855203.949336195] [BehaviorTreeEngine]: Behavior Tree tick rate 100.00 was exceeded!
[bt_navigator-5] [WARN] [1788855204.124638075] [BehaviorTreeEngine]: Behavior Tree tick rate 100.00 was exceeded!
[bt_navigator-5] [WARN] [1788855204.247789555] [BehaviorTreeEngine]: Behavior Tree tick rate 100.00 was exceeded!
[bt_navigator-5] [WARN] [1788855204.278707322] [BehaviorTreeEngine]: Behavior Tree tick rate 100.00 was exceeded!
[controller_server-1] [INFO] [1788855204.327156701] [robot1.controller_server]: Passing new path to controller.
[bt_navigator-5] [WARN] [1788855204.434887182] [BehaviorTreeEngine]: Behavior Tree tick rate 100.00 was exceeded!
[bt_navigator-5] [WARN] [1788855204.566380130] [BehaviorTreeEngine]: Behavior Tree tick rate 100.00 was exceeded!
[bt_navigator-5] [WARN] [1788855204.608959628] [BehaviorTreeEngine]: Behavior Tree tick rate 100.00 was exceeded!
[bt_navigator-5] [WARN] [1788855204.648683967] [BehaviorTreeEngine]: Behavior Tree tick rate 100.00 was exceeded!
[bt_navigator-5] [WARN] [1788855204.711308594] [BehaviorTreeEngine]: Behavior Tree tick rate 100.00 was exceeded!
[bt_navigator-5] [WARN] [1788855204.831082255] [BehaviorTreeEngine]: Behavior Tree tick rate 100.00 was exceeded!
[bt_navigator-5] [WARN] [1788855205.216070553] [BehaviorTreeEngine]: Behavior Tree tick rate 100.00 was exceeded!
[controller_server-1] [INFO] [1788855205.327173763] [robot1.controller_server]: Passing new path to controller.
[bt_navigator-5] [WARN] [1788855205.402175906] [BehaviorTreeEngine]: Behavior Tree tick rate 100.00 was exceeded!
[bt_navigator-5] [WARN] [1788855205.553280472] [BehaviorTreeEngine]: Behavior Tree tick rate 100.00 was exceeded!
[bt_navigator-5] [WARN] [1788855205.669496684] [BehaviorTreeEngine]: Behavior Tree tick rate 100.00 was exceeded!
[bt_navigator-5] [WARN] [1788855205.721290678] [BehaviorTreeEngine]: Behavior Tree tick rate 100.00 was exceeded!
[bt_navigator-5] [WARN] [1788855205.773540219] [BehaviorTreeEngine]: Behavior Tree tick rate 100.00 was exceeded!
[bt_navigator-5] [WARN] [1788855205.863592991] [BehaviorTreeEngine]: Behavior Tree tick rate 100.00 was exceeded!
[bt_navigator-5] [WARN] [1788855205.888483297] [BehaviorTreeEngine]: Behavior Tree tick rate 100.00 was exceeded!
[bt_navigator-5] [WARN] [1788855206.015539800] [BehaviorTreeEngine]: Behavior Tree tick rate 100.00 was exceeded!
[bt_navigator-5] [WARN] [1788855206.099523091] [BehaviorTreeEngine]: Behavior Tree tick rate 100.00 was exceeded!
[bt_navigator-5] [WARN] [1788855206.146351960] [BehaviorTreeEngine]: Behavior Tree tick rate 100.00 was exceeded!
[bt_navigator-5] [WARN] [1788855206.172503587] [BehaviorTreeEngine]: Behavior Tree tick rate 100.00 was exceeded!
[bt_navigator-5] [WARN] [1788855206.293714380] [BehaviorTreeEngine]: Behavior Tree tick rate 100.00 was exceeded!
[controller_server-1] [INFO] [1788855206.377155647] [robot1.controller_server]: Passing new path to controller.
[bt_navigator-5] [WARN] [1788855206.419908378] [BehaviorTreeEngine]: Behavior Tree tick rate 100.00 was exceeded!
[bt_navigator-5] [WARN] [1788855206.480254162] [BehaviorTreeEngine]: Behavior Tree tick rate 100.00 was exceeded!
[bt_navigator-5] [WARN] [1788855206.580950287] [BehaviorTreeEngine]: Behavior Tree tick rate 100.00 was exceeded!
[bt_navigator-5] [WARN] [1788855206.607146365] [BehaviorTreeEngine]: Behavior Tree tick rate 100.00 was exceeded!
[bt_navigator-5] [WARN] [1788855206.623462848] [BehaviorTreeEngine]: Behavior Tree tick rate 100.00 was exceeded!
[bt_navigator-5] [WARN] [1788855206.883878214] [BehaviorTreeEngine]: Behavior Tree tick rate 100.00 was exceeded!
[bt_navigator-5] [WARN] [1788855207.034803321] [BehaviorTreeEngine]: Behavior Tree tick rate 100.00 was exceeded!
[bt_navigator-5] [WARN] [1788855207.081374911] [BehaviorTreeEngine]: Behavior Tree tick rate 100.00 was exceeded!
[bt_navigator-5] [WARN] [1788855207.332438896] [BehaviorTreeEngine]: Behavior Tree tick rate 100.00 was exceeded!
[bt_navigator-5] [WARN] [1788855207.391322535] [BehaviorTreeEngine]: Behavior Tree tick rate 100.00 was exceeded!
[bt_navigator-5] [WARN] [1788855207.391378420] [BehaviorTreeEngine]: Behavior Tree tick rate 100.00 was exceeded!
[bt_navigator-5] [WARN] [1788855207.411927574] [BehaviorTreeEngine]: Behavior Tree tick rate 100.00 was exceeded!
[controller_server-1] [INFO] [1788855207.427178450] [robot1.controller_server]: Passing new path to controller.
[bt_navigator-5] [WARN] [1788855207.463308237] [BehaviorTreeEngine]: Behavior Tree tick rate 100.00 was exceeded!
[bt_navigator-5] [WARN] [1788855207.541662197] [BehaviorTreeEngine]: Behavior Tree tick rate 100.00 was exceeded!
[bt_navigator-5] [WARN] [1788855207.615163425] [BehaviorTreeEngine]: Behavior Tree tick rate 100.00 was exceeded!
[bt_navigator-5] [WARN] [1788855207.712634572] [BehaviorTreeEngine]: Behavior Tree tick rate 100.00 was exceeded!
[bt_navigator-5] [WARN] [1788855207.782252732] [BehaviorTreeEngine]: Behavior Tree tick rate 100.00 was exceeded!
[bt_navigator-5] [WARN] [1788855207.944989980] [BehaviorTreeEngine]: Behavior Tree tick rate 100.00 was exceeded!
[bt_navigator-5] [WARN] [1788855207.977295440] [BehaviorTreeEngine]: Behavior Tree tick rate 100.00 was exceeded!
[bt_navigator-5] [WARN] [1788855208.286117688] [BehaviorTreeEngine]: Behavior Tree tick rate 100.00 was exceeded!
[bt_navigator-5] [WARN] [1788855208.359084514] [BehaviorTreeEngine]: Behavior Tree tick rate 100.00 was exceeded!
[controller_server-1] [INFO] [1788855208.427157980] [robot1.controller_server]: Passing new path to controller.
[bt_navigator-5] [WARN] [1788855208.481094525] [BehaviorTreeEngine]: Behavior Tree tick rate 100.00 was exceeded!
[bt_navigator-5] [WARN] [1788855208.625964147] [BehaviorTreeEngine]: Behavior Tree tick rate 100.00 was exceeded!
[bt_navigator-5] [WARN] [1788855208.776194901] [BehaviorTreeEngine]: Behavior Tree tick rate 100.00 was exceeded!
[bt_navigator-5] [WARN] [1788855208.851210869] [BehaviorTreeEngine]: Behavior Tree tick rate 100.00 was exceeded!
[bt_navigator-5] [WARN] [1788855208.896945450] [BehaviorTreeEngine]: Behavior Tree tick rate 100.00 was exceeded!
[bt_navigator-5] [WARN] [1788855208.925464183] [BehaviorTreeEngine]: Behavior Tree tick rate 100.00 was exceeded!
[bt_navigator-5] [WARN] [1788855208.969695465] [BehaviorTreeEngine]: Behavior Tree tick rate 100.00 was exceeded!
[bt_navigator-5] [WARN] [1788855208.990181255] [BehaviorTreeEngine]: Behavior Tree tick rate 100.00 was exceeded!
[bt_navigator-5] [WARN] [1788855209.065877618] [BehaviorTreeEngine]: Behavior Tree tick rate 100.00 was exceeded!
[bt_navigator-5] [WARN] [1788855209.142274333] [BehaviorTreeEngine]: Behavior Tree tick rate 100.00 was exceeded!
[bt_navigator-5] [WARN] [1788855209.234313266] [BehaviorTreeEngine]: Behavior Tree tick rate 100.00 was exceeded!
[bt_navigator-5] [WARN] [1788855209.351023446] [BehaviorTreeEngine]: Behavior Tree tick rate 100.00 was exceeded!
[bt_navigator-5] [WARN] [1788855209.391006261] [BehaviorTreeEngine]: Behavior Tree tick rate 100.00 was exceeded!
[bt_navigator-5] [WARN] [1788855209.445043681] [BehaviorTreeEngine]: Behavior Tree tick rate 100.00 was exceeded!
[controller_server-1] [INFO] [1788855209.477179932] [robot1.controller_server]: Passing new path to controller.
[bt_navigator-5] [WARN] [1788855209.616160742] [BehaviorTreeEngine]: Behavior Tree tick rate 100.00 was exceeded!
[bt_navigator-5] [WARN] [1788855209.875948222] [BehaviorTreeEngine]: Behavior Tree tick rate 100.00 was exceeded!
[bt_navigator-5] [WARN] [1788855210.075021576] [BehaviorTreeEngine]: Behavior Tree tick rate 100.00 was exceeded!
[bt_navigator-5] [WARN] [1788855210.213393183] [BehaviorTreeEngine]: Behavior Tree tick rate 100.00 was exceeded!
[bt_navigator-5] [WARN] [1788855210.270667395] [BehaviorTreeEngine]: Behavior Tree tick rate 100.00 was exceeded!
[bt_navigator-5] [WARN] [1788855210.346315642] [BehaviorTreeEngine]: Behavior Tree tick rate 100.00 was exceeded!
[bt_navigator-5] [WARN] [1788855210.386829820] [BehaviorTreeEngine]: Behavior Tree tick rate 100.00 was exceeded!
[controller_server-1] [INFO] [1788855210.477174378] [robot1.controller_server]: Passing new path to controller.
[bt_navigator-5] [WARN] [1788855210.656541715] [BehaviorTreeEngine]: Behavior Tree tick rate 100.00 was exceeded!
[bt_navigator-5] [WARN] [1788855210.784596802] [BehaviorTreeEngine]: Behavior Tree tick rate 100.00 was exceeded!
[bt_navigator-5] [WARN] [1788855210.813723408] [BehaviorTreeEngine]: Behavior Tree tick rate 100.00 was exceeded!
[bt_navigator-5] [WARN] [1788855210.836383855] [BehaviorTreeEngine]: Behavior Tree tick rate 100.00 was exceeded!
[bt_navigator-5] [WARN] [1788855210.998705529] [BehaviorTreeEngine]: Behavior Tree tick rate 100.00 was exceeded!
[controller_server-1] [ERROR] [1788855211.029114801] [DWBLocalPlanner]: No valid trajectories out of 419! 
[controller_server-1] [ERROR] [1788855211.029163169] [DWBLocalPlanner]: 1.00: BaseObstacle/Trajectory Hits Obstacle.
[controller_server-1] [WARN] [1788855211.029256498] [robot1.controller_server]: No valid trajectories out of 419! 
[controller_server-1] [ERROR] [1788855211.177228167] [robot1.controller_server]: Failed to make progress
[controller_server-1] [WARN] [1788855211.177285662] [robot1.controller_server]: [follow_path] [ActionServer] Aborting handle.
[bt_navigator-5] [WARN] [1788855211.179366836] [BehaviorTreeEngine]: Behavior Tree tick rate 100.00 was exceeded!
[bt_navigator-5] [WARN] [1788855211.200201552] [BehaviorTreeEngine]: Behavior Tree tick rate 100.00 was exceeded!
[controller_server-1] [INFO] [1788855211.200382494] [robot1.local_costmap.local_costmap]: Received request to clear entirely the local_costmap
[bt_navigator-5] [WARN] [1788855211.212171394] [BehaviorTreeEngine]: Behavior Tree tick rate 100.00 was exceeded!
[controller_server-1] [INFO] [1788855211.212774835] [robot1.controller_server]: Received a goal, begin computing control effort.
[bt_navigator-5] [WARN] [1788855211.220014343] [BehaviorTreeEngine]: Behavior Tree tick rate 100.00 was exceeded!
[controller_server-1] [WARN] [1788855211.284802509] [robot1.controller_server]: Control loop missed its desired rate of 20.0000Hz
[bt_navigator-5] [WARN] [1788855211.505277363] [BehaviorTreeEngine]: Behavior Tree tick rate 100.00 was exceeded!
[controller_server-1] [INFO] [1788855211.512942725] [robot1.controller_server]: Passing new path to controller.
[bt_navigator-5] [WARN] [1788855211.568813022] [BehaviorTreeEngine]: Behavior Tree tick rate 100.00 was exceeded!
[bt_navigator-5] [WARN] [1788855211.586914457] [BehaviorTreeEngine]: Behavior Tree tick rate 100.00 was exceeded!
[bt_navigator-5] [WARN] [1788855211.626093146] [BehaviorTreeEngine]: Behavior Tree tick rate 100.00 was exceeded!
[bt_navigator-5] [WARN] [1788855211.707688832] [BehaviorTreeEngine]: Behavior Tree tick rate 100.00 was exceeded!
[bt_navigator-5] [WARN] [1788855211.787446492] [BehaviorTreeEngine]: Behavior Tree tick rate 100.00 was exceeded!
[bt_navigator-5] [WARN] [1788855211.836423124] [BehaviorTreeEngine]: Behavior Tree tick rate 100.00 was exceeded!
[bt_navigator-5] [WARN] [1788855211.917527695] [BehaviorTreeEngine]: Behavior Tree tick rate 100.00 was exceeded!
[bt_navigator-5] [WARN] [1788855212.122655409] [BehaviorTreeEngine]: Behavior Tree tick rate 100.00 was exceeded!
[bt_navigator-5] [WARN] [1788855212.161206706] [BehaviorTreeEngine]: Behavior Tree tick rate 100.00 was exceeded!
[bt_navigator-5] [WARN] [1788855212.213352080] [BehaviorTreeEngine]: Behavior Tree tick rate 100.00 was exceeded!
[bt_navigator-5] [WARN] [1788855212.296362756] [BehaviorTreeEngine]: Behavior Tree tick rate 100.00 was exceeded!
[bt_navigator-5] [WARN] [1788855212.486588110] [BehaviorTreeEngine]: Behavior Tree tick rate 100.00 was exceeded!
[bt_navigator-5] [WARN] [1788855212.529201096] [BehaviorTreeEngine]: Behavior Tree tick rate 100.00 was exceeded!
[controller_server-1] [INFO] [1788855212.562943463] [robot1.controller_server]: Passing new path to controller.
[bt_navigator-5] [WARN] [1788855212.817769769] [BehaviorTreeEngine]: Behavior Tree tick rate 100.00 was exceeded!
[bt_navigator-5] [WARN] [1788855213.063987582] [BehaviorTreeEngine]: Behavior Tree tick rate 100.00 was exceeded!
[bt_navigator-5] [WARN] [1788855213.134731444] [BehaviorTreeEngine]: Behavior Tree tick rate 100.00 was exceeded!
[bt_navigator-5] [WARN] [1788855213.259343980] [BehaviorTreeEngine]: Behavior Tree tick rate 100.00 was exceeded!
[bt_navigator-5] [WARN] [1788855213.298445666] [BehaviorTreeEngine]: Behavior Tree tick rate 100.00 was exceeded!
[bt_navigator-5] [WARN] [1788855213.321521779] [BehaviorTreeEngine]: Behavior Tree tick rate 100.00 was exceeded!
[bt_navigator-5] [WARN] [1788855213.353551455] [BehaviorTreeEngine]: Behavior Tree tick rate 100.00 was exceeded!
[bt_navigator-5] [WARN] [1788855213.387800653] [BehaviorTreeEngine]: Behavior Tree tick rate 100.00 was exceeded!
[bt_navigator-5] [WARN] [1788855213.408737894] [BehaviorTreeEngine]: Behavior Tree tick rate 100.00 was exceeded!
[bt_navigator-5] [WARN] [1788855213.474944412] [BehaviorTreeEngine]: Behavior Tree tick rate 100.00 was exceeded!
[bt_navigator-5] [WARN] [1788855213.502573722] [BehaviorTreeEngine]: Behavior Tree tick rate 100.00 was exceeded!
[bt_navigator-5] [WARN] [1788855213.524454593] [BehaviorTreeEngine]: Behavior Tree tick rate 100.00 was exceeded!
[bt_navigator-5] [WARN] [1788855213.574989823] [BehaviorTreeEngine]: Behavior Tree tick rate 100.00 was exceeded!
[bt_navigator-5] [WARN] [1788855213.596356641] [BehaviorTreeEngine]: Behavior Tree tick rate 100.00 was exceeded!
[controller_server-1] [INFO] [1788855213.612942770] [robot1.controller_server]: Passing new path to controller.
[bt_navigator-5] [WARN] [1788855213.619185523] [BehaviorTreeEngine]: Behavior Tree tick rate 100.00 was exceeded!
[bt_navigator-5] [WARN] [1788855213.683194926] [BehaviorTreeEngine]: Behavior Tree tick rate 100.00 was exceeded!
[bt_navigator-5] [WARN] [1788855213.704151785] [BehaviorTreeEngine]: Behavior Tree tick rate 100.00 was exceeded!
[bt_navigator-5] [WARN] [1788855213.764879798] [BehaviorTreeEngine]: Behavior Tree tick rate 100.00 was exceeded!
[bt_navigator-5] [WARN] [1788855213.885028817] [BehaviorTreeEngine]: Behavior Tree tick rate 100.00 was exceeded!
[bt_navigator-5] [WARN] [1788855213.975137656] [BehaviorTreeEngine]: Behavior Tree tick rate 100.00 was exceeded!
[bt_navigator-5] [WARN] [1788855213.996692119] [BehaviorTreeEngine]: Behavior Tree tick rate 100.00 was exceeded!
[bt_navigator-5] [WARN] [1788855214.205046214] [BehaviorTreeEngine]: Behavior Tree tick rate 100.00 was exceeded!
[bt_navigator-5] [WARN] [1788855214.235214237] [BehaviorTreeEngine]: Behavior Tree tick rate 100.00 was exceeded!
[bt_navigator-5] [WARN] [1788855214.355397526] [BehaviorTreeEngine]: Behavior Tree tick rate 100.00 was exceeded!
[bt_navigator-5] [WARN] [1788855214.385816583] [BehaviorTreeEngine]: Behavior Tree tick rate 100.00 was exceeded!
[bt_navigator-5] [WARN] [1788855214.426552328] [BehaviorTreeEngine]: Behavior Tree tick rate 100.00 was exceeded!
[controller_server-1] [INFO] [1788855214.612942141] [robot1.controller_server]: Passing new path to controller.
[bt_navigator-5] [WARN] [1788855214.660568864] [BehaviorTreeEngine]: Behavior Tree tick rate 100.00 was exceeded!
[bt_navigator-5] [WARN] [1788855214.832332989] [BehaviorTreeEngine]: Behavior Tree tick rate 100.00 was exceeded!
[bt_navigator-5] [WARN] [1788855214.880165116] [BehaviorTreeEngine]: Behavior Tree tick rate 100.00 was exceeded!
[bt_navigator-5] [WARN] [1788855215.088749760] [BehaviorTreeEngine]: Behavior Tree tick rate 100.00 was exceeded!
[bt_navigator-5] [WARN] [1788855215.204661690] [BehaviorTreeEngine]: Behavior Tree tick rate 100.00 was exceeded!
[bt_navigator-5] [WARN] [1788855215.243552145] [BehaviorTreeEngine]: Behavior Tree tick rate 100.00 was exceeded!
[bt_navigator-5] [WARN] [1788855215.268875206] [BehaviorTreeEngine]: Behavior Tree tick rate 100.00 was exceeded!
[bt_navigator-5] [WARN] [1788855215.291670057] [BehaviorTreeEngine]: Behavior Tree tick rate 100.00 was exceeded!
[controller_server-1] [INFO] [1788855215.662944942] [robot1.controller_server]: Passing new path to controller.
[bt_navigator-5] [WARN] [1788855215.751617635] [BehaviorTreeEngine]: Behavior Tree tick rate 100.00 was exceeded!
[bt_navigator-5] [WARN] [1788855215.796695807] [BehaviorTreeEngine]: Behavior Tree tick rate 100.00 was exceeded!
[bt_navigator-5] [WARN] [1788855215.853078495] [BehaviorTreeEngine]: Behavior Tree tick rate 100.00 was exceeded!
[bt_navigator-5] [WARN] [1788855215.998210647] [BehaviorTreeEngine]: Behavior Tree tick rate 100.00 was exceeded!
[bt_navigator-5] [WARN] [1788855216.023858805] [BehaviorTreeEngine]: Behavior Tree tick rate 100.00 was exceeded!
[bt_navigator-5] [WARN] [1788855216.062413574] [BehaviorTreeEngine]: Behavior Tree tick rate 100.00 was exceeded!
[bt_navigator-5] [WARN] [1788855216.205815423] [BehaviorTreeEngine]: Behavior Tree tick rate 100.00 was exceeded!
[bt_navigator-5] [WARN] [1788855216.226652067] [BehaviorTreeEngine]: Behavior Tree tick rate 100.00 was exceeded!
[bt_navigator-5] [WARN] [1788855216.256824239] [BehaviorTreeEngine]: Behavior Tree tick rate 100.00 was exceeded!
[bt_navigator-5] [WARN] [1788855216.380699379] [BehaviorTreeEngine]: Behavior Tree tick rate 100.00 was exceeded!
[bt_navigator-5] [WARN] [1788855216.591325133] [BehaviorTreeEngine]: Behavior Tree tick rate 100.00 was exceeded!
[bt_navigator-5] [WARN] [1788855216.627792295] [BehaviorTreeEngine]: Behavior Tree tick rate 100.00 was exceeded!
[controller_server-1] [INFO] [1788855216.662944748] [robot1.controller_server]: Passing new path to controller.
[bt_navigator-5] [WARN] [1788855216.795196293] [BehaviorTreeEngine]: Behavior Tree tick rate 100.00 was exceeded!
[bt_navigator-5] [WARN] [1788855216.841485935] [BehaviorTreeEngine]: Behavior Tree tick rate 100.00 was exceeded!
[bt_navigator-5] [WARN] [1788855216.874992669] [BehaviorTreeEngine]: Behavior Tree tick rate 100.00 was exceeded!
[bt_navigator-5] [WARN] [1788855216.915974007] [BehaviorTreeEngine]: Behavior Tree tick rate 100.00 was exceeded!
[bt_navigator-5] [WARN] [1788855217.046988242] [BehaviorTreeEngine]: Behavior Tree tick rate 100.00 was exceeded!
[bt_navigator-5] [WARN] [1788855217.159859282] [BehaviorTreeEngine]: Behavior Tree tick rate 100.00 was exceeded!
[bt_navigator-5] [WARN] [1788855217.480881426] [BehaviorTreeEngine]: Behavior Tree tick rate 100.00 was exceeded!
[bt_navigator-5] [WARN] [1788855217.500494031] [BehaviorTreeEngine]: Behavior Tree tick rate 100.00 was exceeded!
[bt_navigator-5] [WARN] [1788855217.533535786] [BehaviorTreeEngine]: Behavior Tree tick rate 100.00 was exceeded!
[bt_navigator-5] [WARN] [1788855217.571969787] [BehaviorTreeEngine]: Behavior Tree tick rate 100.00 was exceeded!
[controller_server-1] [INFO] [1788855217.712943182] [robot1.controller_server]: Passing new path to controller.
[bt_navigator-5] [WARN] [1788855217.716423845] [BehaviorTreeEngine]: Behavior Tree tick rate 100.00 was exceeded!
[bt_navigator-5] [WARN] [1788855217.773894935] [BehaviorTreeEngine]: Behavior Tree tick rate 100.00 was exceeded!
[bt_navigator-5] [WARN] [1788855217.805966869] [BehaviorTreeEngine]: Behavior Tree tick rate 100.00 was exceeded!
[bt_navigator-5] [WARN] [1788855217.952328260] [BehaviorTreeEngine]: Behavior Tree tick rate 100.00 was exceeded!
[bt_navigator-5] [WARN] [1788855218.227924536] [BehaviorTreeEngine]: Behavior Tree tick rate 100.00 was exceeded!
[bt_navigator-5] [WARN] [1788855218.288854299] [BehaviorTreeEngine]: Behavior Tree tick rate 100.00 was exceeded!
[bt_navigator-5] [WARN] [1788855218.365275213] [BehaviorTreeEngine]: Behavior Tree tick rate 100.00 was exceeded!
[bt_navigator-5] [WARN] [1788855218.530100852] [BehaviorTreeEngine]: Behavior Tree tick rate 100.00 was exceeded!
[bt_navigator-5] [WARN] [1788855218.551015281] [BehaviorTreeEngine]: Behavior Tree tick rate 100.00 was exceeded!
[controller_server-1] [INFO] [1788855218.712941916] [robot1.controller_server]: Passing new path to controller.
[bt_navigator-5] [WARN] [1788855218.782514139] [BehaviorTreeEngine]: Behavior Tree tick rate 100.00 was exceeded!
[bt_navigator-5] [WARN] [1788855218.833653139] [BehaviorTreeEngine]: Behavior Tree tick rate 100.00 was exceeded!
[bt_navigator-5] [WARN] [1788855218.944143517] [BehaviorTreeEngine]: Behavior Tree tick rate 100.00 was exceeded!
[bt_navigator-5] [WARN] [1788855219.074305792] [BehaviorTreeEngine]: Behavior Tree tick rate 100.00 was exceeded!
[bt_navigator-5] [WARN] [1788855219.173894072] [BehaviorTreeEngine]: Behavior Tree tick rate 100.00 was exceeded!
[bt_navigator-5] [WARN] [1788855219.348483123] [BehaviorTreeEngine]: Behavior Tree tick rate 100.00 was exceeded!
[bt_navigator-5] [WARN] [1788855219.584502344] [BehaviorTreeEngine]: Behavior Tree tick rate 100.00 was exceeded!
[bt_navigator-5] [WARN] [1788855219.686369088] [BehaviorTreeEngine]: Behavior Tree tick rate 100.00 was exceeded!
[controller_server-1] [INFO] [1788855219.762962607] [robot1.controller_server]: Passing new path to controller.
[bt_navigator-5] [WARN] [1788855220.069298341] [BehaviorTreeEngine]: Behavior Tree tick rate 100.00 was exceeded!
[bt_navigator-5] [WARN] [1788855220.111154534] [BehaviorTreeEngine]: Behavior Tree tick rate 100.00 was exceeded!
[bt_navigator-5] [WARN] [1788855220.244032456] [BehaviorTreeEngine]: Behavior Tree tick rate 100.00 was exceeded!
[bt_navigator-5] [WARN] [1788855220.269127863] [BehaviorTreeEngine]: Behavior Tree tick rate 100.00 was exceeded!
[bt_navigator-5] [WARN] [1788855220.287336743] [BehaviorTreeEngine]: Behavior Tree tick rate 100.00 was exceeded!
[bt_navigator-5] [WARN] [1788855220.342822623] [BehaviorTreeEngine]: Behavior Tree tick rate 100.00 was exceeded!
[bt_navigator-5] [WARN] [1788855220.361783325] [BehaviorTreeEngine]: Behavior Tree tick rate 100.00 was exceeded!
[bt_navigator-5] [WARN] [1788855220.464585705] [BehaviorTreeEngine]: Behavior Tree tick rate 100.00 was exceeded!
[bt_navigator-5] [WARN] [1788855220.573483062] [BehaviorTreeEngine]: Behavior Tree tick rate 100.00 was exceeded!
[bt_navigator-5] [WARN] [1788855220.606003131] [BehaviorTreeEngine]: Behavior Tree tick rate 100.00 was exceeded!
[bt_navigator-5] [WARN] [1788855220.747238428] [BehaviorTreeEngine]: Behavior Tree tick rate 100.00 was exceeded!
[controller_server-1] [INFO] [1788855220.762943695] [robot1.controller_server]: Passing new path to controller.
[bt_navigator-5] [WARN] [1788855221.171941014] [BehaviorTreeEngine]: Behavior Tree tick rate 100.00 was exceeded!
[controller_server-1] [ERROR] [1788855221.312973260] [robot1.controller_server]: Failed to make progress
[controller_server-1] [WARN] [1788855221.313044628] [robot1.controller_server]: [follow_path] [ActionServer] Aborting handle.
[bt_navigator-5] [WARN] [1788855221.325797570] [BehaviorTreeEngine]: Behavior Tree tick rate 100.00 was exceeded!
[behavior_server-4] [INFO] [1788855221.347029668] [robot1.behavior_server]: Running backup
[bt_navigator-5] [WARN] [1788855221.402514477] [BehaviorTreeEngine]: Behavior Tree tick rate 100.00 was exceeded!
[bt_navigator-5] [WARN] [1788855221.633754524] [BehaviorTreeEngine]: Behavior Tree tick rate 100.00 was exceeded!
[bt_navigator-5] [WARN] [1788855221.863755760] [BehaviorTreeEngine]: Behavior Tree tick rate 100.00 was exceeded!
[bt_navigator-5] [WARN] [1788855221.889506869] [BehaviorTreeEngine]: Behavior Tree tick rate 100.00 was exceeded!
[bt_navigator-5] [WARN] [1788855221.912863231] [BehaviorTreeEngine]: Behavior Tree tick rate 100.00 was exceeded!
[bt_navigator-5] [WARN] [1788855221.979886109] [BehaviorTreeEngine]: Behavior Tree tick rate 100.00 was exceeded!
[bt_navigator-5] [WARN] [1788855221.994099616] [BehaviorTreeEngine]: Behavior Tree tick rate 100.00 was exceeded!
[bt_navigator-5] [WARN] [1788855222.015670781] [BehaviorTreeEngine]: Behavior Tree tick rate 100.00 was exceeded!
[bt_navigator-5] [WARN] [1788855222.133819736] [BehaviorTreeEngine]: Behavior Tree tick rate 100.00 was exceeded!
[bt_navigator-5] [WARN] [1788855222.155588184] [BehaviorTreeEngine]: Behavior Tree tick rate 100.00 was exceeded!
[bt_navigator-5] [WARN] [1788855222.264576217] [BehaviorTreeEngine]: Behavior Tree tick rate 100.00 was exceeded!
[bt_navigator-5] [WARN] [1788855222.299824031] [BehaviorTreeEngine]: Behavior Tree tick rate 100.00 was exceeded!
[bt_navigator-5] [WARN] [1788855222.888582995] [BehaviorTreeEngine]: Behavior Tree tick rate 100.00 was exceeded!
[bt_navigator-5] [WARN] [1788855222.973398087] [BehaviorTreeEngine]: Behavior Tree tick rate 100.00 was exceeded!
[bt_navigator-5] [WARN] [1788855222.991322226] [BehaviorTreeEngine]: Behavior Tree tick rate 100.00 was exceeded!
[bt_navigator-5] [WARN] [1788855223.026706950] [BehaviorTreeEngine]: Behavior Tree tick rate 100.00 was exceeded!
[bt_navigator-5] [WARN] [1788855223.108986891] [BehaviorTreeEngine]: Behavior Tree tick rate 100.00 was exceeded!
[bt_navigator-5] [WARN] [1788855223.394458138] [BehaviorTreeEngine]: Behavior Tree tick rate 100.00 was exceeded!
[bt_navigator-5] [WARN] [1788855223.465975427] [BehaviorTreeEngine]: Behavior Tree tick rate 100.00 was exceeded!
[bt_navigator-5] [WARN] [1788855223.580919478] [BehaviorTreeEngine]: Behavior Tree tick rate 100.00 was exceeded!
[bt_navigator-5] [WARN] [1788855223.621312069] [BehaviorTreeEngine]: Behavior Tree tick rate 100.00 was exceeded!
[bt_navigator-5] [WARN] [1788855223.656976196] [BehaviorTreeEngine]: Behavior Tree tick rate 100.00 was exceeded!
[bt_navigator-5] [WARN] [1788855223.672398450] [BehaviorTreeEngine]: Behavior Tree tick rate 100.00 was exceeded!
[bt_navigator-5] [WARN] [1788855223.753735991] [BehaviorTreeEngine]: Behavior Tree tick rate 100.00 was exceeded!
[bt_navigator-5] [WARN] [1788855223.840822207] [BehaviorTreeEngine]: Behavior Tree tick rate 100.00 was exceeded!
[bt_navigator-5] [WARN] [1788855223.877796169] [BehaviorTreeEngine]: Behavior Tree tick rate 100.00 was exceeded!
[bt_navigator-5] [WARN] [1788855224.000460106] [BehaviorTreeEngine]: Behavior Tree tick rate 100.00 was exceeded!
[bt_navigator-5] [WARN] [1788855224.232251268] [BehaviorTreeEngine]: Behavior Tree tick rate 100.00 was exceeded!
[bt_navigator-5] [WARN] [1788855224.472886827] [BehaviorTreeEngine]: Behavior Tree tick rate 100.00 was exceeded!
[bt_navigator-5] [WARN] [1788855224.493411706] [BehaviorTreeEngine]: Behavior Tree tick rate 100.00 was exceeded!
[bt_navigator-5] [WARN] [1788855224.623245038] [BehaviorTreeEngine]: Behavior Tree tick rate 100.00 was exceeded!
[bt_navigator-5] [WARN] [1788855224.655109674] [BehaviorTreeEngine]: Behavior Tree tick rate 100.00 was exceeded!
[bt_navigator-5] [WARN] [1788855224.696496320] [BehaviorTreeEngine]: Behavior Tree tick rate 100.00 was exceeded!
[bt_navigator-5] [WARN] [1788855224.759577037] [BehaviorTreeEngine]: Behavior Tree tick rate 100.00 was exceeded!
[bt_navigator-5] [WARN] [1788855224.789838571] [BehaviorTreeEngine]: Behavior Tree tick rate 100.00 was exceeded!
[bt_navigator-5] [WARN] [1788855224.839890047] [BehaviorTreeEngine]: Behavior Tree tick rate 100.00 was exceeded!
[bt_navigator-5] [WARN] [1788855224.882311282] [BehaviorTreeEngine]: Behavior Tree tick rate 100.00 was exceeded!
[bt_navigator-5] [WARN] [1788855224.918046690] [BehaviorTreeEngine]: Behavior Tree tick rate 100.00 was exceeded!
[bt_navigator-5] [WARN] [1788855225.105778140] [BehaviorTreeEngine]: Behavior Tree tick rate 100.00 was exceeded!
[bt_navigator-5] [WARN] [1788855225.157209371] [BehaviorTreeEngine]: Behavior Tree tick rate 100.00 was exceeded!
[bt_navigator-5] [WARN] [1788855225.207818449] [BehaviorTreeEngine]: Behavior Tree tick rate 100.00 was exceeded!
[bt_navigator-5] [WARN] [1788855225.241547894] [BehaviorTreeEngine]: Behavior Tree tick rate 100.00 was exceeded!
[bt_navigator-5] [WARN] [1788855225.317728562] [BehaviorTreeEngine]: Behavior Tree tick rate 100.00 was exceeded!
[bt_navigator-5] [WARN] [1788855225.385368425] [BehaviorTreeEngine]: Behavior Tree tick rate 100.00 was exceeded!
[bt_navigator-5] [WARN] [1788855225.541166444] [BehaviorTreeEngine]: Behavior Tree tick rate 100.00 was exceeded!
[bt_navigator-5] [WARN] [1788855225.571602691] [BehaviorTreeEngine]: Behavior Tree tick rate 100.00 was exceeded!
[bt_navigator-5] [WARN] [1788855225.607760198] [BehaviorTreeEngine]: Behavior Tree tick rate 100.00 was exceeded!
[bt_navigator-5] [WARN] [1788855225.650791741] [BehaviorTreeEngine]: Behavior Tree tick rate 100.00 was exceeded!
[bt_navigator-5] [WARN] [1788855225.754118252] [BehaviorTreeEngine]: Behavior Tree tick rate 100.00 was exceeded!
[bt_navigator-5] [WARN] [1788855225.814734751] [BehaviorTreeEngine]: Behavior Tree tick rate 100.00 was exceeded!
[bt_navigator-5] [WARN] [1788855225.885795668] [BehaviorTreeEngine]: Behavior Tree tick rate 100.00 was exceeded!
[bt_navigator-5] [WARN] [1788855225.938262333] [BehaviorTreeEngine]: Behavior Tree tick rate 100.00 was exceeded!
[bt_navigator-5] [WARN] [1788855226.014425500] [BehaviorTreeEngine]: Behavior Tree tick rate 100.00 was exceeded!
[bt_navigator-5] [WARN] [1788855226.065787958] [BehaviorTreeEngine]: Behavior Tree tick rate 100.00 was exceeded!
[bt_navigator-5] [WARN] [1788855226.096289329] [BehaviorTreeEngine]: Behavior Tree tick rate 100.00 was exceeded!
[bt_navigator-5] [WARN] [1788855226.141273062] [BehaviorTreeEngine]: Behavior Tree tick rate 100.00 was exceeded!
[bt_navigator-5] [WARN] [1788855226.210875728] [BehaviorTreeEngine]: Behavior Tree tick rate 100.00 was exceeded!
[bt_navigator-5] [WARN] [1788855226.262920265] [BehaviorTreeEngine]: Behavior Tree tick rate 100.00 was exceeded!
[bt_navigator-5] [WARN] [1788855226.324826644] [BehaviorTreeEngine]: Behavior Tree tick rate 100.00 was exceeded!
[bt_navigator-5] [WARN] [1788855226.381704816] [BehaviorTreeEngine]: Behavior Tree tick rate 100.00 was exceeded!
[bt_navigator-5] [WARN] [1788855226.454701603] [BehaviorTreeEngine]: Behavior Tree tick rate 100.00 was exceeded!
[bt_navigator-5] [WARN] [1788855226.539965139] [BehaviorTreeEngine]: Behavior Tree tick rate 100.00 was exceeded!
[bt_navigator-5] [WARN] [1788855226.612322367] [BehaviorTreeEngine]: Behavior Tree tick rate 100.00 was exceeded!
[bt_navigator-5] [WARN] [1788855226.653541925] [BehaviorTreeEngine]: Behavior Tree tick rate 100.00 was exceeded!
[bt_navigator-5] [WARN] [1788855226.710802365] [BehaviorTreeEngine]: Behavior Tree tick rate 100.00 was exceeded!
[bt_navigator-5] [WARN] [1788855226.807900222] [BehaviorTreeEngine]: Behavior Tree tick rate 100.00 was exceeded!
[bt_navigator-5] [WARN] [1788855226.829701681] [BehaviorTreeEngine]: Behavior Tree tick rate 100.00 was exceeded!
[bt_navigator-5] [WARN] [1788855226.877942460] [BehaviorTreeEngine]: Behavior Tree tick rate 100.00 was exceeded!
[bt_navigator-5] [WARN] [1788855226.915724043] [BehaviorTreeEngine]: Behavior Tree tick rate 100.00 was exceeded!
[bt_navigator-5] [WARN] [1788855226.928680714] [BehaviorTreeEngine]: Behavior Tree tick rate 100.00 was exceeded!
[bt_navigator-5] [WARN] [1788855226.970397800] [BehaviorTreeEngine]: Behavior Tree tick rate 100.00 was exceeded!
[bt_navigator-5] [WARN] [1788855227.000982253] [BehaviorTreeEngine]: Behavior Tree tick rate 100.00 was exceeded!
[bt_navigator-5] [WARN] [1788855227.121256053] [BehaviorTreeEngine]: Behavior Tree tick rate 100.00 was exceeded!
[bt_navigator-5] [WARN] [1788855227.153191089] [BehaviorTreeEngine]: Behavior Tree tick rate 100.00 was exceeded!
[bt_navigator-5] [WARN] [1788855227.263207897] [BehaviorTreeEngine]: Behavior Tree tick rate 100.00 was exceeded!
[bt_navigator-5] [WARN] [1788855227.365262376] [BehaviorTreeEngine]: Behavior Tree tick rate 100.00 was exceeded!
[bt_navigator-5] [WARN] [1788855227.383559559] [BehaviorTreeEngine]: Behavior Tree tick rate 100.00 was exceeded!
[bt_navigator-5] [WARN] [1788855227.472697765] [BehaviorTreeEngine]: Behavior Tree tick rate 100.00 was exceeded!
[bt_navigator-5] [WARN] [1788855227.499438178] [BehaviorTreeEngine]: Behavior Tree tick rate 100.00 was exceeded!
[bt_navigator-5] [WARN] [1788855227.534654804] [BehaviorTreeEngine]: Behavior Tree tick rate 100.00 was exceeded!
[bt_navigator-5] [WARN] [1788855227.709514926] [BehaviorTreeEngine]: Behavior Tree tick rate 100.00 was exceeded!
[bt_navigator-5] [WARN] [1788855227.751156194] [BehaviorTreeEngine]: Behavior Tree tick rate 100.00 was exceeded!
[bt_navigator-5] [WARN] [1788855227.824032917] [BehaviorTreeEngine]: Behavior Tree tick rate 100.00 was exceeded!
[bt_navigator-5] [WARN] [1788855227.884486936] [BehaviorTreeEngine]: Behavior Tree tick rate 100.00 was exceeded!
[bt_navigator-5] [WARN] [1788855227.988030428] [BehaviorTreeEngine]: Behavior Tree tick rate 100.00 was exceeded!
[bt_navigator-5] [WARN] [1788855228.170711396] [BehaviorTreeEngine]: Behavior Tree tick rate 100.00 was exceeded!
[bt_navigator-5] [WARN] [1788855228.330000558] [BehaviorTreeEngine]: Behavior Tree tick rate 100.00 was exceeded!
[bt_navigator-5] [WARN] [1788855228.395854580] [BehaviorTreeEngine]: Behavior Tree tick rate 100.00 was exceeded!
[bt_navigator-5] [WARN] [1788855228.480117160] [BehaviorTreeEngine]: Behavior Tree tick rate 100.00 was exceeded!
[bt_navigator-5] [WARN] [1788855228.513202437] [BehaviorTreeEngine]: Behavior Tree tick rate 100.00 was exceeded!
[bt_navigator-5] [WARN] [1788855228.534815573] [BehaviorTreeEngine]: Behavior Tree tick rate 100.00 was exceeded!
[bt_navigator-5] [WARN] [1788855228.563981472] [BehaviorTreeEngine]: Behavior Tree tick rate 100.00 was exceeded!
[bt_navigator-5] [WARN] [1788855228.601562784] [BehaviorTreeEngine]: Behavior Tree tick rate 100.00 was exceeded!
[bt_navigator-5] [WARN] [1788855228.665955218] [BehaviorTreeEngine]: Behavior Tree tick rate 100.00 was exceeded!
[bt_navigator-5] [WARN] [1788855228.716588464] [BehaviorTreeEngine]: Behavior Tree tick rate 100.00 was exceeded!
[bt_navigator-5] [WARN] [1788855228.867757472] [BehaviorTreeEngine]: Behavior Tree tick rate 100.00 was exceeded!
[bt_navigator-5] [WARN] [1788855228.915208589] [BehaviorTreeEngine]: Behavior Tree tick rate 100.00 was exceeded!
[bt_navigator-5] [WARN] [1788855228.952841739] [BehaviorTreeEngine]: Behavior Tree tick rate 100.00 was exceeded!
[bt_navigator-5] [WARN] [1788855229.006616596] [BehaviorTreeEngine]: Behavior Tree tick rate 100.00 was exceeded!
[bt_navigator-5] [WARN] [1788855229.046756471] [BehaviorTreeEngine]: Behavior Tree tick rate 100.00 was exceeded!
[bt_navigator-5] [WARN] [1788855229.074890530] [BehaviorTreeEngine]: Behavior Tree tick rate 100.00 was exceeded!
[bt_navigator-5] [WARN] [1788855229.113694527] [BehaviorTreeEngine]: Behavior Tree tick rate 100.00 was exceeded!
[bt_navigator-5] [WARN] [1788855229.139933339] [BehaviorTreeEngine]: Behavior Tree tick rate 100.00 was exceeded!
[bt_navigator-5] [WARN] [1788855229.203933157] [BehaviorTreeEngine]: Behavior Tree tick rate 100.00 was exceeded!
[bt_navigator-5] [WARN] [1788855229.341177592] [BehaviorTreeEngine]: Behavior Tree tick rate 100.00 was exceeded!
[bt_navigator-5] [WARN] [1788855229.361388822] [BehaviorTreeEngine]: Behavior Tree tick rate 100.00 was exceeded!
[bt_navigator-5] [WARN] [1788855229.385260107] [BehaviorTreeEngine]: Behavior Tree tick rate 100.00 was exceeded!
[bt_navigator-5] [WARN] [1788855229.484465989] [BehaviorTreeEngine]: Behavior Tree tick rate 100.00 was exceeded!
[bt_navigator-5] [WARN] [1788855229.651325742] [BehaviorTreeEngine]: Behavior Tree tick rate 100.00 was exceeded!
[bt_navigator-5] [WARN] [1788855229.774045913] [BehaviorTreeEngine]: Behavior Tree tick rate 100.00 was exceeded!
[bt_navigator-5] [WARN] [1788855229.829176695] [BehaviorTreeEngine]: Behavior Tree tick rate 100.00 was exceeded!
[bt_navigator-5] [WARN] [1788855229.891848621] [BehaviorTreeEngine]: Behavior Tree tick rate 100.00 was exceeded!
[bt_navigator-5] [WARN] [1788855229.943799879] [BehaviorTreeEngine]: Behavior Tree tick rate 100.00 was exceeded!
[bt_navigator-5] [WARN] [1788855229.978495549] [BehaviorTreeEngine]: Behavior Tree tick rate 100.00 was exceeded!
[bt_navigator-5] [WARN] [1788855230.022341532] [BehaviorTreeEngine]: Behavior Tree tick rate 100.00 was exceeded!
[bt_navigator-5] [WARN] [1788855230.173506567] [BehaviorTreeEngine]: Behavior Tree tick rate 100.00 was exceeded!
[bt_navigator-5] [WARN] [1788855230.210826096] [BehaviorTreeEngine]: Behavior Tree tick rate 100.00 was exceeded!
[bt_navigator-5] [WARN] [1788855230.301348662] [BehaviorTreeEngine]: Behavior Tree tick rate 100.00 was exceeded!
[bt_navigator-5] [WARN] [1788855230.328626563] [BehaviorTreeEngine]: Behavior Tree tick rate 100.00 was exceeded!
[bt_navigator-5] [WARN] [1788855230.686457888] [BehaviorTreeEngine]: Behavior Tree tick rate 100.00 was exceeded!
[bt_navigator-5] [WARN] [1788855230.743629616] [BehaviorTreeEngine]: Behavior Tree tick rate 100.00 was exceeded!
[bt_navigator-5] [WARN] [1788855230.817652364] [BehaviorTreeEngine]: Behavior Tree tick rate 100.00 was exceeded!
[bt_navigator-5] [WARN] [1788855230.828901446] [BehaviorTreeEngine]: Behavior Tree tick rate 100.00 was exceeded!
[bt_navigator-5] [WARN] [1788855230.860104392] [BehaviorTreeEngine]: Behavior Tree tick rate 100.00 was exceeded!
[bt_navigator-5] [WARN] [1788855230.976148660] [BehaviorTreeEngine]: Behavior Tree tick rate 100.00 was exceeded!
[bt_navigator-5] [WARN] [1788855231.073792328] [BehaviorTreeEngine]: Behavior Tree tick rate 100.00 was exceeded!
[behavior_server-4] [WARN] [1788855231.347187897] [robot1.behavior_server]: Exceeded time allowance before reaching the DriveOnHeading goal - Exiting DriveOnHeading
[behavior_server-4] [WARN] [1788855231.347222010] [robot1.behavior_server]: backup failed
[behavior_server-4] [WARN] [1788855231.347227893] [robot1.behavior_server]: [backup] [ActionServer] Aborting handle.
[bt_navigator-5] [WARN] [1788855231.353857056] [BehaviorTreeEngine]: Behavior Tree tick rate 100.00 was exceeded!
[controller_server-1] [INFO] [1788855231.382308477] [robot1.local_costmap.local_costmap]: Received request to clear entirely the local_costmap
[planner_server-3] [INFO] [1788855231.382639941] [robot1.global_costmap.global_costmap]: Received request to clear entirely the global_costmap
[bt_navigator-5] [WARN] [1788855231.383049327] [BehaviorTreeEngine]: Behavior Tree tick rate 100.00 was exceeded!
[bt_navigator-5] [WARN] [1788855231.575369912] [BehaviorTreeEngine]: Behavior Tree tick rate 100.00 was exceeded!
[bt_navigator-5] [WARN] [1788855231.607822127] [BehaviorTreeEngine]: Behavior Tree tick rate 100.00 was exceeded!
[planner_server-3] [WARN] [1788855231.733378064] [robot1.planner_server]: Planner loop missed its desired rate of 20.0000 Hz. Current loop rate is 2.8541 Hz
[controller_server-1] [INFO] [1788855231.769953766] [robot1.controller_server]: Received a goal, begin computing control effort.
[bt_navigator-5] [WARN] [1788855231.770184220] [BehaviorTreeEngine]: Behavior Tree tick rate 100.00 was exceeded!
[bt_navigator-5] [WARN] [1788855231.886809151] [BehaviorTreeEngine]: Behavior Tree tick rate 100.00 was exceeded!
[bt_navigator-5] [WARN] [1788855231.910724994] [BehaviorTreeEngine]: Behavior Tree tick rate 100.00 was exceeded!
[bt_navigator-5] [WARN] [1788855232.110815464] [BehaviorTreeEngine]: Behavior Tree tick rate 100.00 was exceeded!
[bt_navigator-5] [WARN] [1788855232.166884666] [BehaviorTreeEngine]: Behavior Tree tick rate 100.00 was exceeded!
[bt_navigator-5] [WARN] [1788855232.192420490] [BehaviorTreeEngine]: Behavior Tree tick rate 100.00 was exceeded!
[bt_navigator-5] [WARN] [1788855232.221705703] [BehaviorTreeEngine]: Behavior Tree tick rate 100.00 was exceeded!
[bt_navigator-5] [WARN] [1788855232.309928763] [BehaviorTreeEngine]: Behavior Tree tick rate 100.00 was exceeded!
[bt_navigator-5] [WARN] [1788855232.360918172] [BehaviorTreeEngine]: Behavior Tree tick rate 100.00 was exceeded!
[bt_navigator-5] [WARN] [1788855232.458643477] [BehaviorTreeEngine]: Behavior Tree tick rate 100.00 was exceeded!
[bt_navigator-5] [WARN] [1788855232.500170551] [BehaviorTreeEngine]: Behavior Tree tick rate 100.00 was exceeded!
[bt_navigator-5] [WARN] [1788855232.534325298] [BehaviorTreeEngine]: Behavior Tree tick rate 100.00 was exceeded!
[bt_navigator-5] [WARN] [1788855232.597829787] [BehaviorTreeEngine]: Behavior Tree tick rate 100.00 was exceeded!
[bt_navigator-5] [WARN] [1788855232.694163850] [BehaviorTreeEngine]: Behavior Tree tick rate 100.00 was exceeded!
[bt_navigator-5] [WARN] [1788855232.760265024] [BehaviorTreeEngine]: Behavior Tree tick rate 100.00 was exceeded!
[bt_navigator-5] [WARN] [1788855232.787821305] [BehaviorTreeEngine]: Behavior Tree tick rate 100.00 was exceeded!
[bt_navigator-5] [WARN] [1788855232.787844781] [robot1.bt_navigator_navigate_to_pose_rclcpp_node]: Timed out while waiting for action server to acknowledge goal request for compute_path_to_pose
[planner_server-3] [INFO] [1788855232.788067740] [robot1.global_costmap.global_costmap]: Received request to clear entirely the global_costmap
[bt_navigator-5] [WARN] [1788855232.864278361] [BehaviorTreeEngine]: Behavior Tree tick rate 100.00 was exceeded!
[bt_navigator-5] [WARN] [1788855232.897087277] [BehaviorTreeEngine]: Behavior Tree tick rate 100.00 was exceeded!
[bt_navigator-5] [WARN] [1788855232.990607650] [BehaviorTreeEngine]: Behavior Tree tick rate 100.00 was exceeded!
[bt_navigator-5] [WARN] [1788855233.085161809] [BehaviorTreeEngine]: Behavior Tree tick rate 100.00 was exceeded!
[bt_navigator-5] [WARN] [1788855233.196293709] [BehaviorTreeEngine]: Behavior Tree tick rate 100.00 was exceeded!
[bt_navigator-5] [WARN] [1788855233.319189697] [BehaviorTreeEngine]: Behavior Tree tick rate 100.00 was exceeded!
[bt_navigator-5] [WARN] [1788855233.358635041] [BehaviorTreeEngine]: Behavior Tree tick rate 100.00 was exceeded!
[bt_navigator-5] [WARN] [1788855233.421051907] [BehaviorTreeEngine]: Behavior Tree tick rate 100.00 was exceeded!
[bt_navigator-5] [WARN] [1788855233.617958582] [BehaviorTreeEngine]: Behavior Tree tick rate 100.00 was exceeded!
[bt_navigator-5] [WARN] [1788855233.668540085] [BehaviorTreeEngine]: Behavior Tree tick rate 100.00 was exceeded!
[planner_server-3] [WARN] [1788855233.738703261] [robot1.planner_server]: Planner loop missed its desired rate of 20.0000 Hz. Current loop rate is 1.0523 Hz
[controller_server-1] [INFO] [1788855233.770120376] [robot1.controller_server]: Passing new path to controller.
[bt_navigator-5] [WARN] [1788855233.848420302] [BehaviorTreeEngine]: Behavior Tree tick rate 100.00 was exceeded!
[bt_navigator-5] [WARN] [1788855233.965210076] [BehaviorTreeEngine]: Behavior Tree tick rate 100.00 was exceeded!
[bt_navigator-5] [WARN] [1788855234.068578997] [BehaviorTreeEngine]: Behavior Tree tick rate 100.00 was exceeded!
[bt_navigator-5] [WARN] [1788855234.117897088] [BehaviorTreeEngine]: Behavior Tree tick rate 100.00 was exceeded!
[bt_navigator-5] [WARN] [1788855234.161851294] [BehaviorTreeEngine]: Behavior Tree tick rate 100.00 was exceeded!
[bt_navigator-5] [WARN] [1788855234.194879957] [BehaviorTreeEngine]: Behavior Tree tick rate 100.00 was exceeded!
[bt_navigator-5] [WARN] [1788855234.309409726] [BehaviorTreeEngine]: Behavior Tree tick rate 100.00 was exceeded!
[bt_navigator-5] [WARN] [1788855234.339807406] [BehaviorTreeEngine]: Behavior Tree tick rate 100.00 was exceeded!
[bt_navigator-5] [WARN] [1788855234.370972091] [BehaviorTreeEngine]: Behavior Tree tick rate 100.00 was exceeded!
[controller_server-1] [INFO] [1788855234.472792631] [robot1.local_costmap.local_costmap]: StaticLayer: Resizing static layer to 189 X 337 at 0.050000 m/pix
[bt_navigator-5] [WARN] [1788855234.495961949] [BehaviorTreeEngine]: Behavior Tree tick rate 100.00 was exceeded!
[bt_navigator-5] [WARN] [1788855234.528136695] [BehaviorTreeEngine]: Behavior Tree tick rate 100.00 was exceeded!
[bt_navigator-5] [WARN] [1788855234.546145134] [BehaviorTreeEngine]: Behavior Tree tick rate 100.00 was exceeded!
[bt_navigator-5] [WARN] [1788855234.628438456] [BehaviorTreeEngine]: Behavior Tree tick rate 100.00 was exceeded!
[bt_navigator-5] [WARN] [1788855234.681855815] [BehaviorTreeEngine]: Behavior Tree tick rate 100.00 was exceeded!
[planner_server-3] [INFO] [1788855234.728878188] [robot1.global_costmap.global_costmap]: StaticLayer: Resizing costmap to 189 X 337 at 0.050000 m/pix
[bt_navigator-5] [WARN] [1788855234.799647898] [BehaviorTreeEngine]: Behavior Tree tick rate 100.00 was exceeded!
[controller_server-1] [INFO] [1788855234.820121590] [robot1.controller_server]: Passing new path to controller.
[bt_navigator-5] [WARN] [1788855235.167578188] [BehaviorTreeEngine]: Behavior Tree tick rate 100.00 was exceeded!
[bt_navigator-5] [WARN] [1788855235.202544459] [BehaviorTreeEngine]: Behavior Tree tick rate 100.00 was exceeded!
[bt_navigator-5] [WARN] [1788855235.275069005] [BehaviorTreeEngine]: Behavior Tree tick rate 100.00 was exceeded!
[bt_navigator-5] [WARN] [1788855235.328493154] [BehaviorTreeEngine]: Behavior Tree tick rate 100.00 was exceeded!
[bt_navigator-5] [WARN] [1788855235.346670533] [BehaviorTreeEngine]: Behavior Tree tick rate 100.00 was exceeded!
[bt_navigator-5] [WARN] [1788855235.368970478] [BehaviorTreeEngine]: Behavior Tree tick rate 100.00 was exceeded!
[bt_navigator-5] [WARN] [1788855235.449515984] [BehaviorTreeEngine]: Behavior Tree tick rate 100.00 was exceeded!
[bt_navigator-5] [WARN] [1788855235.475877203] [BehaviorTreeEngine]: Behavior Tree tick rate 100.00 was exceeded!
[bt_navigator-5] [WARN] [1788855235.556510375] [BehaviorTreeEngine]: Behavior Tree tick rate 100.00 was exceeded!
[bt_navigator-5] [WARN] [1788855235.585603842] [BehaviorTreeEngine]: Behavior Tree tick rate 100.00 was exceeded!
[bt_navigator-5] [WARN] [1788855235.647783810] [BehaviorTreeEngine]: Behavior Tree tick rate 100.00 was exceeded!
[bt_navigator-5] [WARN] [1788855235.744152504] [BehaviorTreeEngine]: Behavior Tree tick rate 100.00 was exceeded!
[bt_navigator-5] [WARN] [1788855235.757403219] [BehaviorTreeEngine]: Behavior Tree tick rate 100.00 was exceeded!
[bt_navigator-5] [WARN] [1788855235.779901810] [BehaviorTreeEngine]: Behavior Tree tick rate 100.00 was exceeded!
[controller_server-1] [INFO] [1788855235.870140323] [robot1.controller_server]: Passing new path to controller.
[bt_navigator-5] [WARN] [1788855235.888046284] [BehaviorTreeEngine]: Behavior Tree tick rate 100.00 was exceeded!
[bt_navigator-5] [WARN] [1788855235.968244269] [BehaviorTreeEngine]: Behavior Tree tick rate 100.00 was exceeded!
[bt_navigator-5] [WARN] [1788855236.399992973] [BehaviorTreeEngine]: Behavior Tree tick rate 100.00 was exceeded!
[bt_navigator-5] [WARN] [1788855236.470931950] [BehaviorTreeEngine]: Behavior Tree tick rate 100.00 was exceeded!
[bt_navigator-5] [WARN] [1788855236.591304720] [BehaviorTreeEngine]: Behavior Tree tick rate 100.00 was exceeded!
[bt_navigator-5] [WARN] [1788855236.652575183] [BehaviorTreeEngine]: Behavior Tree tick rate 100.00 was exceeded!
[bt_navigator-5] [WARN] [1788855236.672085231] [BehaviorTreeEngine]: Behavior Tree tick rate 100.00 was exceeded!
[controller_server-1] [INFO] [1788855236.870142627] [robot1.controller_server]: Passing new path to controller.
[bt_navigator-5] [WARN] [1788855236.882859414] [BehaviorTreeEngine]: Behavior Tree tick rate 100.00 was exceeded!
[bt_navigator-5] [WARN] [1788855237.161540063] [BehaviorTreeEngine]: Behavior Tree tick rate 100.00 was exceeded!
[bt_navigator-5] [WARN] [1788855237.204665519] [BehaviorTreeEngine]: Behavior Tree tick rate 100.00 was exceeded!
[bt_navigator-5] [WARN] [1788855237.316098869] [BehaviorTreeEngine]: Behavior Tree tick rate 100.00 was exceeded!
[bt_navigator-5] [WARN] [1788855237.353500333] [BehaviorTreeEngine]: Behavior Tree tick rate 100.00 was exceeded!
[controller_server-1] [INFO] [1788855237.371893778] [robot1.controller_server]: Reached the goal!
[bt_navigator-5] [INFO] [1788855237.413021537] [robot1.bt_navigator]: Goal succeeded
[planner_server-3] [INFO] [1788855325.484249912] [robot1.global_costmap.global_costmap]: Message Filter dropping message: frame 'rplidar_link' at time 1788855325.026 for reason 'the timestamp on the message is earlier than all the data in the transform cache'
[WARNING] [launch]: user interrupted with ctrl-c (SIGINT)
[ERROR] [lifecycle_manager-8]: process[lifecycle_manager-8] failed to terminate '5' seconds after receiving 'SIGINT', escalating to 'SIGTERM'
[ERROR] [velocity_smoother-7]: process[velocity_smoother-7] failed to terminate '5' seconds after receiving 'SIGINT', escalating to 'SIGTERM'
[ERROR] [waypoint_follower-6]: process[waypoint_follower-6] failed to terminate '5' seconds after receiving 'SIGINT', escalating to 'SIGTERM'
[ERROR] [bt_navigator-5]: process[bt_navigator-5] failed to terminate '5' seconds after receiving 'SIGINT', escalating to 'SIGTERM'
[ERROR] [behavior_server-4]: process[behavior_server-4] failed to terminate '5' seconds after receiving 'SIGINT', escalating to 'SIGTERM'
[ERROR] [planner_server-3]: process[planner_server-3] failed to terminate '5' seconds after receiving 'SIGINT', escalating to 'SIGTERM'
[ERROR] [smoother_server-2]: process[smoother_server-2] failed to terminate '5' seconds after receiving 'SIGINT', escalating to 'SIGTERM'
[ERROR] [controller_server-1]: process[controller_server-1] failed to terminate '5' seconds after receiving 'SIGINT', escalating to 'SIGTERM'
[INFO] [lifecycle_manager-8]: sending signal 'SIGTERM' to process[lifecycle_manager-8]
[INFO] [velocity_smoother-7]: sending signal 'SIGTERM' to process[velocity_smoother-7]
[INFO] [waypoint_follower-6]: sending signal 'SIGTERM' to process[waypoint_follower-6]
[INFO] [bt_navigator-5]: sending signal 'SIGTERM' to process[bt_navigator-5]
[INFO] [behavior_server-4]: sending signal 'SIGTERM' to process[behavior_server-4]
[INFO] [planner_server-3]: sending signal 'SIGTERM' to process[planner_server-3]
[INFO] [smoother_server-2]: sending signal 'SIGTERM' to process[smoother_server-2]
[INFO] [controller_server-1]: sending signal 'SIGTERM' to process[controller_server-1]
[lifecycle_manager-8] [INFO] [1788855415.795850551] [rclcpp]: signal_handler(SIGINT/SIGTERM)
[lifecycle_manager-8] [INFO] [1788855415.795924073] [robot1.lifecycle_manager_navigation]: Running Nav2 LifecycleManager rcl preshutdown (lifecycle_manager_navigation)
[lifecycle_manager-8] [INFO] [1788855415.795956537] [robot1.lifecycle_manager_navigation]: [34m[1mTerminating bond timer...[0m[0m
[velocity_smoother-7] [INFO] [1788855415.796279482] [rclcpp]: signal_handler(SIGINT/SIGTERM)
[velocity_smoother-7] [INFO] [1788855415.796338868] [robot1.velocity_smoother]: Running Nav2 LifecycleNode rcl preshutdown (velocity_smoother)
[velocity_smoother-7] [INFO] [1788855415.796371909] [robot1.velocity_smoother]: Deactivating
[velocity_smoother-7] [INFO] [1788855415.796381779] [robot1.velocity_smoother]: Destroying bond (velocity_smoother) to lifecycle manager.
[waypoint_follower-6] [INFO] [1788855415.796623230] [rclcpp]: signal_handler(SIGINT/SIGTERM)
[waypoint_follower-6] [INFO] [1788855415.796653026] [robot1.waypoint_follower]: Running Nav2 LifecycleNode rcl preshutdown (waypoint_follower)
[waypoint_follower-6] [INFO] [1788855415.796678572] [robot1.waypoint_follower]: Deactivating
[waypoint_follower-6] [INFO] [1788855415.796692091] [robot1.waypoint_follower]: Destroying bond (waypoint_follower) to lifecycle manager.
[bt_navigator-5] [INFO] [1788855415.797048510] [rclcpp]: signal_handler(SIGINT/SIGTERM)
[bt_navigator-5] [INFO] [1788855415.797089379] [robot1.bt_navigator]: Running Nav2 LifecycleNode rcl preshutdown (bt_navigator)
[bt_navigator-5] [INFO] [1788855415.797127724] [robot1.bt_navigator]: Deactivating
[bt_navigator-5] [INFO] [1788855415.797165410] [robot1.bt_navigator]: Destroying bond (bt_navigator) to lifecycle manager.
[behavior_server-4] [INFO] [1788855415.797437423] [rclcpp]: signal_handler(SIGINT/SIGTERM)
[behavior_server-4] [INFO] [1788855415.797473520] [robot1.behavior_server]: Running Nav2 LifecycleNode rcl preshutdown (behavior_server)
[behavior_server-4] [INFO] [1788855415.797508396] [robot1.behavior_server]: Deactivating
[behavior_server-4] [INFO] [1788855415.797533201] [robot1.behavior_server]: Destroying bond (behavior_server) to lifecycle manager.
[planner_server-3] [INFO] [1788855415.797911215] [rclcpp]: signal_handler(SIGINT/SIGTERM)
[planner_server-3] [INFO] [1788855415.797949882] [robot1.planner_server]: Running Nav2 LifecycleNode rcl preshutdown (planner_server)
[planner_server-3] [INFO] [1788855415.797973548] [robot1.planner_server]: Deactivating
[planner_server-3] [INFO] [1788855415.797986164] [robot1.global_costmap.global_costmap]: Deactivating
[smoother_server-2] [INFO] [1788855415.798295683] [rclcpp]: signal_handler(SIGINT/SIGTERM)
[smoother_server-2] [INFO] [1788855415.798350186] [robot1.smoother_server]: Running Nav2 LifecycleNode rcl preshutdown (smoother_server)
[smoother_server-2] [INFO] [1788855415.798391938] [robot1.smoother_server]: Deactivating
[smoother_server-2] [INFO] [1788855415.798407780] [robot1.smoother_server]: Destroying bond (smoother_server) to lifecycle manager.
[controller_server-1] [INFO] [1788855415.798692205] [rclcpp]: signal_handler(SIGINT/SIGTERM)
[controller_server-1] [INFO] [1788855415.798734606] [robot1.controller_server]: Running Nav2 LifecycleNode rcl preshutdown (controller_server)
[controller_server-1] [INFO] [1788855415.798779020] [robot1.controller_server]: Deactivating
[controller_server-1] [INFO] [1788855415.798809777] [robot1.local_costmap.local_costmap]: Deactivating
[waypoint_follower-6] [INFO] [1788855415.806839519] [robot1.waypoint_follower]: Cleaning up
[velocity_smoother-7] [INFO] [1788855415.852934203] [robot1.velocity_smoother]: Cleaning up
[velocity_smoother-7] [INFO] [1788855415.852963166] [robot1.velocity_smoother]: Destroying bond (velocity_smoother) to lifecycle manager.
[waypoint_follower-6] [INFO] [1788855415.855429152] [robot1.waypoint_follower]: Destroying bond (waypoint_follower) to lifecycle manager.
[behavior_server-4] [INFO] [1788855415.857733295] [robot1.behavior_server]: Cleaning up
[smoother_server-2] [INFO] [1788855415.858578997] [robot1.smoother_server]: Cleaning up
[controller_server-1] [INFO] [1788855415.872867594] [robot1.controller_server]: Destroying bond (controller_server) to lifecycle manager.
[velocity_smoother-7] [INFO] [1788855415.899539999] [robot1.velocity_smoother]: Destroying
[bt_navigator-5] [INFO] [1788855415.899901997] [robot1.bt_navigator]: Cleaning up
[waypoint_follower-6] [INFO] [1788855415.902848526] [robot1.waypoint_follower]: Destroying
[controller_server-1] [INFO] [1788855415.903079624] [robot1.controller_server]: Cleaning up
[controller_server-1] [INFO] [1788855415.903260761] [robot1.local_costmap.local_costmap]: Cleaning up
[smoother_server-2] [INFO] [1788855415.972382530] [robot1.smoother_server]: Destroying bond (smoother_server) to lifecycle manager.
[smoother_server-2] [INFO] [1788855415.996081350] [robot1.smoother_server]: Destroying
[INFO] [waypoint_follower-6]: process has finished cleanly [pid 97428]
[INFO] [velocity_smoother-7]: process has finished cleanly [pid 97430]
[lifecycle_manager-8] [INFO] [1788855416.132006476] [robot1.lifecycle_manager_navigation]: Destroying lifecycle_manager_navigation
[INFO] [smoother_server-2]: process has finished cleanly [pid 97420]
[behavior_server-4] [INFO] [1788855416.209378981] [robot1.behavior_server]: Destroying bond (behavior_server) to lifecycle manager.
[INFO] [lifecycle_manager-8]: process has finished cleanly [pid 97432]
[controller_server-1] [INFO] [1788855416.489511963] [robot1.controller_server]: Destroying bond (controller_server) to lifecycle manager.
[behavior_server-4] [INFO] [1788855416.503223250] [robot1.behavior_server]: Destroying
[controller_server-1] [INFO] [1788855416.546701909] [robot1.local_costmap.local_costmap]: Destroying
[controller_server-1] [INFO] [1788855416.634175966] [robot1.controller_server]: Destroying
[INFO] [behavior_server-4]: process has finished cleanly [pid 97424]
[planner_server-3] [INFO] [1788855416.728872283] [robot1.planner_server]: Deactivating plugin GridBased of type NavfnPlanner
[planner_server-3] [INFO] [1788855416.728903746] [robot1.planner_server]: Destroying bond (planner_server) to lifecycle manager.
[planner_server-3] [INFO] [1788855416.739009570] [robot1.planner_server]: Cleaning up
[INFO] [controller_server-1]: process has finished cleanly [pid 97418]
[planner_server-3] [INFO] [1788855416.825853470] [robot1.global_costmap.global_costmap]: Cleaning up
[planner_server-3] [INFO] [1788855416.882445879] [robot1.planner_server]: Cleaning up plugin GridBased of type NavfnPlanner
[planner_server-3] [INFO] [1788855416.882473214] [robot1.planner_server]: Destroying plugin GridBased of type NavfnPlanner
[planner_server-3] [INFO] [1788855416.970014640] [robot1.planner_server]: Destroying bond (planner_server) to lifecycle manager.
[planner_server-3] [INFO] [1788855417.003230535] [robot1.global_costmap.global_costmap]: Destroying
[planner_server-3] [INFO] [1788855417.077307021] [robot1.planner_server]: Destroying
[INFO] [planner_server-3]: process has finished cleanly [pid 97422]
[bt_navigator-5] [INFO] [1788855417.471939564] [robot1.bt_navigator]: Completed Cleaning up
[bt_navigator-5] [INFO] [1788855417.471976608] [robot1.bt_navigator]: Destroying bond (bt_navigator) to lifecycle manager.
[bt_navigator-5] [INFO] [1788855417.489229193] [robot1.bt_navigator]: Destroying
[INFO] [bt_navigator-5]: process has finished cleanly [pid 97426]
