[INFO] [launch]: All log files can be found below /home/danyalaziz/.ros/log/2026-09-11-09-16-20-633691-Precision-3660-497811
[INFO] [launch]: Default logging verbosity is set to INFO
[INFO] [component_container_isolated-1]: process started with pid [497826]
[component_container_isolated-1] [INFO] [1789100186.791022317] [robot1.nav2_container]: Load Library: /opt/ros/humble/lib/libcontroller_server_core.so
[component_container_isolated-1] [INFO] [1789100186.793846370] [robot1.nav2_container]: Found class: rclcpp_components::NodeFactoryTemplate<nav2_controller::ControllerServer>
[component_container_isolated-1] [INFO] [1789100186.793861241] [robot1.nav2_container]: Instantiate class: rclcpp_components::NodeFactoryTemplate<nav2_controller::ControllerServer>
[component_container_isolated-1] [INFO] [1789100186.832660705] [robot1.controller_server]: 
[component_container_isolated-1] 	controller_server lifecycle node launched. 
[component_container_isolated-1] 	Waiting on external lifecycle transitions to activate
[component_container_isolated-1] 	See https://design.ros2.org/articles/node_lifecycle.html for more information.
[component_container_isolated-1] [INFO] [1789100186.834088101] [robot1.controller_server]: Creating controller server
[component_container_isolated-1] [INFO] [1789100186.937711784] [robot1.local_costmap.local_costmap]: 
[component_container_isolated-1] 	local_costmap lifecycle node launched. 
[component_container_isolated-1] 	Waiting on external lifecycle transitions to activate
[component_container_isolated-1] 	See https://design.ros2.org/articles/node_lifecycle.html for more information.
[component_container_isolated-1] [INFO] [1789100186.937960667] [robot1.local_costmap.local_costmap]: Creating Costmap
[INFO] [launch_ros.actions.load_composable_nodes]: Loaded node '/robot1/controller_server' in container '/robot1/nav2_container'
[component_container_isolated-1] [INFO] [1789100186.955730930] [robot1.nav2_container]: Load Library: /opt/ros/humble/lib/libsmoother_server_core.so
[component_container_isolated-1] [INFO] [1789100186.956453669] [robot1.nav2_container]: Found class: rclcpp_components::NodeFactoryTemplate<nav2_smoother::SmootherServer>
[component_container_isolated-1] [INFO] [1789100186.956461248] [robot1.nav2_container]: Instantiate class: rclcpp_components::NodeFactoryTemplate<nav2_smoother::SmootherServer>
[component_container_isolated-1] [INFO] [1789100187.087720540] [robot1.smoother_server]: 
[component_container_isolated-1] 	smoother_server lifecycle node launched. 
[component_container_isolated-1] 	Waiting on external lifecycle transitions to activate
[component_container_isolated-1] 	See https://design.ros2.org/articles/node_lifecycle.html for more information.
[component_container_isolated-1] [INFO] [1789100187.088319085] [robot1.smoother_server]: Creating smoother server
[INFO] [launch_ros.actions.load_composable_nodes]: Loaded node '/robot1/smoother_server' in container '/robot1/nav2_container'
[component_container_isolated-1] [INFO] [1789100187.103397833] [robot1.nav2_container]: Load Library: /opt/ros/humble/lib/libplanner_server_core.so
[component_container_isolated-1] [INFO] [1789100187.103813639] [robot1.nav2_container]: Found class: rclcpp_components::NodeFactoryTemplate<nav2_planner::PlannerServer>
[component_container_isolated-1] [INFO] [1789100187.103823225] [robot1.nav2_container]: Instantiate class: rclcpp_components::NodeFactoryTemplate<nav2_planner::PlannerServer>
[component_container_isolated-1] [INFO] [1789100187.271590988] [robot1.planner_server]: 
[component_container_isolated-1] 	planner_server lifecycle node launched. 
[component_container_isolated-1] 	Waiting on external lifecycle transitions to activate
[component_container_isolated-1] 	See https://design.ros2.org/articles/node_lifecycle.html for more information.
[component_container_isolated-1] [INFO] [1789100187.272213399] [robot1.planner_server]: Creating
[component_container_isolated-1] [INFO] [1789100187.509079009] [robot1.global_costmap.global_costmap]: 
[component_container_isolated-1] 	global_costmap lifecycle node launched. 
[component_container_isolated-1] 	Waiting on external lifecycle transitions to activate
[component_container_isolated-1] 	See https://design.ros2.org/articles/node_lifecycle.html for more information.
[component_container_isolated-1] [INFO] [1789100187.509283443] [robot1.global_costmap.global_costmap]: Creating Costmap
[INFO] [launch_ros.actions.load_composable_nodes]: Loaded node '/robot1/planner_server' in container '/robot1/nav2_container'
[component_container_isolated-1] [INFO] [1789100187.541442039] [robot1.nav2_container]: Load Library: /opt/ros/humble/lib/libbehavior_server_core.so
[component_container_isolated-1] [INFO] [1789100187.542783551] [robot1.nav2_container]: Found class: rclcpp_components::NodeFactoryTemplate<behavior_server::BehaviorServer>
[component_container_isolated-1] [INFO] [1789100187.542797506] [robot1.nav2_container]: Instantiate class: rclcpp_components::NodeFactoryTemplate<behavior_server::BehaviorServer>
[component_container_isolated-1] [INFO] [1789100187.812581483] [robot1.behavior_server]: 
[component_container_isolated-1] 	behavior_server lifecycle node launched. 
[component_container_isolated-1] 	Waiting on external lifecycle transitions to activate
[component_container_isolated-1] 	See https://design.ros2.org/articles/node_lifecycle.html for more information.
[INFO] [launch_ros.actions.load_composable_nodes]: Loaded node '/robot1/behavior_server' in container '/robot1/nav2_container'
[component_container_isolated-1] [INFO] [1789100187.833103679] [robot1.nav2_container]: Load Library: /opt/ros/humble/lib/libbt_navigator_core.so
[component_container_isolated-1] [INFO] [1789100187.833989703] [robot1.nav2_container]: Found class: rclcpp_components::NodeFactoryTemplate<nav2_bt_navigator::BtNavigator>
[component_container_isolated-1] [INFO] [1789100187.834001470] [robot1.nav2_container]: Instantiate class: rclcpp_components::NodeFactoryTemplate<nav2_bt_navigator::BtNavigator>
[component_container_isolated-1] [INFO] [1789100188.145151007] [robot1.bt_navigator]: 
[component_container_isolated-1] 	bt_navigator lifecycle node launched. 
[component_container_isolated-1] 	Waiting on external lifecycle transitions to activate
[component_container_isolated-1] 	See https://design.ros2.org/articles/node_lifecycle.html for more information.
[component_container_isolated-1] [INFO] [1789100188.145187589] [robot1.bt_navigator]: Creating
[INFO] [launch_ros.actions.load_composable_nodes]: Loaded node '/robot1/bt_navigator' in container '/robot1/nav2_container'
[component_container_isolated-1] [INFO] [1789100188.164539012] [robot1.nav2_container]: Load Library: /opt/ros/humble/lib/libwaypoint_follower_core.so
[component_container_isolated-1] [INFO] [1789100188.164909445] [robot1.nav2_container]: Found class: rclcpp_components::NodeFactoryTemplate<nav2_waypoint_follower::WaypointFollower>
[component_container_isolated-1] [INFO] [1789100188.164921338] [robot1.nav2_container]: Instantiate class: rclcpp_components::NodeFactoryTemplate<nav2_waypoint_follower::WaypointFollower>
[component_container_isolated-1] [INFO] [1789100188.547579369] [robot1.waypoint_follower]: 
[component_container_isolated-1] 	waypoint_follower lifecycle node launched. 
[component_container_isolated-1] 	Waiting on external lifecycle transitions to activate
[component_container_isolated-1] 	See https://design.ros2.org/articles/node_lifecycle.html for more information.
[component_container_isolated-1] [INFO] [1789100188.547791412] [robot1.waypoint_follower]: Creating
[INFO] [launch_ros.actions.load_composable_nodes]: Loaded node '/robot1/waypoint_follower' in container '/robot1/nav2_container'
[component_container_isolated-1] [INFO] [1789100188.567326460] [robot1.nav2_container]: Load Library: /opt/ros/humble/lib/libvelocity_smoother_core.so
[component_container_isolated-1] [INFO] [1789100188.567731011] [robot1.nav2_container]: Found class: rclcpp_components::NodeFactoryTemplate<nav2_velocity_smoother::VelocitySmoother>
[component_container_isolated-1] [INFO] [1789100188.567744323] [robot1.nav2_container]: Instantiate class: rclcpp_components::NodeFactoryTemplate<nav2_velocity_smoother::VelocitySmoother>
[component_container_isolated-1] [INFO] [1789100189.106501931] [robot1.velocity_smoother]: 
[component_container_isolated-1] 	velocity_smoother lifecycle node launched. 
[component_container_isolated-1] 	Waiting on external lifecycle transitions to activate
[component_container_isolated-1] 	See https://design.ros2.org/articles/node_lifecycle.html for more information.
[INFO] [launch_ros.actions.load_composable_nodes]: Loaded node '/robot1/velocity_smoother' in container '/robot1/nav2_container'
[component_container_isolated-1] [INFO] [1789100189.119688309] [robot1.nav2_container]: Load Library: /opt/ros/humble/lib/libnav2_lifecycle_manager_core.so
[component_container_isolated-1] [INFO] [1789100189.120094293] [robot1.nav2_container]: Found class: rclcpp_components::NodeFactoryTemplate<nav2_lifecycle_manager::LifecycleManager>
[component_container_isolated-1] [INFO] [1789100189.120104717] [robot1.nav2_container]: Instantiate class: rclcpp_components::NodeFactoryTemplate<nav2_lifecycle_manager::LifecycleManager>
[component_container_isolated-1] [INFO] [1789100189.563743364] [robot1.lifecycle_manager_navigation]: Creating
[component_container_isolated-1] [INFO] [1789100189.615509331] [robot1.lifecycle_manager_navigation]: [34m[1mCreating and initializing lifecycle service clients[0m[0m
[INFO] [launch_ros.actions.load_composable_nodes]: Loaded node '/robot1/lifecycle_manager_navigation' in container '/robot1/nav2_container'
[INFO] [nav2_startup-2]: process started with pid [497941]
[nav2_startup-2] waiting for service to become available...
[nav2_startup-2] requester: making request: nav2_msgs.srv.ManageLifecycleNodes_Request(command=0)
[nav2_startup-2] 
[component_container_isolated-1] [INFO] [1789100213.609821125] [robot1.lifecycle_manager_navigation]: [34m[1mStarting managed nodes bringup...[0m[0m
[component_container_isolated-1] [INFO] [1789100213.609877471] [robot1.lifecycle_manager_navigation]: [34m[1mConfiguring controller_server[0m[0m
[component_container_isolated-1] [INFO] [1789100213.610171438] [robot1.controller_server]: Configuring controller interface
[component_container_isolated-1] [INFO] [1789100213.610346646] [robot1.controller_server]: getting goal checker plugins..
[component_container_isolated-1] [INFO] [1789100213.610485210] [robot1.controller_server]: Controller frequency set to 20.0000Hz
[component_container_isolated-1] [INFO] [1789100213.610503161] [robot1.local_costmap.local_costmap]: Configuring
[component_container_isolated-1] [INFO] [1789100213.841720967] [robot1.local_costmap.local_costmap]: Using plugin "static_layer"
[component_container_isolated-1] [INFO] [1789100213.856877209] [robot1.local_costmap.local_costmap]: Subscribing to the map topic (/robot1/map) with transient local durability
[component_container_isolated-1] [INFO] [1789100213.871801449] [robot1.local_costmap.local_costmap]: Initialized plugin "static_layer"
[component_container_isolated-1] [INFO] [1789100213.871815948] [robot1.local_costmap.local_costmap]: Using plugin "voxel_layer"
[component_container_isolated-1] [INFO] [1789100213.872205627] [robot1.local_costmap.local_costmap]: Subscribed to Topics: scan
[component_container_isolated-1] [INFO] [1789100213.980215886] [robot1.local_costmap.local_costmap]: Initialized plugin "voxel_layer"
[component_container_isolated-1] [INFO] [1789100213.980244820] [robot1.local_costmap.local_costmap]: Using plugin "inflation_layer"
[component_container_isolated-1] [INFO] [1789100214.014984010] [robot1.local_costmap.local_costmap]: Initialized plugin "inflation_layer"
[component_container_isolated-1] [INFO] [1789100214.556787996] [robot1.local_costmap.local_costmap]: StaticLayer: Resizing static layer to 134 X 259 at 0.050000 m/pix
[component_container_isolated-1] [INFO] [1789100214.556923780] [robot1.controller_server]: Created progress_checker : progress_checker of type nav2_controller::SimpleProgressChecker
[component_container_isolated-1] [INFO] [1789100214.557400111] [robot1.controller_server]: Created goal checker : general_goal_checker of type nav2_controller::SimpleGoalChecker
[component_container_isolated-1] [INFO] [1789100214.568138381] [robot1.controller_server]: Controller Server has general_goal_checker  goal checkers available.
[component_container_isolated-1] [INFO] [1789100214.568813207] [robot1.controller_server]: Created controller : FollowPath of type dwb_core::DWBLocalPlanner
[component_container_isolated-1] [INFO] [1789100214.599979003] [robot1.controller_server]: Setting transform_tolerance to 0.200000
[component_container_isolated-1] [INFO] [1789100214.924845907] [robot1.controller_server]: Using critic "RotateToGoal" (dwb_critics::RotateToGoalCritic)
[component_container_isolated-1] [INFO] [1789100214.933157067] [robot1.controller_server]: Critic plugin initialized
[component_container_isolated-1] [INFO] [1789100214.933391121] [robot1.controller_server]: Using critic "Oscillation" (dwb_critics::OscillationCritic)
[component_container_isolated-1] [INFO] [1789100214.938522542] [robot1.controller_server]: Critic plugin initialized
[component_container_isolated-1] [INFO] [1789100214.938640969] [robot1.controller_server]: Using critic "BaseObstacle" (dwb_critics::BaseObstacleCritic)
[component_container_isolated-1] [INFO] [1789100214.943498892] [robot1.controller_server]: Critic plugin initialized
[component_container_isolated-1] [INFO] [1789100214.943619025] [robot1.controller_server]: Using critic "GoalAlign" (dwb_critics::GoalAlignCritic)
[component_container_isolated-1] [INFO] [1789100214.943852753] [robot1.controller_server]: Critic plugin initialized
[component_container_isolated-1] [INFO] [1789100214.943921624] [robot1.controller_server]: Using critic "PathAlign" (dwb_critics::PathAlignCritic)
[component_container_isolated-1] [INFO] [1789100214.944102503] [robot1.controller_server]: Critic plugin initialized
[component_container_isolated-1] [INFO] [1789100214.944167244] [robot1.controller_server]: Using critic "PathDist" (dwb_critics::PathDistCritic)
[component_container_isolated-1] [INFO] [1789100214.954815886] [robot1.controller_server]: Critic plugin initialized
[component_container_isolated-1] [INFO] [1789100214.954931477] [robot1.controller_server]: Using critic "GoalDist" (dwb_critics::GoalDistCritic)
[component_container_isolated-1] [INFO] [1789100214.955111850] [robot1.controller_server]: Critic plugin initialized
[component_container_isolated-1] [INFO] [1789100214.955120124] [robot1.controller_server]: Controller Server has FollowPath  controllers available.
[component_container_isolated-1] [INFO] [1789100215.559526103] [robot1.lifecycle_manager_navigation]: [34m[1mConfiguring smoother_server[0m[0m
[component_container_isolated-1] [INFO] [1789100215.559692369] [robot1.smoother_server]: Configuring smoother server
[component_container_isolated-1] [INFO] [1789100216.043132058] [robot1.smoother_server]: Created smoother : simple_smoother of type nav2_smoother::SimpleSmoother
[component_container_isolated-1] [INFO] [1789100216.095503488] [robot1.smoother_server]: Smoother Server has simple_smoother  smoothers available.
[component_container_isolated-1] [INFO] [1789100216.415854763] [robot1.lifecycle_manager_navigation]: [34m[1mConfiguring planner_server[0m[0m
[component_container_isolated-1] [INFO] [1789100216.416033201] [robot1.planner_server]: Configuring
[component_container_isolated-1] [INFO] [1789100216.416076031] [robot1.global_costmap.global_costmap]: Configuring
[component_container_isolated-1] [INFO] [1789100216.720526633] [robot1.global_costmap.global_costmap]: Using plugin "static_layer"
[component_container_isolated-1] [INFO] [1789100216.721171052] [robot1.global_costmap.global_costmap]: Subscribing to the map topic (/robot1/map) with transient local durability
[component_container_isolated-1] [INFO] [1789100216.791820286] [robot1.global_costmap.global_costmap]: Initialized plugin "static_layer"
[component_container_isolated-1] [INFO] [1789100216.791854111] [robot1.global_costmap.global_costmap]: Using plugin "obstacle_layer"
[component_container_isolated-1] [INFO] [1789100216.810721752] [robot1.global_costmap.global_costmap]: Subscribed to Topics: scan
[component_container_isolated-1] [INFO] [1789100216.898373854] [robot1.global_costmap.global_costmap]: Initialized plugin "obstacle_layer"
[component_container_isolated-1] [INFO] [1789100216.898398131] [robot1.global_costmap.global_costmap]: Using plugin "inflation_layer"
[component_container_isolated-1] [INFO] [1789100216.898939232] [robot1.global_costmap.global_costmap]: Initialized plugin "inflation_layer"
[component_container_isolated-1] [INFO] [1789100217.575400679] [robot1.global_costmap.global_costmap]: StaticLayer: Resizing costmap to 134 X 259 at 0.050000 m/pix
[component_container_isolated-1] [INFO] [1789100217.575708831] [robot1.planner_server]: Created global planner plugin GridBased of type nav2_navfn_planner/NavfnPlanner
[component_container_isolated-1] [INFO] [1789100217.575739600] [robot1.planner_server]: Configuring plugin GridBased of type NavfnPlanner
[component_container_isolated-1] [INFO] [1789100217.607490178] [robot1.planner_server]: Planner Server has GridBased  planners available.
[component_container_isolated-1] [INFO] [1789100218.583582615] [robot1.lifecycle_manager_navigation]: [34m[1mConfiguring behavior_server[0m[0m
[component_container_isolated-1] [INFO] [1789100218.583728429] [robot1.behavior_server]: Configuring
[component_container_isolated-1] [INFO] [1789100219.075659102] [robot1.behavior_server]: Creating behavior plugin spin of type nav2_behaviors/Spin
[component_container_isolated-1] [INFO] [1789100219.076151783] [robot1.behavior_server]: Configuring spin
[component_container_isolated-1] [INFO] [1789100219.440387094] [robot1.behavior_server]: Creating behavior plugin backup of type nav2_behaviors/BackUp
[component_container_isolated-1] [INFO] [1789100219.440778093] [robot1.behavior_server]: Configuring backup
[component_container_isolated-1] [INFO] [1789100219.838118440] [robot1.behavior_server]: Creating behavior plugin drive_on_heading of type nav2_behaviors/DriveOnHeading
[component_container_isolated-1] [INFO] [1789100219.838544132] [robot1.behavior_server]: Configuring drive_on_heading
[component_container_isolated-1] [INFO] [1789100220.215301021] [robot1.behavior_server]: Creating behavior plugin assisted_teleop of type nav2_behaviors/AssistedTeleop
[component_container_isolated-1] [INFO] [1789100220.216122519] [robot1.behavior_server]: Configuring assisted_teleop
[component_container_isolated-1] [INFO] [1789100220.908054989] [robot1.behavior_server]: Creating behavior plugin wait of type nav2_behaviors/Wait
[component_container_isolated-1] [INFO] [1789100220.908460602] [robot1.behavior_server]: Configuring wait
[component_container_isolated-1] [INFO] [1789100221.486899880] [robot1.lifecycle_manager_navigation]: [34m[1mConfiguring bt_navigator[0m[0m
[component_container_isolated-1] [INFO] [1789100221.487033881] [robot1.bt_navigator]: Configuring
[component_container_isolated-1] [INFO] [1789100226.180306636] [robot1.lifecycle_manager_navigation]: [34m[1mConfiguring waypoint_follower[0m[0m
[component_container_isolated-1] [INFO] [1789100226.180421173] [robot1.waypoint_follower]: Configuring
[component_container_isolated-1] [INFO] [1789100227.288320632] [robot1.waypoint_follower]: Created waypoint_task_executor : wait_at_waypoint of type nav2_waypoint_follower::WaitAtWaypoint
[component_container_isolated-1] [INFO] [1789100227.288893070] [robot1.lifecycle_manager_navigation]: [34m[1mConfiguring velocity_smoother[0m[0m
[component_container_isolated-1] [INFO] [1789100227.289017242] [robot1.velocity_smoother]: Configuring velocity smoother
[component_container_isolated-1] [INFO] [1789100227.471082095] [robot1.lifecycle_manager_navigation]: [34m[1mActivating controller_server[0m[0m
[component_container_isolated-1] [INFO] [1789100227.471232337] [robot1.controller_server]: Activating
[component_container_isolated-1] [INFO] [1789100227.471259545] [robot1.local_costmap.local_costmap]: Activating
[component_container_isolated-1] [INFO] [1789100227.471267624] [robot1.local_costmap.local_costmap]: Checking transform
[component_container_isolated-1] [INFO] [1789100227.471339770] [robot1.local_costmap.local_costmap]: start
[component_container_isolated-1] [INFO] [1789100227.717060884] [robot1.controller_server]: Creating bond (controller_server) to lifecycle manager.
[component_container_isolated-1] [INFO] [1789100228.172364069] [robot1.lifecycle_manager_navigation]: Server controller_server connected with bond.
[component_container_isolated-1] [INFO] [1789100228.172408973] [robot1.lifecycle_manager_navigation]: [34m[1mActivating smoother_server[0m[0m
[component_container_isolated-1] [INFO] [1789100228.172670203] [robot1.smoother_server]: Activating
[component_container_isolated-1] [INFO] [1789100228.172694324] [robot1.smoother_server]: Creating bond (smoother_server) to lifecycle manager.
[component_container_isolated-1] [INFO] [1789100228.547825721] [robot1.lifecycle_manager_navigation]: Server smoother_server connected with bond.
[component_container_isolated-1] [INFO] [1789100228.547917316] [robot1.lifecycle_manager_navigation]: [34m[1mActivating planner_server[0m[0m
[component_container_isolated-1] [INFO] [1789100228.573350162] [robot1.planner_server]: Activating
[component_container_isolated-1] [INFO] [1789100228.573391882] [robot1.global_costmap.global_costmap]: Activating
[component_container_isolated-1] [INFO] [1789100228.573397896] [robot1.global_costmap.global_costmap]: Checking transform
[component_container_isolated-1] [INFO] [1789100228.573454405] [robot1.global_costmap.global_costmap]: start
[component_container_isolated-1] [INFO] [1789100228.991183452] [robot1.global_costmap.global_costmap]: Message Filter dropping message: frame 'rplidar_link' at time 1789100228.248 for reason 'the timestamp on the message is earlier than all the data in the transform cache'
[component_container_isolated-1] [INFO] [1789100229.590611908] [robot1.planner_server]: Activating plugin GridBased of type NavfnPlanner
[component_container_isolated-1] [INFO] [1789100229.706588247] [robot1.planner_server]: Creating bond (planner_server) to lifecycle manager.
[component_container_isolated-1] [INFO] [1789100230.110596594] [robot1.lifecycle_manager_navigation]: Server planner_server connected with bond.
[component_container_isolated-1] [INFO] [1789100230.110629810] [robot1.lifecycle_manager_navigation]: [34m[1mActivating behavior_server[0m[0m
[component_container_isolated-1] [INFO] [1789100230.111005312] [robot1.behavior_server]: Activating
[component_container_isolated-1] [INFO] [1789100230.111029362] [robot1.behavior_server]: Activating spin
[component_container_isolated-1] [INFO] [1789100230.111049782] [robot1.behavior_server]: Activating backup
[component_container_isolated-1] [INFO] [1789100230.111060253] [robot1.behavior_server]: Activating drive_on_heading
[component_container_isolated-1] [INFO] [1789100230.111070281] [robot1.behavior_server]: Activating assisted_teleop
[component_container_isolated-1] [INFO] [1789100230.111081064] [robot1.behavior_server]: Activating wait
[component_container_isolated-1] [INFO] [1789100230.111094900] [robot1.behavior_server]: Creating bond (behavior_server) to lifecycle manager.
[component_container_isolated-1] [INFO] [1789100230.497814038] [robot1.lifecycle_manager_navigation]: Server behavior_server connected with bond.
[component_container_isolated-1] [INFO] [1789100230.497842418] [robot1.lifecycle_manager_navigation]: [34m[1mActivating bt_navigator[0m[0m
[component_container_isolated-1] [INFO] [1789100230.498097849] [robot1.bt_navigator]: Activating
[component_container_isolated-1] [INFO] [1789100231.583495420] [robot1.global_costmap.global_costmap]: Message Filter dropping message: frame 'rplidar_link' at time 1789100230.922 for reason 'the timestamp on the message is earlier than all the data in the transform cache'
[component_container_isolated-1] [INFO] [1789100234.183394144] [robot1.global_costmap.global_costmap]: Message Filter dropping message: frame 'rplidar_link' at time 1789100233.533 for reason 'the timestamp on the message is earlier than all the data in the transform cache'
[component_container_isolated-1] [INFO] [1789100237.208858635] [robot1.global_costmap.global_costmap]: Message Filter dropping message: frame 'rplidar_link' at time 1789100236.524 for reason 'the timestamp on the message is earlier than all the data in the transform cache'
[component_container_isolated-1] [INFO] [1789100237.370786749] [robot1.bt_navigator]: Creating bond (bt_navigator) to lifecycle manager.
[component_container_isolated-1] [INFO] [1789100237.727090536] [robot1.lifecycle_manager_navigation]: Server bt_navigator connected with bond.
[component_container_isolated-1] [INFO] [1789100237.727132547] [robot1.lifecycle_manager_navigation]: [34m[1mActivating waypoint_follower[0m[0m
[component_container_isolated-1] [INFO] [1789100237.727431500] [robot1.waypoint_follower]: Activating
[component_container_isolated-1] [INFO] [1789100237.727469433] [robot1.waypoint_follower]: Creating bond (waypoint_follower) to lifecycle manager.
[component_container_isolated-1] [INFO] [1789100238.108171679] [robot1.lifecycle_manager_navigation]: Server waypoint_follower connected with bond.
[component_container_isolated-1] [INFO] [1789100238.108221279] [robot1.lifecycle_manager_navigation]: [34m[1mActivating velocity_smoother[0m[0m
[component_container_isolated-1] [INFO] [1789100238.108462805] [robot1.velocity_smoother]: Activating
[component_container_isolated-1] [INFO] [1789100238.108495619] [robot1.velocity_smoother]: Creating bond (velocity_smoother) to lifecycle manager.
[component_container_isolated-1] [INFO] [1789100238.559634099] [robot1.lifecycle_manager_navigation]: Server velocity_smoother connected with bond.
[component_container_isolated-1] [INFO] [1789100238.559663758] [robot1.lifecycle_manager_navigation]: [34m[1mManaged nodes are active[0m[0m
[component_container_isolated-1] [INFO] [1789100238.559676737] [robot1.lifecycle_manager_navigation]: [34m[1mCreating bond timer...[0m[0m
[nav2_startup-2] response:
[nav2_startup-2] nav2_msgs.srv.ManageLifecycleNodes_Response(success=True)
[nav2_startup-2] 
[INFO] [nav2_startup-2]: process has finished cleanly [pid 497941]
[component_container_isolated-1] [INFO] [1789100266.442455916] [robot1.global_costmap.global_costmap]: Message Filter dropping message: frame 'rplidar_link' at time 1789100265.595 for reason 'the timestamp on the message is earlier than all the data in the transform cache'
[component_container_isolated-1] [INFO] [1789100292.276583943] [robot1.local_costmap.local_costmap]: Message Filter dropping message: frame 'rplidar_link' at time 1789100291.494 for reason 'the timestamp on the message is earlier than all the data in the transform cache'
[component_container_isolated-1] [INFO] [1789100314.889976651] [robot1.local_costmap.local_costmap]: Message Filter dropping message: frame 'rplidar_link' at time 1789100314.205 for reason 'the timestamp on the message is earlier than all the data in the transform cache'
[component_container_isolated-1] [INFO] [1789100391.846508624] [robot1.global_costmap.global_costmap]: Message Filter dropping message: frame 'rplidar_link' at time 1789100391.310 for reason 'the timestamp on the message is earlier than all the data in the transform cache'
[component_container_isolated-1] [INFO] [1789100415.180647529] [robot1.local_costmap.local_costmap]: Message Filter dropping message: frame 'rplidar_link' at time 1789100414.410 for reason 'the timestamp on the message is earlier than all the data in the transform cache'
[component_container_isolated-1] [INFO] [1789100415.180647529] [robot1.global_costmap.global_costmap]: Message Filter dropping message: frame 'rplidar_link' at time 1789100414.410 for reason 'the timestamp on the message is earlier than all the data in the transform cache'
[component_container_isolated-1] [INFO] [1789100443.526583474] [robot1.local_costmap.local_costmap]: Message Filter dropping message: frame 'rplidar_link' at time 1789100442.704 for reason 'the timestamp on the message is earlier than all the data in the transform cache'
[component_container_isolated-1] [INFO] [1789100460.451049171] [robot1.local_costmap.local_costmap]: Message Filter dropping message: frame 'rplidar_link' at time 1789100459.943 for reason 'the timestamp on the message is earlier than all the data in the transform cache'
[component_container_isolated-1] [INFO] [1789100505.447326034] [robot1.local_costmap.local_costmap]: Message Filter dropping message: frame 'rplidar_link' at time 1789100504.713 for reason 'the timestamp on the message is earlier than all the data in the transform cache'
[component_container_isolated-1] [INFO] [1789100551.595620626] [robot1.global_costmap.global_costmap]: Message Filter dropping message: frame 'rplidar_link' at time 1789100550.950 for reason 'the timestamp on the message is earlier than all the data in the transform cache'
[component_container_isolated-1] [INFO] [1789100622.993728164] [robot1.local_costmap.local_costmap]: Message Filter dropping message: frame 'rplidar_link' at time 1789100622.307 for reason 'the timestamp on the message is earlier than all the data in the transform cache'
[WARNING] [launch]: user interrupted with ctrl-c (SIGINT)
[ERROR] [component_container_isolated-1]: process[component_container_isolated-1] failed to terminate '5' seconds after receiving 'SIGINT', escalating to 'SIGTERM'
[INFO] [component_container_isolated-1]: sending signal 'SIGTERM' to process[component_container_isolated-1]
[component_container_isolated-1] [INFO] [1789100645.784044073] [rclcpp]: signal_handler(SIGINT/SIGTERM)
[component_container_isolated-1] [INFO] [1789100645.784111518] [robot1.waypoint_follower]: Running Nav2 LifecycleNode rcl preshutdown (waypoint_follower)
[component_container_isolated-1] [INFO] [1789100645.784175175] [robot1.waypoint_follower]: Deactivating
[component_container_isolated-1] [INFO] [1789100645.784193502] [robot1.waypoint_follower]: Destroying bond (waypoint_follower) to lifecycle manager.
[component_container_isolated-1] [INFO] [1789100645.794404671] [robot1.waypoint_follower]: Cleaning up
[component_container_isolated-1] [INFO] [1789100645.960677909] [robot1.lifecycle_manager_navigation]: [34m[1mHave not received a heartbeat from waypoint_follower.[0m[0m
[component_container_isolated-1] [ERROR] [1789100645.960707719] [robot1.lifecycle_manager_navigation]: CRITICAL FAILURE: SERVER waypoint_follower IS DOWN after not receiving a heartbeat for 30000 ms. Shutting down related nodes.
[component_container_isolated-1] [INFO] [1789100645.960735187] [robot1.lifecycle_manager_navigation]: [34m[1mTerminating bond timer...[0m[0m
[component_container_isolated-1] [INFO] [1789100645.960738921] [robot1.lifecycle_manager_navigation]: [34m[1mResetting managed nodes...[0m[0m
[component_container_isolated-1] [INFO] [1789100645.960742414] [robot1.lifecycle_manager_navigation]: [34m[1mDeactivating velocity_smoother[0m[0m
[component_container_isolated-1] [INFO] [1789100645.961101992] [robot1.velocity_smoother]: Deactivating
[component_container_isolated-1] [INFO] [1789100645.961139983] [robot1.velocity_smoother]: Destroying bond (velocity_smoother) to lifecycle manager.
[component_container_isolated-1] [INFO] [1789100646.681873783] [robot1.lifecycle_manager_navigation]: [34m[1mDeactivating waypoint_follower[0m[0m
[component_container_isolated-1] [INFO] [1789100647.685903030] [robot1.waypoint_follower]: Destroying bond (waypoint_follower) to lifecycle manager.
[component_container_isolated-1] [INFO] [1789100647.685928151] [robot1.bt_navigator]: Running Nav2 LifecycleNode rcl preshutdown (bt_navigator)
[component_container_isolated-1] [INFO] [1789100647.685939093] [robot1.bt_navigator]: Deactivating
[component_container_isolated-1] [INFO] [1789100647.685945675] [robot1.bt_navigator]: Destroying bond (bt_navigator) to lifecycle manager.
[component_container_isolated-1] [INFO] [1789100647.696126765] [robot1.bt_navigator]: Cleaning up
[component_container_isolated-1] [WARN] [1789100649.808084431] [rcl_lifecycle]: No transition matching 4 found for current state unconfigured
[component_container_isolated-1] [WARN] [1789100649.808103099] [rcl_lifecycle]: No transition matching 4 found for current state unconfigured
[component_container_isolated-1] [ERROR] [1789100649.808108330] [robot1.waypoint_follower]: Unable to start transition 4 from current state unconfigured: Transition is not registered., at ./src/rcl_lifecycle.c:355
[component_container_isolated-1] [ERROR] [1789100649.808408999] [robot1.lifecycle_manager_navigation]: Failed to change state for node: waypoint_follower
[component_container_isolated-1] [INFO] [1789100649.808432604] [robot1.lifecycle_manager_navigation]: [34m[1mDeactivating bt_navigator[0m[0m
[ERROR] [component_container_isolated-1]: process[component_container_isolated-1] failed to terminate '10.0' seconds after receiving 'SIGTERM', escalating to 'SIGKILL'
[INFO] [component_container_isolated-1]: sending signal 'SIGKILL' to process[component_container_isolated-1]
[ERROR] [component_container_isolated-1]: process has died [pid 497826, exit code -9, cmd '/opt/ros/humble/lib/rclcpp_components/component_container_isolated --ros-args --log-level info --ros-args -r __node:=nav2_container -r __ns:=/robot1 --params-file /tmp/launch_params_4_7af2if -r /tf:=tf -r /tf_static:=tf_static -r /robot1/global_costmap/scan:=/robot1/scan -r /robot1/local_costmap/scan:=/robot1/scan'].
[INFO] [launch]: All log files can be found below /home/danyalaziz/.ros/log/2026-09-11-09-37-07-418334-Precision-3660-509732
[INFO] [launch]: Default logging verbosity is set to INFO
[INFO] [component_container_isolated-1]: process started with pid [509748]
[component_container_isolated-1] [INFO] [1789101429.613030144] [robot1.nav2_container]: Load Library: /opt/ros/humble/lib/libcontroller_server_core.so
[component_container_isolated-1] [INFO] [1789101429.615976315] [robot1.nav2_container]: Found class: rclcpp_components::NodeFactoryTemplate<nav2_controller::ControllerServer>
[component_container_isolated-1] [INFO] [1789101429.615993267] [robot1.nav2_container]: Instantiate class: rclcpp_components::NodeFactoryTemplate<nav2_controller::ControllerServer>
[component_container_isolated-1] [INFO] [1789101429.641950781] [robot1.controller_server]: 
[component_container_isolated-1] 	controller_server lifecycle node launched. 
[component_container_isolated-1] 	Waiting on external lifecycle transitions to activate
[component_container_isolated-1] 	See https://design.ros2.org/articles/node_lifecycle.html for more information.
[component_container_isolated-1] [INFO] [1789101429.643414430] [robot1.controller_server]: Creating controller server
[component_container_isolated-1] [INFO] [1789101429.696224716] [robot1.local_costmap.local_costmap]: 
[component_container_isolated-1] 	local_costmap lifecycle node launched. 
[component_container_isolated-1] 	Waiting on external lifecycle transitions to activate
[component_container_isolated-1] 	See https://design.ros2.org/articles/node_lifecycle.html for more information.
[component_container_isolated-1] [INFO] [1789101429.696450681] [robot1.local_costmap.local_costmap]: Creating Costmap
[INFO] [launch_ros.actions.load_composable_nodes]: Loaded node '/robot1/controller_server' in container '/robot1/nav2_container'
[component_container_isolated-1] [INFO] [1789101429.711174660] [robot1.nav2_container]: Load Library: /opt/ros/humble/lib/libsmoother_server_core.so
[component_container_isolated-1] [INFO] [1789101429.711850282] [robot1.nav2_container]: Found class: rclcpp_components::NodeFactoryTemplate<nav2_smoother::SmootherServer>
[component_container_isolated-1] [INFO] [1789101429.711859654] [robot1.nav2_container]: Instantiate class: rclcpp_components::NodeFactoryTemplate<nav2_smoother::SmootherServer>
[component_container_isolated-1] [INFO] [1789101429.769327921] [robot1.smoother_server]: 
[component_container_isolated-1] 	smoother_server lifecycle node launched. 
[component_container_isolated-1] 	Waiting on external lifecycle transitions to activate
[component_container_isolated-1] 	See https://design.ros2.org/articles/node_lifecycle.html for more information.
[component_container_isolated-1] [INFO] [1789101429.769920557] [robot1.smoother_server]: Creating smoother server
[INFO] [launch_ros.actions.load_composable_nodes]: Loaded node '/robot1/smoother_server' in container '/robot1/nav2_container'
[component_container_isolated-1] [INFO] [1789101429.771403309] [robot1.nav2_container]: Load Library: /opt/ros/humble/lib/libplanner_server_core.so
[component_container_isolated-1] [INFO] [1789101429.771765676] [robot1.nav2_container]: Found class: rclcpp_components::NodeFactoryTemplate<nav2_planner::PlannerServer>
[component_container_isolated-1] [INFO] [1789101429.771772784] [robot1.nav2_container]: Instantiate class: rclcpp_components::NodeFactoryTemplate<nav2_planner::PlannerServer>
[component_container_isolated-1] [INFO] [1789101429.843649417] [robot1.planner_server]: 
[component_container_isolated-1] 	planner_server lifecycle node launched. 
[component_container_isolated-1] 	Waiting on external lifecycle transitions to activate
[component_container_isolated-1] 	See https://design.ros2.org/articles/node_lifecycle.html for more information.
[component_container_isolated-1] [INFO] [1789101429.844219011] [robot1.planner_server]: Creating
[component_container_isolated-1] [INFO] [1789101429.939863894] [robot1.global_costmap.global_costmap]: 
[component_container_isolated-1] 	global_costmap lifecycle node launched. 
[component_container_isolated-1] 	Waiting on external lifecycle transitions to activate
[component_container_isolated-1] 	See https://design.ros2.org/articles/node_lifecycle.html for more information.
[component_container_isolated-1] [INFO] [1789101429.940048809] [robot1.global_costmap.global_costmap]: Creating Costmap
[INFO] [launch_ros.actions.load_composable_nodes]: Loaded node '/robot1/planner_server' in container '/robot1/nav2_container'
[component_container_isolated-1] [INFO] [1789101429.950359400] [robot1.nav2_container]: Load Library: /opt/ros/humble/lib/libbehavior_server_core.so
[component_container_isolated-1] [INFO] [1789101429.951626692] [robot1.nav2_container]: Found class: rclcpp_components::NodeFactoryTemplate<behavior_server::BehaviorServer>
[component_container_isolated-1] [INFO] [1789101429.951641065] [robot1.nav2_container]: Instantiate class: rclcpp_components::NodeFactoryTemplate<behavior_server::BehaviorServer>
[component_container_isolated-1] [INFO] [1789101430.116241840] [robot1.behavior_server]: 
[component_container_isolated-1] 	behavior_server lifecycle node launched. 
[component_container_isolated-1] 	Waiting on external lifecycle transitions to activate
[component_container_isolated-1] 	See https://design.ros2.org/articles/node_lifecycle.html for more information.
[INFO] [launch_ros.actions.load_composable_nodes]: Loaded node '/robot1/behavior_server' in container '/robot1/nav2_container'
[component_container_isolated-1] [INFO] [1789101430.118296062] [robot1.nav2_container]: Load Library: /opt/ros/humble/lib/libbt_navigator_core.so
[component_container_isolated-1] [INFO] [1789101430.119096572] [robot1.nav2_container]: Found class: rclcpp_components::NodeFactoryTemplate<nav2_bt_navigator::BtNavigator>
[component_container_isolated-1] [INFO] [1789101430.119107872] [robot1.nav2_container]: Instantiate class: rclcpp_components::NodeFactoryTemplate<nav2_bt_navigator::BtNavigator>
[component_container_isolated-1] [INFO] [1789101430.426511441] [robot1.bt_navigator]: 
[component_container_isolated-1] 	bt_navigator lifecycle node launched. 
[component_container_isolated-1] 	Waiting on external lifecycle transitions to activate
[component_container_isolated-1] 	See https://design.ros2.org/articles/node_lifecycle.html for more information.
[component_container_isolated-1] [INFO] [1789101430.426544512] [robot1.bt_navigator]: Creating
[INFO] [launch_ros.actions.load_composable_nodes]: Loaded node '/robot1/bt_navigator' in container '/robot1/nav2_container'
[component_container_isolated-1] [INFO] [1789101430.439802112] [robot1.nav2_container]: Load Library: /opt/ros/humble/lib/libwaypoint_follower_core.so
[component_container_isolated-1] [INFO] [1789101430.440128692] [robot1.nav2_container]: Found class: rclcpp_components::NodeFactoryTemplate<nav2_waypoint_follower::WaypointFollower>
[component_container_isolated-1] [INFO] [1789101430.440138333] [robot1.nav2_container]: Instantiate class: rclcpp_components::NodeFactoryTemplate<nav2_waypoint_follower::WaypointFollower>
[component_container_isolated-1] [INFO] [1789101430.643296984] [robot1.waypoint_follower]: 
[component_container_isolated-1] 	waypoint_follower lifecycle node launched. 
[component_container_isolated-1] 	Waiting on external lifecycle transitions to activate
[component_container_isolated-1] 	See https://design.ros2.org/articles/node_lifecycle.html for more information.
[component_container_isolated-1] [INFO] [1789101430.643565402] [robot1.waypoint_follower]: Creating
[INFO] [launch_ros.actions.load_composable_nodes]: Loaded node '/robot1/waypoint_follower' in container '/robot1/nav2_container'
[component_container_isolated-1] [INFO] [1789101430.644915101] [robot1.nav2_container]: Load Library: /opt/ros/humble/lib/libvelocity_smoother_core.so
[component_container_isolated-1] [INFO] [1789101430.645332221] [robot1.nav2_container]: Found class: rclcpp_components::NodeFactoryTemplate<nav2_velocity_smoother::VelocitySmoother>
[component_container_isolated-1] [INFO] [1789101430.645340223] [robot1.nav2_container]: Instantiate class: rclcpp_components::NodeFactoryTemplate<nav2_velocity_smoother::VelocitySmoother>
[component_container_isolated-1] [INFO] [1789101431.074355828] [robot1.velocity_smoother]: 
[INFO] [launch_ros.actions.load_composable_nodes]: Loaded node '/robot1/velocity_smoother' in container '/robot1/nav2_container'
[component_container_isolated-1] 	velocity_smoother lifecycle node launched. 
[component_container_isolated-1] 	Waiting on external lifecycle transitions to activate
[component_container_isolated-1] 	See https://design.ros2.org/articles/node_lifecycle.html for more information.
[component_container_isolated-1] [INFO] [1789101431.110599350] [robot1.nav2_container]: Load Library: /opt/ros/humble/lib/libnav2_lifecycle_manager_core.so
[component_container_isolated-1] [INFO] [1789101431.110957320] [robot1.nav2_container]: Found class: rclcpp_components::NodeFactoryTemplate<nav2_lifecycle_manager::LifecycleManager>
[component_container_isolated-1] [INFO] [1789101431.110968817] [robot1.nav2_container]: Instantiate class: rclcpp_components::NodeFactoryTemplate<nav2_lifecycle_manager::LifecycleManager>
[component_container_isolated-1] [INFO] [1789101431.453636198] [robot1.lifecycle_manager_navigation]: Creating
[component_container_isolated-1] [INFO] [1789101431.594027998] [robot1.lifecycle_manager_navigation]: [34m[1mCreating and initializing lifecycle service clients[0m[0m
[INFO] [launch_ros.actions.load_composable_nodes]: Loaded node '/robot1/lifecycle_manager_navigation' in container '/robot1/nav2_container'
[INFO] [nav2_startup-2]: process started with pid [509849]
[nav2_startup-2] waiting for service to become available...
[nav2_startup-2] requester: making request: nav2_msgs.srv.ManageLifecycleNodes_Request(command=0)
[nav2_startup-2] 
[component_container_isolated-1] [INFO] [1789101449.620102546] [robot1.lifecycle_manager_navigation]: [34m[1mStarting managed nodes bringup...[0m[0m
[component_container_isolated-1] [INFO] [1789101449.620149389] [robot1.lifecycle_manager_navigation]: [34m[1mConfiguring controller_server[0m[0m
[component_container_isolated-1] [INFO] [1789101449.620478018] [robot1.controller_server]: Configuring controller interface
[component_container_isolated-1] [INFO] [1789101449.625153458] [robot1.controller_server]: getting goal checker plugins..
[component_container_isolated-1] [INFO] [1789101449.625338227] [robot1.controller_server]: Controller frequency set to 20.0000Hz
[component_container_isolated-1] [INFO] [1789101449.625384728] [robot1.local_costmap.local_costmap]: Configuring
[component_container_isolated-1] [INFO] [1789101449.797282460] [robot1.local_costmap.local_costmap]: Using plugin "static_layer"
[component_container_isolated-1] [INFO] [1789101449.808360119] [robot1.local_costmap.local_costmap]: Subscribing to the map topic (/robot1/map) with transient local durability
[component_container_isolated-1] [INFO] [1789101449.817254407] [robot1.local_costmap.local_costmap]: Initialized plugin "static_layer"
[component_container_isolated-1] [INFO] [1789101449.817268308] [robot1.local_costmap.local_costmap]: Using plugin "voxel_layer"
[component_container_isolated-1] [INFO] [1789101449.830056505] [robot1.local_costmap.local_costmap]: Subscribed to Topics: scan
[component_container_isolated-1] [INFO] [1789101450.035549887] [robot1.local_costmap.local_costmap]: Initialized plugin "voxel_layer"
[component_container_isolated-1] [INFO] [1789101450.035576803] [robot1.local_costmap.local_costmap]: Using plugin "inflation_layer"
[component_container_isolated-1] [INFO] [1789101450.036164458] [robot1.local_costmap.local_costmap]: Initialized plugin "inflation_layer"
[component_container_isolated-1] [INFO] [1789101450.384799495] [robot1.local_costmap.local_costmap]: StaticLayer: Resizing static layer to 139 X 268 at 0.050000 m/pix
[component_container_isolated-1] [INFO] [1789101450.384911385] [robot1.controller_server]: Created progress_checker : progress_checker of type nav2_controller::SimpleProgressChecker
[component_container_isolated-1] [INFO] [1789101450.399591448] [robot1.controller_server]: Created goal checker : general_goal_checker of type nav2_controller::SimpleGoalChecker
[component_container_isolated-1] [INFO] [1789101450.408958240] [robot1.controller_server]: Controller Server has general_goal_checker  goal checkers available.
[component_container_isolated-1] [INFO] [1789101450.409880095] [robot1.controller_server]: Created controller : FollowPath of type dwb_core::DWBLocalPlanner
[component_container_isolated-1] [INFO] [1789101450.418117886] [robot1.controller_server]: Setting transform_tolerance to 0.200000
[component_container_isolated-1] [INFO] [1789101450.635947574] [robot1.controller_server]: Using critic "RotateToGoal" (dwb_critics::RotateToGoalCritic)
[component_container_isolated-1] [INFO] [1789101450.643643502] [robot1.controller_server]: Critic plugin initialized
[component_container_isolated-1] [INFO] [1789101450.643730854] [robot1.controller_server]: Using critic "Oscillation" (dwb_critics::OscillationCritic)
[component_container_isolated-1] [INFO] [1789101450.650112880] [robot1.controller_server]: Critic plugin initialized
[component_container_isolated-1] [INFO] [1789101450.650281355] [robot1.controller_server]: Using critic "BaseObstacle" (dwb_critics::BaseObstacleCritic)
[component_container_isolated-1] [INFO] [1789101450.657421165] [robot1.controller_server]: Critic plugin initialized
[component_container_isolated-1] [INFO] [1789101450.657541744] [robot1.controller_server]: Using critic "GoalAlign" (dwb_critics::GoalAlignCritic)
[component_container_isolated-1] [INFO] [1789101450.657836750] [robot1.controller_server]: Critic plugin initialized
[component_container_isolated-1] [INFO] [1789101450.665750810] [robot1.controller_server]: Using critic "PathAlign" (dwb_critics::PathAlignCritic)
[component_container_isolated-1] [INFO] [1789101450.666000706] [robot1.controller_server]: Critic plugin initialized
[component_container_isolated-1] [INFO] [1789101450.666065075] [robot1.controller_server]: Using critic "PathDist" (dwb_critics::PathDistCritic)
[component_container_isolated-1] [INFO] [1789101450.666194403] [robot1.controller_server]: Critic plugin initialized
[component_container_isolated-1] [INFO] [1789101450.666267257] [robot1.controller_server]: Using critic "GoalDist" (dwb_critics::GoalDistCritic)
[component_container_isolated-1] [INFO] [1789101450.666398930] [robot1.controller_server]: Critic plugin initialized
[component_container_isolated-1] [INFO] [1789101450.666406233] [robot1.controller_server]: Controller Server has FollowPath  controllers available.
[component_container_isolated-1] [INFO] [1789101451.252469415] [robot1.lifecycle_manager_navigation]: [34m[1mConfiguring smoother_server[0m[0m
[component_container_isolated-1] [INFO] [1789101451.252628014] [robot1.smoother_server]: Configuring smoother server
[component_container_isolated-1] [INFO] [1789101451.497498416] [robot1.smoother_server]: Created smoother : simple_smoother of type nav2_smoother::SimpleSmoother
[component_container_isolated-1] [INFO] [1789101451.497878862] [robot1.smoother_server]: Smoother Server has simple_smoother  smoothers available.
[component_container_isolated-1] [INFO] [1789101451.821804996] [robot1.lifecycle_manager_navigation]: [34m[1mConfiguring planner_server[0m[0m
[component_container_isolated-1] [INFO] [1789101451.821910350] [robot1.planner_server]: Configuring
[component_container_isolated-1] [INFO] [1789101451.821950431] [robot1.global_costmap.global_costmap]: Configuring
[component_container_isolated-1] [INFO] [1789101452.029067838] [robot1.global_costmap.global_costmap]: Using plugin "static_layer"
[component_container_isolated-1] [INFO] [1789101452.054575089] [robot1.global_costmap.global_costmap]: Subscribing to the map topic (/robot1/map) with transient local durability
[component_container_isolated-1] [INFO] [1789101452.073870309] [robot1.global_costmap.global_costmap]: Initialized plugin "static_layer"
[component_container_isolated-1] [INFO] [1789101452.073887397] [robot1.global_costmap.global_costmap]: Using plugin "obstacle_layer"
[component_container_isolated-1] [INFO] [1789101452.088468347] [robot1.global_costmap.global_costmap]: Subscribed to Topics: scan
[component_container_isolated-1] [INFO] [1789101452.172571953] [robot1.global_costmap.global_costmap]: Initialized plugin "obstacle_layer"
[component_container_isolated-1] [INFO] [1789101452.172598389] [robot1.global_costmap.global_costmap]: Using plugin "inflation_layer"
[component_container_isolated-1] [INFO] [1789101452.173061175] [robot1.global_costmap.global_costmap]: Initialized plugin "inflation_layer"
[component_container_isolated-1] [INFO] [1789101452.706842831] [robot1.global_costmap.global_costmap]: StaticLayer: Resizing costmap to 139 X 268 at 0.050000 m/pix
[component_container_isolated-1] [INFO] [1789101452.707027428] [robot1.planner_server]: Created global planner plugin GridBased of type nav2_navfn_planner/NavfnPlanner
[component_container_isolated-1] [INFO] [1789101452.707046673] [robot1.planner_server]: Configuring plugin GridBased of type NavfnPlanner
[component_container_isolated-1] [INFO] [1789101452.725988339] [robot1.planner_server]: Planner Server has GridBased  planners available.
[component_container_isolated-1] [INFO] [1789101453.494484871] [robot1.lifecycle_manager_navigation]: [34m[1mConfiguring behavior_server[0m[0m
[component_container_isolated-1] [INFO] [1789101453.494628750] [robot1.behavior_server]: Configuring
[component_container_isolated-1] [INFO] [1789101453.766028425] [robot1.behavior_server]: Creating behavior plugin spin of type nav2_behaviors/Spin
[component_container_isolated-1] [INFO] [1789101453.766523420] [robot1.behavior_server]: Configuring spin
[component_container_isolated-1] [INFO] [1789101454.242567567] [robot1.behavior_server]: Creating behavior plugin backup of type nav2_behaviors/BackUp
[component_container_isolated-1] [INFO] [1789101454.242971749] [robot1.behavior_server]: Configuring backup
[component_container_isolated-1] [INFO] [1789101454.614392954] [robot1.behavior_server]: Creating behavior plugin drive_on_heading of type nav2_behaviors/DriveOnHeading
[component_container_isolated-1] [INFO] [1789101454.614787491] [robot1.behavior_server]: Configuring drive_on_heading
[component_container_isolated-1] [INFO] [1789101455.163917861] [robot1.behavior_server]: Creating behavior plugin assisted_teleop of type nav2_behaviors/AssistedTeleop
[component_container_isolated-1] [INFO] [1789101455.164751728] [robot1.behavior_server]: Configuring assisted_teleop
[component_container_isolated-1] [INFO] [1789101455.608479058] [robot1.behavior_server]: Creating behavior plugin wait of type nav2_behaviors/Wait
[component_container_isolated-1] [INFO] [1789101455.608843182] [robot1.behavior_server]: Configuring wait
[component_container_isolated-1] [INFO] [1789101456.030257143] [robot1.lifecycle_manager_navigation]: [34m[1mConfiguring bt_navigator[0m[0m
[component_container_isolated-1] [INFO] [1789101456.030353886] [robot1.bt_navigator]: Configuring
[component_container_isolated-1] [INFO] [1789101458.098697880] [robot1.lifecycle_manager_navigation]: [34m[1mConfiguring waypoint_follower[0m[0m
[component_container_isolated-1] [INFO] [1789101458.098821659] [robot1.waypoint_follower]: Configuring
[component_container_isolated-1] [INFO] [1789101458.696071422] [robot1.waypoint_follower]: Created waypoint_task_executor : wait_at_waypoint of type nav2_waypoint_follower::WaitAtWaypoint
[component_container_isolated-1] [INFO] [1789101458.713739671] [robot1.lifecycle_manager_navigation]: [34m[1mConfiguring velocity_smoother[0m[0m
[component_container_isolated-1] [INFO] [1789101458.713823975] [robot1.velocity_smoother]: Configuring velocity smoother
[component_container_isolated-1] [INFO] [1789101458.871962288] [robot1.lifecycle_manager_navigation]: [34m[1mActivating controller_server[0m[0m
[component_container_isolated-1] [INFO] [1789101458.872040766] [robot1.controller_server]: Activating
[component_container_isolated-1] [INFO] [1789101458.872065435] [robot1.local_costmap.local_costmap]: Activating
[component_container_isolated-1] [INFO] [1789101458.872072863] [robot1.local_costmap.local_costmap]: Checking transform
[component_container_isolated-1] [INFO] [1789101458.872133552] [robot1.local_costmap.local_costmap]: start
[component_container_isolated-1] [INFO] [1789101459.132999739] [robot1.controller_server]: Creating bond (controller_server) to lifecycle manager.
[component_container_isolated-1] [INFO] [1789101459.588750784] [robot1.lifecycle_manager_navigation]: Server controller_server connected with bond.
[component_container_isolated-1] [INFO] [1789101459.588839331] [robot1.lifecycle_manager_navigation]: [34m[1mActivating smoother_server[0m[0m
[component_container_isolated-1] [INFO] [1789101459.589186045] [robot1.smoother_server]: Activating
[component_container_isolated-1] [INFO] [1789101459.589222691] [robot1.smoother_server]: Creating bond (smoother_server) to lifecycle manager.
[component_container_isolated-1] [INFO] [1789101459.919333361] [robot1.lifecycle_manager_navigation]: Server smoother_server connected with bond.
[component_container_isolated-1] [INFO] [1789101459.919362208] [robot1.lifecycle_manager_navigation]: [34m[1mActivating planner_server[0m[0m
[component_container_isolated-1] [INFO] [1789101459.919537827] [robot1.planner_server]: Activating
[component_container_isolated-1] [INFO] [1789101459.919561846] [robot1.global_costmap.global_costmap]: Activating
[component_container_isolated-1] [INFO] [1789101459.919566721] [robot1.global_costmap.global_costmap]: Checking transform
[component_container_isolated-1] [INFO] [1789101459.919620481] [robot1.global_costmap.global_costmap]: start
[component_container_isolated-1] [INFO] [1789101460.941778216] [robot1.planner_server]: Activating plugin GridBased of type NavfnPlanner
[component_container_isolated-1] [INFO] [1789101461.084331519] [robot1.planner_server]: Creating bond (planner_server) to lifecycle manager.
[component_container_isolated-1] [INFO] [1789101461.446935791] [robot1.lifecycle_manager_navigation]: Server planner_server connected with bond.
[component_container_isolated-1] [INFO] [1789101461.446962932] [robot1.lifecycle_manager_navigation]: [34m[1mActivating behavior_server[0m[0m
[component_container_isolated-1] [INFO] [1789101461.447240493] [robot1.behavior_server]: Activating
[component_container_isolated-1] [INFO] [1789101461.447257544] [robot1.behavior_server]: Activating spin
[component_container_isolated-1] [INFO] [1789101461.447272266] [robot1.behavior_server]: Activating backup
[component_container_isolated-1] [INFO] [1789101461.447278983] [robot1.behavior_server]: Activating drive_on_heading
[component_container_isolated-1] [INFO] [1789101461.447286577] [robot1.behavior_server]: Activating assisted_teleop
[component_container_isolated-1] [INFO] [1789101461.447293150] [robot1.behavior_server]: Activating wait
[component_container_isolated-1] [INFO] [1789101461.447302483] [robot1.behavior_server]: Creating bond (behavior_server) to lifecycle manager.
[component_container_isolated-1] [INFO] [1789101461.764034358] [robot1.lifecycle_manager_navigation]: Server behavior_server connected with bond.
[component_container_isolated-1] [INFO] [1789101461.764061107] [robot1.lifecycle_manager_navigation]: [34m[1mActivating bt_navigator[0m[0m
[component_container_isolated-1] [INFO] [1789101461.764292345] [robot1.bt_navigator]: Activating
[component_container_isolated-1] [INFO] [1789101466.694747796] [robot1.bt_navigator]: Creating bond (bt_navigator) to lifecycle manager.
[component_container_isolated-1] [INFO] [1789101467.004802143] [robot1.lifecycle_manager_navigation]: Server bt_navigator connected with bond.
[component_container_isolated-1] [INFO] [1789101467.004858495] [robot1.lifecycle_manager_navigation]: [34m[1mActivating waypoint_follower[0m[0m
[component_container_isolated-1] [INFO] [1789101467.005135108] [robot1.waypoint_follower]: Activating
[component_container_isolated-1] [INFO] [1789101467.005159432] [robot1.waypoint_follower]: Creating bond (waypoint_follower) to lifecycle manager.
[component_container_isolated-1] [INFO] [1789101467.303206454] [robot1.lifecycle_manager_navigation]: Server waypoint_follower connected with bond.
[component_container_isolated-1] [INFO] [1789101467.303231425] [robot1.lifecycle_manager_navigation]: [34m[1mActivating velocity_smoother[0m[0m
[component_container_isolated-1] [INFO] [1789101467.303471043] [robot1.velocity_smoother]: Activating
[component_container_isolated-1] [INFO] [1789101467.303502154] [robot1.velocity_smoother]: Creating bond (velocity_smoother) to lifecycle manager.
[component_container_isolated-1] [INFO] [1789101467.636594066] [robot1.lifecycle_manager_navigation]: Server velocity_smoother connected with bond.
[component_container_isolated-1] [INFO] [1789101467.636636511] [robot1.lifecycle_manager_navigation]: [34m[1mManaged nodes are active[0m[0m
[component_container_isolated-1] [INFO] [1789101467.636650353] [robot1.lifecycle_manager_navigation]: [34m[1mCreating bond timer...[0m[0m
[nav2_startup-2] response:
[nav2_startup-2] nav2_msgs.srv.ManageLifecycleNodes_Response(success=True)
[nav2_startup-2] 
[INFO] [nav2_startup-2]: process has finished cleanly [pid 509849]
[component_container_isolated-1] [INFO] [1789101597.604093176] [robot1.global_costmap.global_costmap]: Message Filter dropping message: frame 'rplidar_link' at time 1789101596.524 for reason 'the timestamp on the message is earlier than all the data in the transform cache'
[component_container_isolated-1] [INFO] [1789101597.604093255] [robot1.local_costmap.local_costmap]: Message Filter dropping message: frame 'rplidar_link' at time 1789101596.524 for reason 'the timestamp on the message is earlier than all the data in the transform cache'
[component_container_isolated-1] [INFO] [1789101604.824555752] [robot1.local_costmap.local_costmap]: Message Filter dropping message: frame 'rplidar_link' at time 1789101603.915 for reason 'the timestamp on the message is earlier than all the data in the transform cache'
[WARNING] [launch]: user interrupted with ctrl-c (SIGINT)
[ERROR] [component_container_isolated-1]: process[component_container_isolated-1] failed to terminate '5' seconds after receiving 'SIGINT', escalating to 'SIGTERM'
[INFO] [component_container_isolated-1]: sending signal 'SIGTERM' to process[component_container_isolated-1]
[component_container_isolated-1] [INFO] [1789101631.657982309] [rclcpp]: signal_handler(SIGINT/SIGTERM)
[component_container_isolated-1] [INFO] [1789101631.658049798] [robot1.waypoint_follower]: Running Nav2 LifecycleNode rcl preshutdown (waypoint_follower)
[component_container_isolated-1] [INFO] [1789101631.658104820] [robot1.waypoint_follower]: Deactivating
[component_container_isolated-1] [INFO] [1789101631.658123179] [robot1.waypoint_follower]: Destroying bond (waypoint_follower) to lifecycle manager.
[component_container_isolated-1] [INFO] [1789101631.668343146] [robot1.waypoint_follower]: Cleaning up
[component_container_isolated-1] [INFO] [1789101631.837118636] [robot1.lifecycle_manager_navigation]: [34m[1mHave not received a heartbeat from waypoint_follower.[0m[0m
[component_container_isolated-1] [ERROR] [1789101631.837144722] [robot1.lifecycle_manager_navigation]: CRITICAL FAILURE: SERVER waypoint_follower IS DOWN after not receiving a heartbeat for 30000 ms. Shutting down related nodes.
[component_container_isolated-1] [INFO] [1789101631.837172715] [robot1.lifecycle_manager_navigation]: [34m[1mTerminating bond timer...[0m[0m
[component_container_isolated-1] [INFO] [1789101631.837176507] [robot1.lifecycle_manager_navigation]: [34m[1mResetting managed nodes...[0m[0m
[component_container_isolated-1] [INFO] [1789101631.837180274] [robot1.lifecycle_manager_navigation]: [34m[1mDeactivating velocity_smoother[0m[0m
[component_container_isolated-1] [INFO] [1789101631.837398221] [robot1.velocity_smoother]: Deactivating
[component_container_isolated-1] [INFO] [1789101631.837421923] [robot1.velocity_smoother]: Destroying bond (velocity_smoother) to lifecycle manager.
[component_container_isolated-1] [INFO] [1789101632.433870721] [robot1.waypoint_follower]: Destroying bond (waypoint_follower) to lifecycle manager.
[component_container_isolated-1] [INFO] [1789101632.433895641] [robot1.behavior_server]: Running Nav2 LifecycleNode rcl preshutdown (behavior_server)
[component_container_isolated-1] [INFO] [1789101632.433906350] [robot1.behavior_server]: Deactivating
[component_container_isolated-1] [INFO] [1789101632.433919359] [robot1.behavior_server]: Destroying bond (behavior_server) to lifecycle manager.
[component_container_isolated-1] [INFO] [1789101632.443612629] [robot1.lifecycle_manager_navigation]: [34m[1mDeactivating waypoint_follower[0m[0m
[component_container_isolated-1] [INFO] [1789101632.444046106] [robot1.behavior_server]: Cleaning up
[component_container_isolated-1] [WARN] [1789101633.068821785] [rcl_lifecycle]: No transition matching 4 found for current state unconfigured
[component_container_isolated-1] [WARN] [1789101633.068838716] [rcl_lifecycle]: No transition matching 4 found for current state unconfigured
[component_container_isolated-1] [ERROR] [1789101633.068843733] [robot1.waypoint_follower]: Unable to start transition 4 from current state unconfigured: Transition is not registered., at ./src/rcl_lifecycle.c:355
[component_container_isolated-1] [ERROR] [1789101633.069213739] [robot1.lifecycle_manager_navigation]: Failed to change state for node: waypoint_follower
[component_container_isolated-1] [INFO] [1789101633.069251146] [robot1.lifecycle_manager_navigation]: [34m[1mDeactivating bt_navigator[0m[0m
[component_container_isolated-1] [INFO] [1789101633.069340525] [robot1.bt_navigator]: Deactivating
[component_container_isolated-1] [INFO] [1789101633.069378975] [robot1.bt_navigator]: Destroying bond (bt_navigator) to lifecycle manager.
[component_container_isolated-1] [INFO] [1789101633.824398039] [robot1.lifecycle_manager_navigation]: [34m[1mDeactivating behavior_server[0m[0m
[component_container_isolated-1] [INFO] [1789101634.175801442] [robot1.behavior_server]: Destroying bond (behavior_server) to lifecycle manager.
[component_container_isolated-1] [INFO] [1789101634.175827822] [robot1.velocity_smoother]: Running Nav2 LifecycleNode rcl preshutdown (velocity_smoother)
[component_container_isolated-1] [INFO] [1789101634.175839585] [robot1.velocity_smoother]: Cleaning up
[component_container_isolated-1] [INFO] [1789101634.175851886] [robot1.velocity_smoother]: Destroying bond (velocity_smoother) to lifecycle manager.
[component_container_isolated-1] [INFO] [1789101634.175855471] [robot1.planner_server]: Running Nav2 LifecycleNode rcl preshutdown (planner_server)
[component_container_isolated-1] [INFO] [1789101634.175865239] [robot1.planner_server]: Deactivating
[component_container_isolated-1] [INFO] [1789101634.175880716] [robot1.global_costmap.global_costmap]: Deactivating
[component_container_isolated-1] [INFO] [1789101634.919925612] [robot1.planner_server]: Deactivating plugin GridBased of type NavfnPlanner
[component_container_isolated-1] [INFO] [1789101634.919954640] [robot1.planner_server]: Destroying bond (planner_server) to lifecycle manager.
[component_container_isolated-1] [INFO] [1789101634.930066405] [robot1.planner_server]: Cleaning up
[ERROR] [component_container_isolated-1]: process[component_container_isolated-1] failed to terminate '10.0' seconds after receiving 'SIGTERM', escalating to 'SIGKILL'
[INFO] [component_container_isolated-1]: sending signal 'SIGKILL' to process[component_container_isolated-1]
[ERROR] [component_container_isolated-1]: process has died [pid 509748, exit code -9, cmd '/opt/ros/humble/lib/rclcpp_components/component_container_isolated --ros-args --log-level info --ros-args -r __node:=nav2_container -r __ns:=/robot1 --params-file /tmp/launch_params_1l4os7p5 -r /tf:=tf -r /tf_static:=tf_static -r /robot1/global_costmap/scan:=/robot1/scan -r /robot1/local_costmap/scan:=/robot1/scan'].
[INFO] [launch]: All log files can be found below /home/danyalaziz/.ros/log/2026-09-11-09-41-23-905103-Precision-3660-511625
[INFO] [launch]: Default logging verbosity is set to INFO
[INFO] [component_container_isolated-1]: process started with pid [511641]
[component_container_isolated-1] [INFO] [1789101685.846999688] [robot1.nav2_container]: Load Library: /opt/ros/humble/lib/libcontroller_server_core.so
[component_container_isolated-1] [INFO] [1789101685.849645097] [robot1.nav2_container]: Found class: rclcpp_components::NodeFactoryTemplate<nav2_controller::ControllerServer>
[component_container_isolated-1] [INFO] [1789101685.849658448] [robot1.nav2_container]: Instantiate class: rclcpp_components::NodeFactoryTemplate<nav2_controller::ControllerServer>
[component_container_isolated-1] [INFO] [1789101685.871416347] [robot1.controller_server]: 
[component_container_isolated-1] 	controller_server lifecycle node launched. 
[component_container_isolated-1] 	Waiting on external lifecycle transitions to activate
[component_container_isolated-1] 	See https://design.ros2.org/articles/node_lifecycle.html for more information.
[component_container_isolated-1] [INFO] [1789101685.872811196] [robot1.controller_server]: Creating controller server
[component_container_isolated-1] [INFO] [1789101685.943712883] [robot1.local_costmap.local_costmap]: 
[component_container_isolated-1] 	local_costmap lifecycle node launched. 
[component_container_isolated-1] 	Waiting on external lifecycle transitions to activate
[component_container_isolated-1] 	See https://design.ros2.org/articles/node_lifecycle.html for more information.
[component_container_isolated-1] [INFO] [1789101685.943938433] [robot1.local_costmap.local_costmap]: Creating Costmap
[INFO] [launch_ros.actions.load_composable_nodes]: Loaded node '/robot1/controller_server' in container '/robot1/nav2_container'
[component_container_isolated-1] [INFO] [1789101685.945596766] [robot1.nav2_container]: Load Library: /opt/ros/humble/lib/libsmoother_server_core.so
[component_container_isolated-1] [INFO] [1789101685.946275207] [robot1.nav2_container]: Found class: rclcpp_components::NodeFactoryTemplate<nav2_smoother::SmootherServer>
[component_container_isolated-1] [INFO] [1789101685.946284562] [robot1.nav2_container]: Instantiate class: rclcpp_components::NodeFactoryTemplate<nav2_smoother::SmootherServer>
[component_container_isolated-1] [INFO] [1789101686.023552628] [robot1.smoother_server]: 
[component_container_isolated-1] 	smoother_server lifecycle node launched. 
[component_container_isolated-1] 	Waiting on external lifecycle transitions to activate
[component_container_isolated-1] 	See https://design.ros2.org/articles/node_lifecycle.html for more information.
[component_container_isolated-1] [INFO] [1789101686.024193501] [robot1.smoother_server]: Creating smoother server
[INFO] [launch_ros.actions.load_composable_nodes]: Loaded node '/robot1/smoother_server' in container '/robot1/nav2_container'
[component_container_isolated-1] [INFO] [1789101686.025435793] [robot1.nav2_container]: Load Library: /opt/ros/humble/lib/libplanner_server_core.so
[component_container_isolated-1] [INFO] [1789101686.025832667] [robot1.nav2_container]: Found class: rclcpp_components::NodeFactoryTemplate<nav2_planner::PlannerServer>
[component_container_isolated-1] [INFO] [1789101686.025844320] [robot1.nav2_container]: Instantiate class: rclcpp_components::NodeFactoryTemplate<nav2_planner::PlannerServer>
[component_container_isolated-1] [INFO] [1789101686.129467452] [robot1.planner_server]: 
[component_container_isolated-1] 	planner_server lifecycle node launched. 
[component_container_isolated-1] 	Waiting on external lifecycle transitions to activate
[component_container_isolated-1] 	See https://design.ros2.org/articles/node_lifecycle.html for more information.
[component_container_isolated-1] [INFO] [1789101686.130095536] [robot1.planner_server]: Creating
[component_container_isolated-1] [INFO] [1789101686.254082984] [robot1.global_costmap.global_costmap]: 
[component_container_isolated-1] 	global_costmap lifecycle node launched. 
[component_container_isolated-1] 	Waiting on external lifecycle transitions to activate
[component_container_isolated-1] 	See https://design.ros2.org/articles/node_lifecycle.html for more information.
[component_container_isolated-1] [INFO] [1789101686.254290714] [robot1.global_costmap.global_costmap]: Creating Costmap
[INFO] [launch_ros.actions.load_composable_nodes]: Loaded node '/robot1/planner_server' in container '/robot1/nav2_container'
[component_container_isolated-1] [INFO] [1789101686.255531405] [robot1.nav2_container]: Load Library: /opt/ros/humble/lib/libbehavior_server_core.so
[component_container_isolated-1] [INFO] [1789101686.256804819] [robot1.nav2_container]: Found class: rclcpp_components::NodeFactoryTemplate<behavior_server::BehaviorServer>
[component_container_isolated-1] [INFO] [1789101686.256815857] [robot1.nav2_container]: Instantiate class: rclcpp_components::NodeFactoryTemplate<behavior_server::BehaviorServer>
[component_container_isolated-1] [INFO] [1789101686.395284892] [robot1.behavior_server]: 
[component_container_isolated-1] 	behavior_server lifecycle node launched. 
[component_container_isolated-1] 	Waiting on external lifecycle transitions to activate
[component_container_isolated-1] 	See https://design.ros2.org/articles/node_lifecycle.html for more information.
[INFO] [launch_ros.actions.load_composable_nodes]: Loaded node '/robot1/behavior_server' in container '/robot1/nav2_container'
[component_container_isolated-1] [INFO] [1789101686.397213318] [robot1.nav2_container]: Load Library: /opt/ros/humble/lib/libbt_navigator_core.so
[component_container_isolated-1] [INFO] [1789101686.398442604] [robot1.nav2_container]: Found class: rclcpp_components::NodeFactoryTemplate<nav2_bt_navigator::BtNavigator>
[component_container_isolated-1] [INFO] [1789101686.398462761] [robot1.nav2_container]: Instantiate class: rclcpp_components::NodeFactoryTemplate<nav2_bt_navigator::BtNavigator>
[component_container_isolated-1] [INFO] [1789101686.541004113] [robot1.bt_navigator]: 
[component_container_isolated-1] 	bt_navigator lifecycle node launched. 
[component_container_isolated-1] 	Waiting on external lifecycle transitions to activate
[component_container_isolated-1] 	See https://design.ros2.org/articles/node_lifecycle.html for more information.
[component_container_isolated-1] [INFO] [1789101686.541033919] [robot1.bt_navigator]: Creating
[INFO] [launch_ros.actions.load_composable_nodes]: Loaded node '/robot1/bt_navigator' in container '/robot1/nav2_container'
[component_container_isolated-1] [INFO] [1789101686.542409855] [robot1.nav2_container]: Load Library: /opt/ros/humble/lib/libwaypoint_follower_core.so
[component_container_isolated-1] [INFO] [1789101686.542734706] [robot1.nav2_container]: Found class: rclcpp_components::NodeFactoryTemplate<nav2_waypoint_follower::WaypointFollower>
[component_container_isolated-1] [INFO] [1789101686.542743249] [robot1.nav2_container]: Instantiate class: rclcpp_components::NodeFactoryTemplate<nav2_waypoint_follower::WaypointFollower>
[component_container_isolated-1] [INFO] [1789101686.875713617] [robot1.waypoint_follower]: 
[component_container_isolated-1] 	waypoint_follower lifecycle node launched. 
[component_container_isolated-1] 	Waiting on external lifecycle transitions to activate
[component_container_isolated-1] 	See https://design.ros2.org/articles/node_lifecycle.html for more information.
[component_container_isolated-1] [INFO] [1789101686.875919547] [robot1.waypoint_follower]: Creating
[INFO] [launch_ros.actions.load_composable_nodes]: Loaded node '/robot1/waypoint_follower' in container '/robot1/nav2_container'
[component_container_isolated-1] [INFO] [1789101686.877238770] [robot1.nav2_container]: Load Library: /opt/ros/humble/lib/libvelocity_smoother_core.so
[component_container_isolated-1] [INFO] [1789101686.877644571] [robot1.nav2_container]: Found class: rclcpp_components::NodeFactoryTemplate<nav2_velocity_smoother::VelocitySmoother>
[component_container_isolated-1] [INFO] [1789101686.877653653] [robot1.nav2_container]: Instantiate class: rclcpp_components::NodeFactoryTemplate<nav2_velocity_smoother::VelocitySmoother>
[component_container_isolated-1] [INFO] [1789101687.062235039] [robot1.velocity_smoother]: 
[component_container_isolated-1] 	velocity_smoother lifecycle node launched. 
[component_container_isolated-1] 	Waiting on external lifecycle transitions to activate
[component_container_isolated-1] 	See https://design.ros2.org/articles/node_lifecycle.html for more information.
[INFO] [launch_ros.actions.load_composable_nodes]: Loaded node '/robot1/velocity_smoother' in container '/robot1/nav2_container'
[component_container_isolated-1] [INFO] [1789101687.063629138] [robot1.nav2_container]: Load Library: /opt/ros/humble/lib/libnav2_lifecycle_manager_core.so
[component_container_isolated-1] [INFO] [1789101687.063964263] [robot1.nav2_container]: Found class: rclcpp_components::NodeFactoryTemplate<nav2_lifecycle_manager::LifecycleManager>
[component_container_isolated-1] [INFO] [1789101687.063971407] [robot1.nav2_container]: Instantiate class: rclcpp_components::NodeFactoryTemplate<nav2_lifecycle_manager::LifecycleManager>
[component_container_isolated-1] [INFO] [1789101687.203845983] [robot1.lifecycle_manager_navigation]: Creating
[INFO] [launch_ros.actions.load_composable_nodes]: Loaded node '/robot1/lifecycle_manager_navigation' in container '/robot1/nav2_container'
[component_container_isolated-1] [INFO] [1789101687.240820664] [robot1.lifecycle_manager_navigation]: [34m[1mCreating and initializing lifecycle service clients[0m[0m
[INFO] [nav2_startup-2]: process started with pid [511754]
[nav2_startup-2] waiting for service to become available...
[nav2_startup-2] requester: making request: nav2_msgs.srv.ManageLifecycleNodes_Request(command=0)
[nav2_startup-2] 
[component_container_isolated-1] [INFO] [1789101705.258646559] [robot1.lifecycle_manager_navigation]: [34m[1mStarting managed nodes bringup...[0m[0m
[component_container_isolated-1] [INFO] [1789101705.258699015] [robot1.lifecycle_manager_navigation]: [34m[1mConfiguring controller_server[0m[0m
[component_container_isolated-1] [INFO] [1789101705.259005465] [robot1.controller_server]: Configuring controller interface
[component_container_isolated-1] [INFO] [1789101705.259145555] [robot1.controller_server]: getting goal checker plugins..
[component_container_isolated-1] [INFO] [1789101705.259200020] [robot1.controller_server]: Controller frequency set to 20.0000Hz
[component_container_isolated-1] [INFO] [1789101705.259225686] [robot1.local_costmap.local_costmap]: Configuring
[component_container_isolated-1] [INFO] [1789101705.335169263] [robot1.local_costmap.local_costmap]: Using plugin "static_layer"
[component_container_isolated-1] [INFO] [1789101705.336600713] [robot1.local_costmap.local_costmap]: Subscribing to the map topic (/robot1/map) with transient local durability
[component_container_isolated-1] [INFO] [1789101705.444969683] [robot1.local_costmap.local_costmap]: Initialized plugin "static_layer"
[component_container_isolated-1] [INFO] [1789101705.445000387] [robot1.local_costmap.local_costmap]: Using plugin "voxel_layer"
[component_container_isolated-1] [INFO] [1789101705.445215415] [robot1.local_costmap.local_costmap]: Subscribed to Topics: scan
[component_container_isolated-1] [INFO] [1789101705.671029344] [robot1.local_costmap.local_costmap]: Initialized plugin "voxel_layer"
[component_container_isolated-1] [INFO] [1789101705.671055500] [robot1.local_costmap.local_costmap]: Using plugin "inflation_layer"
[component_container_isolated-1] [INFO] [1789101705.671331631] [robot1.local_costmap.local_costmap]: Initialized plugin "inflation_layer"
[component_container_isolated-1] [INFO] [1789101705.823542718] [robot1.controller_server]: Created progress_checker : progress_checker of type nav2_controller::SimpleProgressChecker
[component_container_isolated-1] [INFO] [1789101705.823798577] [robot1.controller_server]: Created goal checker : general_goal_checker of type nav2_controller::SimpleGoalChecker
[component_container_isolated-1] [INFO] [1789101705.823866859] [robot1.controller_server]: Controller Server has general_goal_checker  goal checkers available.
[component_container_isolated-1] [INFO] [1789101705.824509726] [robot1.controller_server]: Created controller : FollowPath of type dwb_core::DWBLocalPlanner
[component_container_isolated-1] [INFO] [1789101705.824702355] [robot1.controller_server]: Setting transform_tolerance to 0.200000
[component_container_isolated-1] [INFO] [1789101705.914262205] [robot1.controller_server]: Using critic "RotateToGoal" (dwb_critics::RotateToGoalCritic)
[component_container_isolated-1] [INFO] [1789101705.914428478] [robot1.controller_server]: Critic plugin initialized
[component_container_isolated-1] [INFO] [1789101705.914458618] [robot1.controller_server]: Using critic "Oscillation" (dwb_critics::OscillationCritic)
[component_container_isolated-1] [INFO] [1789101705.914583749] [robot1.controller_server]: Critic plugin initialized
[component_container_isolated-1] [INFO] [1789101705.914616275] [robot1.controller_server]: Using critic "BaseObstacle" (dwb_critics::BaseObstacleCritic)
[component_container_isolated-1] [INFO] [1789101705.914667529] [robot1.controller_server]: Critic plugin initialized
[component_container_isolated-1] [INFO] [1789101705.914701487] [robot1.controller_server]: Using critic "GoalAlign" (dwb_critics::GoalAlignCritic)
[component_container_isolated-1] [INFO] [1789101705.914793648] [robot1.controller_server]: Critic plugin initialized
[component_container_isolated-1] [INFO] [1789101705.914823286] [robot1.controller_server]: Using critic "PathAlign" (dwb_critics::PathAlignCritic)
[component_container_isolated-1] [INFO] [1789101705.914908849] [robot1.controller_server]: Critic plugin initialized
[component_container_isolated-1] [INFO] [1789101705.914935264] [robot1.controller_server]: Using critic "PathDist" (dwb_critics::PathDistCritic)
[component_container_isolated-1] [INFO] [1789101705.914992032] [robot1.controller_server]: Critic plugin initialized
[component_container_isolated-1] [INFO] [1789101705.915016647] [robot1.controller_server]: Using critic "GoalDist" (dwb_critics::GoalDistCritic)
[component_container_isolated-1] [INFO] [1789101705.915067943] [robot1.controller_server]: Critic plugin initialized
[component_container_isolated-1] [INFO] [1789101705.915073773] [robot1.controller_server]: Controller Server has FollowPath  controllers available.
[component_container_isolated-1] [INFO] [1789101706.048427380] [robot1.lifecycle_manager_navigation]: [34m[1mConfiguring smoother_server[0m[0m
[component_container_isolated-1] [INFO] [1789101706.048579305] [robot1.smoother_server]: Configuring smoother server
[component_container_isolated-1] [INFO] [1789101706.169881263] [robot1.smoother_server]: Created smoother : simple_smoother of type nav2_smoother::SimpleSmoother
[component_container_isolated-1] [INFO] [1789101706.170094764] [robot1.smoother_server]: Smoother Server has simple_smoother  smoothers available.
[component_container_isolated-1] [INFO] [1789101706.263669530] [robot1.lifecycle_manager_navigation]: [34m[1mConfiguring planner_server[0m[0m
[component_container_isolated-1] [INFO] [1789101706.263858965] [robot1.planner_server]: Configuring
[component_container_isolated-1] [INFO] [1789101706.263904981] [robot1.global_costmap.global_costmap]: Configuring
[component_container_isolated-1] [INFO] [1789101706.359760568] [robot1.global_costmap.global_costmap]: Using plugin "static_layer"
[component_container_isolated-1] [INFO] [1789101706.360048959] [robot1.global_costmap.global_costmap]: Subscribing to the map topic (/robot1/map) with transient local durability
[component_container_isolated-1] [INFO] [1789101706.396499686] [robot1.global_costmap.global_costmap]: Initialized plugin "static_layer"
[component_container_isolated-1] [INFO] [1789101706.396520422] [robot1.global_costmap.global_costmap]: Using plugin "obstacle_layer"
[component_container_isolated-1] [INFO] [1789101706.396732124] [robot1.global_costmap.global_costmap]: Subscribed to Topics: scan
[component_container_isolated-1] [INFO] [1789101706.456394319] [robot1.local_costmap.local_costmap]: StaticLayer: Resizing static layer to 139 X 268 at 0.050000 m/pix
[component_container_isolated-1] [INFO] [1789101706.456651224] [robot1.global_costmap.global_costmap]: Initialized plugin "obstacle_layer"
[component_container_isolated-1] [INFO] [1789101706.456665262] [robot1.global_costmap.global_costmap]: Using plugin "inflation_layer"
[component_container_isolated-1] [INFO] [1789101706.456933942] [robot1.global_costmap.global_costmap]: Initialized plugin "inflation_layer"
[component_container_isolated-1] [INFO] [1789101706.627245551] [robot1.global_costmap.global_costmap]: StaticLayer: Resizing costmap to 139 X 268 at 0.050000 m/pix
[component_container_isolated-1] [INFO] [1789101706.627456652] [robot1.planner_server]: Created global planner plugin GridBased of type nav2_navfn_planner/NavfnPlanner
[component_container_isolated-1] [INFO] [1789101706.627474777] [robot1.planner_server]: Configuring plugin GridBased of type NavfnPlanner
[component_container_isolated-1] [INFO] [1789101706.627668536] [robot1.planner_server]: Planner Server has GridBased  planners available.
[component_container_isolated-1] [INFO] [1789101707.095609823] [robot1.lifecycle_manager_navigation]: [34m[1mConfiguring behavior_server[0m[0m
[component_container_isolated-1] [INFO] [1789101707.095822102] [robot1.behavior_server]: Configuring
[component_container_isolated-1] [INFO] [1789101707.237390900] [robot1.behavior_server]: Creating behavior plugin spin of type nav2_behaviors/Spin
[component_container_isolated-1] [INFO] [1789101707.237838293] [robot1.behavior_server]: Configuring spin
[component_container_isolated-1] [INFO] [1789101707.358371111] [robot1.behavior_server]: Creating behavior plugin backup of type nav2_behaviors/BackUp
[component_container_isolated-1] [INFO] [1789101707.358764947] [robot1.behavior_server]: Configuring backup
[component_container_isolated-1] [INFO] [1789101707.495882759] [robot1.behavior_server]: Creating behavior plugin drive_on_heading of type nav2_behaviors/DriveOnHeading
[component_container_isolated-1] [INFO] [1789101707.496278404] [robot1.behavior_server]: Configuring drive_on_heading
[component_container_isolated-1] [INFO] [1789101707.620720676] [robot1.behavior_server]: Creating behavior plugin assisted_teleop of type nav2_behaviors/AssistedTeleop
[component_container_isolated-1] [INFO] [1789101707.621457169] [robot1.behavior_server]: Configuring assisted_teleop
[component_container_isolated-1] [INFO] [1789101707.794342645] [robot1.behavior_server]: Creating behavior plugin wait of type nav2_behaviors/Wait
[component_container_isolated-1] [INFO] [1789101707.794735402] [robot1.behavior_server]: Configuring wait
[component_container_isolated-1] [INFO] [1789101707.927332095] [robot1.lifecycle_manager_navigation]: [34m[1mConfiguring bt_navigator[0m[0m
[component_container_isolated-1] [INFO] [1789101707.927502064] [robot1.bt_navigator]: Configuring
[component_container_isolated-1] [INFO] [1789101708.851734346] [robot1.lifecycle_manager_navigation]: [34m[1mConfiguring waypoint_follower[0m[0m
[component_container_isolated-1] [INFO] [1789101708.851817518] [robot1.waypoint_follower]: Configuring
[component_container_isolated-1] [INFO] [1789101709.087462593] [robot1.waypoint_follower]: Created waypoint_task_executor : wait_at_waypoint of type nav2_waypoint_follower::WaitAtWaypoint
[component_container_isolated-1] [INFO] [1789101709.087898780] [robot1.lifecycle_manager_navigation]: [34m[1mConfiguring velocity_smoother[0m[0m
[component_container_isolated-1] [INFO] [1789101709.088041690] [robot1.velocity_smoother]: Configuring velocity smoother
[component_container_isolated-1] [INFO] [1789101709.141970300] [robot1.lifecycle_manager_navigation]: [34m[1mActivating controller_server[0m[0m
[component_container_isolated-1] [INFO] [1789101709.142165806] [robot1.controller_server]: Activating
[component_container_isolated-1] [INFO] [1789101709.142192576] [robot1.local_costmap.local_costmap]: Activating
[component_container_isolated-1] [INFO] [1789101709.142200625] [robot1.local_costmap.local_costmap]: Checking transform
[component_container_isolated-1] [INFO] [1789101709.142263695] [robot1.local_costmap.local_costmap]: start
[component_container_isolated-1] [INFO] [1789101709.368495099] [robot1.controller_server]: Creating bond (controller_server) to lifecycle manager.
[component_container_isolated-1] [INFO] [1789101709.514175359] [robot1.lifecycle_manager_navigation]: Server controller_server connected with bond.
[component_container_isolated-1] [INFO] [1789101709.514220967] [robot1.lifecycle_manager_navigation]: [34m[1mActivating smoother_server[0m[0m
[component_container_isolated-1] [INFO] [1789101709.514447205] [robot1.smoother_server]: Activating
[component_container_isolated-1] [INFO] [1789101709.514466608] [robot1.smoother_server]: Creating bond (smoother_server) to lifecycle manager.
[component_container_isolated-1] [INFO] [1789101709.657398705] [robot1.lifecycle_manager_navigation]: Server smoother_server connected with bond.
[component_container_isolated-1] [INFO] [1789101709.657439723] [robot1.lifecycle_manager_navigation]: [34m[1mActivating planner_server[0m[0m
[component_container_isolated-1] [INFO] [1789101709.657773143] [robot1.planner_server]: Activating
[component_container_isolated-1] [INFO] [1789101709.657816509] [robot1.global_costmap.global_costmap]: Activating
[component_container_isolated-1] [INFO] [1789101709.657827399] [robot1.global_costmap.global_costmap]: Checking transform
[component_container_isolated-1] [INFO] [1789101709.657908880] [robot1.global_costmap.global_costmap]: start
[component_container_isolated-1] [INFO] [1789101710.670506281] [robot1.planner_server]: Activating plugin GridBased of type NavfnPlanner
[component_container_isolated-1] [INFO] [1789101710.679945690] [robot1.planner_server]: Creating bond (planner_server) to lifecycle manager.
[component_container_isolated-1] [INFO] [1789101710.834210220] [robot1.lifecycle_manager_navigation]: Server planner_server connected with bond.
[component_container_isolated-1] [INFO] [1789101710.834234370] [robot1.lifecycle_manager_navigation]: [34m[1mActivating behavior_server[0m[0m
[component_container_isolated-1] [INFO] [1789101710.834499764] [robot1.behavior_server]: Activating
[component_container_isolated-1] [INFO] [1789101710.834514173] [robot1.behavior_server]: Activating spin
[component_container_isolated-1] [INFO] [1789101710.834526089] [robot1.behavior_server]: Activating backup
[component_container_isolated-1] [INFO] [1789101710.834531365] [robot1.behavior_server]: Activating drive_on_heading
[component_container_isolated-1] [INFO] [1789101710.834537068] [robot1.behavior_server]: Activating assisted_teleop
[component_container_isolated-1] [INFO] [1789101710.834542139] [robot1.behavior_server]: Activating wait
[component_container_isolated-1] [INFO] [1789101710.834548738] [robot1.behavior_server]: Creating bond (behavior_server) to lifecycle manager.
[component_container_isolated-1] [INFO] [1789101710.976322761] [robot1.lifecycle_manager_navigation]: Server behavior_server connected with bond.
[component_container_isolated-1] [INFO] [1789101710.976350609] [robot1.lifecycle_manager_navigation]: [34m[1mActivating bt_navigator[0m[0m
[component_container_isolated-1] [INFO] [1789101710.976658038] [robot1.bt_navigator]: Activating
[component_container_isolated-1] [INFO] [1789101712.674546568] [robot1.bt_navigator]: Creating bond (bt_navigator) to lifecycle manager.
[component_container_isolated-1] [INFO] [1789101712.873212631] [robot1.lifecycle_manager_navigation]: Server bt_navigator connected with bond.
[component_container_isolated-1] [INFO] [1789101712.873263700] [robot1.lifecycle_manager_navigation]: [34m[1mActivating waypoint_follower[0m[0m
[component_container_isolated-1] [INFO] [1789101712.873533949] [robot1.waypoint_follower]: Activating
[component_container_isolated-1] [INFO] [1789101712.873569271] [robot1.waypoint_follower]: Creating bond (waypoint_follower) to lifecycle manager.
[component_container_isolated-1] [INFO] [1789101713.034202926] [robot1.lifecycle_manager_navigation]: Server waypoint_follower connected with bond.
[component_container_isolated-1] [INFO] [1789101713.034241965] [robot1.lifecycle_manager_navigation]: [34m[1mActivating velocity_smoother[0m[0m
[component_container_isolated-1] [INFO] [1789101713.034492241] [robot1.velocity_smoother]: Activating
[component_container_isolated-1] [INFO] [1789101713.034530273] [robot1.velocity_smoother]: Creating bond (velocity_smoother) to lifecycle manager.
[component_container_isolated-1] [INFO] [1789101713.189355082] [robot1.lifecycle_manager_navigation]: Server velocity_smoother connected with bond.
[component_container_isolated-1] [INFO] [1789101713.189432917] [robot1.lifecycle_manager_navigation]: [34m[1mManaged nodes are active[0m[0m
[component_container_isolated-1] [INFO] [1789101713.189446167] [robot1.lifecycle_manager_navigation]: [34m[1mCreating bond timer...[0m[0m
[nav2_startup-2] response:
[nav2_startup-2] nav2_msgs.srv.ManageLifecycleNodes_Response(success=True)
[nav2_startup-2] 
[INFO] [nav2_startup-2]: process has finished cleanly [pid 511754]
[WARNING] [launch]: user interrupted with ctrl-c (SIGINT)
[ERROR] [component_container_isolated-1]: process[component_container_isolated-1] failed to terminate '5' seconds after receiving 'SIGINT', escalating to 'SIGTERM'
[INFO] [component_container_isolated-1]: sending signal 'SIGTERM' to process[component_container_isolated-1]
[component_container_isolated-1] [INFO] [1789101876.298188648] [rclcpp]: signal_handler(SIGINT/SIGTERM)
[component_container_isolated-1] [INFO] [1789101876.298255507] [robot1.velocity_smoother]: Running Nav2 LifecycleNode rcl preshutdown (velocity_smoother)
[component_container_isolated-1] [INFO] [1789101876.298310410] [robot1.velocity_smoother]: Deactivating
[component_container_isolated-1] [INFO] [1789101876.298339927] [robot1.velocity_smoother]: Destroying bond (velocity_smoother) to lifecycle manager.
[component_container_isolated-1] [INFO] [1789101876.308573602] [robot1.velocity_smoother]: Cleaning up
[component_container_isolated-1] [INFO] [1789101876.308611443] [robot1.velocity_smoother]: Destroying bond (velocity_smoother) to lifecycle manager.
[component_container_isolated-1] [INFO] [1789101876.308622075] [robot1.waypoint_follower]: Running Nav2 LifecycleNode rcl preshutdown (waypoint_follower)
[component_container_isolated-1] [INFO] [1789101876.308641472] [robot1.waypoint_follower]: Deactivating
[component_container_isolated-1] [INFO] [1789101876.308652061] [robot1.waypoint_follower]: Destroying bond (waypoint_follower) to lifecycle manager.
[component_container_isolated-1] [INFO] [1789101876.318841158] [robot1.waypoint_follower]: Cleaning up
[component_container_isolated-1] [INFO] [1789101876.389940294] [robot1.lifecycle_manager_navigation]: [34m[1mHave not received a heartbeat from waypoint_follower.[0m[0m
[component_container_isolated-1] [ERROR] [1789101876.389963271] [robot1.lifecycle_manager_navigation]: CRITICAL FAILURE: SERVER waypoint_follower IS DOWN after not receiving a heartbeat for 30000 ms. Shutting down related nodes.
[component_container_isolated-1] [INFO] [1789101876.389989255] [robot1.lifecycle_manager_navigation]: [34m[1mTerminating bond timer...[0m[0m
[component_container_isolated-1] [INFO] [1789101876.389992692] [robot1.lifecycle_manager_navigation]: [34m[1mResetting managed nodes...[0m[0m
[component_container_isolated-1] [INFO] [1789101876.389995643] [robot1.lifecycle_manager_navigation]: [34m[1mDeactivating velocity_smoother[0m[0m
[component_container_isolated-1] [WARN] [1789101876.675750177] [rcl_lifecycle]: No transition matching 4 found for current state unconfigured
[component_container_isolated-1] [WARN] [1789101876.675770472] [rcl_lifecycle]: No transition matching 4 found for current state unconfigured
[component_container_isolated-1] [ERROR] [1789101876.675779373] [robot1.velocity_smoother]: Unable to start transition 4 from current state unconfigured: Transition is not registered., at ./src/rcl_lifecycle.c:355
[component_container_isolated-1] [ERROR] [1789101876.676089518] [robot1.lifecycle_manager_navigation]: Failed to change state for node: velocity_smoother
[component_container_isolated-1] [INFO] [1789101876.676113233] [robot1.lifecycle_manager_navigation]: [34m[1mDeactivating waypoint_follower[0m[0m
[component_container_isolated-1] [INFO] [1789101876.716384943] [robot1.waypoint_follower]: Destroying bond (waypoint_follower) to lifecycle manager.
[component_container_isolated-1] [INFO] [1789101876.716401974] [robot1.bt_navigator]: Running Nav2 LifecycleNode rcl preshutdown (bt_navigator)
[component_container_isolated-1] [INFO] [1789101876.716413632] [robot1.bt_navigator]: Deactivating
[component_container_isolated-1] [INFO] [1789101876.716424798] [robot1.bt_navigator]: Destroying bond (bt_navigator) to lifecycle manager.
[component_container_isolated-1] [INFO] [1789101876.726543951] [robot1.bt_navigator]: Cleaning up
[component_container_isolated-1] [WARN] [1789101876.886859970] [rcl_lifecycle]: No transition matching 4 found for current state unconfigured
[component_container_isolated-1] [WARN] [1789101876.886876624] [rcl_lifecycle]: No transition matching 4 found for current state unconfigured
[component_container_isolated-1] [ERROR] [1789101876.886880088] [robot1.waypoint_follower]: Unable to start transition 4 from current state unconfigured: Transition is not registered., at ./src/rcl_lifecycle.c:355
[component_container_isolated-1] [ERROR] [1789101876.887173694] [robot1.lifecycle_manager_navigation]: Failed to change state for node: waypoint_follower
[component_container_isolated-1] [INFO] [1789101876.887192861] [robot1.lifecycle_manager_navigation]: [34m[1mDeactivating bt_navigator[0m[0m
[component_container_isolated-1] [WARN] [1789101877.323208189] [rcl_lifecycle]: No transition matching 4 found for current state cleaningup
[component_container_isolated-1] [WARN] [1789101877.323225711] [rcl_lifecycle]: No transition matching 4 found for current state cleaningup
[component_container_isolated-1] [ERROR] [1789101877.323229048] [robot1.bt_navigator]: Unable to start transition 4 from current state cleaningup: Transition is not registered., at ./src/rcl_lifecycle.c:355
[component_container_isolated-1] [ERROR] [1789101877.323611727] [robot1.lifecycle_manager_navigation]: Failed to change state for node: bt_navigator
[component_container_isolated-1] [INFO] [1789101877.323622930] [robot1.lifecycle_manager_navigation]: [34m[1mDeactivating behavior_server[0m[0m
[component_container_isolated-1] [INFO] [1789101877.323684962] [robot1.behavior_server]: Deactivating
[component_container_isolated-1] [INFO] [1789101877.323713082] [robot1.behavior_server]: Destroying bond (behavior_server) to lifecycle manager.
[component_container_isolated-1] [INFO] [1789101877.541919433] [robot1.lifecycle_manager_navigation]: [34m[1mDeactivating planner_server[0m[0m
[component_container_isolated-1] [INFO] [1789101877.542150954] [robot1.planner_server]: Deactivating
[component_container_isolated-1] [INFO] [1789101877.542175010] [robot1.global_costmap.global_costmap]: Deactivating
[component_container_isolated-1] [INFO] [1789101877.658390623] [robot1.planner_server]: Deactivating plugin GridBased of type NavfnPlanner
[component_container_isolated-1] [INFO] [1789101877.658421581] [robot1.planner_server]: Destroying bond (planner_server) to lifecycle manager.
[component_container_isolated-1] [INFO] [1789101877.900342009] [robot1.lifecycle_manager_navigation]: [34m[1mDeactivating smoother_server[0m[0m
[component_container_isolated-1] [INFO] [1789101877.900571692] [robot1.smoother_server]: Deactivating
[component_container_isolated-1] [INFO] [1789101877.900593019] [robot1.smoother_server]: Destroying bond (smoother_server) to lifecycle manager.
[component_container_isolated-1] [INFO] [1789101878.135979645] [robot1.lifecycle_manager_navigation]: [34m[1mDeactivating controller_server[0m[0m
[component_container_isolated-1] [INFO] [1789101878.136236151] [robot1.controller_server]: Deactivating
[component_container_isolated-1] [INFO] [1789101878.136288245] [robot1.local_costmap.local_costmap]: Deactivating
[component_container_isolated-1] [INFO] [1789101878.142547235] [robot1.controller_server]: Destroying bond (controller_server) to lifecycle manager.
[component_container_isolated-1] [INFO] [1789101878.415390179] [robot1.lifecycle_manager_navigation]: [34m[1mCleaning up velocity_smoother[0m[0m
[component_container_isolated-1] [WARN] [1789101878.415626152] [rcl_lifecycle]: No transition matching 2 found for current state unconfigured
[component_container_isolated-1] [WARN] [1789101878.415638301] [rcl_lifecycle]: No transition matching 2 found for current state unconfigured
[component_container_isolated-1] [ERROR] [1789101878.415643328] [robot1.velocity_smoother]: Unable to start transition 2 from current state unconfigured: Transition is not registered., at ./src/rcl_lifecycle.c:355
[component_container_isolated-1] [INFO] [1789101878.415750549] [robot1.lifecycle_manager_navigation]: [34m[1mCleaning up waypoint_follower[0m[0m
[component_container_isolated-1] [WARN] [1789101878.415851852] [rcl_lifecycle]: No transition matching 2 found for current state unconfigured
[component_container_isolated-1] [WARN] [1789101878.415860450] [rcl_lifecycle]: No transition matching 2 found for current state unconfigured
[component_container_isolated-1] [ERROR] [1789101878.415863634] [robot1.waypoint_follower]: Unable to start transition 2 from current state unconfigured: Transition is not registered., at ./src/rcl_lifecycle.c:355
[component_container_isolated-1] [INFO] [1789101878.416078008] [robot1.lifecycle_manager_navigation]: [34m[1mCleaning up bt_navigator[0m[0m
[component_container_isolated-1] [WARN] [1789101878.416195850] [rcl_lifecycle]: No transition matching 2 found for current state cleaningup
[component_container_isolated-1] [WARN] [1789101878.416207103] [rcl_lifecycle]: No transition matching 2 found for current state cleaningup
[component_container_isolated-1] [ERROR] [1789101878.416212015] [robot1.bt_navigator]: Unable to start transition 2 from current state cleaningup: Transition is not registered., at ./src/rcl_lifecycle.c:355
[component_container_isolated-1] [ERROR] [1789101878.416315383] [robot1.lifecycle_manager_navigation]: Failed to change state for node: bt_navigator
[component_container_isolated-1] [INFO] [1789101878.416321538] [robot1.lifecycle_manager_navigation]: [34m[1mCleaning up behavior_server[0m[0m
[component_container_isolated-1] [INFO] [1789101878.416465048] [robot1.behavior_server]: Cleaning up
[component_container_isolated-1] [INFO] [1789101880.397074434] [robot1.lifecycle_manager_navigation]: [34m[1mCleaning up planner_server[0m[0m
[component_container_isolated-1] [INFO] [1789101880.397215878] [robot1.planner_server]: Cleaning up
[component_container_isolated-1] [INFO] [1789101880.709728744] [robot1.bt_navigator]: Completed Cleaning up
[component_container_isolated-1] [INFO] [1789101880.709764557] [robot1.bt_navigator]: Destroying bond (bt_navigator) to lifecycle manager.
[component_container_isolated-1] [INFO] [1789101880.709770841] [robot1.lifecycle_manager_navigation]: Running Nav2 LifecycleManager rcl preshutdown (lifecycle_manager_navigation)
[component_container_isolated-1] [INFO] [1789101880.858698207] [robot1.global_costmap.global_costmap]: Cleaning up
[component_container_isolated-1] [INFO] [1789101880.977353952] [robot1.planner_server]: Cleaning up plugin GridBased of type NavfnPlanner
[component_container_isolated-1] [INFO] [1789101880.977468676] [robot1.planner_server]: Destroying plugin GridBased of type NavfnPlanner
[component_container_isolated-1] [INFO] [1789101881.170239852] [robot1.lifecycle_manager_navigation]: [34m[1mCleaning up smoother_server[0m[0m
[component_container_isolated-1] [INFO] [1789101881.170359897] [robot1.smoother_server]: Cleaning up
[ERROR] [component_container_isolated-1]: process[component_container_isolated-1] failed to terminate '10.0' seconds after receiving 'SIGTERM', escalating to 'SIGKILL'
[INFO] [component_container_isolated-1]: sending signal 'SIGKILL' to process[component_container_isolated-1]
[ERROR] [component_container_isolated-1]: process has died [pid 511641, exit code -9, cmd '/opt/ros/humble/lib/rclcpp_components/component_container_isolated --ros-args --log-level info --ros-args -r __node:=nav2_container -r __ns:=/robot1 --params-file /tmp/launch_params_9x1wkon4 -r /tf:=tf -r /tf_static:=tf_static -r /robot1/global_costmap/scan:=/robot1/scan -r /robot1/local_costmap/scan:=/robot1/scan -r /parameter_events:=/pc/parameter_events -r /rosout:=/pc/rosout'].
[INFO] [launch]: All log files can be found below /home/danyalaziz/.ros/log/2026-09-11-09-45-10-895750-Precision-3660-513340
[INFO] [launch]: Default logging verbosity is set to INFO
[INFO] [component_container_isolated-1]: process started with pid [513359]
[component_container_isolated-1] [INFO] [1789101912.848810285] [robot1.nav2_container]: Load Library: /opt/ros/humble/lib/libcontroller_server_core.so
[component_container_isolated-1] [INFO] [1789101912.852547700] [robot1.nav2_container]: Found class: rclcpp_components::NodeFactoryTemplate<nav2_controller::ControllerServer>
[component_container_isolated-1] [INFO] [1789101912.852571229] [robot1.nav2_container]: Instantiate class: rclcpp_components::NodeFactoryTemplate<nav2_controller::ControllerServer>
[component_container_isolated-1] [INFO] [1789101912.877351380] [robot1.controller_server]: 
[component_container_isolated-1] 	controller_server lifecycle node launched. 
[component_container_isolated-1] 	Waiting on external lifecycle transitions to activate
[component_container_isolated-1] 	See https://design.ros2.org/articles/node_lifecycle.html for more information.
[component_container_isolated-1] [INFO] [1789101912.878789407] [robot1.controller_server]: Creating controller server
[component_container_isolated-1] [INFO] [1789101912.938808965] [robot1.local_costmap.local_costmap]: 
[component_container_isolated-1] 	local_costmap lifecycle node launched. 
[component_container_isolated-1] 	Waiting on external lifecycle transitions to activate
[component_container_isolated-1] 	See https://design.ros2.org/articles/node_lifecycle.html for more information.
[component_container_isolated-1] [INFO] [1789101912.939055486] [robot1.local_costmap.local_costmap]: Creating Costmap
[INFO] [launch_ros.actions.load_composable_nodes]: Loaded node '/robot1/controller_server' in container '/robot1/nav2_container'
[component_container_isolated-1] [INFO] [1789101912.940600896] [robot1.nav2_container]: Load Library: /opt/ros/humble/lib/libsmoother_server_core.so
[component_container_isolated-1] [INFO] [1789101912.941280989] [robot1.nav2_container]: Found class: rclcpp_components::NodeFactoryTemplate<nav2_smoother::SmootherServer>
[component_container_isolated-1] [INFO] [1789101912.941290290] [robot1.nav2_container]: Instantiate class: rclcpp_components::NodeFactoryTemplate<nav2_smoother::SmootherServer>
[component_container_isolated-1] [INFO] [1789101913.012534852] [robot1.smoother_server]: 
[component_container_isolated-1] 	smoother_server lifecycle node launched. 
[component_container_isolated-1] 	Waiting on external lifecycle transitions to activate
[component_container_isolated-1] 	See https://design.ros2.org/articles/node_lifecycle.html for more information.
[component_container_isolated-1] [INFO] [1789101913.013150941] [robot1.smoother_server]: Creating smoother server
[INFO] [launch_ros.actions.load_composable_nodes]: Loaded node '/robot1/smoother_server' in container '/robot1/nav2_container'
[component_container_isolated-1] [INFO] [1789101913.014594263] [robot1.nav2_container]: Load Library: /opt/ros/humble/lib/libplanner_server_core.so
[component_container_isolated-1] [INFO] [1789101913.014981333] [robot1.nav2_container]: Found class: rclcpp_components::NodeFactoryTemplate<nav2_planner::PlannerServer>
[component_container_isolated-1] [INFO] [1789101913.014990060] [robot1.nav2_container]: Instantiate class: rclcpp_components::NodeFactoryTemplate<nav2_planner::PlannerServer>
[component_container_isolated-1] [INFO] [1789101913.081107430] [robot1.planner_server]: 
[component_container_isolated-1] 	planner_server lifecycle node launched. 
[component_container_isolated-1] 	Waiting on external lifecycle transitions to activate
[component_container_isolated-1] 	See https://design.ros2.org/articles/node_lifecycle.html for more information.
[component_container_isolated-1] [INFO] [1789101913.081706441] [robot1.planner_server]: Creating
[component_container_isolated-1] [INFO] [1789101913.284345142] [robot1.global_costmap.global_costmap]: 
[component_container_isolated-1] 	global_costmap lifecycle node launched. 
[component_container_isolated-1] 	Waiting on external lifecycle transitions to activate
[component_container_isolated-1] 	See https://design.ros2.org/articles/node_lifecycle.html for more information.
[component_container_isolated-1] [INFO] [1789101913.284570270] [robot1.global_costmap.global_costmap]: Creating Costmap
[INFO] [launch_ros.actions.load_composable_nodes]: Loaded node '/robot1/planner_server' in container '/robot1/nav2_container'
[component_container_isolated-1] [INFO] [1789101913.286373233] [robot1.nav2_container]: Load Library: /opt/ros/humble/lib/libbehavior_server_core.so
[component_container_isolated-1] [INFO] [1789101913.287928971] [robot1.nav2_container]: Found class: rclcpp_components::NodeFactoryTemplate<behavior_server::BehaviorServer>
[component_container_isolated-1] [INFO] [1789101913.287959752] [robot1.nav2_container]: Instantiate class: rclcpp_components::NodeFactoryTemplate<behavior_server::BehaviorServer>
[component_container_isolated-1] [INFO] [1789101913.420223265] [robot1.behavior_server]: 
[component_container_isolated-1] 	behavior_server lifecycle node launched. 
[component_container_isolated-1] 	Waiting on external lifecycle transitions to activate
[component_container_isolated-1] 	See https://design.ros2.org/articles/node_lifecycle.html for more information.
[INFO] [launch_ros.actions.load_composable_nodes]: Loaded node '/robot1/behavior_server' in container '/robot1/nav2_container'
[component_container_isolated-1] [INFO] [1789101913.422476002] [robot1.nav2_container]: Load Library: /opt/ros/humble/lib/libbt_navigator_core.so
[component_container_isolated-1] [INFO] [1789101913.423787585] [robot1.nav2_container]: Found class: rclcpp_components::NodeFactoryTemplate<nav2_bt_navigator::BtNavigator>
[component_container_isolated-1] [INFO] [1789101913.423810530] [robot1.nav2_container]: Instantiate class: rclcpp_components::NodeFactoryTemplate<nav2_bt_navigator::BtNavigator>
[component_container_isolated-1] [INFO] [1789101913.574041383] [robot1.bt_navigator]: 
[component_container_isolated-1] 	bt_navigator lifecycle node launched. 
[component_container_isolated-1] 	Waiting on external lifecycle transitions to activate
[component_container_isolated-1] 	See https://design.ros2.org/articles/node_lifecycle.html for more information.
[component_container_isolated-1] [INFO] [1789101913.574083461] [robot1.bt_navigator]: Creating
[INFO] [launch_ros.actions.load_composable_nodes]: Loaded node '/robot1/bt_navigator' in container '/robot1/nav2_container'
[component_container_isolated-1] [INFO] [1789101913.575792376] [robot1.nav2_container]: Load Library: /opt/ros/humble/lib/libwaypoint_follower_core.so
[component_container_isolated-1] [INFO] [1789101913.576115774] [robot1.nav2_container]: Found class: rclcpp_components::NodeFactoryTemplate<nav2_waypoint_follower::WaypointFollower>
[component_container_isolated-1] [INFO] [1789101913.576124103] [robot1.nav2_container]: Instantiate class: rclcpp_components::NodeFactoryTemplate<nav2_waypoint_follower::WaypointFollower>
[component_container_isolated-1] [INFO] [1789101913.741687992] [robot1.waypoint_follower]: 
[component_container_isolated-1] 	waypoint_follower lifecycle node launched. 
[component_container_isolated-1] 	Waiting on external lifecycle transitions to activate
[component_container_isolated-1] 	See https://design.ros2.org/articles/node_lifecycle.html for more information.
[component_container_isolated-1] [INFO] [1789101913.741942301] [robot1.waypoint_follower]: Creating
[INFO] [launch_ros.actions.load_composable_nodes]: Loaded node '/robot1/waypoint_follower' in container '/robot1/nav2_container'
[component_container_isolated-1] [INFO] [1789101913.743602563] [robot1.nav2_container]: Load Library: /opt/ros/humble/lib/libvelocity_smoother_core.so
[component_container_isolated-1] [INFO] [1789101913.743992618] [robot1.nav2_container]: Found class: rclcpp_components::NodeFactoryTemplate<nav2_velocity_smoother::VelocitySmoother>
[component_container_isolated-1] [INFO] [1789101913.744001550] [robot1.nav2_container]: Instantiate class: rclcpp_components::NodeFactoryTemplate<nav2_velocity_smoother::VelocitySmoother>
[component_container_isolated-1] [INFO] [1789101913.938401884] [robot1.velocity_smoother]: 
[component_container_isolated-1] 	velocity_smoother lifecycle node launched. 
[component_container_isolated-1] 	Waiting on external lifecycle transitions to activate
[component_container_isolated-1] 	See https://design.ros2.org/articles/node_lifecycle.html for more information.
[INFO] [launch_ros.actions.load_composable_nodes]: Loaded node '/robot1/velocity_smoother' in container '/robot1/nav2_container'
[component_container_isolated-1] [INFO] [1789101913.939767260] [robot1.nav2_container]: Load Library: /opt/ros/humble/lib/libnav2_lifecycle_manager_core.so
[component_container_isolated-1] [INFO] [1789101913.940131064] [robot1.nav2_container]: Found class: rclcpp_components::NodeFactoryTemplate<nav2_lifecycle_manager::LifecycleManager>
[component_container_isolated-1] [INFO] [1789101913.940142314] [robot1.nav2_container]: Instantiate class: rclcpp_components::NodeFactoryTemplate<nav2_lifecycle_manager::LifecycleManager>
[component_container_isolated-1] [INFO] [1789101914.081678459] [robot1.lifecycle_manager_navigation]: Creating
[component_container_isolated-1] [INFO] [1789101914.104855386] [robot1.lifecycle_manager_navigation]: [34m[1mCreating and initializing lifecycle service clients[0m[0m
[INFO] [launch_ros.actions.load_composable_nodes]: Loaded node '/robot1/lifecycle_manager_navigation' in container '/robot1/nav2_container'
[INFO] [nav2_startup-2]: process started with pid [513668]
[nav2_startup-2] waiting for service to become available...
[nav2_startup-2] requester: making request: nav2_msgs.srv.ManageLifecycleNodes_Request(command=0)
[nav2_startup-2] 
[component_container_isolated-1] [INFO] [1789101932.641023176] [robot1.lifecycle_manager_navigation]: [34m[1mStarting managed nodes bringup...[0m[0m
[component_container_isolated-1] [INFO] [1789101932.641074999] [robot1.lifecycle_manager_navigation]: [34m[1mConfiguring controller_server[0m[0m
[component_container_isolated-1] [INFO] [1789101932.641421873] [robot1.controller_server]: Configuring controller interface
[component_container_isolated-1] [INFO] [1789101932.641568055] [robot1.controller_server]: getting goal checker plugins..
[component_container_isolated-1] [INFO] [1789101932.641644833] [robot1.controller_server]: Controller frequency set to 20.0000Hz
[component_container_isolated-1] [INFO] [1789101932.641672969] [robot1.local_costmap.local_costmap]: Configuring
[component_container_isolated-1] [INFO] [1789101932.713662271] [robot1.local_costmap.local_costmap]: Using plugin "static_layer"
[component_container_isolated-1] [INFO] [1789101932.715118308] [robot1.local_costmap.local_costmap]: Subscribing to the map topic (/robot1/map) with transient local durability
[component_container_isolated-1] [INFO] [1789101932.727257184] [robot1.local_costmap.local_costmap]: Initialized plugin "static_layer"
[component_container_isolated-1] [INFO] [1789101932.727273178] [robot1.local_costmap.local_costmap]: Using plugin "voxel_layer"
[component_container_isolated-1] [INFO] [1789101932.727440474] [robot1.local_costmap.local_costmap]: Subscribed to Topics: scan
[component_container_isolated-1] [INFO] [1789101932.795912309] [robot1.local_costmap.local_costmap]: Initialized plugin "voxel_layer"
[component_container_isolated-1] [INFO] [1789101932.795940523] [robot1.local_costmap.local_costmap]: Using plugin "inflation_layer"
[component_container_isolated-1] [INFO] [1789101932.796328820] [robot1.local_costmap.local_costmap]: Initialized plugin "inflation_layer"
[component_container_isolated-1] [INFO] [1789101932.928722575] [robot1.local_costmap.local_costmap]: StaticLayer: Resizing static layer to 139 X 268 at 0.050000 m/pix
[component_container_isolated-1] [INFO] [1789101932.928765185] [robot1.controller_server]: Created progress_checker : progress_checker of type nav2_controller::SimpleProgressChecker
[component_container_isolated-1] [INFO] [1789101932.929080852] [robot1.controller_server]: Created goal checker : general_goal_checker of type nav2_controller::SimpleGoalChecker
[component_container_isolated-1] [INFO] [1789101932.929199471] [robot1.controller_server]: Controller Server has general_goal_checker  goal checkers available.
[component_container_isolated-1] [INFO] [1789101932.929853598] [robot1.controller_server]: Created controller : FollowPath of type dwb_core::DWBLocalPlanner
[component_container_isolated-1] [INFO] [1789101932.930146958] [robot1.controller_server]: Setting transform_tolerance to 0.200000
[component_container_isolated-1] [INFO] [1789101933.022320919] [robot1.controller_server]: Using critic "RotateToGoal" (dwb_critics::RotateToGoalCritic)
[component_container_isolated-1] [INFO] [1789101933.022578641] [robot1.controller_server]: Critic plugin initialized
[component_container_isolated-1] [INFO] [1789101933.022639204] [robot1.controller_server]: Using critic "Oscillation" (dwb_critics::OscillationCritic)
[component_container_isolated-1] [INFO] [1789101933.022824600] [robot1.controller_server]: Critic plugin initialized
[component_container_isolated-1] [INFO] [1789101933.022876442] [robot1.controller_server]: Using critic "BaseObstacle" (dwb_critics::BaseObstacleCritic)
[component_container_isolated-1] [INFO] [1789101933.022943486] [robot1.controller_server]: Critic plugin initialized
[component_container_isolated-1] [INFO] [1789101933.022978850] [robot1.controller_server]: Using critic "GoalAlign" (dwb_critics::GoalAlignCritic)
[component_container_isolated-1] [INFO] [1789101933.023067508] [robot1.controller_server]: Critic plugin initialized
[component_container_isolated-1] [INFO] [1789101933.023096827] [robot1.controller_server]: Using critic "PathAlign" (dwb_critics::PathAlignCritic)
[component_container_isolated-1] [INFO] [1789101933.023179691] [robot1.controller_server]: Critic plugin initialized
[component_container_isolated-1] [INFO] [1789101933.023209823] [robot1.controller_server]: Using critic "PathDist" (dwb_critics::PathDistCritic)
[component_container_isolated-1] [INFO] [1789101933.023266088] [robot1.controller_server]: Critic plugin initialized
[component_container_isolated-1] [INFO] [1789101933.023292938] [robot1.controller_server]: Using critic "GoalDist" (dwb_critics::GoalDistCritic)
[component_container_isolated-1] [INFO] [1789101933.023344995] [robot1.controller_server]: Critic plugin initialized
[component_container_isolated-1] [INFO] [1789101933.023350966] [robot1.controller_server]: Controller Server has FollowPath  controllers available.
[component_container_isolated-1] [INFO] [1789101933.166340578] [robot1.lifecycle_manager_navigation]: [34m[1mConfiguring smoother_server[0m[0m
[component_container_isolated-1] [INFO] [1789101933.166456558] [robot1.smoother_server]: Configuring smoother server
[component_container_isolated-1] [INFO] [1789101933.268843682] [robot1.smoother_server]: Created smoother : simple_smoother of type nav2_smoother::SimpleSmoother
[component_container_isolated-1] [INFO] [1789101933.269060507] [robot1.smoother_server]: Smoother Server has simple_smoother  smoothers available.
[component_container_isolated-1] [INFO] [1789101933.371892049] [robot1.lifecycle_manager_navigation]: [34m[1mConfiguring planner_server[0m[0m
[component_container_isolated-1] [INFO] [1789101933.371998940] [robot1.planner_server]: Configuring
[component_container_isolated-1] [INFO] [1789101933.372027934] [robot1.global_costmap.global_costmap]: Configuring
[component_container_isolated-1] [INFO] [1789101933.443260400] [robot1.global_costmap.global_costmap]: Using plugin "static_layer"
[component_container_isolated-1] [INFO] [1789101933.443559527] [robot1.global_costmap.global_costmap]: Subscribing to the map topic (/robot1/map) with transient local durability
[component_container_isolated-1] [INFO] [1789101933.459425280] [robot1.global_costmap.global_costmap]: Initialized plugin "static_layer"
[component_container_isolated-1] [INFO] [1789101933.459446458] [robot1.global_costmap.global_costmap]: Using plugin "obstacle_layer"
[component_container_isolated-1] [INFO] [1789101933.459668147] [robot1.global_costmap.global_costmap]: Subscribed to Topics: scan
[component_container_isolated-1] [INFO] [1789101933.498325194] [robot1.global_costmap.global_costmap]: Initialized plugin "obstacle_layer"
[component_container_isolated-1] [INFO] [1789101933.498346987] [robot1.global_costmap.global_costmap]: Using plugin "inflation_layer"
[component_container_isolated-1] [INFO] [1789101933.498630851] [robot1.global_costmap.global_costmap]: Initialized plugin "inflation_layer"
[component_container_isolated-1] [INFO] [1789101933.648681288] [robot1.global_costmap.global_costmap]: StaticLayer: Resizing costmap to 139 X 268 at 0.050000 m/pix
[component_container_isolated-1] [INFO] [1789101933.648840958] [robot1.planner_server]: Created global planner plugin GridBased of type nav2_navfn_planner/NavfnPlanner
[component_container_isolated-1] [INFO] [1789101933.648862078] [robot1.planner_server]: Configuring plugin GridBased of type NavfnPlanner
[component_container_isolated-1] [INFO] [1789101933.649099541] [robot1.planner_server]: Planner Server has GridBased  planners available.
[component_container_isolated-1] [INFO] [1789101933.847544121] [robot1.lifecycle_manager_navigation]: [34m[1mConfiguring behavior_server[0m[0m
[component_container_isolated-1] [INFO] [1789101933.847745790] [robot1.behavior_server]: Configuring
[component_container_isolated-1] [INFO] [1789101933.971651486] [robot1.behavior_server]: Creating behavior plugin spin of type nav2_behaviors/Spin
[component_container_isolated-1] [INFO] [1789101933.972054535] [robot1.behavior_server]: Configuring spin
[component_container_isolated-1] [INFO] [1789101934.094183401] [robot1.behavior_server]: Creating behavior plugin backup of type nav2_behaviors/BackUp
[component_container_isolated-1] [INFO] [1789101934.094630567] [robot1.behavior_server]: Configuring backup
[component_container_isolated-1] [INFO] [1789101934.207483872] [robot1.behavior_server]: Creating behavior plugin drive_on_heading of type nav2_behaviors/DriveOnHeading
[component_container_isolated-1] [INFO] [1789101934.207996616] [robot1.behavior_server]: Configuring drive_on_heading
[component_container_isolated-1] [INFO] [1789101934.330884076] [robot1.behavior_server]: Creating behavior plugin assisted_teleop of type nav2_behaviors/AssistedTeleop
[component_container_isolated-1] [INFO] [1789101934.331628983] [robot1.behavior_server]: Configuring assisted_teleop
[component_container_isolated-1] [INFO] [1789101934.487820756] [robot1.behavior_server]: Creating behavior plugin wait of type nav2_behaviors/Wait
[component_container_isolated-1] [INFO] [1789101934.488167084] [robot1.behavior_server]: Configuring wait
[component_container_isolated-1] [INFO] [1789101934.618614176] [robot1.lifecycle_manager_navigation]: [34m[1mConfiguring bt_navigator[0m[0m
[component_container_isolated-1] [INFO] [1789101934.618718527] [robot1.bt_navigator]: Configuring
[component_container_isolated-1] [INFO] [1789101935.487653809] [robot1.lifecycle_manager_navigation]: [34m[1mConfiguring waypoint_follower[0m[0m
[component_container_isolated-1] [INFO] [1789101935.487744373] [robot1.waypoint_follower]: Configuring
[component_container_isolated-1] [INFO] [1789101935.719903458] [robot1.waypoint_follower]: Created waypoint_task_executor : wait_at_waypoint of type nav2_waypoint_follower::WaitAtWaypoint
[component_container_isolated-1] [INFO] [1789101935.720410291] [robot1.lifecycle_manager_navigation]: [34m[1mConfiguring velocity_smoother[0m[0m
[component_container_isolated-1] [INFO] [1789101935.720577456] [robot1.velocity_smoother]: Configuring velocity smoother
[component_container_isolated-1] [INFO] [1789101935.769982092] [robot1.lifecycle_manager_navigation]: [34m[1mActivating controller_server[0m[0m
[component_container_isolated-1] [INFO] [1789101935.770171732] [robot1.controller_server]: Activating
[component_container_isolated-1] [INFO] [1789101935.770213984] [robot1.local_costmap.local_costmap]: Activating
[component_container_isolated-1] [INFO] [1789101935.770229485] [robot1.local_costmap.local_costmap]: Checking transform
[component_container_isolated-1] [INFO] [1789101935.770331482] [robot1.local_costmap.local_costmap]: start
[component_container_isolated-1] [INFO] [1789101935.992546704] [robot1.controller_server]: Creating bond (controller_server) to lifecycle manager.
[component_container_isolated-1] [INFO] [1789101936.134244428] [robot1.lifecycle_manager_navigation]: Server controller_server connected with bond.
[component_container_isolated-1] [INFO] [1789101936.134279475] [robot1.lifecycle_manager_navigation]: [34m[1mActivating smoother_server[0m[0m
[component_container_isolated-1] [INFO] [1789101936.134599379] [robot1.smoother_server]: Activating
[component_container_isolated-1] [INFO] [1789101936.134631858] [robot1.smoother_server]: Creating bond (smoother_server) to lifecycle manager.
[component_container_isolated-1] [INFO] [1789101936.299332484] [robot1.lifecycle_manager_navigation]: Server smoother_server connected with bond.
[component_container_isolated-1] [INFO] [1789101936.299374154] [robot1.lifecycle_manager_navigation]: [34m[1mActivating planner_server[0m[0m
[component_container_isolated-1] [INFO] [1789101936.299639482] [robot1.planner_server]: Activating
[component_container_isolated-1] [INFO] [1789101936.299685888] [robot1.global_costmap.global_costmap]: Activating
[component_container_isolated-1] [INFO] [1789101936.299697383] [robot1.global_costmap.global_costmap]: Checking transform
[component_container_isolated-1] [INFO] [1789101936.299778842] [robot1.global_costmap.global_costmap]: start
[component_container_isolated-1] [INFO] [1789101937.330860067] [robot1.planner_server]: Activating plugin GridBased of type NavfnPlanner
[component_container_isolated-1] [INFO] [1789101937.346885286] [robot1.planner_server]: Creating bond (planner_server) to lifecycle manager.
[component_container_isolated-1] [INFO] [1789101937.508033088] [robot1.lifecycle_manager_navigation]: Server planner_server connected with bond.
[component_container_isolated-1] [INFO] [1789101937.508083916] [robot1.lifecycle_manager_navigation]: [34m[1mActivating behavior_server[0m[0m
[component_container_isolated-1] [INFO] [1789101937.508330614] [robot1.behavior_server]: Activating
[component_container_isolated-1] [INFO] [1789101937.508347186] [robot1.behavior_server]: Activating spin
[component_container_isolated-1] [INFO] [1789101937.508361300] [robot1.behavior_server]: Activating backup
[component_container_isolated-1] [INFO] [1789101937.508372098] [robot1.behavior_server]: Activating drive_on_heading
[component_container_isolated-1] [INFO] [1789101937.508378845] [robot1.behavior_server]: Activating assisted_teleop
[component_container_isolated-1] [INFO] [1789101937.508384607] [robot1.behavior_server]: Activating wait
[component_container_isolated-1] [INFO] [1789101937.508393808] [robot1.behavior_server]: Creating bond (behavior_server) to lifecycle manager.
[component_container_isolated-1] [INFO] [1789101937.648821129] [robot1.lifecycle_manager_navigation]: Server behavior_server connected with bond.
[component_container_isolated-1] [INFO] [1789101937.648865826] [robot1.lifecycle_manager_navigation]: [34m[1mActivating bt_navigator[0m[0m
[component_container_isolated-1] [INFO] [1789101937.649118320] [robot1.bt_navigator]: Activating
[component_container_isolated-1] [INFO] [1789101939.630320160] [robot1.bt_navigator]: Creating bond (bt_navigator) to lifecycle manager.
[component_container_isolated-1] [INFO] [1789101939.790208583] [robot1.lifecycle_manager_navigation]: Server bt_navigator connected with bond.
[component_container_isolated-1] [INFO] [1789101939.790239135] [robot1.lifecycle_manager_navigation]: [34m[1mActivating waypoint_follower[0m[0m
[component_container_isolated-1] [INFO] [1789101939.790491466] [robot1.waypoint_follower]: Activating
[component_container_isolated-1] [INFO] [1789101939.790516124] [robot1.waypoint_follower]: Creating bond (waypoint_follower) to lifecycle manager.
[component_container_isolated-1] [INFO] [1789101939.940843889] [robot1.lifecycle_manager_navigation]: Server waypoint_follower connected with bond.
[component_container_isolated-1] [INFO] [1789101939.940872807] [robot1.lifecycle_manager_navigation]: [34m[1mActivating velocity_smoother[0m[0m
[component_container_isolated-1] [INFO] [1789101939.941113797] [robot1.velocity_smoother]: Activating
[component_container_isolated-1] [INFO] [1789101939.941146848] [robot1.velocity_smoother]: Creating bond (velocity_smoother) to lifecycle manager.
[component_container_isolated-1] [INFO] [1789101940.090665108] [robot1.lifecycle_manager_navigation]: Server velocity_smoother connected with bond.
[component_container_isolated-1] [INFO] [1789101940.090738765] [robot1.lifecycle_manager_navigation]: [34m[1mManaged nodes are active[0m[0m
[component_container_isolated-1] [INFO] [1789101940.090751669] [robot1.lifecycle_manager_navigation]: [34m[1mCreating bond timer...[0m[0m
[nav2_startup-2] response:
[nav2_startup-2] nav2_msgs.srv.ManageLifecycleNodes_Response(success=True)
[nav2_startup-2] 
[INFO] [nav2_startup-2]: process has finished cleanly [pid 513668]
[component_container_isolated-1] [INFO] [1789102423.588747597] [robot1.bt_navigator]: Begin navigating from current location (-0.17, 0.03) to (0.26, 0.95)
[component_container_isolated-1] [INFO] [1789102423.609285446] [robot1.controller_server]: Received a goal, begin computing control effort.
[component_container_isolated-1] [WARN] [1789102423.609329487] [robot1.controller_server]: No goal checker was specified in parameter 'current_goal_checker'. Server will use only plugin loaded general_goal_checker . This warning will appear once.
[component_container_isolated-1] [INFO] [1789102424.659528894] [robot1.controller_server]: Passing new path to controller.
[component_container_isolated-1] [INFO] [1789102425.709529574] [robot1.controller_server]: Passing new path to controller.
[component_container_isolated-1] [INFO] [1789102426.709559890] [robot1.controller_server]: Passing new path to controller.
[component_container_isolated-1] [INFO] [1789102427.211261690] [robot1.controller_server]: Reached the goal!
[component_container_isolated-1] [INFO] [1789102427.248961923] [robot1.bt_navigator]: Goal succeeded
[component_container_isolated-1] [INFO] [1789102427.585325381] [robot1.bt_navigator]: Begin navigating from current location (0.13, 0.76) to (0.20, 0.96)
[component_container_isolated-1] [INFO] [1789102427.605597682] [robot1.controller_server]: Received a goal, begin computing control effort.
[component_container_isolated-1] [INFO] [1789102427.807455907] [robot1.controller_server]: Reached the goal!
[component_container_isolated-1] [INFO] [1789102427.845491985] [robot1.bt_navigator]: Goal succeeded
[component_container_isolated-1] [INFO] [1789102428.587917559] [robot1.bt_navigator]: Begin navigating from current location (0.12, 0.78) to (0.19, 0.96)
[component_container_isolated-1] [INFO] [1789102428.608263065] [robot1.controller_server]: Received a goal, begin computing control effort.
[component_container_isolated-1] [INFO] [1789102428.610978073] [robot1.controller_server]: Reached the goal!
[component_container_isolated-1] [INFO] [1789102428.648302490] [robot1.bt_navigator]: Goal succeeded
[component_container_isolated-1] [INFO] [1789102429.589800531] [robot1.bt_navigator]: Begin navigating from current location (0.13, 0.78) to (0.19, 0.98)
[component_container_isolated-1] [INFO] [1789102429.610142682] [robot1.controller_server]: Received a goal, begin computing control effort.
[component_container_isolated-1] [INFO] [1789102429.912128280] [robot1.controller_server]: Reached the goal!
[component_container_isolated-1] [INFO] [1789102429.950049672] [robot1.bt_navigator]: Goal succeeded
[component_container_isolated-1] [INFO] [1789102430.594167232] [robot1.bt_navigator]: Begin navigating from current location (0.13, 0.78) to (0.19, 0.98)
[component_container_isolated-1] [INFO] [1789102430.614501578] [robot1.controller_server]: Received a goal, begin computing control effort.
[component_container_isolated-1] [INFO] [1789102430.616665785] [robot1.controller_server]: Reached the goal!
[component_container_isolated-1] [INFO] [1789102430.654387020] [robot1.bt_navigator]: Goal succeeded
[component_container_isolated-1] [INFO] [1789102431.588010243] [robot1.bt_navigator]: Begin navigating from current location (0.13, 0.78) to (0.19, 0.98)
[component_container_isolated-1] [INFO] [1789102431.608388392] [robot1.controller_server]: Received a goal, begin computing control effort.
[component_container_isolated-1] [INFO] [1789102431.610156150] [robot1.controller_server]: Reached the goal!
[component_container_isolated-1] [INFO] [1789102431.648201036] [robot1.bt_navigator]: Goal succeeded
[component_container_isolated-1] [INFO] [1789102432.586453668] [robot1.bt_navigator]: Begin navigating from current location (0.13, 0.78) to (0.19, 0.98)
[component_container_isolated-1] [INFO] [1789102432.606717015] [robot1.controller_server]: Received a goal, begin computing control effort.
[component_container_isolated-1] [INFO] [1789102432.609692454] [robot1.controller_server]: Reached the goal!
[component_container_isolated-1] [INFO] [1789102432.646658441] [robot1.bt_navigator]: Goal succeeded
[component_container_isolated-1] [INFO] [1789102433.587902535] [robot1.bt_navigator]: Begin navigating from current location (0.13, 0.78) to (0.19, 0.98)
[component_container_isolated-1] [INFO] [1789102433.608303919] [robot1.controller_server]: Received a goal, begin computing control effort.
[component_container_isolated-1] [INFO] [1789102433.610145408] [robot1.controller_server]: Reached the goal!
[component_container_isolated-1] [INFO] [1789102433.648138278] [robot1.bt_navigator]: Goal succeeded
[component_container_isolated-1] [INFO] [1789102434.587419009] [robot1.bt_navigator]: Begin navigating from current location (0.13, 0.78) to (0.19, 0.98)
[component_container_isolated-1] [INFO] [1789102434.607660018] [robot1.controller_server]: Received a goal, begin computing control effort.
[component_container_isolated-1] [INFO] [1789102434.610185469] [robot1.controller_server]: Reached the goal!
[component_container_isolated-1] [INFO] [1789102434.647591117] [robot1.bt_navigator]: Goal succeeded
[component_container_isolated-1] [INFO] [1789102435.595796116] [robot1.bt_navigator]: Begin navigating from current location (0.13, 0.78) to (0.19, 0.98)
[component_container_isolated-1] [INFO] [1789102435.616216434] [robot1.controller_server]: Received a goal, begin computing control effort.
[component_container_isolated-1] [INFO] [1789102435.618519263] [robot1.controller_server]: Reached the goal!
[component_container_isolated-1] [INFO] [1789102435.656056869] [robot1.bt_navigator]: Goal succeeded
[component_container_isolated-1] [INFO] [1789102436.587313506] [robot1.bt_navigator]: Begin navigating from current location (0.13, 0.78) to (0.19, 0.98)
[component_container_isolated-1] [INFO] [1789102436.607609156] [robot1.controller_server]: Received a goal, begin computing control effort.
[component_container_isolated-1] [INFO] [1789102436.610242984] [robot1.controller_server]: Reached the goal!
[component_container_isolated-1] [INFO] [1789102436.647462651] [robot1.bt_navigator]: Goal succeeded
[component_container_isolated-1] [INFO] [1789102439.587083208] [robot1.bt_navigator]: Begin navigating from current location (0.13, 0.78) to (0.19, 0.98)
[component_container_isolated-1] [INFO] [1789102439.607481267] [robot1.controller_server]: Received a goal, begin computing control effort.
[component_container_isolated-1] [INFO] [1789102439.610358425] [robot1.controller_server]: Reached the goal!
[component_container_isolated-1] [INFO] [1789102439.647346183] [robot1.bt_navigator]: Goal succeeded
[component_container_isolated-1] [INFO] [1789102440.585941552] [robot1.bt_navigator]: Begin navigating from current location (0.13, 0.78) to (0.19, 0.98)
[component_container_isolated-1] [INFO] [1789102440.606290664] [robot1.controller_server]: Received a goal, begin computing control effort.
[component_container_isolated-1] [INFO] [1789102440.609276898] [robot1.controller_server]: Reached the goal!
[component_container_isolated-1] [INFO] [1789102440.646238943] [robot1.bt_navigator]: Goal succeeded
[component_container_isolated-1] [INFO] [1789102441.587678115] [robot1.bt_navigator]: Begin navigating from current location (0.13, 0.78) to (0.19, 0.98)
[component_container_isolated-1] [INFO] [1789102441.608060560] [robot1.controller_server]: Received a goal, begin computing control effort.
[component_container_isolated-1] [INFO] [1789102441.611094815] [robot1.controller_server]: Reached the goal!
[component_container_isolated-1] [INFO] [1789102441.647900355] [robot1.bt_navigator]: Goal succeeded
[component_container_isolated-1] [INFO] [1789102442.587363289] [robot1.bt_navigator]: Begin navigating from current location (0.13, 0.78) to (0.19, 0.98)
[component_container_isolated-1] [INFO] [1789102442.607649824] [robot1.controller_server]: Received a goal, begin computing control effort.
[component_container_isolated-1] [INFO] [1789102442.609721045] [robot1.controller_server]: Reached the goal!
[component_container_isolated-1] [INFO] [1789102442.647652313] [robot1.bt_navigator]: Goal succeeded
[component_container_isolated-1] [INFO] [1789102443.590314899] [robot1.bt_navigator]: Begin navigating from current location (0.13, 0.78) to (0.19, 0.98)
[component_container_isolated-1] [INFO] [1789102443.610548742] [robot1.controller_server]: Received a goal, begin computing control effort.
[component_container_isolated-1] [INFO] [1789102443.613112075] [robot1.controller_server]: Reached the goal!
[component_container_isolated-1] [INFO] [1789102443.650542908] [robot1.bt_navigator]: Goal succeeded
[component_container_isolated-1] [INFO] [1789102444.588088406] [robot1.bt_navigator]: Begin navigating from current location (0.13, 0.78) to (0.19, 0.98)
[component_container_isolated-1] [INFO] [1789102444.608469319] [robot1.controller_server]: Received a goal, begin computing control effort.
[component_container_isolated-1] [INFO] [1789102444.611472083] [robot1.controller_server]: Reached the goal!
[component_container_isolated-1] [INFO] [1789102444.648289605] [robot1.bt_navigator]: Goal succeeded
[component_container_isolated-1] [INFO] [1789102445.590520585] [robot1.bt_navigator]: Begin navigating from current location (0.13, 0.78) to (0.19, 0.98)
[component_container_isolated-1] [INFO] [1789102445.610918041] [robot1.controller_server]: Received a goal, begin computing control effort.
[component_container_isolated-1] [INFO] [1789102445.612992326] [robot1.controller_server]: Reached the goal!
[component_container_isolated-1] [INFO] [1789102445.650705811] [robot1.bt_navigator]: Goal succeeded
[component_container_isolated-1] [INFO] [1789102446.587236907] [robot1.bt_navigator]: Begin navigating from current location (0.13, 0.78) to (0.19, 0.98)
[component_container_isolated-1] [INFO] [1789102446.607591064] [robot1.controller_server]: Received a goal, begin computing control effort.
[component_container_isolated-1] [INFO] [1789102446.610598803] [robot1.controller_server]: Reached the goal!
[component_container_isolated-1] [INFO] [1789102446.647399268] [robot1.bt_navigator]: Goal succeeded
[component_container_isolated-1] [INFO] [1789102447.587164425] [robot1.bt_navigator]: Begin navigating from current location (0.13, 0.78) to (0.19, 0.98)
[component_container_isolated-1] [INFO] [1789102447.607530483] [robot1.controller_server]: Received a goal, begin computing control effort.
[component_container_isolated-1] [INFO] [1789102447.609732445] [robot1.controller_server]: Reached the goal!
[component_container_isolated-1] [INFO] [1789102447.647373876] [robot1.bt_navigator]: Goal succeeded
[component_container_isolated-1] [INFO] [1789102448.591310468] [robot1.bt_navigator]: Begin navigating from current location (0.13, 0.78) to (0.20, 0.98)
[component_container_isolated-1] [INFO] [1789102448.611716789] [robot1.controller_server]: Received a goal, begin computing control effort.
[component_container_isolated-1] [INFO] [1789102448.614556974] [robot1.controller_server]: Reached the goal!
[component_container_isolated-1] [INFO] [1789102448.651428216] [robot1.bt_navigator]: Goal succeeded
[component_container_isolated-1] [INFO] [1789102449.590258133] [robot1.bt_navigator]: Begin navigating from current location (0.13, 0.78) to (0.19, 0.98)
[component_container_isolated-1] [INFO] [1789102449.610590889] [robot1.controller_server]: Received a goal, begin computing control effort.
[component_container_isolated-1] [INFO] [1789102449.613420217] [robot1.controller_server]: Reached the goal!
[component_container_isolated-1] [INFO] [1789102449.650470591] [robot1.bt_navigator]: Goal succeeded
[component_container_isolated-1] [INFO] [1789102450.589165515] [robot1.bt_navigator]: Begin navigating from current location (0.13, 0.78) to (0.19, 0.98)
[component_container_isolated-1] [INFO] [1789102450.609539139] [robot1.controller_server]: Received a goal, begin computing control effort.
[component_container_isolated-1] [INFO] [1789102450.611671690] [robot1.controller_server]: Reached the goal!
[component_container_isolated-1] [INFO] [1789102450.649492451] [robot1.bt_navigator]: Goal succeeded
[component_container_isolated-1] [INFO] [1789102451.588721878] [robot1.bt_navigator]: Begin navigating from current location (0.13, 0.78) to (0.19, 0.98)
[component_container_isolated-1] [INFO] [1789102451.609135966] [robot1.controller_server]: Received a goal, begin computing control effort.
[component_container_isolated-1] [INFO] [1789102451.612125512] [robot1.controller_server]: Reached the goal!
[component_container_isolated-1] [INFO] [1789102451.648943701] [robot1.bt_navigator]: Goal succeeded
[component_container_isolated-1] [INFO] [1789102452.586937552] [robot1.bt_navigator]: Begin navigating from current location (0.13, 0.78) to (0.19, 0.98)
[component_container_isolated-1] [INFO] [1789102452.607255780] [robot1.controller_server]: Received a goal, begin computing control effort.
[component_container_isolated-1] [INFO] [1789102452.609558441] [robot1.controller_server]: Reached the goal!
[component_container_isolated-1] [INFO] [1789102452.647214152] [robot1.bt_navigator]: Goal succeeded
[component_container_isolated-1] [INFO] [1789102453.589634315] [robot1.bt_navigator]: Begin navigating from current location (0.13, 0.78) to (0.19, 0.98)
[component_container_isolated-1] [INFO] [1789102453.609961518] [robot1.controller_server]: Received a goal, begin computing control effort.
[component_container_isolated-1] [INFO] [1789102453.612362940] [robot1.controller_server]: Reached the goal!
[component_container_isolated-1] [INFO] [1789102453.649861764] [robot1.bt_navigator]: Goal succeeded
[component_container_isolated-1] [INFO] [1789102454.588470958] [robot1.bt_navigator]: Begin navigating from current location (0.13, 0.78) to (0.19, 0.98)
[component_container_isolated-1] [INFO] [1789102454.608749296] [robot1.controller_server]: Received a goal, begin computing control effort.
[component_container_isolated-1] [INFO] [1789102454.611767317] [robot1.controller_server]: Reached the goal!
[component_container_isolated-1] [INFO] [1789102454.648620415] [robot1.bt_navigator]: Goal succeeded
[component_container_isolated-1] [INFO] [1789102455.592262637] [robot1.bt_navigator]: Begin navigating from current location (0.13, 0.78) to (0.19, 0.98)
[component_container_isolated-1] [INFO] [1789102455.612729993] [robot1.controller_server]: Received a goal, begin computing control effort.
[component_container_isolated-1] [INFO] [1789102455.615707633] [robot1.controller_server]: Reached the goal!
[component_container_isolated-1] [INFO] [1789102455.652436004] [robot1.bt_navigator]: Goal succeeded
[component_container_isolated-1] [INFO] [1789102609.370486271] [robot1.local_costmap.local_costmap]: StaticLayer: Resizing static layer to 187 X 299 at 0.050000 m/pix
[component_container_isolated-1] [INFO] [1789102610.299904130] [robot1.global_costmap.global_costmap]: StaticLayer: Resizing costmap to 187 X 299 at 0.050000 m/pix
[component_container_isolated-1] [INFO] [1789102613.370487566] [robot1.local_costmap.local_costmap]: StaticLayer: Resizing static layer to 187 X 299 at 0.050000 m/pix
[component_container_isolated-1] [INFO] [1789102614.299943185] [robot1.global_costmap.global_costmap]: StaticLayer: Resizing costmap to 187 X 299 at 0.050000 m/pix
[component_container_isolated-1] [INFO] [1789102614.970482577] [robot1.local_costmap.local_costmap]: StaticLayer: Resizing static layer to 187 X 300 at 0.050000 m/pix
[component_container_isolated-1] [INFO] [1789102615.299873665] [robot1.global_costmap.global_costmap]: StaticLayer: Resizing costmap to 187 X 300 at 0.050000 m/pix
[component_container_isolated-1] [INFO] [1789102616.370452170] [robot1.local_costmap.local_costmap]: StaticLayer: Resizing static layer to 187 X 304 at 0.050000 m/pix
[component_container_isolated-1] [INFO] [1789102617.299903140] [robot1.global_costmap.global_costmap]: StaticLayer: Resizing costmap to 187 X 304 at 0.050000 m/pix
[component_container_isolated-1] [INFO] [1789102782.591757409] [robot1.bt_navigator]: Begin navigating from current location (-1.08, -0.06) to (-1.78, 1.24)
[component_container_isolated-1] [INFO] [1789102782.612278860] [robot1.controller_server]: Received a goal, begin computing control effort.
[component_container_isolated-1] [INFO] [1789102783.592039522] [robot1.bt_navigator]: Received goal preemption request
[component_container_isolated-1] [INFO] [1789102783.592137627] [robot1.bt_navigator]: Begin navigating from current location (-1.10, 0.09) to (-1.26, 0.35)
[component_container_isolated-1] [INFO] [1789102783.662469495] [robot1.controller_server]: Passing new path to controller.
[component_container_isolated-1] [INFO] [1789102783.964265619] [robot1.controller_server]: Reached the goal!
[component_container_isolated-1] [INFO] [1789102784.001947125] [robot1.bt_navigator]: Goal succeeded
[component_container_isolated-1] [INFO] [1789102784.594385985] [robot1.bt_navigator]: Begin navigating from current location (-1.12, 0.18) to (-1.73, 1.64)
[component_container_isolated-1] [INFO] [1789102784.614771628] [robot1.controller_server]: Received a goal, begin computing control effort.
[component_container_isolated-1] [INFO] [1789102785.664985102] [robot1.controller_server]: Passing new path to controller.
[component_container_isolated-1] [INFO] [1789102786.714944937] [robot1.controller_server]: Passing new path to controller.
[component_container_isolated-1] [INFO] [1789102787.714965023] [robot1.controller_server]: Passing new path to controller.
[component_container_isolated-1] [INFO] [1789102788.764945914] [robot1.controller_server]: Passing new path to controller.
[component_container_isolated-1] [INFO] [1789102789.764944994] [robot1.controller_server]: Passing new path to controller.
[component_container_isolated-1] [INFO] [1789102790.316201605] [robot1.controller_server]: Reached the goal!
[component_container_isolated-1] [INFO] [1789102790.354615447] [robot1.bt_navigator]: Goal succeeded
[component_container_isolated-1] [INFO] [1789102790.586220176] [robot1.bt_navigator]: Begin navigating from current location (-1.60, 1.45) to (-1.74, 1.61)
[component_container_isolated-1] [INFO] [1789102790.606667775] [robot1.controller_server]: Received a goal, begin computing control effort.
[component_container_isolated-1] [INFO] [1789102790.609592234] [robot1.controller_server]: Reached the goal!
[component_container_isolated-1] [INFO] [1789102790.646436038] [robot1.bt_navigator]: Goal succeeded
[component_container_isolated-1] [INFO] [1789102791.586657988] [robot1.bt_navigator]: Begin navigating from current location (-1.60, 1.45) to (-1.74, 1.61)
[component_container_isolated-1] [INFO] [1789102791.606957445] [robot1.controller_server]: Received a goal, begin computing control effort.
[component_container_isolated-1] [INFO] [1789102791.609379501] [robot1.controller_server]: Reached the goal!
[component_container_isolated-1] [INFO] [1789102791.646904913] [robot1.bt_navigator]: Goal succeeded
[component_container_isolated-1] [INFO] [1789102792.586266766] [robot1.bt_navigator]: Begin navigating from current location (-1.61, 1.44) to (-1.75, 1.61)
[component_container_isolated-1] [INFO] [1789102792.606558968] [robot1.controller_server]: Received a goal, begin computing control effort.
[component_container_isolated-1] [INFO] [1789102792.609261407] [robot1.controller_server]: Reached the goal!
[component_container_isolated-1] [INFO] [1789102792.646530751] [robot1.bt_navigator]: Goal succeeded
[component_container_isolated-1] [INFO] [1789102793.587269353] [robot1.bt_navigator]: Begin navigating from current location (-1.61, 1.44) to (-1.75, 1.61)
[component_container_isolated-1] [INFO] [1789102793.607676450] [robot1.controller_server]: Received a goal, begin computing control effort.
[component_container_isolated-1] [INFO] [1789102793.610650365] [robot1.controller_server]: Reached the goal!
[component_container_isolated-1] [INFO] [1789102793.647431085] [robot1.bt_navigator]: Goal succeeded
[component_container_isolated-1] [INFO] [1789102794.586230905] [robot1.bt_navigator]: Begin navigating from current location (-1.61, 1.44) to (-1.75, 1.61)
[component_container_isolated-1] [INFO] [1789102794.606567112] [robot1.controller_server]: Received a goal, begin computing control effort.
[component_container_isolated-1] [INFO] [1789102794.609588603] [robot1.controller_server]: Reached the goal!
[component_container_isolated-1] [INFO] [1789102794.646429653] [robot1.bt_navigator]: Goal succeeded
[component_container_isolated-1] [INFO] [1789102795.589363166] [robot1.bt_navigator]: Begin navigating from current location (-1.61, 1.44) to (-1.75, 1.61)
[component_container_isolated-1] [INFO] [1789102795.609774847] [robot1.controller_server]: Received a goal, begin computing control effort.
[component_container_isolated-1] [INFO] [1789102795.612672670] [robot1.controller_server]: Reached the goal!
[component_container_isolated-1] [INFO] [1789102795.649596827] [robot1.bt_navigator]: Goal succeeded
[component_container_isolated-1] [INFO] [1789102796.588056980] [robot1.bt_navigator]: Begin navigating from current location (-1.61, 1.44) to (-1.75, 1.61)
[component_container_isolated-1] [INFO] [1789102796.608442812] [robot1.controller_server]: Received a goal, begin computing control effort.
[component_container_isolated-1] [INFO] [1789102796.611501034] [robot1.controller_server]: Reached the goal!
[component_container_isolated-1] [INFO] [1789102796.648215947] [robot1.bt_navigator]: Goal succeeded
[component_container_isolated-1] [INFO] [1789102797.586455214] [robot1.bt_navigator]: Begin navigating from current location (-1.61, 1.44) to (-1.75, 1.61)
[component_container_isolated-1] [INFO] [1789102797.606704419] [robot1.controller_server]: Received a goal, begin computing control effort.
[component_container_isolated-1] [INFO] [1789102797.609751270] [robot1.controller_server]: Reached the goal!
[component_container_isolated-1] [INFO] [1789102797.646669484] [robot1.bt_navigator]: Goal succeeded
[component_container_isolated-1] [INFO] [1789102798.586402476] [robot1.bt_navigator]: Begin navigating from current location (-1.61, 1.44) to (-1.75, 1.61)
[component_container_isolated-1] [INFO] [1789102798.606675051] [robot1.controller_server]: Received a goal, begin computing control effort.
[component_container_isolated-1] [INFO] [1789102798.609566848] [robot1.controller_server]: Reached the goal!
[component_container_isolated-1] [INFO] [1789102798.646601836] [robot1.bt_navigator]: Goal succeeded
[component_container_isolated-1] [INFO] [1789102839.591434396] [robot1.bt_navigator]: Begin navigating from current location (-1.61, 1.43) to (-1.11, 2.33)
[component_container_isolated-1] [INFO] [1789102839.611667354] [robot1.controller_server]: Received a goal, begin computing control effort.
[component_container_isolated-1] [INFO] [1789102840.661870834] [robot1.controller_server]: Passing new path to controller.
[component_container_isolated-1] [INFO] [1789102841.711835001] [robot1.controller_server]: Passing new path to controller.
[component_container_isolated-1] [INFO] [1789102842.711845627] [robot1.controller_server]: Passing new path to controller.
[component_container_isolated-1] [INFO] [1789102842.970488627] [robot1.local_costmap.local_costmap]: StaticLayer: Resizing static layer to 187 X 304 at 0.050000 m/pix
[component_container_isolated-1] [INFO] [1789102843.299929109] [robot1.global_costmap.global_costmap]: StaticLayer: Resizing costmap to 187 X 304 at 0.050000 m/pix
[component_container_isolated-1] [INFO] [1789102843.463617634] [robot1.controller_server]: Reached the goal!
[component_container_isolated-1] [INFO] [1789102843.501635867] [robot1.bt_navigator]: Goal succeeded
[component_container_isolated-1] [INFO] [1789102843.589369884] [robot1.bt_navigator]: Begin navigating from current location (-1.25, 2.14) to (-1.18, 2.37)
[component_container_isolated-1] [INFO] [1789102843.609650179] [robot1.controller_server]: Received a goal, begin computing control effort.
[component_container_isolated-1] [INFO] [1789102843.861591215] [robot1.controller_server]: Reached the goal!
[component_container_isolated-1] [INFO] [1789102843.899565633] [robot1.bt_navigator]: Goal succeeded
[component_container_isolated-1] [INFO] [1789102844.588596526] [robot1.bt_navigator]: Begin navigating from current location (-1.25, 2.16) to (-1.18, 2.37)
[component_container_isolated-1] [INFO] [1789102844.608858556] [robot1.controller_server]: Received a goal, begin computing control effort.
[component_container_isolated-1] [INFO] [1789102844.611790426] [robot1.controller_server]: Reached the goal!
[component_container_isolated-1] [INFO] [1789102844.648838500] [robot1.bt_navigator]: Goal succeeded
[component_container_isolated-1] [INFO] [1789102845.587523484] [robot1.bt_navigator]: Begin navigating from current location (-1.25, 2.16) to (-1.18, 2.37)
[component_container_isolated-1] [INFO] [1789102845.607795672] [robot1.controller_server]: Received a goal, begin computing control effort.
[component_container_isolated-1] [INFO] [1789102845.609900772] [robot1.controller_server]: Reached the goal!
[component_container_isolated-1] [INFO] [1789102845.647726709] [robot1.bt_navigator]: Goal succeeded
[component_container_isolated-1] [INFO] [1789102846.587867589] [robot1.bt_navigator]: Begin navigating from current location (-1.25, 2.16) to (-1.18, 2.37)
[component_container_isolated-1] [INFO] [1789102846.608202007] [robot1.controller_server]: Received a goal, begin computing control effort.
[component_container_isolated-1] [INFO] [1789102846.611107995] [robot1.controller_server]: Reached the goal!
[component_container_isolated-1] [INFO] [1789102846.648046439] [robot1.bt_navigator]: Goal succeeded
[component_container_isolated-1] [INFO] [1789102847.588323258] [robot1.bt_navigator]: Begin navigating from current location (-1.25, 2.16) to (-1.18, 2.37)
[component_container_isolated-1] [INFO] [1789102847.608605449] [robot1.controller_server]: Received a goal, begin computing control effort.
[component_container_isolated-1] [INFO] [1789102847.611179323] [robot1.controller_server]: Reached the goal!
[component_container_isolated-1] [INFO] [1789102847.648548259] [robot1.bt_navigator]: Goal succeeded
[component_container_isolated-1] [INFO] [1789102848.587454371] [robot1.bt_navigator]: Begin navigating from current location (-1.25, 2.16) to (-1.18, 2.37)
[component_container_isolated-1] [INFO] [1789102848.607800777] [robot1.controller_server]: Received a goal, begin computing control effort.
[component_container_isolated-1] [INFO] [1789102848.609930054] [robot1.controller_server]: Reached the goal!
[component_container_isolated-1] [INFO] [1789102848.647787787] [robot1.bt_navigator]: Goal succeeded
[component_container_isolated-1] [INFO] [1789102849.586803870] [robot1.bt_navigator]: Begin navigating from current location (-1.25, 2.16) to (-1.18, 2.37)
[component_container_isolated-1] [INFO] [1789102849.607123468] [robot1.controller_server]: Received a goal, begin computing control effort.
[component_container_isolated-1] [INFO] [1789102849.609474845] [robot1.controller_server]: Reached the goal!
[component_container_isolated-1] [INFO] [1789102849.647032712] [robot1.bt_navigator]: Goal succeeded
[component_container_isolated-1] [INFO] [1789102851.542640021] [robot1.bt_navigator]: Begin navigating from current location (-1.25, 2.16) to (-2.51, 2.66)
[component_container_isolated-1] [INFO] [1789102851.563068311] [robot1.controller_server]: Received a goal, begin computing control effort.
[component_container_isolated-1] [INFO] [1789102852.613254393] [robot1.controller_server]: Passing new path to controller.
[component_container_isolated-1] [INFO] [1789102853.663240276] [robot1.controller_server]: Passing new path to controller.
[component_container_isolated-1] [INFO] [1789102854.663243034] [robot1.controller_server]: Passing new path to controller.
[component_container_isolated-1] [INFO] [1789102855.713273884] [robot1.controller_server]: Passing new path to controller.
[component_container_isolated-1] [INFO] [1789102856.713241577] [robot1.controller_server]: Passing new path to controller.
[component_container_isolated-1] [INFO] [1789102857.763239128] [robot1.controller_server]: Passing new path to controller.
[component_container_isolated-1] [INFO] [1789102858.813241723] [robot1.controller_server]: Passing new path to controller.
[component_container_isolated-1] [INFO] [1789102859.813254591] [robot1.controller_server]: Passing new path to controller.
[component_container_isolated-1] [INFO] [1789102860.863268232] [robot1.controller_server]: Passing new path to controller.
[component_container_isolated-1] [INFO] [1789102861.863259846] [robot1.controller_server]: Passing new path to controller.
[component_container_isolated-1] [INFO] [1789102862.913240041] [robot1.controller_server]: Passing new path to controller.
[component_container_isolated-1] [INFO] [1789102863.913236793] [robot1.controller_server]: Passing new path to controller.
[component_container_isolated-1] [ERROR] [1789102864.313273284] [robot1.controller_server]: Failed to make progress
[component_container_isolated-1] [WARN] [1789102864.313326673] [robot1.controller_server]: [follow_path] [ActionServer] Aborting handle.
[component_container_isolated-1] [INFO] [1789102864.332881666] [robot1.local_costmap.local_costmap]: Received request to clear entirely the local_costmap
[component_container_isolated-1] [INFO] [1789102864.333399853] [robot1.controller_server]: Received a goal, begin computing control effort.
[component_container_isolated-1] [INFO] [1789102864.983573683] [robot1.controller_server]: Passing new path to controller.
[component_container_isolated-1] [INFO] [1789102865.983574283] [robot1.controller_server]: Passing new path to controller.
[component_container_isolated-1] [INFO] [1789102867.033574661] [robot1.controller_server]: Passing new path to controller.
[component_container_isolated-1] [INFO] [1789102868.033573156] [robot1.controller_server]: Passing new path to controller.
[component_container_isolated-1] [INFO] [1789102869.083575168] [robot1.controller_server]: Passing new path to controller.
[component_container_isolated-1] [INFO] [1789102870.133575040] [robot1.controller_server]: Passing new path to controller.
[component_container_isolated-1] [INFO] [1789102871.133599608] [robot1.controller_server]: Passing new path to controller.
[component_container_isolated-1] [INFO] [1789102872.183574266] [robot1.controller_server]: Passing new path to controller.
[component_container_isolated-1] [INFO] [1789102873.183574080] [robot1.controller_server]: Passing new path to controller.
[component_container_isolated-1] [INFO] [1789102874.233574168] [robot1.controller_server]: Passing new path to controller.
[component_container_isolated-1] [ERROR] [1789102874.383600668] [robot1.controller_server]: Failed to make progress
[component_container_isolated-1] [WARN] [1789102874.383650163] [robot1.controller_server]: [follow_path] [ActionServer] Aborting handle.
[component_container_isolated-1] [INFO] [1789102874.402931514] [robot1.local_costmap.local_costmap]: Received request to clear entirely the local_costmap
[component_container_isolated-1] [INFO] [1789102874.403058810] [robot1.global_costmap.global_costmap]: Received request to clear entirely the global_costmap
[component_container_isolated-1] [ERROR] [1789102874.563029077] [robot1.bt_navigator_navigate_to_pose_rclcpp_node]: Failed to get result for compute_path_to_pose in node halt!
[component_container_isolated-1] [INFO] [1789102874.563102713] [robot1.bt_navigator]: [navigate_to_pose] [ActionServer] Client requested to cancel the goal. Cancelling.
[component_container_isolated-1] [WARN] [1789102874.563181559] [robot1.bt_navigator]: [navigate_to_pose] [ActionServer] Aborting handle.
[component_container_isolated-1] [INFO] [1789102874.563201283] [robot1.bt_navigator]: Goal canceled
[component_container_isolated-1] [WARN] [1789102875.305112249] [robot1.planner_server]: Planner loop missed its desired rate of 20.0000 Hz. Current loop rate is 1.1089 Hz
[component_container_isolated-1] [INFO] [1789102875.542350368] [robot1.bt_navigator]: Begin navigating from current location (-1.44, 2.87) to (-2.84, 1.88)
[component_container_isolated-1] [INFO] [1789102875.562692054] [robot1.controller_server]: Received a goal, begin computing control effort.
[component_container_isolated-1] [INFO] [1789102876.612905040] [robot1.controller_server]: Passing new path to controller.
[component_container_isolated-1] [INFO] [1789102877.612907018] [robot1.controller_server]: Passing new path to controller.
[component_container_isolated-1] [INFO] [1789102878.662890025] [robot1.controller_server]: Passing new path to controller.
[component_container_isolated-1] [INFO] [1789102879.712908858] [robot1.controller_server]: Passing new path to controller.
[component_container_isolated-1] [INFO] [1789102880.712891356] [robot1.controller_server]: Passing new path to controller.
[component_container_isolated-1] [INFO] [1789102881.762892349] [robot1.controller_server]: Passing new path to controller.
[component_container_isolated-1] [INFO] [1789102882.762891839] [robot1.controller_server]: Passing new path to controller.
[component_container_isolated-1] [INFO] [1789102883.812893172] [robot1.controller_server]: Passing new path to controller.
[component_container_isolated-1] [INFO] [1789102884.862906940] [robot1.controller_server]: Passing new path to controller.
[component_container_isolated-1] [ERROR] [1789102885.562917697] [robot1.controller_server]: Failed to make progress
[component_container_isolated-1] [WARN] [1789102885.562969661] [robot1.controller_server]: [follow_path] [ActionServer] Aborting handle.
[component_container_isolated-1] [INFO] [1789102885.582573065] [robot1.local_costmap.local_costmap]: Received request to clear entirely the local_costmap
[component_container_isolated-1] [INFO] [1789102885.582929036] [robot1.controller_server]: Received a goal, begin computing control effort.
[component_container_isolated-1] [WARN] [1789102885.775600108] [robot1.controller_server]: Control loop missed its desired rate of 20.0000Hz
[component_container_isolated-1] [INFO] [1789102885.879899518] [robot1.controller_server]: Passing new path to controller.
[component_container_isolated-1] [INFO] [1789102886.914402026] [robot1.controller_server]: Passing new path to controller.
[component_container_isolated-1] [INFO] [1789102887.925661315] [robot1.controller_server]: Passing new path to controller.
[component_container_isolated-1] [INFO] [1789102888.975658848] [robot1.controller_server]: Passing new path to controller.
[component_container_isolated-1] [INFO] [1789102889.975760949] [robot1.controller_server]: Passing new path to controller.
[component_container_isolated-1] [INFO] [1789102891.025695712] [robot1.controller_server]: Passing new path to controller.
[component_container_isolated-1] [INFO] [1789102892.075694992] [robot1.controller_server]: Passing new path to controller.
[component_container_isolated-1] [ERROR] [1789102892.562752018] [robot1.bt_navigator_navigate_to_pose_rclcpp_node]: Failed to get result for follow_path in node halt!
[component_container_isolated-1] [INFO] [1789102892.562851374] [robot1.bt_navigator]: [navigate_to_pose] [ActionServer] Client requested to cancel the goal. Cancelling.
[component_container_isolated-1] [WARN] [1789102892.562925025] [robot1.bt_navigator]: [navigate_to_pose] [ActionServer] Aborting handle.
[component_container_isolated-1] [INFO] [1789102892.562949722] [robot1.bt_navigator]: Goal canceled
[component_container_isolated-1] [INFO] [1789102892.575659090] [robot1.controller_server]: Goal was canceled. Stopping the robot.
[component_container_isolated-1] [INFO] [1789102892.575682972] [robot1.controller_server]: [follow_path] [ActionServer] Client requested to cancel the goal. Cancelling.
[component_container_isolated-1] [INFO] [1789102893.543163291] [robot1.bt_navigator]: Begin navigating from current location (-1.69, 3.11) to (1.36, 5.00)
[component_container_isolated-1] [INFO] [1789102893.563590879] [robot1.controller_server]: Received a goal, begin computing control effort.
[component_container_isolated-1] [INFO] [1789102894.370423358] [robot1.local_costmap.local_costmap]: StaticLayer: Resizing static layer to 188 X 307 at 0.050000 m/pix
[component_container_isolated-1] [INFO] [1789102894.613783289] [robot1.controller_server]: Passing new path to controller.
[component_container_isolated-1] [INFO] [1789102895.299968059] [robot1.global_costmap.global_costmap]: StaticLayer: Resizing costmap to 188 X 307 at 0.050000 m/pix
[component_container_isolated-1] [INFO] [1789102895.663793158] [robot1.controller_server]: Passing new path to controller.
[component_container_isolated-1] [INFO] [1789102896.663785480] [robot1.controller_server]: Passing new path to controller.
[component_container_isolated-1] [INFO] [1789102897.713772371] [robot1.controller_server]: Passing new path to controller.
[component_container_isolated-1] [INFO] [1789102898.713772840] [robot1.controller_server]: Passing new path to controller.
[component_container_isolated-1] [INFO] [1789102899.763792999] [robot1.controller_server]: Passing new path to controller.
[component_container_isolated-1] [INFO] [1789102900.763807533] [robot1.controller_server]: Passing new path to controller.
[component_container_isolated-1] [INFO] [1789102901.813768010] [robot1.controller_server]: Passing new path to controller.
[component_container_isolated-1] [INFO] [1789102902.813799476] [robot1.controller_server]: Passing new path to controller.
[component_container_isolated-1] [INFO] [1789102903.863793441] [robot1.controller_server]: Passing new path to controller.
[component_container_isolated-1] [INFO] [1789102904.913791558] [robot1.controller_server]: Passing new path to controller.
[component_container_isolated-1] [INFO] [1789102905.913768438] [robot1.controller_server]: Passing new path to controller.
[component_container_isolated-1] [INFO] [1789102906.963795561] [robot1.controller_server]: Passing new path to controller.
[component_container_isolated-1] [INFO] [1789102907.963773227] [robot1.controller_server]: Passing new path to controller.
[component_container_isolated-1] [INFO] [1789102909.013803055] [robot1.controller_server]: Passing new path to controller.
[component_container_isolated-1] [INFO] [1789102910.063774249] [robot1.controller_server]: Passing new path to controller.
[component_container_isolated-1] [INFO] [1789102911.063785037] [robot1.controller_server]: Passing new path to controller.
[component_container_isolated-1] [INFO] [1789102912.113787710] [robot1.controller_server]: Passing new path to controller.
[component_container_isolated-1] [INFO] [1789102913.113770581] [robot1.controller_server]: Passing new path to controller.
[component_container_isolated-1] [INFO] [1789102914.163774099] [robot1.controller_server]: Passing new path to controller.
[component_container_isolated-1] [INFO] [1789102915.163802561] [robot1.controller_server]: Passing new path to controller.
[component_container_isolated-1] [INFO] [1789102916.213773539] [robot1.controller_server]: Passing new path to controller.
[component_container_isolated-1] [ERROR] [1789102916.263806914] [robot1.controller_server]: Failed to make progress
[component_container_isolated-1] [WARN] [1789102916.263872830] [robot1.controller_server]: [follow_path] [ActionServer] Aborting handle.
[component_container_isolated-1] [INFO] [1789102916.283401657] [robot1.local_costmap.local_costmap]: Received request to clear entirely the local_costmap
[component_container_isolated-1] [INFO] [1789102916.283705646] [robot1.controller_server]: Received a goal, begin computing control effort.
[component_container_isolated-1] [WARN] [1789102916.375974735] [robot1.controller_server]: Control loop missed its desired rate of 20.0000Hz
[component_container_isolated-1] [INFO] [1789102917.233884667] [robot1.controller_server]: Passing new path to controller.
[component_container_isolated-1] [INFO] [1789102918.283884588] [robot1.controller_server]: Passing new path to controller.
[component_container_isolated-1] [INFO] [1789102919.283877997] [robot1.controller_server]: Passing new path to controller.
[component_container_isolated-1] [INFO] [1789102920.333869167] [robot1.controller_server]: Passing new path to controller.
[component_container_isolated-1] [INFO] [1789102921.383883824] [robot1.controller_server]: Passing new path to controller.
[component_container_isolated-1] [INFO] [1789102922.383865599] [robot1.controller_server]: Passing new path to controller.
[component_container_isolated-1] [INFO] [1789102923.433866821] [robot1.controller_server]: Passing new path to controller.
[component_container_isolated-1] [INFO] [1789102924.433887095] [robot1.controller_server]: Passing new path to controller.
[component_container_isolated-1] [INFO] [1789102925.483872921] [robot1.controller_server]: Passing new path to controller.
[component_container_isolated-1] [ERROR] [1789102926.383939464] [robot1.controller_server]: Failed to make progress
[component_container_isolated-1] [WARN] [1789102926.384008872] [robot1.controller_server]: [follow_path] [ActionServer] Aborting handle.
[component_container_isolated-1] [INFO] [1789102926.403600663] [robot1.behavior_server]: Running spin
[component_container_isolated-1] [INFO] [1789102926.403668137] [robot1.behavior_server]: Turning 1.57 for spin behavior.
[component_container_isolated-1] [INFO] [1789102929.103836870] [robot1.behavior_server]: spin completed successfully
[component_container_isolated-1] [INFO] [1789102929.153598611] [robot1.controller_server]: Received a goal, begin computing control effort.
[component_container_isolated-1] [INFO] [1789102930.203791682] [robot1.controller_server]: Passing new path to controller.
[component_container_isolated-1] [INFO] [1789102931.253795443] [robot1.controller_server]: Passing new path to controller.
[component_container_isolated-1] [INFO] [1789102932.253813102] [robot1.controller_server]: Passing new path to controller.
[component_container_isolated-1] [INFO] [1789102933.303795479] [robot1.controller_server]: Passing new path to controller.
[component_container_isolated-1] [INFO] [1789102934.303795824] [robot1.controller_server]: Passing new path to controller.
[component_container_isolated-1] [INFO] [1789102935.353831226] [robot1.controller_server]: Passing new path to controller.
[component_container_isolated-1] [INFO] [1789102936.403808431] [robot1.controller_server]: Passing new path to controller.
[component_container_isolated-1] [INFO] [1789102937.403812623] [robot1.controller_server]: Passing new path to controller.
[component_container_isolated-1] [INFO] [1789102938.453793524] [robot1.controller_server]: Passing new path to controller.
[component_container_isolated-1] [INFO] [1789102939.453790998] [robot1.controller_server]: Passing new path to controller.
[component_container_isolated-1] [INFO] [1789102940.503792944] [robot1.controller_server]: Passing new path to controller.
[component_container_isolated-1] [INFO] [1789102941.553811623] [robot1.controller_server]: Passing new path to controller.
[component_container_isolated-1] [INFO] [1789102942.553792026] [robot1.controller_server]: Passing new path to controller.
[component_container_isolated-1] [WARN] [1789102942.909604396] [BehaviorTreeEngine]: Behavior Tree tick rate 100.00 was exceeded!
[component_container_isolated-1] [WARN] [1789102942.909948192] [robot1.controller_server]: Control loop missed its desired rate of 20.0000Hz
[component_container_isolated-1] [INFO] [1789102943.585397348] [robot1.controller_server]: Passing new path to controller.
[component_container_isolated-1] [ERROR] [1789102944.053004123] [robot1.controller_server]: Failed to make progress
[component_container_isolated-1] [WARN] [1789102944.053066290] [robot1.controller_server]: [follow_path] [ActionServer] Aborting handle.
[component_container_isolated-1] [INFO] [1789102944.069771398] [robot1.local_costmap.local_costmap]: Received request to clear entirely the local_costmap
[component_container_isolated-1] [INFO] [1789102944.070156394] [robot1.controller_server]: Received a goal, begin computing control effort.
[component_container_isolated-1] [WARN] [1789102944.183264867] [robot1.controller_server]: Control loop missed its desired rate of 20.0000Hz
[component_container_isolated-1] [ERROR] [1789102944.469865100] [robot1.bt_navigator_navigate_to_pose_rclcpp_node]: Failed to get result for follow_path in node halt!
[component_container_isolated-1] [INFO] [1789102944.469945884] [robot1.bt_navigator]: [navigate_to_pose] [ActionServer] Client requested to cancel the goal. Cancelling.
[component_container_isolated-1] [INFO] [1789102944.470063477] [robot1.bt_navigator]: Goal canceled
[component_container_isolated-1] [INFO] [1789102944.495414856] [robot1.controller_server]: Goal was canceled. Stopping the robot.
[component_container_isolated-1] [INFO] [1789102944.495473312] [robot1.controller_server]: [follow_path] [ActionServer] Client requested to cancel the goal. Cancelling.
[component_container_isolated-1] [INFO] [1789102973.587446636] [robot1.bt_navigator]: Begin navigating from current location (0.87, 6.53) to (0.05, 4.66)
[component_container_isolated-1] [INFO] [1789102973.607812119] [robot1.controller_server]: Received a goal, begin computing control effort.
[component_container_isolated-1] [INFO] [1789102974.658036828] [robot1.controller_server]: Passing new path to controller.
[component_container_isolated-1] [INFO] [1789102975.658015636] [robot1.controller_server]: Passing new path to controller.
[component_container_isolated-1] [INFO] [1789102976.708012327] [robot1.controller_server]: Passing new path to controller.
[component_container_isolated-1] [INFO] [1789102977.758060530] [robot1.controller_server]: Passing new path to controller.
[component_container_isolated-1] [INFO] [1789102977.970552962] [robot1.local_costmap.local_costmap]: StaticLayer: Resizing static layer to 188 X 307 at 0.050000 m/pix
[component_container_isolated-1] [INFO] [1789102978.299897032] [robot1.global_costmap.global_costmap]: StaticLayer: Resizing costmap to 188 X 307 at 0.050000 m/pix
[component_container_isolated-1] [INFO] [1789102978.597610866] [robot1.bt_navigator]: Received goal preemption request
[component_container_isolated-1] [INFO] [1789102978.597698882] [robot1.bt_navigator]: Begin navigating from current location (0.67, 5.92) to (-1.75, 4.42)
[component_container_isolated-1] [INFO] [1789102978.758038387] [robot1.controller_server]: Passing new path to controller.
[component_container_isolated-1] [INFO] [1789102979.370494363] [robot1.local_costmap.local_costmap]: StaticLayer: Resizing static layer to 189 X 307 at 0.050000 m/pix
[component_container_isolated-1] [INFO] [1789102979.597608741] [robot1.bt_navigator]: Received goal preemption request
[component_container_isolated-1] [INFO] [1789102979.597693881] [robot1.bt_navigator]: Begin navigating from current location (0.52, 5.72) to (-1.99, 4.24)
[component_container_isolated-1] [INFO] [1789102979.808014276] [robot1.controller_server]: Passing new path to controller.
[component_container_isolated-1] [INFO] [1789102980.299931827] [robot1.global_costmap.global_costmap]: StaticLayer: Resizing costmap to 189 X 307 at 0.050000 m/pix
[component_container_isolated-1] [INFO] [1789102980.597600185] [robot1.bt_navigator]: Received goal preemption request
[component_container_isolated-1] [INFO] [1789102980.597673756] [robot1.bt_navigator]: Begin navigating from current location (0.33, 5.59) to (-1.54, 3.04)
[component_container_isolated-1] [INFO] [1789102980.808030640] [robot1.controller_server]: Passing new path to controller.
[component_container_isolated-1] [INFO] [1789102981.597648023] [robot1.bt_navigator]: Received goal preemption request
[component_container_isolated-1] [INFO] [1789102981.597783032] [robot1.bt_navigator]: Begin navigating from current location (0.10, 5.45) to (-1.87, 2.97)
[component_container_isolated-1] [INFO] [1789102981.858032321] [robot1.controller_server]: Passing new path to controller.
[component_container_isolated-1] [INFO] [1789102982.597620451] [robot1.bt_navigator]: Received goal preemption request
[component_container_isolated-1] [INFO] [1789102982.597769446] [robot1.bt_navigator]: Begin navigating from current location (-0.08, 5.25) to (-1.23, 3.79)
[component_container_isolated-1] [INFO] [1789102982.908019569] [robot1.controller_server]: Passing new path to controller.
[component_container_isolated-1] [INFO] [1789102983.597612417] [robot1.bt_navigator]: Received goal preemption request
[component_container_isolated-1] [INFO] [1789102983.597746536] [robot1.bt_navigator]: Begin navigating from current location (-0.28, 5.10) to (-1.44, 3.61)
[component_container_isolated-1] [INFO] [1789102983.908013410] [robot1.controller_server]: Passing new path to controller.
[component_container_isolated-1] [INFO] [1789102984.597610148] [robot1.bt_navigator]: Received goal preemption request
[component_container_isolated-1] [INFO] [1789102984.597784498] [robot1.bt_navigator]: Begin navigating from current location (-0.47, 4.91) to (-1.61, 2.99)
[component_container_isolated-1] [INFO] [1789102984.958015059] [robot1.controller_server]: Passing new path to controller.
[component_container_isolated-1] [INFO] [1789102985.597605941] [robot1.bt_navigator]: Received goal preemption request
[component_container_isolated-1] [INFO] [1789102985.597694364] [robot1.bt_navigator]: Begin navigating from current location (-0.67, 4.74) to (-1.35, 3.92)
[component_container_isolated-1] [INFO] [1789102985.958037849] [robot1.controller_server]: Passing new path to controller.
[component_container_isolated-1] [INFO] [1789102986.597634728] [robot1.bt_navigator]: Received goal preemption request
[component_container_isolated-1] [INFO] [1789102986.597719421] [robot1.bt_navigator]: Begin navigating from current location (-0.84, 4.57) to (-1.66, 3.13)
[component_container_isolated-1] [INFO] [1789102987.008014404] [robot1.controller_server]: Passing new path to controller.
[component_container_isolated-1] [INFO] [1789102987.597633493] [robot1.bt_navigator]: Received goal preemption request
[component_container_isolated-1] [INFO] [1789102987.597702159] [robot1.bt_navigator]: Begin navigating from current location (-1.00, 4.39) to (-1.88, 2.87)
[component_container_isolated-1] [INFO] [1789102988.058034103] [robot1.controller_server]: Passing new path to controller.
[component_container_isolated-1] [INFO] [1789102988.597601579] [robot1.bt_navigator]: Received goal preemption request
[component_container_isolated-1] [INFO] [1789102988.597677624] [robot1.bt_navigator]: Begin navigating from current location (-1.18, 4.20) to (-1.33, 2.77)
[component_container_isolated-1] [INFO] [1789102989.058017438] [robot1.controller_server]: Passing new path to controller.
[component_container_isolated-1] [INFO] [1789102989.597638868] [robot1.bt_navigator]: Received goal preemption request
[component_container_isolated-1] [INFO] [1789102989.597716100] [robot1.bt_navigator]: Begin navigating from current location (-1.33, 4.01) to (-1.39, 3.96)
[component_container_isolated-1] [INFO] [1789102990.108012998] [robot1.controller_server]: Passing new path to controller.
[component_container_isolated-1] [INFO] [1789102991.108014236] [robot1.controller_server]: Passing new path to controller.
[component_container_isolated-1] [INFO] [1789102991.560401561] [robot1.controller_server]: Reached the goal!
[component_container_isolated-1] [INFO] [1789102991.597588613] [robot1.bt_navigator]: Goal succeeded
[component_container_isolated-1] [INFO] [1789103088.542347074] [robot1.bt_navigator]: Begin navigating from current location (-1.41, 3.81) to (-2.81, 1.94)
[component_container_isolated-1] [INFO] [1789103088.562874096] [robot1.controller_server]: Received a goal, begin computing control effort.
[component_container_isolated-1] [INFO] [1789103089.613070143] [robot1.controller_server]: Passing new path to controller.
[component_container_isolated-1] [INFO] [1789103090.663070622] [robot1.controller_server]: Passing new path to controller.
[component_container_isolated-1] [INFO] [1789103091.663066521] [robot1.controller_server]: Passing new path to controller.
[component_container_isolated-1] [INFO] [1789103092.713046821] [robot1.controller_server]: Passing new path to controller.
[component_container_isolated-1] [ERROR] [1789103093.642715805] [robot1.bt_navigator_navigate_to_pose_rclcpp_node]: Failed to get result for follow_path in node halt!
[component_container_isolated-1] [INFO] [1789103093.642786472] [robot1.bt_navigator]: [navigate_to_pose] [ActionServer] Client requested to cancel the goal. Cancelling.
[component_container_isolated-1] [INFO] [1789103093.642864441] [robot1.bt_navigator]: Goal canceled
[component_container_isolated-1] [INFO] [1789103093.663067433] [robot1.controller_server]: Goal was canceled. Stopping the robot.
[component_container_isolated-1] [INFO] [1789103093.663107954] [robot1.controller_server]: [follow_path] [ActionServer] Client requested to cancel the goal. Cancelling.
[component_container_isolated-1] [INFO] [1789103233.592276431] [robot1.bt_navigator]: Begin navigating from current location (-1.31, 2.93) to (-1.55, 2.27)
[component_container_isolated-1] [INFO] [1789103233.612662591] [robot1.controller_server]: Received a goal, begin computing control effort.
[component_container_isolated-1] [INFO] [1789103234.662847082] [robot1.controller_server]: Passing new path to controller.
[component_container_isolated-1] [INFO] [1789103235.602432084] [robot1.bt_navigator]: Received goal preemption request
[component_container_isolated-1] [INFO] [1789103235.602512822] [robot1.bt_navigator]: Begin navigating from current location (-1.40, 2.54) to (-1.50, 0.32)
[component_container_isolated-1] [INFO] [1789103235.662867218] [robot1.controller_server]: Passing new path to controller.
[component_container_isolated-1] [INFO] [1789103236.592571368] [robot1.bt_navigator]: Received goal preemption request
[component_container_isolated-1] [INFO] [1789103236.592721740] [robot1.bt_navigator]: Begin navigating from current location (-1.45, 2.33) to (-1.55, 1.88)
[component_container_isolated-1] [INFO] [1789103236.712862221] [robot1.controller_server]: Passing new path to controller.
[component_container_isolated-1] [INFO] [1789103237.592483347] [robot1.bt_navigator]: Received goal preemption request
[component_container_isolated-1] [INFO] [1789103237.592573067] [robot1.bt_navigator]: Begin navigating from current location (-1.50, 2.13) to (-1.63, 1.50)
[component_container_isolated-1] [INFO] [1789103237.664634165] [robot1.controller_server]: Reached the goal!
[component_container_isolated-1] [INFO] [1789103237.692597811] [robot1.planner_server]: Goal was canceled. Canceling planning action.
[component_container_isolated-1] [INFO] [1789103237.692642511] [robot1.planner_server]: [compute_path_to_pose] [ActionServer] Client requested to cancel the goal. Cancelling.
[component_container_isolated-1] [INFO] [1789103237.702442018] [robot1.bt_navigator]: Goal succeeded
[component_container_isolated-1] [INFO] [1789103238.587111310] [robot1.bt_navigator]: Begin navigating from current location (-1.47, 2.08) to (-1.72, 0.29)
[component_container_isolated-1] [INFO] [1789103238.607451547] [robot1.controller_server]: Received a goal, begin computing control effort.
[component_container_isolated-1] [INFO] [1789103239.657664313] [robot1.controller_server]: Passing new path to controller.
[component_container_isolated-1] [INFO] [1789103240.707642921] [robot1.controller_server]: Passing new path to controller.
[component_container_isolated-1] [INFO] [1789103241.607641688] [robot1.controller_server]: Goal was canceled. Stopping the robot.
[component_container_isolated-1] [INFO] [1789103241.607676681] [robot1.controller_server]: [follow_path] [ActionServer] Client requested to cancel the goal. Cancelling.
[component_container_isolated-1] [INFO] [1789103241.607806740] [robot1.bt_navigator]: [navigate_to_pose] [ActionServer] Client requested to cancel the goal. Cancelling.
[component_container_isolated-1] [INFO] [1789103241.607896823] [robot1.bt_navigator]: Goal canceled
[component_container_isolated-1] [INFO] [1789103278.589415207] [robot1.bt_navigator]: Begin navigating from current location (-1.55, 1.31) to (-1.79, 0.59)
[component_container_isolated-1] [INFO] [1789103278.609718025] [robot1.controller_server]: Received a goal, begin computing control effort.
[component_container_isolated-1] [INFO] [1789103279.659896006] [robot1.controller_server]: Passing new path to controller.
[component_container_isolated-1] [INFO] [1789103280.589585108] [robot1.bt_navigator]: Received goal preemption request
[component_container_isolated-1] [INFO] [1789103280.589677721] [robot1.bt_navigator]: Begin navigating from current location (-1.59, 0.89) to (-0.93, -1.30)
[component_container_isolated-1] [INFO] [1789103280.659912675] [robot1.controller_server]: Passing new path to controller.
[component_container_isolated-1] [INFO] [1789103281.589627764] [robot1.bt_navigator]: Received goal preemption request
[component_container_isolated-1] [INFO] [1789103281.589734761] [robot1.bt_navigator]: Begin navigating from current location (-1.66, 0.68) to (-1.95, -0.61)
[component_container_isolated-1] [INFO] [1789103281.709912547] [robot1.controller_server]: Passing new path to controller.
[component_container_isolated-1] [INFO] [1789103282.599588648] [robot1.bt_navigator]: Received goal preemption request
[component_container_isolated-1] [INFO] [1789103282.599669734] [robot1.bt_navigator]: Begin navigating from current location (-1.68, 0.43) to (-1.23, -1.31)
[component_container_isolated-1] [INFO] [1789103282.759913901] [robot1.controller_server]: Passing new path to controller.
[component_container_isolated-1] [INFO] [1789103283.589598659] [robot1.bt_navigator]: Received goal preemption request
[component_container_isolated-1] [INFO] [1789103283.589702190] [robot1.bt_navigator]: Begin navigating from current location (-1.63, 0.17) to (-1.14, -1.91)
[component_container_isolated-1] [INFO] [1789103283.759920663] [robot1.controller_server]: Passing new path to controller.
[component_container_isolated-1] [INFO] [1789103284.599590985] [robot1.bt_navigator]: Received goal preemption request
[component_container_isolated-1] [INFO] [1789103284.599673315] [robot1.bt_navigator]: Begin navigating from current location (-1.67, -0.10) to (-1.35, -1.56)
[component_container_isolated-1] [INFO] [1789103284.809895318] [robot1.controller_server]: Passing new path to controller.
[component_container_isolated-1] [INFO] [1789103285.599586248] [robot1.bt_navigator]: Received goal preemption request
[component_container_isolated-1] [INFO] [1789103285.599670034] [robot1.bt_navigator]: Begin navigating from current location (-1.64, -0.36) to (-1.34, -1.04)
[component_container_isolated-1] [INFO] [1789103285.809896241] [robot1.controller_server]: Passing new path to controller.
[component_container_isolated-1] [INFO] [1789103286.589596344] [robot1.bt_navigator]: Received goal preemption request
[component_container_isolated-1] [INFO] [1789103286.589749802] [robot1.bt_navigator]: Begin navigating from current location (-1.57, -0.58) to (-1.01, -1.65)
[component_container_isolated-1] [INFO] [1789103286.859896953] [robot1.controller_server]: Passing new path to controller.
[component_container_isolated-1] [INFO] [1789103287.589596221] [robot1.bt_navigator]: Received goal preemption request
[component_container_isolated-1] [INFO] [1789103287.589693903] [robot1.bt_navigator]: Begin navigating from current location (-1.44, -0.80) to (-1.35, -2.29)
[component_container_isolated-1] [INFO] [1789103287.859918558] [robot1.controller_server]: Passing new path to controller.
[component_container_isolated-1] [INFO] [1789103288.909910378] [robot1.controller_server]: Passing new path to controller.
[component_container_isolated-1] [INFO] [1789103289.959896811] [robot1.controller_server]: Passing new path to controller.
[component_container_isolated-1] [INFO] [1789103290.959897207] [robot1.controller_server]: Passing new path to controller.
[component_container_isolated-1] [INFO] [1789103291.970390577] [robot1.local_costmap.local_costmap]: StaticLayer: Resizing static layer to 189 X 309 at 0.050000 m/pix
[component_container_isolated-1] [INFO] [1789103292.009914113] [robot1.controller_server]: Passing new path to controller.
[component_container_isolated-1] [INFO] [1789103292.299900611] [robot1.global_costmap.global_costmap]: StaticLayer: Resizing costmap to 189 X 309 at 0.050000 m/pix
[component_container_isolated-1] [INFO] [1789103293.009898668] [robot1.controller_server]: Passing new path to controller.
[component_container_isolated-1] [INFO] [1789103294.059897677] [robot1.controller_server]: Passing new path to controller.
[component_container_isolated-1] [INFO] [1789103295.059896085] [robot1.controller_server]: Passing new path to controller.
[component_container_isolated-1] [INFO] [1789103296.109916523] [robot1.controller_server]: Passing new path to controller.
[component_container_isolated-1] [INFO] [1789103296.261684772] [robot1.controller_server]: Reached the goal!
[component_container_isolated-1] [INFO] [1789103296.299593149] [robot1.bt_navigator]: Goal succeeded
[component_container_isolated-1] [INFO] [1789103417.188933733] [robot1.bt_navigator]: Begin navigating from current location (-0.00, -0.34) to (-0.61, -0.01)
[component_container_isolated-1] [INFO] [1789103417.209347425] [robot1.controller_server]: Received a goal, begin computing control effort.
[component_container_isolated-1] [INFO] [1789103418.259536903] [robot1.controller_server]: Passing new path to controller.
[component_container_isolated-1] [INFO] [1789103419.259520906] [robot1.controller_server]: Passing new path to controller.
[component_container_isolated-1] [INFO] [1789103420.309521069] [robot1.controller_server]: Passing new path to controller.
[component_container_isolated-1] [INFO] [1789103421.359522279] [robot1.controller_server]: Passing new path to controller.
[component_container_isolated-1] [INFO] [1789103422.359524074] [robot1.controller_server]: Passing new path to controller.
[component_container_isolated-1] [INFO] [1789103423.409519675] [robot1.controller_server]: Passing new path to controller.
[component_container_isolated-1] [INFO] [1789103424.409521565] [robot1.controller_server]: Passing new path to controller.
[component_container_isolated-1] [INFO] [1789103425.161241070] [robot1.controller_server]: Reached the goal!
[component_container_isolated-1] [INFO] [1789103425.199248463] [robot1.bt_navigator]: Goal succeeded
[component_container_isolated-1] [INFO] [1789103565.370391784] [robot1.local_costmap.local_costmap]: StaticLayer: Resizing static layer to 190 X 367 at 0.050000 m/pix
[component_container_isolated-1] [INFO] [1789103566.299867586] [robot1.global_costmap.global_costmap]: StaticLayer: Resizing costmap to 190 X 367 at 0.050000 m/pix
[component_container_isolated-1] [INFO] [1789104281.451888066] [robot1.bt_navigator]: Begin navigating from current location (-0.05, 0.03) to (-0.56, -0.05)
[component_container_isolated-1] [INFO] [1789104281.472354803] [robot1.controller_server]: Received a goal, begin computing control effort.
[component_container_isolated-1] [INFO] [1789104282.522530780] [robot1.controller_server]: Passing new path to controller.
[component_container_isolated-1] [INFO] [1789104283.572532317] [robot1.controller_server]: Passing new path to controller.
[component_container_isolated-1] [INFO] [1789104284.572532113] [robot1.controller_server]: Passing new path to controller.
[component_container_isolated-1] [INFO] [1789104285.622529466] [robot1.controller_server]: Passing new path to controller.
[component_container_isolated-1] [INFO] [1789104286.370393905] [robot1.local_costmap.local_costmap]: StaticLayer: Resizing static layer to 191 X 367 at 0.050000 m/pix
[component_container_isolated-1] [INFO] [1789104286.622549910] [robot1.controller_server]: Passing new path to controller.
[component_container_isolated-1] [INFO] [1789104287.299908023] [robot1.global_costmap.global_costmap]: StaticLayer: Resizing costmap to 191 X 367 at 0.050000 m/pix
[component_container_isolated-1] [INFO] [1789104287.672533769] [robot1.controller_server]: Passing new path to controller.
[component_container_isolated-1] [INFO] [1789104288.722574587] [robot1.controller_server]: Passing new path to controller.
[component_container_isolated-1] [INFO] [1789104289.722536020] [robot1.controller_server]: Passing new path to controller.
[component_container_isolated-1] [INFO] [1789104290.772535433] [robot1.controller_server]: Passing new path to controller.
[component_container_isolated-1] [ERROR] [1789104291.472556825] [robot1.controller_server]: Failed to make progress
[component_container_isolated-1] [WARN] [1789104291.472615583] [robot1.controller_server]: [follow_path] [ActionServer] Aborting handle.
[component_container_isolated-1] [INFO] [1789104291.492138170] [robot1.local_costmap.local_costmap]: Received request to clear entirely the local_costmap
[component_container_isolated-1] [INFO] [1789104291.492431449] [robot1.controller_server]: Received a goal, begin computing control effort.
[component_container_isolated-1] [WARN] [1789104291.575238067] [robot1.controller_server]: Control loop missed its desired rate of 20.0000Hz
[component_container_isolated-1] [INFO] [1789104291.792699314] [robot1.controller_server]: Passing new path to controller.
[component_container_isolated-1] [INFO] [1789104291.794508319] [robot1.controller_server]: Reached the goal!
[component_container_isolated-1] [INFO] [1789104291.842067990] [robot1.bt_navigator]: Goal succeeded
[INFO] [launch]: All log files can be found below /home/danyalaziz/.ros/log/2026-09-11-10-32-57-146136-Precision-3660-537783
[INFO] [launch]: Default logging verbosity is set to INFO
[INFO] [component_container_isolated-1]: process started with pid [537799]
[component_container_isolated-1] [INFO] [1789104779.151645654] [robot1.nav2_container]: Load Library: /opt/ros/humble/lib/libcontroller_server_core.so
[component_container_isolated-1] [INFO] [1789104779.163145228] [robot1.nav2_container]: Found class: rclcpp_components::NodeFactoryTemplate<nav2_controller::ControllerServer>
[component_container_isolated-1] [INFO] [1789104779.163163567] [robot1.nav2_container]: Instantiate class: rclcpp_components::NodeFactoryTemplate<nav2_controller::ControllerServer>
[component_container_isolated-1] [INFO] [1789104779.211595135] [robot1.controller_server]: 
[component_container_isolated-1] 	controller_server lifecycle node launched. 
[component_container_isolated-1] 	Waiting on external lifecycle transitions to activate
[component_container_isolated-1] 	See https://design.ros2.org/articles/node_lifecycle.html for more information.
[component_container_isolated-1] [INFO] [1789104779.302950771] [robot1.controller_server]: Creating controller server
[component_container_isolated-1] [INFO] [1789104779.339032189] [robot1.local_costmap.local_costmap]: 
[component_container_isolated-1] 	local_costmap lifecycle node launched. 
[component_container_isolated-1] 	Waiting on external lifecycle transitions to activate
[component_container_isolated-1] 	See https://design.ros2.org/articles/node_lifecycle.html for more information.
[component_container_isolated-1] [INFO] [1789104779.374668559] [robot1.local_costmap.local_costmap]: Creating Costmap
[INFO] [launch_ros.actions.load_composable_nodes]: Loaded node '/robot1/controller_server' in container '/robot1/nav2_container'
[component_container_isolated-1] [INFO] [1789104779.383198347] [robot1.nav2_container]: Load Library: /opt/ros/humble/lib/libsmoother_server_core.so
[component_container_isolated-1] [INFO] [1789104779.383956313] [robot1.nav2_container]: Found class: rclcpp_components::NodeFactoryTemplate<nav2_smoother::SmootherServer>
[component_container_isolated-1] [INFO] [1789104779.383971804] [robot1.nav2_container]: Instantiate class: rclcpp_components::NodeFactoryTemplate<nav2_smoother::SmootherServer>
[component_container_isolated-1] [INFO] [1789104779.461627397] [robot1.smoother_server]: 
[component_container_isolated-1] 	smoother_server lifecycle node launched. 
[component_container_isolated-1] 	Waiting on external lifecycle transitions to activate
[component_container_isolated-1] 	See https://design.ros2.org/articles/node_lifecycle.html for more information.
[component_container_isolated-1] [INFO] [1789104779.462221575] [robot1.smoother_server]: Creating smoother server
[INFO] [launch_ros.actions.load_composable_nodes]: Loaded node '/robot1/smoother_server' in container '/robot1/nav2_container'
[component_container_isolated-1] [INFO] [1789104779.472456116] [robot1.nav2_container]: Load Library: /opt/ros/humble/lib/libplanner_server_core.so
[component_container_isolated-1] [INFO] [1789104779.472865577] [robot1.nav2_container]: Found class: rclcpp_components::NodeFactoryTemplate<nav2_planner::PlannerServer>
[component_container_isolated-1] [INFO] [1789104779.472875115] [robot1.nav2_container]: Instantiate class: rclcpp_components::NodeFactoryTemplate<nav2_planner::PlannerServer>
[component_container_isolated-1] [INFO] [1789104779.597118054] [robot1.planner_server]: 
[component_container_isolated-1] 	planner_server lifecycle node launched. 
[component_container_isolated-1] 	Waiting on external lifecycle transitions to activate
[component_container_isolated-1] 	See https://design.ros2.org/articles/node_lifecycle.html for more information.
[component_container_isolated-1] [INFO] [1789104779.597727940] [robot1.planner_server]: Creating
[component_container_isolated-1] [INFO] [1789104779.794665115] [robot1.global_costmap.global_costmap]: 
[component_container_isolated-1] 	global_costmap lifecycle node launched. 
[component_container_isolated-1] 	Waiting on external lifecycle transitions to activate
[component_container_isolated-1] 	See https://design.ros2.org/articles/node_lifecycle.html for more information.
[component_container_isolated-1] [INFO] [1789104779.794871785] [robot1.global_costmap.global_costmap]: Creating Costmap
[INFO] [launch_ros.actions.load_composable_nodes]: Loaded node '/robot1/planner_server' in container '/robot1/nav2_container'
[component_container_isolated-1] [INFO] [1789104779.802132414] [robot1.nav2_container]: Load Library: /opt/ros/humble/lib/libbehavior_server_core.so
[component_container_isolated-1] [INFO] [1789104779.830382628] [robot1.nav2_container]: Found class: rclcpp_components::NodeFactoryTemplate<behavior_server::BehaviorServer>
[component_container_isolated-1] [INFO] [1789104779.830404616] [robot1.nav2_container]: Instantiate class: rclcpp_components::NodeFactoryTemplate<behavior_server::BehaviorServer>
[component_container_isolated-1] [INFO] [1789104780.174824908] [robot1.behavior_server]: 
[component_container_isolated-1] 	behavior_server lifecycle node launched. 
[component_container_isolated-1] 	Waiting on external lifecycle transitions to activate
[component_container_isolated-1] 	See https://design.ros2.org/articles/node_lifecycle.html for more information.
[INFO] [launch_ros.actions.load_composable_nodes]: Loaded node '/robot1/behavior_server' in container '/robot1/nav2_container'
[component_container_isolated-1] [INFO] [1789104780.185487704] [robot1.nav2_container]: Load Library: /opt/ros/humble/lib/libbt_navigator_core.so
[component_container_isolated-1] [INFO] [1789104780.186329983] [robot1.nav2_container]: Found class: rclcpp_components::NodeFactoryTemplate<nav2_bt_navigator::BtNavigator>
[component_container_isolated-1] [INFO] [1789104780.186338124] [robot1.nav2_container]: Instantiate class: rclcpp_components::NodeFactoryTemplate<nav2_bt_navigator::BtNavigator>
[component_container_isolated-1] [INFO] [1789104780.619134221] [robot1.bt_navigator]: 
[component_container_isolated-1] 	bt_navigator lifecycle node launched. 
[component_container_isolated-1] 	Waiting on external lifecycle transitions to activate
[component_container_isolated-1] 	See https://design.ros2.org/articles/node_lifecycle.html for more information.
[component_container_isolated-1] [INFO] [1789104780.619173583] [robot1.bt_navigator]: Creating
[INFO] [launch_ros.actions.load_composable_nodes]: Loaded node '/robot1/bt_navigator' in container '/robot1/nav2_container'
[component_container_isolated-1] [INFO] [1789104780.620658545] [robot1.nav2_container]: Load Library: /opt/ros/humble/lib/libwaypoint_follower_core.so
[component_container_isolated-1] [INFO] [1789104780.620998613] [robot1.nav2_container]: Found class: rclcpp_components::NodeFactoryTemplate<nav2_waypoint_follower::WaypointFollower>
[component_container_isolated-1] [INFO] [1789104780.621005595] [robot1.nav2_container]: Instantiate class: rclcpp_components::NodeFactoryTemplate<nav2_waypoint_follower::WaypointFollower>
[component_container_isolated-1] [INFO] [1789104781.114830608] [robot1.waypoint_follower]: 
[component_container_isolated-1] 	waypoint_follower lifecycle node launched. 
[component_container_isolated-1] 	Waiting on external lifecycle transitions to activate
[component_container_isolated-1] 	See https://design.ros2.org/articles/node_lifecycle.html for more information.
[component_container_isolated-1] [INFO] [1789104781.129353930] [robot1.waypoint_follower]: Creating
[INFO] [launch_ros.actions.load_composable_nodes]: Loaded node '/robot1/waypoint_follower' in container '/robot1/nav2_container'
[component_container_isolated-1] [INFO] [1789104781.130807811] [robot1.nav2_container]: Load Library: /opt/ros/humble/lib/libvelocity_smoother_core.so
[component_container_isolated-1] [INFO] [1789104781.131189402] [robot1.nav2_container]: Found class: rclcpp_components::NodeFactoryTemplate<nav2_velocity_smoother::VelocitySmoother>
[component_container_isolated-1] [INFO] [1789104781.131196655] [robot1.nav2_container]: Instantiate class: rclcpp_components::NodeFactoryTemplate<nav2_velocity_smoother::VelocitySmoother>
[component_container_isolated-1] [INFO] [1789104781.916197161] [robot1.velocity_smoother]: 
[component_container_isolated-1] 	velocity_smoother lifecycle node launched. 
[component_container_isolated-1] 	Waiting on external lifecycle transitions to activate
[component_container_isolated-1] 	See https://design.ros2.org/articles/node_lifecycle.html for more information.
[INFO] [launch_ros.actions.load_composable_nodes]: Loaded node '/robot1/velocity_smoother' in container '/robot1/nav2_container'
[component_container_isolated-1] [INFO] [1789104781.930358021] [robot1.nav2_container]: Load Library: /opt/ros/humble/lib/libnav2_lifecycle_manager_core.so
[component_container_isolated-1] [INFO] [1789104781.930797419] [robot1.nav2_container]: Found class: rclcpp_components::NodeFactoryTemplate<nav2_lifecycle_manager::LifecycleManager>
[component_container_isolated-1] [INFO] [1789104781.930810313] [robot1.nav2_container]: Instantiate class: rclcpp_components::NodeFactoryTemplate<nav2_lifecycle_manager::LifecycleManager>
[component_container_isolated-1] [INFO] [1789104782.392038433] [robot1.lifecycle_manager_navigation]: Creating
[INFO] [launch_ros.actions.load_composable_nodes]: Loaded node '/robot1/lifecycle_manager_navigation' in container '/robot1/nav2_container'
[component_container_isolated-1] [INFO] [1789104782.521605965] [robot1.lifecycle_manager_navigation]: [34m[1mCreating and initializing lifecycle service clients[0m[0m
[INFO] [nav2_startup-2]: process started with pid [537916]
[nav2_startup-2] waiting for service to become available...
[nav2_startup-2] requester: making request: nav2_msgs.srv.ManageLifecycleNodes_Request(command=0)
[nav2_startup-2] 
[component_container_isolated-1] [INFO] [1789104798.893059526] [robot1.lifecycle_manager_navigation]: [34m[1mStarting managed nodes bringup...[0m[0m
[component_container_isolated-1] [INFO] [1789104798.893113981] [robot1.lifecycle_manager_navigation]: [34m[1mConfiguring controller_server[0m[0m
[component_container_isolated-1] [INFO] [1789104798.893429486] [robot1.controller_server]: Configuring controller interface
[component_container_isolated-1] [INFO] [1789104798.893571707] [robot1.controller_server]: getting goal checker plugins..
[component_container_isolated-1] [INFO] [1789104798.893622175] [robot1.controller_server]: Controller frequency set to 20.0000Hz
[component_container_isolated-1] [INFO] [1789104798.893649440] [robot1.local_costmap.local_costmap]: Configuring
[component_container_isolated-1] [INFO] [1789104798.956374695] [robot1.local_costmap.local_costmap]: Using plugin "static_layer"
[component_container_isolated-1] [INFO] [1789104798.957806359] [robot1.local_costmap.local_costmap]: Subscribing to the map topic (/robot1/map) with transient local durability
[component_container_isolated-1] [INFO] [1789104798.969532831] [robot1.local_costmap.local_costmap]: Initialized plugin "static_layer"
[component_container_isolated-1] [INFO] [1789104798.969546328] [robot1.local_costmap.local_costmap]: Using plugin "voxel_layer"
[component_container_isolated-1] [INFO] [1789104798.969737742] [robot1.local_costmap.local_costmap]: Subscribed to Topics: scan
[component_container_isolated-1] [INFO] [1789104799.019234208] [robot1.local_costmap.local_costmap]: Initialized plugin "voxel_layer"
[component_container_isolated-1] [INFO] [1789104799.019257770] [robot1.local_costmap.local_costmap]: Using plugin "inflation_layer"
[component_container_isolated-1] [INFO] [1789104799.019573754] [robot1.local_costmap.local_costmap]: Initialized plugin "inflation_layer"
[component_container_isolated-1] [INFO] [1789104799.163739675] [robot1.local_costmap.local_costmap]: StaticLayer: Resizing static layer to 110 X 229 at 0.050000 m/pix
[component_container_isolated-1] [INFO] [1789104799.163816144] [robot1.controller_server]: Created progress_checker : progress_checker of type nav2_controller::SimpleProgressChecker
[component_container_isolated-1] [INFO] [1789104799.164094584] [robot1.controller_server]: Created goal checker : general_goal_checker of type nav2_controller::SimpleGoalChecker
[component_container_isolated-1] [INFO] [1789104799.164181215] [robot1.controller_server]: Controller Server has general_goal_checker  goal checkers available.
[component_container_isolated-1] [INFO] [1789104799.190725151] [robot1.controller_server]: Created controller : FollowPath of type dwb_core::DWBLocalPlanner
[component_container_isolated-1] [INFO] [1789104799.191261117] [robot1.controller_server]: Setting transform_tolerance to 0.200000
[component_container_isolated-1] [INFO] [1789104799.271821370] [robot1.controller_server]: Using critic "RotateToGoal" (dwb_critics::RotateToGoalCritic)
[component_container_isolated-1] [INFO] [1789104799.271980256] [robot1.controller_server]: Critic plugin initialized
[component_container_isolated-1] [INFO] [1789104799.272018268] [robot1.controller_server]: Using critic "Oscillation" (dwb_critics::OscillationCritic)
[component_container_isolated-1] [INFO] [1789104799.272136140] [robot1.controller_server]: Critic plugin initialized
[component_container_isolated-1] [INFO] [1789104799.272172357] [robot1.controller_server]: Using critic "BaseObstacle" (dwb_critics::BaseObstacleCritic)
[component_container_isolated-1] [INFO] [1789104799.272221881] [robot1.controller_server]: Critic plugin initialized
[component_container_isolated-1] [INFO] [1789104799.272262785] [robot1.controller_server]: Using critic "GoalAlign" (dwb_critics::GoalAlignCritic)
[component_container_isolated-1] [INFO] [1789104799.272503366] [robot1.controller_server]: Critic plugin initialized
[component_container_isolated-1] [INFO] [1789104799.272547823] [robot1.controller_server]: Using critic "PathAlign" (dwb_critics::PathAlignCritic)
[component_container_isolated-1] [INFO] [1789104799.272654010] [robot1.controller_server]: Critic plugin initialized
[component_container_isolated-1] [INFO] [1789104799.272686826] [robot1.controller_server]: Using critic "PathDist" (dwb_critics::PathDistCritic)
[component_container_isolated-1] [INFO] [1789104799.272743516] [robot1.controller_server]: Critic plugin initialized
[component_container_isolated-1] [INFO] [1789104799.272770611] [robot1.controller_server]: Using critic "GoalDist" (dwb_critics::GoalDistCritic)
[component_container_isolated-1] [INFO] [1789104799.272822600] [robot1.controller_server]: Critic plugin initialized
[component_container_isolated-1] [INFO] [1789104799.272828218] [robot1.controller_server]: Controller Server has FollowPath  controllers available.
[component_container_isolated-1] [INFO] [1789104799.394544079] [robot1.lifecycle_manager_navigation]: [34m[1mConfiguring smoother_server[0m[0m
[component_container_isolated-1] [INFO] [1789104799.394676786] [robot1.smoother_server]: Configuring smoother server
[component_container_isolated-1] [INFO] [1789104799.495108425] [robot1.smoother_server]: Created smoother : simple_smoother of type nav2_smoother::SimpleSmoother
[component_container_isolated-1] [INFO] [1789104799.495321806] [robot1.smoother_server]: Smoother Server has simple_smoother  smoothers available.
[component_container_isolated-1] [INFO] [1789104799.594261094] [robot1.lifecycle_manager_navigation]: [34m[1mConfiguring planner_server[0m[0m
[component_container_isolated-1] [INFO] [1789104799.594403515] [robot1.planner_server]: Configuring
[component_container_isolated-1] [INFO] [1789104799.594430462] [robot1.global_costmap.global_costmap]: Configuring
[component_container_isolated-1] [INFO] [1789104799.682646189] [robot1.global_costmap.global_costmap]: Using plugin "static_layer"
[component_container_isolated-1] [INFO] [1789104799.682993212] [robot1.global_costmap.global_costmap]: Subscribing to the map topic (/robot1/map) with transient local durability
[component_container_isolated-1] [INFO] [1789104799.690979881] [robot1.global_costmap.global_costmap]: Initialized plugin "static_layer"
[component_container_isolated-1] [INFO] [1789104799.690991682] [robot1.global_costmap.global_costmap]: Using plugin "obstacle_layer"
[component_container_isolated-1] [INFO] [1789104799.691241702] [robot1.global_costmap.global_costmap]: Subscribed to Topics: scan
[component_container_isolated-1] [INFO] [1789104799.726515136] [robot1.global_costmap.global_costmap]: Initialized plugin "obstacle_layer"
[component_container_isolated-1] [INFO] [1789104799.726539322] [robot1.global_costmap.global_costmap]: Using plugin "inflation_layer"
[component_container_isolated-1] [INFO] [1789104799.726824342] [robot1.global_costmap.global_costmap]: Initialized plugin "inflation_layer"
[component_container_isolated-1] [INFO] [1789104799.877686231] [robot1.global_costmap.global_costmap]: StaticLayer: Resizing costmap to 110 X 229 at 0.050000 m/pix
[component_container_isolated-1] [INFO] [1789104799.877933154] [robot1.planner_server]: Created global planner plugin GridBased of type nav2_navfn_planner/NavfnPlanner
[component_container_isolated-1] [INFO] [1789104799.877952324] [robot1.planner_server]: Configuring plugin GridBased of type NavfnPlanner
[component_container_isolated-1] [INFO] [1789104799.878140725] [robot1.planner_server]: Planner Server has GridBased  planners available.
[component_container_isolated-1] [INFO] [1789104800.067350578] [robot1.lifecycle_manager_navigation]: [34m[1mConfiguring behavior_server[0m[0m
[component_container_isolated-1] [INFO] [1789104800.067572033] [robot1.behavior_server]: Configuring
[component_container_isolated-1] [INFO] [1789104800.185894357] [robot1.behavior_server]: Creating behavior plugin spin of type nav2_behaviors/Spin
[component_container_isolated-1] [INFO] [1789104800.186284797] [robot1.behavior_server]: Configuring spin
[component_container_isolated-1] [INFO] [1789104800.291129087] [robot1.behavior_server]: Creating behavior plugin backup of type nav2_behaviors/BackUp
[component_container_isolated-1] [INFO] [1789104800.291514696] [robot1.behavior_server]: Configuring backup
[component_container_isolated-1] [INFO] [1789104800.403414364] [robot1.behavior_server]: Creating behavior plugin drive_on_heading of type nav2_behaviors/DriveOnHeading
[component_container_isolated-1] [INFO] [1789104800.403928736] [robot1.behavior_server]: Configuring drive_on_heading
[component_container_isolated-1] [INFO] [1789104800.515767018] [robot1.behavior_server]: Creating behavior plugin assisted_teleop of type nav2_behaviors/AssistedTeleop
[component_container_isolated-1] [INFO] [1789104800.516513557] [robot1.behavior_server]: Configuring assisted_teleop
[component_container_isolated-1] [INFO] [1789104800.659545996] [robot1.behavior_server]: Creating behavior plugin wait of type nav2_behaviors/Wait
[component_container_isolated-1] [INFO] [1789104800.659911857] [robot1.behavior_server]: Configuring wait
[component_container_isolated-1] [INFO] [1789104800.783501638] [robot1.lifecycle_manager_navigation]: [34m[1mConfiguring bt_navigator[0m[0m
[component_container_isolated-1] [INFO] [1789104800.783648584] [robot1.bt_navigator]: Configuring
[component_container_isolated-1] [INFO] [1789104801.808165818] [robot1.lifecycle_manager_navigation]: [34m[1mConfiguring waypoint_follower[0m[0m
[component_container_isolated-1] [INFO] [1789104801.808289146] [robot1.waypoint_follower]: Configuring
[component_container_isolated-1] [INFO] [1789104802.029876250] [robot1.waypoint_follower]: Created waypoint_task_executor : wait_at_waypoint of type nav2_waypoint_follower::WaitAtWaypoint
[component_container_isolated-1] [INFO] [1789104802.030281435] [robot1.lifecycle_manager_navigation]: [34m[1mConfiguring velocity_smoother[0m[0m
[component_container_isolated-1] [INFO] [1789104802.030431197] [robot1.velocity_smoother]: Configuring velocity smoother
[component_container_isolated-1] [INFO] [1789104802.083726945] [robot1.lifecycle_manager_navigation]: [34m[1mActivating controller_server[0m[0m
[component_container_isolated-1] [INFO] [1789104802.083844937] [robot1.controller_server]: Activating
[component_container_isolated-1] [INFO] [1789104802.083866424] [robot1.local_costmap.local_costmap]: Activating
[component_container_isolated-1] [INFO] [1789104802.083873212] [robot1.local_costmap.local_costmap]: Checking transform
[component_container_isolated-1] [INFO] [1789104802.083931142] [robot1.local_costmap.local_costmap]: start
[component_container_isolated-1] [INFO] [1789104802.306754812] [robot1.controller_server]: Creating bond (controller_server) to lifecycle manager.
[component_container_isolated-1] [INFO] [1789104802.464813730] [robot1.lifecycle_manager_navigation]: Server controller_server connected with bond.
[component_container_isolated-1] [INFO] [1789104802.464854478] [robot1.lifecycle_manager_navigation]: [34m[1mActivating smoother_server[0m[0m
[component_container_isolated-1] [INFO] [1789104802.465127730] [robot1.smoother_server]: Activating
[component_container_isolated-1] [INFO] [1789104802.465157186] [robot1.smoother_server]: Creating bond (smoother_server) to lifecycle manager.
[component_container_isolated-1] [INFO] [1789104802.604030877] [robot1.lifecycle_manager_navigation]: Server smoother_server connected with bond.
[component_container_isolated-1] [INFO] [1789104802.604118047] [robot1.lifecycle_manager_navigation]: [34m[1mActivating planner_server[0m[0m
[component_container_isolated-1] [INFO] [1789104802.604492423] [robot1.planner_server]: Activating
[component_container_isolated-1] [INFO] [1789104802.604520243] [robot1.global_costmap.global_costmap]: Activating
[component_container_isolated-1] [INFO] [1789104802.604533280] [robot1.global_costmap.global_costmap]: Checking transform
[component_container_isolated-1] [INFO] [1789104802.604575220] [robot1.global_costmap.global_costmap]: start
[component_container_isolated-1] [INFO] [1789104803.616266924] [robot1.planner_server]: Activating plugin GridBased of type NavfnPlanner
[component_container_isolated-1] [INFO] [1789104803.628948013] [robot1.planner_server]: Creating bond (planner_server) to lifecycle manager.
[component_container_isolated-1] [INFO] [1789104803.780225245] [robot1.lifecycle_manager_navigation]: Server planner_server connected with bond.
[component_container_isolated-1] [INFO] [1789104803.780255503] [robot1.lifecycle_manager_navigation]: [34m[1mActivating behavior_server[0m[0m
[component_container_isolated-1] [INFO] [1789104803.780536483] [robot1.behavior_server]: Activating
[component_container_isolated-1] [INFO] [1789104803.780549867] [robot1.behavior_server]: Activating spin
[component_container_isolated-1] [INFO] [1789104803.780574253] [robot1.behavior_server]: Activating backup
[component_container_isolated-1] [INFO] [1789104803.780579934] [robot1.behavior_server]: Activating drive_on_heading
[component_container_isolated-1] [INFO] [1789104803.780585264] [robot1.behavior_server]: Activating assisted_teleop
[component_container_isolated-1] [INFO] [1789104803.780590457] [robot1.behavior_server]: Activating wait
[component_container_isolated-1] [INFO] [1789104803.780597033] [robot1.behavior_server]: Creating bond (behavior_server) to lifecycle manager.
[component_container_isolated-1] [INFO] [1789104803.918574899] [robot1.lifecycle_manager_navigation]: Server behavior_server connected with bond.
[component_container_isolated-1] [INFO] [1789104803.918600174] [robot1.lifecycle_manager_navigation]: [34m[1mActivating bt_navigator[0m[0m
[component_container_isolated-1] [INFO] [1789104803.918893542] [robot1.bt_navigator]: Activating
[component_container_isolated-1] [INFO] [1789104805.508828776] [robot1.bt_navigator]: Creating bond (bt_navigator) to lifecycle manager.
[component_container_isolated-1] [INFO] [1789104805.675487160] [robot1.lifecycle_manager_navigation]: Server bt_navigator connected with bond.
[component_container_isolated-1] [INFO] [1789104805.675516368] [robot1.lifecycle_manager_navigation]: [34m[1mActivating waypoint_follower[0m[0m
[component_container_isolated-1] [INFO] [1789104805.675820663] [robot1.waypoint_follower]: Activating
[component_container_isolated-1] [INFO] [1789104805.675857723] [robot1.waypoint_follower]: Creating bond (waypoint_follower) to lifecycle manager.
[component_container_isolated-1] [INFO] [1789104805.833340209] [robot1.lifecycle_manager_navigation]: Server waypoint_follower connected with bond.
[component_container_isolated-1] [INFO] [1789104805.833370395] [robot1.lifecycle_manager_navigation]: [34m[1mActivating velocity_smoother[0m[0m
[component_container_isolated-1] [INFO] [1789104805.833595074] [robot1.velocity_smoother]: Activating
[component_container_isolated-1] [INFO] [1789104805.833629462] [robot1.velocity_smoother]: Creating bond (velocity_smoother) to lifecycle manager.
[component_container_isolated-1] [INFO] [1789104805.980247656] [robot1.lifecycle_manager_navigation]: Server velocity_smoother connected with bond.
[component_container_isolated-1] [INFO] [1789104805.980288129] [robot1.lifecycle_manager_navigation]: [34m[1mManaged nodes are active[0m[0m
[component_container_isolated-1] [INFO] [1789104805.980300524] [robot1.lifecycle_manager_navigation]: [34m[1mCreating bond timer...[0m[0m
[nav2_startup-2] response:
[nav2_startup-2] nav2_msgs.srv.ManageLifecycleNodes_Response(success=True)
[nav2_startup-2] 
[INFO] [nav2_startup-2]: process has finished cleanly [pid 537916]
[INFO] [launch]: All log files can be found below /home/danyalaziz/.ros/log/2026-09-11-10-44-10-430058-Precision-3660-545104
[INFO] [launch]: Default logging verbosity is set to INFO
[INFO] [component_container_isolated-1]: process started with pid [545121]
[component_container_isolated-1] [INFO] [1789105452.391581900] [robot1.nav2_container]: Load Library: /opt/ros/humble/lib/libcontroller_server_core.so
[component_container_isolated-1] [INFO] [1789105452.394293710] [robot1.nav2_container]: Found class: rclcpp_components::NodeFactoryTemplate<nav2_controller::ControllerServer>
[component_container_isolated-1] [INFO] [1789105452.394308427] [robot1.nav2_container]: Instantiate class: rclcpp_components::NodeFactoryTemplate<nav2_controller::ControllerServer>
[component_container_isolated-1] [INFO] [1789105452.413112543] [robot1.controller_server]: 
[component_container_isolated-1] 	controller_server lifecycle node launched. 
[component_container_isolated-1] 	Waiting on external lifecycle transitions to activate
[component_container_isolated-1] 	See https://design.ros2.org/articles/node_lifecycle.html for more information.
[component_container_isolated-1] [INFO] [1789105452.414522533] [robot1.controller_server]: Creating controller server
[component_container_isolated-1] [INFO] [1789105452.473235370] [robot1.local_costmap.local_costmap]: 
[component_container_isolated-1] 	local_costmap lifecycle node launched. 
[component_container_isolated-1] 	Waiting on external lifecycle transitions to activate
[component_container_isolated-1] 	See https://design.ros2.org/articles/node_lifecycle.html for more information.
[component_container_isolated-1] [INFO] [1789105452.473469222] [robot1.local_costmap.local_costmap]: Creating Costmap
[INFO] [launch_ros.actions.load_composable_nodes]: Loaded node '/robot1/controller_server' in container '/robot1/nav2_container'
[component_container_isolated-1] [INFO] [1789105452.474960346] [robot1.nav2_container]: Load Library: /opt/ros/humble/lib/libsmoother_server_core.so
[component_container_isolated-1] [INFO] [1789105452.475634292] [robot1.nav2_container]: Found class: rclcpp_components::NodeFactoryTemplate<nav2_smoother::SmootherServer>
[component_container_isolated-1] [INFO] [1789105452.475643953] [robot1.nav2_container]: Instantiate class: rclcpp_components::NodeFactoryTemplate<nav2_smoother::SmootherServer>
[component_container_isolated-1] [INFO] [1789105452.599008972] [robot1.smoother_server]: 
[component_container_isolated-1] 	smoother_server lifecycle node launched. 
[component_container_isolated-1] 	Waiting on external lifecycle transitions to activate
[component_container_isolated-1] 	See https://design.ros2.org/articles/node_lifecycle.html for more information.
[component_container_isolated-1] [INFO] [1789105452.599596176] [robot1.smoother_server]: Creating smoother server
[INFO] [launch_ros.actions.load_composable_nodes]: Loaded node '/robot1/smoother_server' in container '/robot1/nav2_container'
[component_container_isolated-1] [INFO] [1789105452.600954923] [robot1.nav2_container]: Load Library: /opt/ros/humble/lib/libplanner_server_core.so
[component_container_isolated-1] [INFO] [1789105452.601357434] [robot1.nav2_container]: Found class: rclcpp_components::NodeFactoryTemplate<nav2_planner::PlannerServer>
[component_container_isolated-1] [INFO] [1789105452.601371682] [robot1.nav2_container]: Instantiate class: rclcpp_components::NodeFactoryTemplate<nav2_planner::PlannerServer>
[component_container_isolated-1] [INFO] [1789105452.706301370] [robot1.planner_server]: 
[component_container_isolated-1] 	planner_server lifecycle node launched. 
[component_container_isolated-1] 	Waiting on external lifecycle transitions to activate
[component_container_isolated-1] 	See https://design.ros2.org/articles/node_lifecycle.html for more information.
[component_container_isolated-1] [INFO] [1789105452.706883745] [robot1.planner_server]: Creating
[component_container_isolated-1] [INFO] [1789105453.014446705] [robot1.global_costmap.global_costmap]: 
[component_container_isolated-1] 	global_costmap lifecycle node launched. 
[component_container_isolated-1] 	Waiting on external lifecycle transitions to activate
[component_container_isolated-1] 	See https://design.ros2.org/articles/node_lifecycle.html for more information.
[component_container_isolated-1] [INFO] [1789105453.014641563] [robot1.global_costmap.global_costmap]: Creating Costmap
[INFO] [launch_ros.actions.load_composable_nodes]: Loaded node '/robot1/planner_server' in container '/robot1/nav2_container'
[component_container_isolated-1] [INFO] [1789105453.016378539] [robot1.nav2_container]: Load Library: /opt/ros/humble/lib/libbehavior_server_core.so
[component_container_isolated-1] [INFO] [1789105453.017607545] [robot1.nav2_container]: Found class: rclcpp_components::NodeFactoryTemplate<behavior_server::BehaviorServer>
[component_container_isolated-1] [INFO] [1789105453.017619343] [robot1.nav2_container]: Instantiate class: rclcpp_components::NodeFactoryTemplate<behavior_server::BehaviorServer>
[component_container_isolated-1] [INFO] [1789105453.323891457] [robot1.behavior_server]: 
[component_container_isolated-1] 	behavior_server lifecycle node launched. 
[component_container_isolated-1] 	Waiting on external lifecycle transitions to activate
[component_container_isolated-1] 	See https://design.ros2.org/articles/node_lifecycle.html for more information.
[INFO] [launch_ros.actions.load_composable_nodes]: Loaded node '/robot1/behavior_server' in container '/robot1/nav2_container'
[component_container_isolated-1] [INFO] [1789105453.325911805] [robot1.nav2_container]: Load Library: /opt/ros/humble/lib/libbt_navigator_core.so
[component_container_isolated-1] [INFO] [1789105453.326697837] [robot1.nav2_container]: Found class: rclcpp_components::NodeFactoryTemplate<nav2_bt_navigator::BtNavigator>
[component_container_isolated-1] [INFO] [1789105453.326708950] [robot1.nav2_container]: Instantiate class: rclcpp_components::NodeFactoryTemplate<nav2_bt_navigator::BtNavigator>
[component_container_isolated-1] [INFO] [1789105453.828912485] [robot1.bt_navigator]: 
[component_container_isolated-1] 	bt_navigator lifecycle node launched. 
[component_container_isolated-1] 	Waiting on external lifecycle transitions to activate
[component_container_isolated-1] 	See https://design.ros2.org/articles/node_lifecycle.html for more information.
[component_container_isolated-1] [INFO] [1789105453.828945823] [robot1.bt_navigator]: Creating
[INFO] [launch_ros.actions.load_composable_nodes]: Loaded node '/robot1/bt_navigator' in container '/robot1/nav2_container'
[component_container_isolated-1] [INFO] [1789105453.830226069] [robot1.nav2_container]: Load Library: /opt/ros/humble/lib/libwaypoint_follower_core.so
[component_container_isolated-1] [INFO] [1789105453.830556514] [robot1.nav2_container]: Found class: rclcpp_components::NodeFactoryTemplate<nav2_waypoint_follower::WaypointFollower>
[component_container_isolated-1] [INFO] [1789105453.830566213] [robot1.nav2_container]: Instantiate class: rclcpp_components::NodeFactoryTemplate<nav2_waypoint_follower::WaypointFollower>
[component_container_isolated-1] [INFO] [1789105454.351070675] [robot1.waypoint_follower]: 
[component_container_isolated-1] 	waypoint_follower lifecycle node launched. 
[component_container_isolated-1] 	Waiting on external lifecycle transitions to activate
[component_container_isolated-1] 	See https://design.ros2.org/articles/node_lifecycle.html for more information.
[component_container_isolated-1] [INFO] [1789105454.351281205] [robot1.waypoint_follower]: Creating
[INFO] [launch_ros.actions.load_composable_nodes]: Loaded node '/robot1/waypoint_follower' in container '/robot1/nav2_container'
[component_container_isolated-1] [INFO] [1789105454.352466404] [robot1.nav2_container]: Load Library: /opt/ros/humble/lib/libvelocity_smoother_core.so
[component_container_isolated-1] [INFO] [1789105454.352832794] [robot1.nav2_container]: Found class: rclcpp_components::NodeFactoryTemplate<nav2_velocity_smoother::VelocitySmoother>
[component_container_isolated-1] [INFO] [1789105454.352840202] [robot1.nav2_container]: Instantiate class: rclcpp_components::NodeFactoryTemplate<nav2_velocity_smoother::VelocitySmoother>
[component_container_isolated-1] [INFO] [1789105454.941026536] [robot1.velocity_smoother]: 
[component_container_isolated-1] 	velocity_smoother lifecycle node launched. 
[component_container_isolated-1] 	Waiting on external lifecycle transitions to activate
[component_container_isolated-1] 	See https://design.ros2.org/articles/node_lifecycle.html for more information.
[INFO] [launch_ros.actions.load_composable_nodes]: Loaded node '/robot1/velocity_smoother' in container '/robot1/nav2_container'
[component_container_isolated-1] [INFO] [1789105454.942353778] [robot1.nav2_container]: Load Library: /opt/ros/humble/lib/libnav2_lifecycle_manager_core.so
[component_container_isolated-1] [INFO] [1789105454.942691940] [robot1.nav2_container]: Found class: rclcpp_components::NodeFactoryTemplate<nav2_lifecycle_manager::LifecycleManager>
[component_container_isolated-1] [INFO] [1789105454.942702875] [robot1.nav2_container]: Instantiate class: rclcpp_components::NodeFactoryTemplate<nav2_lifecycle_manager::LifecycleManager>
[component_container_isolated-1] [INFO] [1789105455.085569121] [robot1.lifecycle_manager_navigation]: Creating
[component_container_isolated-1] [INFO] [1789105455.109337655] [robot1.lifecycle_manager_navigation]: [34m[1mCreating and initializing lifecycle service clients[0m[0m
[INFO] [launch_ros.actions.load_composable_nodes]: Loaded node '/robot1/lifecycle_manager_navigation' in container '/robot1/nav2_container'
[INFO] [nav2_startup-2]: process started with pid [545291]
[nav2_startup-2] waiting for service to become available...
[nav2_startup-2] requester: making request: nav2_msgs.srv.ManageLifecycleNodes_Request(command=0)
[nav2_startup-2] 
[component_container_isolated-1] [INFO] [1789105471.629414052] [robot1.lifecycle_manager_navigation]: [34m[1mStarting managed nodes bringup...[0m[0m
[component_container_isolated-1] [INFO] [1789105471.629470871] [robot1.lifecycle_manager_navigation]: [34m[1mConfiguring controller_server[0m[0m
[component_container_isolated-1] [INFO] [1789105471.629743667] [robot1.controller_server]: Configuring controller interface
[component_container_isolated-1] [INFO] [1789105471.629897950] [robot1.controller_server]: getting goal checker plugins..
[component_container_isolated-1] [INFO] [1789105471.629965610] [robot1.controller_server]: Controller frequency set to 20.0000Hz
[component_container_isolated-1] [INFO] [1789105471.629994759] [robot1.local_costmap.local_costmap]: Configuring
[component_container_isolated-1] [INFO] [1789105471.831516173] [robot1.local_costmap.local_costmap]: Using plugin "static_layer"
[component_container_isolated-1] [INFO] [1789105471.832933917] [robot1.local_costmap.local_costmap]: Subscribing to the map topic (/robot1/map) with transient local durability
[component_container_isolated-1] [INFO] [1789105471.846608839] [robot1.local_costmap.local_costmap]: Initialized plugin "static_layer"
[component_container_isolated-1] [INFO] [1789105471.846622930] [robot1.local_costmap.local_costmap]: Using plugin "voxel_layer"
[component_container_isolated-1] [INFO] [1789105471.846836209] [robot1.local_costmap.local_costmap]: Subscribed to Topics: scan
[component_container_isolated-1] [INFO] [1789105471.894493204] [robot1.local_costmap.local_costmap]: Initialized plugin "voxel_layer"
[component_container_isolated-1] [INFO] [1789105471.894513284] [robot1.local_costmap.local_costmap]: Using plugin "inflation_layer"
[component_container_isolated-1] [INFO] [1789105471.894821247] [robot1.local_costmap.local_costmap]: Initialized plugin "inflation_layer"
[component_container_isolated-1] [INFO] [1789105472.035951867] [robot1.controller_server]: Created progress_checker : progress_checker of type nav2_controller::SimpleProgressChecker
[component_container_isolated-1] [INFO] [1789105472.035957390] [robot1.local_costmap.local_costmap]: StaticLayer: Resizing static layer to 121 X 221 at 0.050000 m/pix
[component_container_isolated-1] [INFO] [1789105472.036225316] [robot1.controller_server]: Created goal checker : general_goal_checker of type nav2_controller::SimpleGoalChecker
[component_container_isolated-1] [INFO] [1789105472.036315343] [robot1.controller_server]: Controller Server has general_goal_checker  goal checkers available.
[component_container_isolated-1] [INFO] [1789105472.036976832] [robot1.controller_server]: Created controller : FollowPath of type dwb_core::DWBLocalPlanner
[component_container_isolated-1] [INFO] [1789105472.037232527] [robot1.controller_server]: Setting transform_tolerance to 0.200000
[component_container_isolated-1] [INFO] [1789105472.125192536] [robot1.controller_server]: Using critic "RotateToGoal" (dwb_critics::RotateToGoalCritic)
[component_container_isolated-1] [INFO] [1789105472.125360976] [robot1.controller_server]: Critic plugin initialized
[component_container_isolated-1] [INFO] [1789105472.125399160] [robot1.controller_server]: Using critic "Oscillation" (dwb_critics::OscillationCritic)
[component_container_isolated-1] [INFO] [1789105472.125513151] [robot1.controller_server]: Critic plugin initialized
[component_container_isolated-1] [INFO] [1789105472.125549681] [robot1.controller_server]: Using critic "BaseObstacle" (dwb_critics::BaseObstacleCritic)
[component_container_isolated-1] [INFO] [1789105472.125598949] [robot1.controller_server]: Critic plugin initialized
[component_container_isolated-1] [INFO] [1789105472.125630271] [robot1.controller_server]: Using critic "GoalAlign" (dwb_critics::GoalAlignCritic)
[component_container_isolated-1] [INFO] [1789105472.125718986] [robot1.controller_server]: Critic plugin initialized
[component_container_isolated-1] [INFO] [1789105472.125751869] [robot1.controller_server]: Using critic "PathAlign" (dwb_critics::PathAlignCritic)
[component_container_isolated-1] [INFO] [1789105472.125849084] [robot1.controller_server]: Critic plugin initialized
[component_container_isolated-1] [INFO] [1789105472.125877087] [robot1.controller_server]: Using critic "PathDist" (dwb_critics::PathDistCritic)
[component_container_isolated-1] [INFO] [1789105472.125940891] [robot1.controller_server]: Critic plugin initialized
[component_container_isolated-1] [INFO] [1789105472.125972731] [robot1.controller_server]: Using critic "GoalDist" (dwb_critics::GoalDistCritic)
[component_container_isolated-1] [INFO] [1789105472.126026648] [robot1.controller_server]: Critic plugin initialized
[component_container_isolated-1] [INFO] [1789105472.126032725] [robot1.controller_server]: Controller Server has FollowPath  controllers available.
[component_container_isolated-1] [INFO] [1789105472.236572021] [robot1.lifecycle_manager_navigation]: [34m[1mConfiguring smoother_server[0m[0m
[component_container_isolated-1] [INFO] [1789105472.236722545] [robot1.smoother_server]: Configuring smoother server
[component_container_isolated-1] [INFO] [1789105472.347477781] [robot1.smoother_server]: Created smoother : simple_smoother of type nav2_smoother::SimpleSmoother
[component_container_isolated-1] [INFO] [1789105472.347644165] [robot1.smoother_server]: Smoother Server has simple_smoother  smoothers available.
[component_container_isolated-1] [INFO] [1789105472.446055524] [robot1.lifecycle_manager_navigation]: [34m[1mConfiguring planner_server[0m[0m
[component_container_isolated-1] [INFO] [1789105472.446151725] [robot1.planner_server]: Configuring
[component_container_isolated-1] [INFO] [1789105472.446194337] [robot1.global_costmap.global_costmap]: Configuring
[component_container_isolated-1] [INFO] [1789105472.520621997] [robot1.global_costmap.global_costmap]: Using plugin "static_layer"
[component_container_isolated-1] [INFO] [1789105472.520921281] [robot1.global_costmap.global_costmap]: Subscribing to the map topic (/robot1/map) with transient local durability
[component_container_isolated-1] [INFO] [1789105472.540686554] [robot1.global_costmap.global_costmap]: Initialized plugin "static_layer"
[component_container_isolated-1] [INFO] [1789105472.540700802] [robot1.global_costmap.global_costmap]: Using plugin "obstacle_layer"
[component_container_isolated-1] [INFO] [1789105472.540905583] [robot1.global_costmap.global_costmap]: Subscribed to Topics: scan
[component_container_isolated-1] [INFO] [1789105472.577182179] [robot1.global_costmap.global_costmap]: Initialized plugin "obstacle_layer"
[component_container_isolated-1] [INFO] [1789105472.577198826] [robot1.global_costmap.global_costmap]: Using plugin "inflation_layer"
[component_container_isolated-1] [INFO] [1789105472.577484459] [robot1.global_costmap.global_costmap]: Initialized plugin "inflation_layer"
[component_container_isolated-1] [INFO] [1789105472.720457380] [robot1.global_costmap.global_costmap]: StaticLayer: Resizing costmap to 121 X 221 at 0.050000 m/pix
[component_container_isolated-1] [INFO] [1789105472.720616345] [robot1.planner_server]: Created global planner plugin GridBased of type nav2_navfn_planner/NavfnPlanner
[component_container_isolated-1] [INFO] [1789105472.720636119] [robot1.planner_server]: Configuring plugin GridBased of type NavfnPlanner
[component_container_isolated-1] [INFO] [1789105472.720787547] [robot1.planner_server]: Planner Server has GridBased  planners available.
[component_container_isolated-1] [INFO] [1789105472.910894111] [robot1.lifecycle_manager_navigation]: [34m[1mConfiguring behavior_server[0m[0m
[component_container_isolated-1] [INFO] [1789105472.911060219] [robot1.behavior_server]: Configuring
[component_container_isolated-1] [INFO] [1789105473.051632301] [robot1.behavior_server]: Creating behavior plugin spin of type nav2_behaviors/Spin
[component_container_isolated-1] [INFO] [1789105473.052046221] [robot1.behavior_server]: Configuring spin
[component_container_isolated-1] [INFO] [1789105473.160928341] [robot1.behavior_server]: Creating behavior plugin backup of type nav2_behaviors/BackUp
[component_container_isolated-1] [INFO] [1789105473.161305565] [robot1.behavior_server]: Configuring backup
[component_container_isolated-1] [INFO] [1789105473.267046681] [robot1.behavior_server]: Creating behavior plugin drive_on_heading of type nav2_behaviors/DriveOnHeading
[component_container_isolated-1] [INFO] [1789105473.267439627] [robot1.behavior_server]: Configuring drive_on_heading
[component_container_isolated-1] [INFO] [1789105473.386715174] [robot1.behavior_server]: Creating behavior plugin assisted_teleop of type nav2_behaviors/AssistedTeleop
[component_container_isolated-1] [INFO] [1789105473.387494417] [robot1.behavior_server]: Configuring assisted_teleop
[component_container_isolated-1] [INFO] [1789105473.529890382] [robot1.behavior_server]: Creating behavior plugin wait of type nav2_behaviors/Wait
[component_container_isolated-1] [INFO] [1789105473.530231105] [robot1.behavior_server]: Configuring wait
[component_container_isolated-1] [INFO] [1789105473.645698880] [robot1.lifecycle_manager_navigation]: [34m[1mConfiguring bt_navigator[0m[0m
[component_container_isolated-1] [INFO] [1789105473.645848530] [robot1.bt_navigator]: Configuring
[component_container_isolated-1] [INFO] [1789105474.497396599] [robot1.lifecycle_manager_navigation]: [34m[1mConfiguring waypoint_follower[0m[0m
[component_container_isolated-1] [INFO] [1789105474.497531456] [robot1.waypoint_follower]: Configuring
[component_container_isolated-1] [INFO] [1789105474.707944470] [robot1.waypoint_follower]: Created waypoint_task_executor : wait_at_waypoint of type nav2_waypoint_follower::WaitAtWaypoint
[component_container_isolated-1] [INFO] [1789105474.708306274] [robot1.lifecycle_manager_navigation]: [34m[1mConfiguring velocity_smoother[0m[0m
[component_container_isolated-1] [INFO] [1789105474.708440754] [robot1.velocity_smoother]: Configuring velocity smoother
[component_container_isolated-1] [INFO] [1789105474.756716786] [robot1.lifecycle_manager_navigation]: [34m[1mActivating controller_server[0m[0m
[component_container_isolated-1] [INFO] [1789105474.756815880] [robot1.controller_server]: Activating
[component_container_isolated-1] [INFO] [1789105474.756851321] [robot1.local_costmap.local_costmap]: Activating
[component_container_isolated-1] [INFO] [1789105474.756865824] [robot1.local_costmap.local_costmap]: Checking transform
[component_container_isolated-1] [INFO] [1789105474.756966732] [robot1.local_costmap.local_costmap]: start
[component_container_isolated-1] [INFO] [1789105474.993354389] [robot1.controller_server]: Creating bond (controller_server) to lifecycle manager.
[component_container_isolated-1] [INFO] [1789105475.133187367] [robot1.lifecycle_manager_navigation]: Server controller_server connected with bond.
[component_container_isolated-1] [INFO] [1789105475.133237336] [robot1.lifecycle_manager_navigation]: [34m[1mActivating smoother_server[0m[0m
[component_container_isolated-1] [INFO] [1789105475.133492949] [robot1.smoother_server]: Activating
[component_container_isolated-1] [INFO] [1789105475.133512224] [robot1.smoother_server]: Creating bond (smoother_server) to lifecycle manager.
[component_container_isolated-1] [INFO] [1789105475.266456733] [robot1.lifecycle_manager_navigation]: Server smoother_server connected with bond.
[component_container_isolated-1] [INFO] [1789105475.266482947] [robot1.lifecycle_manager_navigation]: [34m[1mActivating planner_server[0m[0m
[component_container_isolated-1] [INFO] [1789105475.266779353] [robot1.planner_server]: Activating
[component_container_isolated-1] [INFO] [1789105475.266816118] [robot1.global_costmap.global_costmap]: Activating
[component_container_isolated-1] [INFO] [1789105475.266826950] [robot1.global_costmap.global_costmap]: Checking transform
[component_container_isolated-1] [INFO] [1789105475.266909245] [robot1.global_costmap.global_costmap]: start
[component_container_isolated-1] [INFO] [1789105476.276328222] [robot1.planner_server]: Activating plugin GridBased of type NavfnPlanner
[component_container_isolated-1] [INFO] [1789105476.291647981] [robot1.planner_server]: Creating bond (planner_server) to lifecycle manager.
[component_container_isolated-1] [INFO] [1789105476.452849352] [robot1.lifecycle_manager_navigation]: Server planner_server connected with bond.
[component_container_isolated-1] [INFO] [1789105476.452876825] [robot1.lifecycle_manager_navigation]: [34m[1mActivating behavior_server[0m[0m
[component_container_isolated-1] [INFO] [1789105476.453215756] [robot1.behavior_server]: Activating
[component_container_isolated-1] [INFO] [1789105476.453236556] [robot1.behavior_server]: Activating spin
[component_container_isolated-1] [INFO] [1789105476.453255992] [robot1.behavior_server]: Activating backup
[component_container_isolated-1] [INFO] [1789105476.453265869] [robot1.behavior_server]: Activating drive_on_heading
[component_container_isolated-1] [INFO] [1789105476.453275994] [robot1.behavior_server]: Activating assisted_teleop
[component_container_isolated-1] [INFO] [1789105476.453285601] [robot1.behavior_server]: Activating wait
[component_container_isolated-1] [INFO] [1789105476.453297854] [robot1.behavior_server]: Creating bond (behavior_server) to lifecycle manager.
[component_container_isolated-1] [INFO] [1789105476.592991440] [robot1.lifecycle_manager_navigation]: Server behavior_server connected with bond.
[component_container_isolated-1] [INFO] [1789105476.593052939] [robot1.lifecycle_manager_navigation]: [34m[1mActivating bt_navigator[0m[0m
[component_container_isolated-1] [INFO] [1789105476.593301607] [robot1.bt_navigator]: Activating
[component_container_isolated-1] [INFO] [1789105478.145510389] [robot1.bt_navigator]: Creating bond (bt_navigator) to lifecycle manager.
[component_container_isolated-1] [INFO] [1789105478.307343810] [robot1.lifecycle_manager_navigation]: Server bt_navigator connected with bond.
[component_container_isolated-1] [INFO] [1789105478.307389834] [robot1.lifecycle_manager_navigation]: [34m[1mActivating waypoint_follower[0m[0m
[component_container_isolated-1] [INFO] [1789105478.307563929] [robot1.waypoint_follower]: Activating
[component_container_isolated-1] [INFO] [1789105478.307587964] [robot1.waypoint_follower]: Creating bond (waypoint_follower) to lifecycle manager.
[component_container_isolated-1] [INFO] [1789105478.454604608] [robot1.lifecycle_manager_navigation]: Server waypoint_follower connected with bond.
[component_container_isolated-1] [INFO] [1789105478.454631171] [robot1.lifecycle_manager_navigation]: [34m[1mActivating velocity_smoother[0m[0m
[component_container_isolated-1] [INFO] [1789105478.454864494] [robot1.velocity_smoother]: Activating
[component_container_isolated-1] [INFO] [1789105478.454894903] [robot1.velocity_smoother]: Creating bond (velocity_smoother) to lifecycle manager.
[component_container_isolated-1] [INFO] [1789105478.607412536] [robot1.lifecycle_manager_navigation]: Server velocity_smoother connected with bond.
[component_container_isolated-1] [INFO] [1789105478.607482553] [robot1.lifecycle_manager_navigation]: [34m[1mManaged nodes are active[0m[0m
[component_container_isolated-1] [INFO] [1789105478.607494561] [robot1.lifecycle_manager_navigation]: [34m[1mCreating bond timer...[0m[0m
[nav2_startup-2] response:
[nav2_startup-2] nav2_msgs.srv.ManageLifecycleNodes_Response(success=True)
[nav2_startup-2] 
[INFO] [nav2_startup-2]: process has finished cleanly [pid 545291]
