[INFO] [launch]: All log files can be found below /home/danyalaziz/.ros/log/2026-09-15-11-31-03-842455-Precision-3660-50413
[INFO] [launch]: Default logging verbosity is set to INFO
[INFO] [component_container_isolated-1]: process started with pid [50429]
[component_container_isolated-1] [INFO] [1789453866.471308422] [robot1.nav2_container]: Load Library: /opt/ros/humble/lib/libcontroller_server_core.so
[component_container_isolated-1] [INFO] [1789453866.476044487] [robot1.nav2_container]: Found class: rclcpp_components::NodeFactoryTemplate<nav2_controller::ControllerServer>
[component_container_isolated-1] [INFO] [1789453866.476101179] [robot1.nav2_container]: Instantiate class: rclcpp_components::NodeFactoryTemplate<nav2_controller::ControllerServer>
[component_container_isolated-1] [INFO] [1789453866.501406734] [robot1.controller_server]: 
[component_container_isolated-1] 	controller_server lifecycle node launched. 
[component_container_isolated-1] 	Waiting on external lifecycle transitions to activate
[component_container_isolated-1] 	See https://design.ros2.org/articles/node_lifecycle.html for more information.
[component_container_isolated-1] [INFO] [1789453866.502995408] [robot1.controller_server]: Creating controller server
[component_container_isolated-1] [INFO] [1789453866.632512118] [robot1.local_costmap.local_costmap]: 
[component_container_isolated-1] 	local_costmap lifecycle node launched. 
[component_container_isolated-1] 	Waiting on external lifecycle transitions to activate
[component_container_isolated-1] 	See https://design.ros2.org/articles/node_lifecycle.html for more information.
[component_container_isolated-1] [INFO] [1789453866.632755536] [robot1.local_costmap.local_costmap]: Creating Costmap
[INFO] [launch_ros.actions.load_composable_nodes]: Loaded node '/robot1/controller_server' in container '/robot1/nav2_container'
[component_container_isolated-1] [INFO] [1789453866.652702178] [robot1.nav2_container]: Load Library: /opt/ros/humble/lib/libsmoother_server_core.so
[component_container_isolated-1] [INFO] [1789453866.653418389] [robot1.nav2_container]: Found class: rclcpp_components::NodeFactoryTemplate<nav2_smoother::SmootherServer>
[component_container_isolated-1] [INFO] [1789453866.653429305] [robot1.nav2_container]: Instantiate class: rclcpp_components::NodeFactoryTemplate<nav2_smoother::SmootherServer>
[component_container_isolated-1] [INFO] [1789453866.867318395] [robot1.smoother_server]: 
[component_container_isolated-1] 	smoother_server lifecycle node launched. 
[component_container_isolated-1] 	Waiting on external lifecycle transitions to activate
[component_container_isolated-1] 	See https://design.ros2.org/articles/node_lifecycle.html for more information.
[component_container_isolated-1] [INFO] [1789453866.867944312] [robot1.smoother_server]: Creating smoother server
[INFO] [launch_ros.actions.load_composable_nodes]: Loaded node '/robot1/smoother_server' in container '/robot1/nav2_container'
[component_container_isolated-1] [INFO] [1789453866.883735246] [robot1.nav2_container]: Load Library: /opt/ros/humble/lib/libplanner_server_core.so
[component_container_isolated-1] [INFO] [1789453866.884140951] [robot1.nav2_container]: Found class: rclcpp_components::NodeFactoryTemplate<nav2_planner::PlannerServer>
[component_container_isolated-1] [INFO] [1789453866.884147804] [robot1.nav2_container]: Instantiate class: rclcpp_components::NodeFactoryTemplate<nav2_planner::PlannerServer>
[component_container_isolated-1] [INFO] [1789453867.155990123] [robot1.planner_server]: 
[component_container_isolated-1] 	planner_server lifecycle node launched. 
[component_container_isolated-1] 	Waiting on external lifecycle transitions to activate
[component_container_isolated-1] 	See https://design.ros2.org/articles/node_lifecycle.html for more information.
[component_container_isolated-1] [INFO] [1789453867.156757612] [robot1.planner_server]: Creating
[component_container_isolated-1] [INFO] [1789453867.607620852] [robot1.global_costmap.global_costmap]: 
[component_container_isolated-1] 	global_costmap lifecycle node launched. 
[component_container_isolated-1] 	Waiting on external lifecycle transitions to activate
[component_container_isolated-1] 	See https://design.ros2.org/articles/node_lifecycle.html for more information.
[component_container_isolated-1] [INFO] [1789453867.607831409] [robot1.global_costmap.global_costmap]: Creating Costmap
[INFO] [launch_ros.actions.load_composable_nodes]: Loaded node '/robot1/planner_server' in container '/robot1/nav2_container'
[component_container_isolated-1] [INFO] [1789453867.621704547] [robot1.nav2_container]: Load Library: /opt/ros/humble/lib/libbehavior_server_core.so
[component_container_isolated-1] [INFO] [1789453867.623034577] [robot1.nav2_container]: Found class: rclcpp_components::NodeFactoryTemplate<behavior_server::BehaviorServer>
[component_container_isolated-1] [INFO] [1789453867.623048391] [robot1.nav2_container]: Instantiate class: rclcpp_components::NodeFactoryTemplate<behavior_server::BehaviorServer>
[component_container_isolated-1] [INFO] [1789453868.131413321] [robot1.behavior_server]: 
[component_container_isolated-1] 	behavior_server lifecycle node launched. 
[component_container_isolated-1] 	Waiting on external lifecycle transitions to activate
[component_container_isolated-1] 	See https://design.ros2.org/articles/node_lifecycle.html for more information.
[INFO] [launch_ros.actions.load_composable_nodes]: Loaded node '/robot1/behavior_server' in container '/robot1/nav2_container'
[component_container_isolated-1] [INFO] [1789453868.146828138] [robot1.nav2_container]: Load Library: /opt/ros/humble/lib/libbt_navigator_core.so
[component_container_isolated-1] [INFO] [1789453868.147665004] [robot1.nav2_container]: Found class: rclcpp_components::NodeFactoryTemplate<nav2_bt_navigator::BtNavigator>
[component_container_isolated-1] [INFO] [1789453868.147674682] [robot1.nav2_container]: Instantiate class: rclcpp_components::NodeFactoryTemplate<nav2_bt_navigator::BtNavigator>
[component_container_isolated-1] [INFO] [1789453869.009646169] [robot1.bt_navigator]: 
[INFO] [launch_ros.actions.load_composable_nodes]: Loaded node '/robot1/bt_navigator' in container '/robot1/nav2_container'
[component_container_isolated-1] 	bt_navigator lifecycle node launched. 
[component_container_isolated-1] 	Waiting on external lifecycle transitions to activate
[component_container_isolated-1] 	See https://design.ros2.org/articles/node_lifecycle.html for more information.
[component_container_isolated-1] [INFO] [1789453869.009681605] [robot1.bt_navigator]: Creating
[component_container_isolated-1] [INFO] [1789453869.044931695] [robot1.nav2_container]: Load Library: /opt/ros/humble/lib/libwaypoint_follower_core.so
[component_container_isolated-1] [INFO] [1789453869.045376244] [robot1.nav2_container]: Found class: rclcpp_components::NodeFactoryTemplate<nav2_waypoint_follower::WaypointFollower>
[component_container_isolated-1] [INFO] [1789453869.045385998] [robot1.nav2_container]: Instantiate class: rclcpp_components::NodeFactoryTemplate<nav2_waypoint_follower::WaypointFollower>
[component_container_isolated-1] [INFO] [1789453870.027028041] [robot1.waypoint_follower]: 
[component_container_isolated-1] 	waypoint_follower lifecycle node launched. 
[component_container_isolated-1] 	Waiting on external lifecycle transitions to activate
[component_container_isolated-1] 	See https://design.ros2.org/articles/node_lifecycle.html for more information.
[component_container_isolated-1] [INFO] [1789453870.027243539] [robot1.waypoint_follower]: Creating
[INFO] [launch_ros.actions.load_composable_nodes]: Loaded node '/robot1/waypoint_follower' in container '/robot1/nav2_container'
[component_container_isolated-1] [INFO] [1789453870.039294527] [robot1.nav2_container]: Load Library: /opt/ros/humble/lib/libvelocity_smoother_core.so
[component_container_isolated-1] [INFO] [1789453870.039853514] [robot1.nav2_container]: Found class: rclcpp_components::NodeFactoryTemplate<nav2_velocity_smoother::VelocitySmoother>
[component_container_isolated-1] [INFO] [1789453870.039870562] [robot1.nav2_container]: Instantiate class: rclcpp_components::NodeFactoryTemplate<nav2_velocity_smoother::VelocitySmoother>
[component_container_isolated-1] [INFO] [1789453871.036689243] [robot1.velocity_smoother]: 
[component_container_isolated-1] 	velocity_smoother lifecycle node launched. 
[component_container_isolated-1] 	Waiting on external lifecycle transitions to activate
[component_container_isolated-1] 	See https://design.ros2.org/articles/node_lifecycle.html for more information.
[INFO] [launch_ros.actions.load_composable_nodes]: Loaded node '/robot1/velocity_smoother' in container '/robot1/nav2_container'
[component_container_isolated-1] [INFO] [1789453871.050099125] [robot1.nav2_container]: Load Library: /opt/ros/humble/lib/libnav2_lifecycle_manager_core.so
[component_container_isolated-1] [INFO] [1789453871.050531061] [robot1.nav2_container]: Found class: rclcpp_components::NodeFactoryTemplate<nav2_lifecycle_manager::LifecycleManager>
[component_container_isolated-1] [INFO] [1789453871.050538623] [robot1.nav2_container]: Instantiate class: rclcpp_components::NodeFactoryTemplate<nav2_lifecycle_manager::LifecycleManager>
[component_container_isolated-1] [INFO] [1789453871.424799684] [robot1.lifecycle_manager_navigation]: Creating
[INFO] [launch_ros.actions.load_composable_nodes]: Loaded node '/robot1/lifecycle_manager_navigation' in container '/robot1/nav2_container'
[component_container_isolated-1] [INFO] [1789453871.467718853] [robot1.lifecycle_manager_navigation]: [34m[1mCreating and initializing lifecycle service clients[0m[0m
[INFO] [nav2_startup-2]: process started with pid [50640]
[nav2_startup-2] waiting for service to become available...
[nav2_startup-2] requester: making request: nav2_msgs.srv.ManageLifecycleNodes_Request(command=0)
[nav2_startup-2] 
[component_container_isolated-1] [INFO] [1789453885.743183668] [robot1.lifecycle_manager_navigation]: [34m[1mStarting managed nodes bringup...[0m[0m
[component_container_isolated-1] [INFO] [1789453885.743242526] [robot1.lifecycle_manager_navigation]: [34m[1mConfiguring controller_server[0m[0m
[component_container_isolated-1] [INFO] [1789453885.743606073] [robot1.controller_server]: Configuring controller interface
[component_container_isolated-1] [INFO] [1789453885.743719068] [robot1.controller_server]: getting goal checker plugins..
[component_container_isolated-1] [INFO] [1789453885.743749505] [robot1.controller_server]: Controller frequency set to 20.0000Hz
[component_container_isolated-1] [INFO] [1789453885.743762983] [robot1.local_costmap.local_costmap]: Configuring
[component_container_isolated-1] [INFO] [1789453885.816752075] [robot1.local_costmap.local_costmap]: Using plugin "static_layer"
[component_container_isolated-1] [INFO] [1789453885.818134045] [robot1.local_costmap.local_costmap]: Subscribing to the map topic (/robot1/map) with transient local durability
[component_container_isolated-1] [INFO] [1789453885.833792975] [robot1.local_costmap.local_costmap]: Initialized plugin "static_layer"
[component_container_isolated-1] [INFO] [1789453885.833809493] [robot1.local_costmap.local_costmap]: Using plugin "voxel_layer"
[component_container_isolated-1] [INFO] [1789453885.834002466] [robot1.local_costmap.local_costmap]: Subscribed to Topics: scan
[component_container_isolated-1] [INFO] [1789453885.898716148] [robot1.local_costmap.local_costmap]: Initialized plugin "voxel_layer"
[component_container_isolated-1] [INFO] [1789453885.898732358] [robot1.local_costmap.local_costmap]: Using plugin "inflation_layer"
[component_container_isolated-1] [INFO] [1789453885.899037959] [robot1.local_costmap.local_costmap]: Initialized plugin "inflation_layer"
[component_container_isolated-1] [INFO] [1789453886.038372170] [robot1.local_costmap.local_costmap]: StaticLayer: Resizing static layer to 141 X 261 at 0.050000 m/pix
[component_container_isolated-1] [INFO] [1789453886.038473617] [robot1.controller_server]: Created progress_checker : progress_checker of type nav2_controller::SimpleProgressChecker
[component_container_isolated-1] [INFO] [1789453886.038740144] [robot1.controller_server]: Created goal checker : general_goal_checker of type nav2_controller::SimpleGoalChecker
[component_container_isolated-1] [INFO] [1789453886.039013810] [robot1.controller_server]: Controller Server has general_goal_checker  goal checkers available.
[component_container_isolated-1] [INFO] [1789453886.039672844] [robot1.controller_server]: Created controller : FollowPath of type dwb_core::DWBLocalPlanner
[component_container_isolated-1] [INFO] [1789453886.039905299] [robot1.controller_server]: Setting transform_tolerance to 0.200000
[component_container_isolated-1] [INFO] [1789453886.142487845] [robot1.controller_server]: Using critic "RotateToGoal" (dwb_critics::RotateToGoalCritic)
[component_container_isolated-1] [INFO] [1789453886.142720790] [robot1.controller_server]: Critic plugin initialized
[component_container_isolated-1] [INFO] [1789453886.142761221] [robot1.controller_server]: Using critic "Oscillation" (dwb_critics::OscillationCritic)
[component_container_isolated-1] [INFO] [1789453886.142865847] [robot1.controller_server]: Critic plugin initialized
[component_container_isolated-1] [INFO] [1789453886.142912259] [robot1.controller_server]: Using critic "BaseObstacle" (dwb_critics::BaseObstacleCritic)
[component_container_isolated-1] [INFO] [1789453886.142968954] [robot1.controller_server]: Critic plugin initialized
[component_container_isolated-1] [INFO] [1789453886.142998243] [robot1.controller_server]: Using critic "GoalAlign" (dwb_critics::GoalAlignCritic)
[component_container_isolated-1] [INFO] [1789453886.143115448] [robot1.controller_server]: Critic plugin initialized
[component_container_isolated-1] [INFO] [1789453886.143153509] [robot1.controller_server]: Using critic "PathAlign" (dwb_critics::PathAlignCritic)
[component_container_isolated-1] [INFO] [1789453886.143234462] [robot1.controller_server]: Critic plugin initialized
[component_container_isolated-1] [INFO] [1789453886.143269397] [robot1.controller_server]: Using critic "PathDist" (dwb_critics::PathDistCritic)
[component_container_isolated-1] [INFO] [1789453886.143329396] [robot1.controller_server]: Critic plugin initialized
[component_container_isolated-1] [INFO] [1789453886.143356246] [robot1.controller_server]: Using critic "GoalDist" (dwb_critics::GoalDistCritic)
[component_container_isolated-1] [INFO] [1789453886.143413884] [robot1.controller_server]: Critic plugin initialized
[component_container_isolated-1] [INFO] [1789453886.143419626] [robot1.controller_server]: Controller Server has FollowPath  controllers available.
[component_container_isolated-1] [INFO] [1789453886.286487166] [robot1.lifecycle_manager_navigation]: [34m[1mConfiguring smoother_server[0m[0m
[component_container_isolated-1] [INFO] [1789453886.286660788] [robot1.smoother_server]: Configuring smoother server
[component_container_isolated-1] [INFO] [1789453886.424213406] [robot1.smoother_server]: Created smoother : simple_smoother of type nav2_smoother::SimpleSmoother
[component_container_isolated-1] [INFO] [1789453886.424468390] [robot1.smoother_server]: Smoother Server has simple_smoother  smoothers available.
[component_container_isolated-1] [INFO] [1789453886.534986909] [robot1.lifecycle_manager_navigation]: [34m[1mConfiguring planner_server[0m[0m
[component_container_isolated-1] [INFO] [1789453886.535222770] [robot1.planner_server]: Configuring
[component_container_isolated-1] [INFO] [1789453886.535268154] [robot1.global_costmap.global_costmap]: Configuring
[component_container_isolated-1] [INFO] [1789453886.623382318] [robot1.global_costmap.global_costmap]: Using plugin "static_layer"
[component_container_isolated-1] [INFO] [1789453886.623734911] [robot1.global_costmap.global_costmap]: Subscribing to the map topic (/robot1/map) with transient local durability
[component_container_isolated-1] [INFO] [1789453886.638478038] [robot1.global_costmap.global_costmap]: Initialized plugin "static_layer"
[component_container_isolated-1] [INFO] [1789453886.638493767] [robot1.global_costmap.global_costmap]: Using plugin "obstacle_layer"
[component_container_isolated-1] [INFO] [1789453886.638752677] [robot1.global_costmap.global_costmap]: Subscribed to Topics: scan
[component_container_isolated-1] [INFO] [1789453886.686264782] [robot1.global_costmap.global_costmap]: Initialized plugin "obstacle_layer"
[component_container_isolated-1] [INFO] [1789453886.686278288] [robot1.global_costmap.global_costmap]: Using plugin "inflation_layer"
[component_container_isolated-1] [INFO] [1789453886.686546729] [robot1.global_costmap.global_costmap]: Initialized plugin "inflation_layer"
[component_container_isolated-1] [INFO] [1789453886.843636926] [robot1.global_costmap.global_costmap]: StaticLayer: Resizing costmap to 141 X 261 at 0.050000 m/pix
[component_container_isolated-1] [INFO] [1789453886.843836461] [robot1.planner_server]: Created global planner plugin GridBased of type nav2_navfn_planner/NavfnPlanner
[component_container_isolated-1] [INFO] [1789453886.843852246] [robot1.planner_server]: Configuring plugin GridBased of type NavfnPlanner
[component_container_isolated-1] [INFO] [1789453886.844159110] [robot1.planner_server]: Planner Server has GridBased  planners available.
[component_container_isolated-1] [INFO] [1789453887.055916556] [robot1.lifecycle_manager_navigation]: [34m[1mConfiguring behavior_server[0m[0m
[component_container_isolated-1] [INFO] [1789453887.056081203] [robot1.behavior_server]: Configuring
[component_container_isolated-1] [INFO] [1789453887.201525853] [robot1.behavior_server]: Creating behavior plugin spin of type nav2_behaviors/Spin
[component_container_isolated-1] [INFO] [1789453887.201954853] [robot1.behavior_server]: Configuring spin
[component_container_isolated-1] [INFO] [1789453887.319968413] [robot1.behavior_server]: Creating behavior plugin backup of type nav2_behaviors/BackUp
[component_container_isolated-1] [INFO] [1789453887.320367048] [robot1.behavior_server]: Configuring backup
[component_container_isolated-1] [INFO] [1789453887.450442709] [robot1.behavior_server]: Creating behavior plugin drive_on_heading of type nav2_behaviors/DriveOnHeading
[component_container_isolated-1] [INFO] [1789453887.450817316] [robot1.behavior_server]: Configuring drive_on_heading
[component_container_isolated-1] [INFO] [1789453887.587960013] [robot1.behavior_server]: Creating behavior plugin assisted_teleop of type nav2_behaviors/AssistedTeleop
[component_container_isolated-1] [INFO] [1789453887.588805772] [robot1.behavior_server]: Configuring assisted_teleop
[component_container_isolated-1] [INFO] [1789453887.764800368] [robot1.behavior_server]: Creating behavior plugin wait of type nav2_behaviors/Wait
[component_container_isolated-1] [INFO] [1789453887.765151756] [robot1.behavior_server]: Configuring wait
[component_container_isolated-1] [INFO] [1789453887.903826538] [robot1.lifecycle_manager_navigation]: [34m[1mConfiguring bt_navigator[0m[0m
[component_container_isolated-1] [INFO] [1789453887.904056169] [robot1.bt_navigator]: Configuring
[component_container_isolated-1] [INFO] [1789453888.884369220] [robot1.lifecycle_manager_navigation]: [34m[1mConfiguring waypoint_follower[0m[0m
[component_container_isolated-1] [INFO] [1789453888.884455361] [robot1.waypoint_follower]: Configuring
[component_container_isolated-1] [INFO] [1789453889.147089567] [robot1.waypoint_follower]: Created waypoint_task_executor : wait_at_waypoint of type nav2_waypoint_follower::WaitAtWaypoint
[component_container_isolated-1] [INFO] [1789453889.147597804] [robot1.lifecycle_manager_navigation]: [34m[1mConfiguring velocity_smoother[0m[0m
[component_container_isolated-1] [INFO] [1789453889.147788733] [robot1.velocity_smoother]: Configuring velocity smoother
[component_container_isolated-1] [INFO] [1789453889.193951552] [robot1.lifecycle_manager_navigation]: [34m[1mActivating controller_server[0m[0m
[component_container_isolated-1] [INFO] [1789453889.194038744] [robot1.controller_server]: Activating
[component_container_isolated-1] [INFO] [1789453889.194057045] [robot1.local_costmap.local_costmap]: Activating
[component_container_isolated-1] [INFO] [1789453889.194064314] [robot1.local_costmap.local_costmap]: Checking transform
[component_container_isolated-1] [INFO] [1789453889.194131445] [robot1.local_costmap.local_costmap]: start
[component_container_isolated-1] [INFO] [1789453889.425118280] [robot1.controller_server]: Creating bond (controller_server) to lifecycle manager.
[component_container_isolated-1] [INFO] [1789453889.592451374] [robot1.lifecycle_manager_navigation]: Server controller_server connected with bond.
[component_container_isolated-1] [INFO] [1789453889.592490078] [robot1.lifecycle_manager_navigation]: [34m[1mActivating smoother_server[0m[0m
[component_container_isolated-1] [INFO] [1789453889.592854242] [robot1.smoother_server]: Activating
[component_container_isolated-1] [INFO] [1789453889.592886333] [robot1.smoother_server]: Creating bond (smoother_server) to lifecycle manager.
[component_container_isolated-1] [INFO] [1789453889.757532345] [robot1.lifecycle_manager_navigation]: Server smoother_server connected with bond.
[component_container_isolated-1] [INFO] [1789453889.757570182] [robot1.lifecycle_manager_navigation]: [34m[1mActivating planner_server[0m[0m
[component_container_isolated-1] [INFO] [1789453889.757843181] [robot1.planner_server]: Activating
[component_container_isolated-1] [INFO] [1789453889.757883985] [robot1.global_costmap.global_costmap]: Activating
[component_container_isolated-1] [INFO] [1789453889.757895098] [robot1.global_costmap.global_costmap]: Checking transform
[component_container_isolated-1] [INFO] [1789453889.757963763] [robot1.global_costmap.global_costmap]: start
[component_container_isolated-1] [INFO] [1789453890.771951990] [robot1.planner_server]: Activating plugin GridBased of type NavfnPlanner
[component_container_isolated-1] [INFO] [1789453890.784105480] [robot1.planner_server]: Creating bond (planner_server) to lifecycle manager.
[component_container_isolated-1] [INFO] [1789453890.938927594] [robot1.lifecycle_manager_navigation]: Server planner_server connected with bond.
[component_container_isolated-1] [INFO] [1789453890.939019033] [robot1.lifecycle_manager_navigation]: [34m[1mActivating behavior_server[0m[0m
[component_container_isolated-1] [INFO] [1789453890.939266716] [robot1.behavior_server]: Activating
[component_container_isolated-1] [INFO] [1789453890.939279819] [robot1.behavior_server]: Activating spin
[component_container_isolated-1] [INFO] [1789453890.939291291] [robot1.behavior_server]: Activating backup
[component_container_isolated-1] [INFO] [1789453890.939296768] [robot1.behavior_server]: Activating drive_on_heading
[component_container_isolated-1] [INFO] [1789453890.939301774] [robot1.behavior_server]: Activating assisted_teleop
[component_container_isolated-1] [INFO] [1789453890.939306444] [robot1.behavior_server]: Activating wait
[component_container_isolated-1] [INFO] [1789453890.939312818] [robot1.behavior_server]: Creating bond (behavior_server) to lifecycle manager.
[component_container_isolated-1] [INFO] [1789453891.092043525] [robot1.lifecycle_manager_navigation]: Server behavior_server connected with bond.
[component_container_isolated-1] [INFO] [1789453891.092137942] [robot1.lifecycle_manager_navigation]: [34m[1mActivating bt_navigator[0m[0m
[component_container_isolated-1] [INFO] [1789453891.092273566] [robot1.bt_navigator]: Activating
[component_container_isolated-1] [INFO] [1789453893.054733257] [robot1.bt_navigator]: Creating bond (bt_navigator) to lifecycle manager.
[component_container_isolated-1] [INFO] [1789453893.229072027] [robot1.lifecycle_manager_navigation]: Server bt_navigator connected with bond.
[component_container_isolated-1] [INFO] [1789453893.229148700] [robot1.lifecycle_manager_navigation]: [34m[1mActivating waypoint_follower[0m[0m
[component_container_isolated-1] [INFO] [1789453893.229386260] [robot1.waypoint_follower]: Activating
[component_container_isolated-1] [INFO] [1789453893.229433690] [robot1.waypoint_follower]: Creating bond (waypoint_follower) to lifecycle manager.
[component_container_isolated-1] [INFO] [1789453893.387708474] [robot1.lifecycle_manager_navigation]: Server waypoint_follower connected with bond.
[component_container_isolated-1] [INFO] [1789453893.387750319] [robot1.lifecycle_manager_navigation]: [34m[1mActivating velocity_smoother[0m[0m
[component_container_isolated-1] [INFO] [1789453893.387993895] [robot1.velocity_smoother]: Activating
[component_container_isolated-1] [INFO] [1789453893.388023304] [robot1.velocity_smoother]: Creating bond (velocity_smoother) to lifecycle manager.
[component_container_isolated-1] [INFO] [1789453893.551696985] [robot1.lifecycle_manager_navigation]: Server velocity_smoother connected with bond.
[component_container_isolated-1] [INFO] [1789453893.551740597] [robot1.lifecycle_manager_navigation]: [34m[1mManaged nodes are active[0m[0m
[component_container_isolated-1] [INFO] [1789453893.551752094] [robot1.lifecycle_manager_navigation]: [34m[1mCreating bond timer...[0m[0m
[nav2_startup-2] response:
[nav2_startup-2] nav2_msgs.srv.ManageLifecycleNodes_Response(success=True)
[nav2_startup-2] 
[INFO] [nav2_startup-2]: process has finished cleanly [pid 50640]
[component_container_isolated-1] [INFO] [1789453937.356241644] [robot1.local_costmap.local_costmap]: Message Filter dropping message: frame 'rplidar_link' at time 1789453936.916 for reason 'the timestamp on the message is earlier than all the data in the transform cache'
[component_container_isolated-1] [INFO] [1789454138.310004363] [robot1.bt_navigator]: Begin navigating from current location (-0.12, 0.00) to (-0.59, 1.57)
[component_container_isolated-1] [INFO] [1789454138.330616562] [robot1.controller_server]: Received a goal, begin computing control effort.
[component_container_isolated-1] [WARN] [1789454138.330653770] [robot1.controller_server]: No goal checker was specified in parameter 'current_goal_checker'. Server will use only plugin loaded general_goal_checker . This warning will appear once.
[component_container_isolated-1] [INFO] [1789454139.380803484] [robot1.controller_server]: Passing new path to controller.
[component_container_isolated-1] [INFO] [1789454140.430802590] [robot1.controller_server]: Passing new path to controller.
[component_container_isolated-1] [INFO] [1789454141.430821683] [robot1.controller_server]: Passing new path to controller.
[component_container_isolated-1] [INFO] [1789454142.194498264] [robot1.local_costmap.local_costmap]: StaticLayer: Resizing static layer to 188 X 291 at 0.050000 m/pix
[component_container_isolated-1] [INFO] [1789454142.480802242] [robot1.controller_server]: Passing new path to controller.
[component_container_isolated-1] [ERROR] [1789454142.482307246] [tf_help]: Transform data too old when converting from map to odom
[component_container_isolated-1] [ERROR] [1789454142.482323430] [tf_help]: Data time: 1789454142s 420607954ns, Transform time: 1789454141s 754727565ns
[component_container_isolated-1] [ERROR] [1789454142.532210438] [tf_help]: Transform data too old when converting from map to odom
[component_container_isolated-1] [ERROR] [1789454142.532227270] [tf_help]: Data time: 1789454142s 420607954ns, Transform time: 1789454141s 754727565ns
[component_container_isolated-1] [ERROR] [1789454142.582181259] [tf_help]: Transform data too old when converting from map to odom
[component_container_isolated-1] [ERROR] [1789454142.582199247] [tf_help]: Data time: 1789454142s 420607954ns, Transform time: 1789454141s 754727565ns
[component_container_isolated-1] [ERROR] [1789454142.632185094] [tf_help]: Transform data too old when converting from map to odom
[component_container_isolated-1] [ERROR] [1789454142.632204574] [tf_help]: Data time: 1789454142s 420607954ns, Transform time: 1789454141s 754727565ns
[component_container_isolated-1] [ERROR] [1789454142.682193241] [tf_help]: Transform data too old when converting from map to odom
[component_container_isolated-1] [ERROR] [1789454142.682217406] [tf_help]: Data time: 1789454142s 420607954ns, Transform time: 1789454141s 754727565ns
[component_container_isolated-1] [ERROR] [1789454142.732194659] [tf_help]: Transform data too old when converting from map to odom
[component_container_isolated-1] [ERROR] [1789454142.732212252] [tf_help]: Data time: 1789454142s 420607954ns, Transform time: 1789454141s 754727565ns
[component_container_isolated-1] [INFO] [1789454142.758189353] [robot1.global_costmap.global_costmap]: StaticLayer: Resizing costmap to 188 X 291 at 0.050000 m/pix
[component_container_isolated-1] [ERROR] [1789454142.782167826] [tf_help]: Transform data too old when converting from map to odom
[component_container_isolated-1] [ERROR] [1789454142.782188004] [tf_help]: Data time: 1789454142s 420607954ns, Transform time: 1789454141s 754727565ns
[component_container_isolated-1] [ERROR] [1789454142.832285501] [tf_help]: Transform data too old when converting from map to odom
[component_container_isolated-1] [ERROR] [1789454142.832305515] [tf_help]: Data time: 1789454142s 420607954ns, Transform time: 1789454141s 754727565ns
[component_container_isolated-1] [ERROR] [1789454142.882239572] [tf_help]: Transform data too old when converting from map to odom
[component_container_isolated-1] [ERROR] [1789454142.882263722] [tf_help]: Data time: 1789454142s 420607954ns, Transform time: 1789454141s 754727565ns
[component_container_isolated-1] [ERROR] [1789454142.932286153] [tf_help]: Transform data too old when converting from map to odom
[component_container_isolated-1] [ERROR] [1789454142.932303761] [tf_help]: Data time: 1789454142s 420607954ns, Transform time: 1789454141s 754727565ns
[component_container_isolated-1] [ERROR] [1789454142.982220404] [tf_help]: Transform data too old when converting from map to odom
[component_container_isolated-1] [ERROR] [1789454142.982246705] [tf_help]: Data time: 1789454142s 420607954ns, Transform time: 1789454141s 754727565ns
[component_container_isolated-1] [ERROR] [1789454143.032237923] [tf_help]: Transform data too old when converting from map to odom
[component_container_isolated-1] [ERROR] [1789454143.032259422] [tf_help]: Data time: 1789454142s 420607954ns, Transform time: 1789454141s 754727565ns
[component_container_isolated-1] [ERROR] [1789454143.082242626] [tf_help]: Transform data too old when converting from map to odom
[component_container_isolated-1] [ERROR] [1789454143.082262991] [tf_help]: Data time: 1789454142s 420607954ns, Transform time: 1789454141s 754727565ns
[component_container_isolated-1] [ERROR] [1789454143.132122753] [tf_help]: Transform data too old when converting from map to odom
[component_container_isolated-1] [ERROR] [1789454143.132140846] [tf_help]: Data time: 1789454142s 420607954ns, Transform time: 1789454141s 754727565ns
[component_container_isolated-1] [ERROR] [1789454143.182175406] [tf_help]: Transform data too old when converting from map to odom
[component_container_isolated-1] [ERROR] [1789454143.182220594] [tf_help]: Data time: 1789454142s 420607954ns, Transform time: 1789454141s 754727565ns
[component_container_isolated-1] [ERROR] [1789454143.232200561] [tf_help]: Transform data too old when converting from map to odom
[component_container_isolated-1] [ERROR] [1789454143.232216097] [tf_help]: Data time: 1789454142s 420607954ns, Transform time: 1789454141s 754727565ns
[component_container_isolated-1] [ERROR] [1789454143.282249025] [tf_help]: Transform data too old when converting from map to odom
[component_container_isolated-1] [ERROR] [1789454143.282275275] [tf_help]: Data time: 1789454142s 420607954ns, Transform time: 1789454141s 754727565ns
[component_container_isolated-1] [ERROR] [1789454143.332296717] [tf_help]: Transform data too old when converting from map to odom
[component_container_isolated-1] [ERROR] [1789454143.332321585] [tf_help]: Data time: 1789454142s 420607954ns, Transform time: 1789454141s 754727565ns
[component_container_isolated-1] [ERROR] [1789454143.382134075] [tf_help]: Transform data too old when converting from map to odom
[component_container_isolated-1] [ERROR] [1789454143.382149913] [tf_help]: Data time: 1789454142s 420607954ns, Transform time: 1789454141s 754727565ns
[component_container_isolated-1] [ERROR] [1789454143.432157019] [tf_help]: Transform data too old when converting from map to odom
[component_container_isolated-1] [ERROR] [1789454143.432198133] [tf_help]: Data time: 1789454142s 420607954ns, Transform time: 1789454141s 754727565ns
[component_container_isolated-1] [INFO] [1789454143.480802147] [robot1.controller_server]: Passing new path to controller.
[component_container_isolated-1] [ERROR] [1789454143.482216292] [tf_help]: Transform data too old when converting from map to odom
[component_container_isolated-1] [ERROR] [1789454143.482226851] [tf_help]: Data time: 1789454143s 450693881ns, Transform time: 1789454141s 754727565ns
[component_container_isolated-1] [ERROR] [1789454143.532172061] [tf_help]: Transform data too old when converting from map to odom
[component_container_isolated-1] [ERROR] [1789454143.532193022] [tf_help]: Data time: 1789454143s 450693881ns, Transform time: 1789454141s 754727565ns
[component_container_isolated-1] [ERROR] [1789454143.582179430] [tf_help]: Transform data too old when converting from map to odom
[component_container_isolated-1] [ERROR] [1789454143.582202241] [tf_help]: Data time: 1789454143s 450693881ns, Transform time: 1789454141s 754727565ns
[component_container_isolated-1] [ERROR] [1789454143.632247090] [tf_help]: Transform data too old when converting from map to odom
[component_container_isolated-1] [ERROR] [1789454143.632271403] [tf_help]: Data time: 1789454143s 450693881ns, Transform time: 1789454141s 754727565ns
[component_container_isolated-1] [ERROR] [1789454143.682265531] [tf_help]: Transform data too old when converting from map to odom
[component_container_isolated-1] [ERROR] [1789454143.682289789] [tf_help]: Data time: 1789454143s 450693881ns, Transform time: 1789454141s 754727565ns
[component_container_isolated-1] [ERROR] [1789454143.732169193] [tf_help]: Transform data too old when converting from map to odom
[component_container_isolated-1] [ERROR] [1789454143.732186087] [tf_help]: Data time: 1789454143s 450693881ns, Transform time: 1789454141s 754727565ns
[component_container_isolated-1] [ERROR] [1789454143.782269798] [tf_help]: Transform data too old when converting from map to odom
[component_container_isolated-1] [ERROR] [1789454143.782288925] [tf_help]: Data time: 1789454143s 450693881ns, Transform time: 1789454141s 754727565ns
[component_container_isolated-1] [ERROR] [1789454143.832211054] [tf_help]: Transform data too old when converting from map to odom
[component_container_isolated-1] [ERROR] [1789454143.832225578] [tf_help]: Data time: 1789454143s 450693881ns, Transform time: 1789454141s 754727565ns
[component_container_isolated-1] [ERROR] [1789454143.882613079] [tf_help]: Transform data too old when converting from map to odom
[component_container_isolated-1] [ERROR] [1789454143.882644105] [tf_help]: Data time: 1789454143s 450693881ns, Transform time: 1789454141s 754727565ns
[component_container_isolated-1] [ERROR] [1789454143.932223489] [tf_help]: Transform data too old when converting from map to odom
[component_container_isolated-1] [ERROR] [1789454143.932240165] [tf_help]: Data time: 1789454143s 450693881ns, Transform time: 1789454141s 754727565ns
[component_container_isolated-1] [ERROR] [1789454143.982385538] [tf_help]: Transform data too old when converting from map to odom
[component_container_isolated-1] [ERROR] [1789454143.982408112] [tf_help]: Data time: 1789454143s 450693881ns, Transform time: 1789454141s 754727565ns
[component_container_isolated-1] [ERROR] [1789454144.032195478] [tf_help]: Transform data too old when converting from map to odom
[component_container_isolated-1] [ERROR] [1789454144.032215716] [tf_help]: Data time: 1789454143s 450693881ns, Transform time: 1789454141s 754727565ns
[component_container_isolated-1] [ERROR] [1789454144.082277430] [tf_help]: Transform data too old when converting from map to odom
[component_container_isolated-1] [ERROR] [1789454144.082302217] [tf_help]: Data time: 1789454143s 450693881ns, Transform time: 1789454141s 754727565ns
[component_container_isolated-1] [ERROR] [1789454144.132281708] [tf_help]: Transform data too old when converting from map to odom
[component_container_isolated-1] [ERROR] [1789454144.132299181] [tf_help]: Data time: 1789454143s 450693881ns, Transform time: 1789454141s 754727565ns
[component_container_isolated-1] [ERROR] [1789454144.182472017] [tf_help]: Transform data too old when converting from map to odom
[component_container_isolated-1] [ERROR] [1789454144.182503967] [tf_help]: Data time: 1789454143s 450693881ns, Transform time: 1789454141s 754727565ns
[component_container_isolated-1] [ERROR] [1789454144.232314796] [tf_help]: Transform data too old when converting from map to odom
[component_container_isolated-1] [ERROR] [1789454144.232332029] [tf_help]: Data time: 1789454143s 450693881ns, Transform time: 1789454141s 754727565ns
[component_container_isolated-1] [ERROR] [1789454144.282284309] [tf_help]: Transform data too old when converting from map to odom
[component_container_isolated-1] [ERROR] [1789454144.282309869] [tf_help]: Data time: 1789454143s 450693881ns, Transform time: 1789454141s 754727565ns
[component_container_isolated-1] [ERROR] [1789454144.332272367] [tf_help]: Transform data too old when converting from map to odom
[component_container_isolated-1] [ERROR] [1789454144.332296043] [tf_help]: Data time: 1789454143s 450693881ns, Transform time: 1789454141s 754727565ns
[component_container_isolated-1] [ERROR] [1789454144.382157206] [tf_help]: Transform data too old when converting from map to odom
[component_container_isolated-1] [ERROR] [1789454144.382173855] [tf_help]: Data time: 1789454143s 450693881ns, Transform time: 1789454141s 754727565ns
[component_container_isolated-1] [ERROR] [1789454144.432264694] [tf_help]: Transform data too old when converting from map to odom
[component_container_isolated-1] [ERROR] [1789454144.432282743] [tf_help]: Data time: 1789454143s 450693881ns, Transform time: 1789454141s 754727565ns
[component_container_isolated-1] [ERROR] [1789454144.482209672] [tf_help]: Transform data too old when converting from map to odom
[component_container_isolated-1] [ERROR] [1789454144.482233295] [tf_help]: Data time: 1789454143s 450693881ns, Transform time: 1789454141s 754727565ns
[component_container_isolated-1] [INFO] [1789454144.530805971] [robot1.controller_server]: Passing new path to controller.
[component_container_isolated-1] [ERROR] [1789454144.532271962] [tf_help]: Transform data too old when converting from map to odom
[component_container_isolated-1] [ERROR] [1789454144.532287202] [tf_help]: Data time: 1789454144s 480625572ns, Transform time: 1789454141s 754727565ns
[component_container_isolated-1] [ERROR] [1789454144.582275817] [tf_help]: Transform data too old when converting from map to odom
[component_container_isolated-1] [ERROR] [1789454144.582294488] [tf_help]: Data time: 1789454144s 480625572ns, Transform time: 1789454141s 754727565ns
[component_container_isolated-1] [ERROR] [1789454144.632271112] [tf_help]: Transform data too old when converting from map to odom
[component_container_isolated-1] [ERROR] [1789454144.632295234] [tf_help]: Data time: 1789454144s 480625572ns, Transform time: 1789454141s 754727565ns
[component_container_isolated-1] [ERROR] [1789454144.682164069] [tf_help]: Transform data too old when converting from map to odom
[component_container_isolated-1] [ERROR] [1789454144.682186984] [tf_help]: Data time: 1789454144s 480625572ns, Transform time: 1789454141s 754727565ns
[component_container_isolated-1] [ERROR] [1789454144.732201984] [tf_help]: Transform data too old when converting from map to odom
[component_container_isolated-1] [ERROR] [1789454144.732218979] [tf_help]: Data time: 1789454144s 480625572ns, Transform time: 1789454141s 754727565ns
[component_container_isolated-1] [ERROR] [1789454144.782182715] [tf_help]: Transform data too old when converting from map to odom
[component_container_isolated-1] [ERROR] [1789454144.782206150] [tf_help]: Data time: 1789454144s 480625572ns, Transform time: 1789454141s 754727565ns
[component_container_isolated-1] [ERROR] [1789454144.832176039] [tf_help]: Transform data too old when converting from map to odom
[component_container_isolated-1] [ERROR] [1789454144.832192237] [tf_help]: Data time: 1789454144s 480625572ns, Transform time: 1789454141s 754727565ns
[component_container_isolated-1] [ERROR] [1789454144.882195079] [tf_help]: Transform data too old when converting from map to odom
[component_container_isolated-1] [ERROR] [1789454144.882216259] [tf_help]: Data time: 1789454144s 480625572ns, Transform time: 1789454141s 754727565ns
[component_container_isolated-1] [ERROR] [1789454144.932146610] [tf_help]: Transform data too old when converting from map to odom
[component_container_isolated-1] [ERROR] [1789454144.932163109] [tf_help]: Data time: 1789454144s 480625572ns, Transform time: 1789454141s 754727565ns
[component_container_isolated-1] [ERROR] [1789454144.982137905] [tf_help]: Transform data too old when converting from map to odom
[component_container_isolated-1] [ERROR] [1789454144.982154632] [tf_help]: Data time: 1789454144s 480625572ns, Transform time: 1789454141s 754727565ns
[component_container_isolated-1] [ERROR] [1789454145.032211671] [tf_help]: Transform data too old when converting from map to odom
[component_container_isolated-1] [ERROR] [1789454145.032230905] [tf_help]: Data time: 1789454144s 480625572ns, Transform time: 1789454141s 754727565ns
[component_container_isolated-1] [ERROR] [1789454145.082223948] [tf_help]: Transform data too old when converting from map to odom
[component_container_isolated-1] [ERROR] [1789454145.082249575] [tf_help]: Data time: 1789454144s 480625572ns, Transform time: 1789454141s 754727565ns
[component_container_isolated-1] [ERROR] [1789454145.132187934] [tf_help]: Transform data too old when converting from map to odom
[component_container_isolated-1] [ERROR] [1789454145.132207066] [tf_help]: Data time: 1789454144s 480625572ns, Transform time: 1789454141s 754727565ns
[component_container_isolated-1] [ERROR] [1789454145.182127683] [tf_help]: Transform data too old when converting from map to odom
[component_container_isolated-1] [ERROR] [1789454145.182145917] [tf_help]: Data time: 1789454144s 480625572ns, Transform time: 1789454141s 754727565ns
[component_container_isolated-1] [ERROR] [1789454145.232162075] [tf_help]: Transform data too old when converting from map to odom
[component_container_isolated-1] [ERROR] [1789454145.232179376] [tf_help]: Data time: 1789454144s 480625572ns, Transform time: 1789454141s 754727565ns
[component_container_isolated-1] [ERROR] [1789454145.282194013] [tf_help]: Transform data too old when converting from map to odom
[component_container_isolated-1] [ERROR] [1789454145.282219260] [tf_help]: Data time: 1789454144s 480625572ns, Transform time: 1789454141s 754727565ns
[component_container_isolated-1] [ERROR] [1789454145.332171496] [tf_help]: Transform data too old when converting from map to odom
[component_container_isolated-1] [ERROR] [1789454145.332196988] [tf_help]: Data time: 1789454144s 480625572ns, Transform time: 1789454141s 754727565ns
[component_container_isolated-1] [ERROR] [1789454145.382216787] [tf_help]: Transform data too old when converting from map to odom
[component_container_isolated-1] [ERROR] [1789454145.382250048] [tf_help]: Data time: 1789454144s 480625572ns, Transform time: 1789454141s 754727565ns
[component_container_isolated-1] [ERROR] [1789454145.432173461] [tf_help]: Transform data too old when converting from map to odom
[component_container_isolated-1] [ERROR] [1789454145.432192206] [tf_help]: Data time: 1789454144s 480625572ns, Transform time: 1789454141s 754727565ns
[component_container_isolated-1] [ERROR] [1789454145.482196509] [tf_help]: Transform data too old when converting from map to odom
[component_container_isolated-1] [ERROR] [1789454145.482219556] [tf_help]: Data time: 1789454144s 480625572ns, Transform time: 1789454141s 754727565ns
[component_container_isolated-1] [INFO] [1789454145.530802412] [robot1.controller_server]: Passing new path to controller.
[component_container_isolated-1] [ERROR] [1789454145.532199363] [tf_help]: Transform data too old when converting from map to odom
[component_container_isolated-1] [ERROR] [1789454145.532210902] [tf_help]: Data time: 1789454145s 510441357ns, Transform time: 1789454141s 754727565ns
[component_container_isolated-1] [ERROR] [1789454145.582132309] [tf_help]: Transform data too old when converting from map to odom
[component_container_isolated-1] [ERROR] [1789454145.582149635] [tf_help]: Data time: 1789454145s 510441357ns, Transform time: 1789454141s 754727565ns
[component_container_isolated-1] [ERROR] [1789454145.632209035] [tf_help]: Transform data too old when converting from map to odom
[component_container_isolated-1] [ERROR] [1789454145.632228438] [tf_help]: Data time: 1789454145s 510441357ns, Transform time: 1789454141s 754727565ns
[component_container_isolated-1] [ERROR] [1789454145.682208473] [tf_help]: Transform data too old when converting from map to odom
[component_container_isolated-1] [ERROR] [1789454145.682235014] [tf_help]: Data time: 1789454145s 510441357ns, Transform time: 1789454141s 754727565ns
[component_container_isolated-1] [ERROR] [1789454145.732171743] [tf_help]: Transform data too old when converting from map to odom
[component_container_isolated-1] [ERROR] [1789454145.732189623] [tf_help]: Data time: 1789454145s 510441357ns, Transform time: 1789454141s 754727565ns
[component_container_isolated-1] [ERROR] [1789454145.782166373] [tf_help]: Transform data too old when converting from map to odom
[component_container_isolated-1] [ERROR] [1789454145.782186168] [tf_help]: Data time: 1789454145s 510441357ns, Transform time: 1789454141s 754727565ns
[component_container_isolated-1] [ERROR] [1789454145.832188585] [tf_help]: Transform data too old when converting from map to odom
[component_container_isolated-1] [ERROR] [1789454145.832230484] [tf_help]: Data time: 1789454145s 510441357ns, Transform time: 1789454141s 754727565ns
[component_container_isolated-1] [ERROR] [1789454145.882160561] [tf_help]: Transform data too old when converting from map to odom
[component_container_isolated-1] [ERROR] [1789454145.882181309] [tf_help]: Data time: 1789454145s 510441357ns, Transform time: 1789454141s 754727565ns
[component_container_isolated-1] [ERROR] [1789454145.932134416] [tf_help]: Transform data too old when converting from map to odom
[component_container_isolated-1] [ERROR] [1789454145.932175151] [tf_help]: Data time: 1789454145s 510441357ns, Transform time: 1789454141s 754727565ns
[component_container_isolated-1] [ERROR] [1789454145.982195211] [tf_help]: Transform data too old when converting from map to odom
[component_container_isolated-1] [ERROR] [1789454145.982217477] [tf_help]: Data time: 1789454145s 510441357ns, Transform time: 1789454141s 754727565ns
[component_container_isolated-1] [ERROR] [1789454146.032706899] [tf_help]: Transform data too old when converting from map to odom
[component_container_isolated-1] [ERROR] [1789454146.032736321] [tf_help]: Data time: 1789454145s 510441357ns, Transform time: 1789454141s 754727565ns
[component_container_isolated-1] [ERROR] [1789454146.082477792] [tf_help]: Transform data too old when converting from map to odom
[component_container_isolated-1] [ERROR] [1789454146.082504342] [tf_help]: Data time: 1789454145s 510441357ns, Transform time: 1789454141s 754727565ns
[component_container_isolated-1] [ERROR] [1789454146.132266638] [tf_help]: Transform data too old when converting from map to odom
[component_container_isolated-1] [ERROR] [1789454146.132309459] [tf_help]: Data time: 1789454145s 510441357ns, Transform time: 1789454141s 754727565ns
[component_container_isolated-1] [ERROR] [1789454146.182140716] [tf_help]: Transform data too old when converting from map to odom
[component_container_isolated-1] [ERROR] [1789454146.182161690] [tf_help]: Data time: 1789454145s 510441357ns, Transform time: 1789454142s 163803225ns
[component_container_isolated-1] [ERROR] [1789454146.232214795] [tf_help]: Transform data too old when converting from map to odom
[component_container_isolated-1] [ERROR] [1789454146.232234297] [tf_help]: Data time: 1789454145s 510441357ns, Transform time: 1789454142s 163803225ns
[component_container_isolated-1] [ERROR] [1789454146.282193180] [tf_help]: Transform data too old when converting from map to odom
[component_container_isolated-1] [ERROR] [1789454146.282219616] [tf_help]: Data time: 1789454145s 510441357ns, Transform time: 1789454142s 163803225ns
[component_container_isolated-1] [ERROR] [1789454146.332174669] [tf_help]: Transform data too old when converting from map to odom
[component_container_isolated-1] [ERROR] [1789454146.332199352] [tf_help]: Data time: 1789454145s 510441357ns, Transform time: 1789454142s 163803225ns
[component_container_isolated-1] [ERROR] [1789454146.382180135] [tf_help]: Transform data too old when converting from map to odom
[component_container_isolated-1] [ERROR] [1789454146.382201528] [tf_help]: Data time: 1789454145s 510441357ns, Transform time: 1789454142s 163803225ns
[component_container_isolated-1] [ERROR] [1789454146.432191176] [tf_help]: Transform data too old when converting from map to odom
[component_container_isolated-1] [ERROR] [1789454146.432233885] [tf_help]: Data time: 1789454145s 510441357ns, Transform time: 1789454142s 163803225ns
[component_container_isolated-1] [ERROR] [1789454146.482288786] [tf_help]: Transform data too old when converting from map to odom
[component_container_isolated-1] [ERROR] [1789454146.482312712] [tf_help]: Data time: 1789454145s 510441357ns, Transform time: 1789454142s 163803225ns
[component_container_isolated-1] [ERROR] [1789454146.532136575] [tf_help]: Transform data too old when converting from map to odom
[component_container_isolated-1] [ERROR] [1789454146.532158014] [tf_help]: Data time: 1789454145s 510441357ns, Transform time: 1789454142s 163803225ns
[component_container_isolated-1] [INFO] [1789454146.580818969] [robot1.controller_server]: Passing new path to controller.
[component_container_isolated-1] [ERROR] [1789454146.582293269] [tf_help]: Transform data too old when converting from map to odom
[component_container_isolated-1] [ERROR] [1789454146.582304695] [tf_help]: Data time: 1789454146s 540489862ns, Transform time: 1789454142s 163803225ns
[component_container_isolated-1] [ERROR] [1789454146.632140365] [tf_help]: Transform data too old when converting from map to odom
[component_container_isolated-1] [ERROR] [1789454146.632157569] [tf_help]: Data time: 1789454146s 540489862ns, Transform time: 1789454142s 163803225ns
[component_container_isolated-1] [ERROR] [1789454146.682186941] [tf_help]: Transform data too old when converting from map to odom
[component_container_isolated-1] [ERROR] [1789454146.682209167] [tf_help]: Data time: 1789454146s 540489862ns, Transform time: 1789454142s 163803225ns
[component_container_isolated-1] [ERROR] [1789454146.732172873] [tf_help]: Transform data too old when converting from map to odom
[component_container_isolated-1] [ERROR] [1789454146.732190068] [tf_help]: Data time: 1789454146s 540489862ns, Transform time: 1789454142s 163803225ns
[component_container_isolated-1] [ERROR] [1789454146.782202799] [tf_help]: Transform data too old when converting from map to odom
[component_container_isolated-1] [ERROR] [1789454146.782228896] [tf_help]: Data time: 1789454146s 540489862ns, Transform time: 1789454142s 163803225ns
[component_container_isolated-1] [ERROR] [1789454146.832186352] [tf_help]: Transform data too old when converting from map to odom
[component_container_isolated-1] [ERROR] [1789454146.832205079] [tf_help]: Data time: 1789454146s 540489862ns, Transform time: 1789454142s 163803225ns
[component_container_isolated-1] [ERROR] [1789454146.882232663] [tf_help]: Transform data too old when converting from map to odom
[component_container_isolated-1] [ERROR] [1789454146.882256294] [tf_help]: Data time: 1789454146s 540489862ns, Transform time: 1789454142s 163803225ns
[component_container_isolated-1] [ERROR] [1789454146.932162283] [tf_help]: Transform data too old when converting from map to odom
[component_container_isolated-1] [ERROR] [1789454146.932204166] [tf_help]: Data time: 1789454146s 540489862ns, Transform time: 1789454142s 163803225ns
[component_container_isolated-1] [ERROR] [1789454146.982159124] [tf_help]: Transform data too old when converting from map to odom
[component_container_isolated-1] [ERROR] [1789454146.982176474] [tf_help]: Data time: 1789454146s 540489862ns, Transform time: 1789454142s 163803225ns
[component_container_isolated-1] [ERROR] [1789454147.032241800] [tf_help]: Transform data too old when converting from map to odom
[component_container_isolated-1] [ERROR] [1789454147.032260867] [tf_help]: Data time: 1789454146s 540489862ns, Transform time: 1789454142s 163803225ns
[component_container_isolated-1] [ERROR] [1789454147.082137421] [tf_help]: Transform data too old when converting from map to odom
[component_container_isolated-1] [ERROR] [1789454147.082160170] [tf_help]: Data time: 1789454146s 540489862ns, Transform time: 1789454142s 163803225ns
[component_container_isolated-1] [ERROR] [1789454147.132150136] [tf_help]: Transform data too old when converting from map to odom
[component_container_isolated-1] [ERROR] [1789454147.132168171] [tf_help]: Data time: 1789454146s 540489862ns, Transform time: 1789454142s 163803225ns
[component_container_isolated-1] [ERROR] [1789454147.182239401] [tf_help]: Transform data too old when converting from map to odom
[component_container_isolated-1] [ERROR] [1789454147.182263978] [tf_help]: Data time: 1789454146s 540489862ns, Transform time: 1789454142s 163803225ns
[component_container_isolated-1] [ERROR] [1789454147.232173435] [tf_help]: Transform data too old when converting from map to odom
[component_container_isolated-1] [ERROR] [1789454147.232190166] [tf_help]: Data time: 1789454146s 540489862ns, Transform time: 1789454142s 163803225ns
[component_container_isolated-1] [ERROR] [1789454147.282230757] [tf_help]: Transform data too old when converting from map to odom
[component_container_isolated-1] [ERROR] [1789454147.282255161] [tf_help]: Data time: 1789454146s 540489862ns, Transform time: 1789454142s 163803225ns
[component_container_isolated-1] [ERROR] [1789454147.332203611] [tf_help]: Transform data too old when converting from map to odom
[component_container_isolated-1] [ERROR] [1789454147.332228857] [tf_help]: Data time: 1789454146s 540489862ns, Transform time: 1789454142s 163803225ns
[component_container_isolated-1] [ERROR] [1789454147.382202749] [tf_help]: Transform data too old when converting from map to odom
[component_container_isolated-1] [ERROR] [1789454147.382219725] [tf_help]: Data time: 1789454146s 540489862ns, Transform time: 1789454142s 163803225ns
[component_container_isolated-1] [ERROR] [1789454147.432224020] [tf_help]: Transform data too old when converting from map to odom
[component_container_isolated-1] [ERROR] [1789454147.432247114] [tf_help]: Data time: 1789454146s 540489862ns, Transform time: 1789454142s 163803225ns
[component_container_isolated-1] [ERROR] [1789454147.482240480] [tf_help]: Transform data too old when converting from map to odom
[component_container_isolated-1] [ERROR] [1789454147.482265266] [tf_help]: Data time: 1789454146s 540489862ns, Transform time: 1789454142s 163803225ns
[component_container_isolated-1] [ERROR] [1789454147.532132055] [tf_help]: Transform data too old when converting from map to odom
[component_container_isolated-1] [ERROR] [1789454147.532153826] [tf_help]: Data time: 1789454146s 540489862ns, Transform time: 1789454142s 163803225ns
[component_container_isolated-1] [ERROR] [1789454147.582168896] [tf_help]: Transform data too old when converting from map to odom
[component_container_isolated-1] [ERROR] [1789454147.582188043] [tf_help]: Data time: 1789454146s 540489862ns, Transform time: 1789454142s 163803225ns
[component_container_isolated-1] [INFO] [1789454147.630893237] [robot1.controller_server]: Passing new path to controller.
[component_container_isolated-1] [ERROR] [1789454147.632268842] [tf_help]: Transform data too old when converting from map to odom
[component_container_isolated-1] [ERROR] [1789454147.632278349] [tf_help]: Data time: 1789454147s 570646632ns, Transform time: 1789454142s 163803225ns
[component_container_isolated-1] [ERROR] [1789454147.682201319] [tf_help]: Transform data too old when converting from map to odom
[component_container_isolated-1] [ERROR] [1789454147.682224917] [tf_help]: Data time: 1789454147s 570646632ns, Transform time: 1789454142s 163803225ns
[component_container_isolated-1] [ERROR] [1789454147.732203390] [tf_help]: Transform data too old when converting from map to odom
[component_container_isolated-1] [ERROR] [1789454147.732224641] [tf_help]: Data time: 1789454147s 570646632ns, Transform time: 1789454142s 163803225ns
[component_container_isolated-1] [ERROR] [1789454147.782592934] [tf_help]: Transform data too old when converting from map to odom
[component_container_isolated-1] [ERROR] [1789454147.782617997] [tf_help]: Data time: 1789454147s 570646632ns, Transform time: 1789454142s 163803225ns
[component_container_isolated-1] [ERROR] [1789454147.832173695] [tf_help]: Transform data too old when converting from map to odom
[component_container_isolated-1] [ERROR] [1789454147.832191227] [tf_help]: Data time: 1789454147s 570646632ns, Transform time: 1789454142s 163803225ns
[component_container_isolated-1] [ERROR] [1789454147.882181313] [tf_help]: Transform data too old when converting from map to odom
[component_container_isolated-1] [ERROR] [1789454147.882202523] [tf_help]: Data time: 1789454147s 570646632ns, Transform time: 1789454142s 163803225ns
[component_container_isolated-1] [ERROR] [1789454147.932149397] [tf_help]: Transform data too old when converting from map to odom
[component_container_isolated-1] [ERROR] [1789454147.932166228] [tf_help]: Data time: 1789454147s 570646632ns, Transform time: 1789454142s 163803225ns
[component_container_isolated-1] [ERROR] [1789454147.982107418] [tf_help]: Transform data too old when converting from map to odom
[component_container_isolated-1] [ERROR] [1789454147.982122861] [tf_help]: Data time: 1789454147s 570646632ns, Transform time: 1789454142s 163803225ns
[component_container_isolated-1] [ERROR] [1789454148.032083685] [tf_help]: Transform data too old when converting from map to odom
[component_container_isolated-1] [ERROR] [1789454148.032101899] [tf_help]: Data time: 1789454147s 570646632ns, Transform time: 1789454142s 163803225ns
[component_container_isolated-1] [ERROR] [1789454148.082224601] [tf_help]: Transform data too old when converting from map to odom
[component_container_isolated-1] [ERROR] [1789454148.082251475] [tf_help]: Data time: 1789454147s 570646632ns, Transform time: 1789454142s 163803225ns
[component_container_isolated-1] [ERROR] [1789454148.132174210] [tf_help]: Transform data too old when converting from map to odom
[component_container_isolated-1] [ERROR] [1789454148.132190574] [tf_help]: Data time: 1789454147s 570646632ns, Transform time: 1789454142s 163803225ns
[component_container_isolated-1] [ERROR] [1789454148.182141836] [tf_help]: Transform data too old when converting from map to odom
[component_container_isolated-1] [ERROR] [1789454148.182158825] [tf_help]: Data time: 1789454147s 570646632ns, Transform time: 1789454142s 163803225ns
[component_container_isolated-1] [ERROR] [1789454148.232134384] [tf_help]: Transform data too old when converting from map to odom
[component_container_isolated-1] [ERROR] [1789454148.232151730] [tf_help]: Data time: 1789454147s 570646632ns, Transform time: 1789454142s 163803225ns
[component_container_isolated-1] [ERROR] [1789454148.282158681] [tf_help]: Transform data too old when converting from map to odom
[component_container_isolated-1] [ERROR] [1789454148.282183280] [tf_help]: Data time: 1789454147s 570646632ns, Transform time: 1789454142s 163803225ns
[component_container_isolated-1] [ERROR] [1789454148.330829417] [robot1.controller_server]: Failed to make progress
[component_container_isolated-1] [WARN] [1789454148.330886891] [robot1.controller_server]: [follow_path] [ActionServer] Aborting handle.
[component_container_isolated-1] [INFO] [1789454148.350301177] [robot1.local_costmap.local_costmap]: Received request to clear entirely the local_costmap
[component_container_isolated-1] [INFO] [1789454148.350806172] [robot1.controller_server]: Received a goal, begin computing control effort.
[component_container_isolated-1] [ERROR] [1789454148.402313605] [tf_help]: Transform data too old when converting from map to odom
[component_container_isolated-1] [ERROR] [1789454148.402348702] [tf_help]: Data time: 1789454147s 570646632ns, Transform time: 1789454142s 163803225ns
[component_container_isolated-1] [WARN] [1789454148.402353241] [robot1.controller_server]: Control loop missed its desired rate of 20.0000Hz
[component_container_isolated-1] [ERROR] [1789454148.403662658] [tf_help]: Transform data too old when converting from map to odom
[component_container_isolated-1] [ERROR] [1789454148.403669105] [tf_help]: Data time: 1789454147s 570646632ns, Transform time: 1789454142s 163803225ns
[component_container_isolated-1] [ERROR] [1789454148.452415023] [tf_help]: Transform data too old when converting from map to odom
[component_container_isolated-1] [ERROR] [1789454148.452431600] [tf_help]: Data time: 1789454147s 570646632ns, Transform time: 1789454142s 163803225ns
[component_container_isolated-1] [ERROR] [1789454148.502377257] [tf_help]: Transform data too old when converting from map to odom
[component_container_isolated-1] [ERROR] [1789454148.502397344] [tf_help]: Data time: 1789454147s 570646632ns, Transform time: 1789454142s 163803225ns
[component_container_isolated-1] [ERROR] [1789454148.552324197] [tf_help]: Transform data too old when converting from map to odom
[component_container_isolated-1] [ERROR] [1789454148.552345692] [tf_help]: Data time: 1789454147s 570646632ns, Transform time: 1789454142s 163803225ns
[component_container_isolated-1] [ERROR] [1789454148.602316248] [tf_help]: Transform data too old when converting from map to odom
[component_container_isolated-1] [ERROR] [1789454148.602334046] [tf_help]: Data time: 1789454147s 570646632ns, Transform time: 1789454142s 163803225ns
[component_container_isolated-1] [INFO] [1789454148.650967808] [robot1.controller_server]: Passing new path to controller.
[component_container_isolated-1] [ERROR] [1789454148.652406661] [tf_help]: Transform data too old when converting from map to odom
[component_container_isolated-1] [ERROR] [1789454148.652418533] [tf_help]: Data time: 1789454148s 600691658ns, Transform time: 1789454142s 163803225ns
[component_container_isolated-1] [ERROR] [1789454148.702334209] [tf_help]: Transform data too old when converting from map to odom
[component_container_isolated-1] [ERROR] [1789454148.702360376] [tf_help]: Data time: 1789454148s 600691658ns, Transform time: 1789454142s 163803225ns
[component_container_isolated-1] [ERROR] [1789454148.752277721] [tf_help]: Transform data too old when converting from map to odom
[component_container_isolated-1] [ERROR] [1789454148.752296956] [tf_help]: Data time: 1789454148s 600691658ns, Transform time: 1789454142s 163803225ns
[component_container_isolated-1] [ERROR] [1789454148.802236878] [tf_help]: Transform data too old when converting from map to odom
[component_container_isolated-1] [ERROR] [1789454148.802255293] [tf_help]: Data time: 1789454148s 600691658ns, Transform time: 1789454142s 163803225ns
[component_container_isolated-1] [ERROR] [1789454148.852270167] [tf_help]: Transform data too old when converting from map to odom
[component_container_isolated-1] [ERROR] [1789454148.852285660] [tf_help]: Data time: 1789454148s 600691658ns, Transform time: 1789454142s 163803225ns
[component_container_isolated-1] [ERROR] [1789454148.902291682] [tf_help]: Transform data too old when converting from map to odom
[component_container_isolated-1] [ERROR] [1789454148.902313161] [tf_help]: Data time: 1789454148s 600691658ns, Transform time: 1789454142s 163803225ns
[component_container_isolated-1] [ERROR] [1789454148.952250462] [tf_help]: Transform data too old when converting from map to odom
[component_container_isolated-1] [ERROR] [1789454148.952267692] [tf_help]: Data time: 1789454148s 600691658ns, Transform time: 1789454142s 163803225ns
[component_container_isolated-1] [ERROR] [1789454149.002326133] [tf_help]: Transform data too old when converting from map to odom
[component_container_isolated-1] [ERROR] [1789454149.002352719] [tf_help]: Data time: 1789454148s 600691658ns, Transform time: 1789454142s 163803225ns
[component_container_isolated-1] [ERROR] [1789454149.052254444] [tf_help]: Transform data too old when converting from map to odom
[component_container_isolated-1] [ERROR] [1789454149.052272781] [tf_help]: Data time: 1789454148s 600691658ns, Transform time: 1789454142s 163803225ns
[component_container_isolated-1] [ERROR] [1789454149.102268480] [tf_help]: Transform data too old when converting from map to odom
[component_container_isolated-1] [ERROR] [1789454149.102290952] [tf_help]: Data time: 1789454148s 600691658ns, Transform time: 1789454142s 163803225ns
[component_container_isolated-1] [ERROR] [1789454149.152285944] [tf_help]: Transform data too old when converting from map to odom
[component_container_isolated-1] [ERROR] [1789454149.152306152] [tf_help]: Data time: 1789454148s 600691658ns, Transform time: 1789454142s 163803225ns
[component_container_isolated-1] [ERROR] [1789454149.202348631] [tf_help]: Transform data too old when converting from map to odom
[component_container_isolated-1] [ERROR] [1789454149.202369456] [tf_help]: Data time: 1789454148s 600691658ns, Transform time: 1789454142s 163803225ns
[component_container_isolated-1] [ERROR] [1789454149.252304286] [tf_help]: Transform data too old when converting from map to odom
[component_container_isolated-1] [ERROR] [1789454149.252321986] [tf_help]: Data time: 1789454148s 600691658ns, Transform time: 1789454142s 163803225ns
[component_container_isolated-1] [ERROR] [1789454149.302408208] [tf_help]: Transform data too old when converting from map to odom
[component_container_isolated-1] [ERROR] [1789454149.302434433] [tf_help]: Data time: 1789454148s 600691658ns, Transform time: 1789454142s 163803225ns
[component_container_isolated-1] [ERROR] [1789454149.352322916] [tf_help]: Transform data too old when converting from map to odom
[component_container_isolated-1] [ERROR] [1789454149.352344953] [tf_help]: Data time: 1789454148s 600691658ns, Transform time: 1789454142s 163803225ns
[component_container_isolated-1] [ERROR] [1789454149.402287516] [tf_help]: Transform data too old when converting from map to odom
[component_container_isolated-1] [ERROR] [1789454149.402306306] [tf_help]: Data time: 1789454148s 600691658ns, Transform time: 1789454142s 163803225ns
[component_container_isolated-1] [ERROR] [1789454149.452368747] [tf_help]: Transform data too old when converting from map to odom
[component_container_isolated-1] [ERROR] [1789454149.452387431] [tf_help]: Data time: 1789454148s 600691658ns, Transform time: 1789454142s 163803225ns
[component_container_isolated-1] [ERROR] [1789454149.502368447] [tf_help]: Transform data too old when converting from map to odom
[component_container_isolated-1] [ERROR] [1789454149.502389839] [tf_help]: Data time: 1789454148s 600691658ns, Transform time: 1789454142s 163803225ns
[component_container_isolated-1] [ERROR] [1789454149.552352326] [tf_help]: Transform data too old when converting from map to odom
[component_container_isolated-1] [ERROR] [1789454149.552371825] [tf_help]: Data time: 1789454148s 600691658ns, Transform time: 1789454142s 163803225ns
[component_container_isolated-1] [ERROR] [1789454149.602334288] [tf_help]: Transform data too old when converting from map to odom
[component_container_isolated-1] [ERROR] [1789454149.602356648] [tf_help]: Data time: 1789454148s 600691658ns, Transform time: 1789454142s 163803225ns
[component_container_isolated-1] [INFO] [1789454149.650953593] [robot1.controller_server]: Passing new path to controller.
[component_container_isolated-1] [ERROR] [1789454149.652399405] [tf_help]: Transform data too old when converting from map to odom
[component_container_isolated-1] [ERROR] [1789454149.652410873] [tf_help]: Data time: 1789454149s 630641023ns, Transform time: 1789454142s 163803225ns
[component_container_isolated-1] [ERROR] [1789454149.702651724] [tf_help]: Transform data too old when converting from map to odom
[component_container_isolated-1] [ERROR] [1789454149.702681177] [tf_help]: Data time: 1789454149s 630641023ns, Transform time: 1789454142s 163803225ns
[component_container_isolated-1] [ERROR] [1789454149.752317312] [tf_help]: Transform data too old when converting from map to odom
[component_container_isolated-1] [ERROR] [1789454149.752334427] [tf_help]: Data time: 1789454149s 630641023ns, Transform time: 1789454142s 163803225ns
[component_container_isolated-1] [ERROR] [1789454149.802276351] [tf_help]: Transform data too old when converting from map to odom
[component_container_isolated-1] [ERROR] [1789454149.802295302] [tf_help]: Data time: 1789454149s 630641023ns, Transform time: 1789454142s 163803225ns
[component_container_isolated-1] [ERROR] [1789454149.852289953] [tf_help]: Transform data too old when converting from map to odom
[component_container_isolated-1] [ERROR] [1789454149.852308895] [tf_help]: Data time: 1789454149s 630641023ns, Transform time: 1789454142s 163803225ns
[component_container_isolated-1] [ERROR] [1789454149.902387594] [tf_help]: Transform data too old when converting from map to odom
[component_container_isolated-1] [ERROR] [1789454149.902412751] [tf_help]: Data time: 1789454149s 630641023ns, Transform time: 1789454142s 163803225ns
[component_container_isolated-1] [ERROR] [1789454149.952336207] [tf_help]: Transform data too old when converting from map to odom
[component_container_isolated-1] [ERROR] [1789454149.952352665] [tf_help]: Data time: 1789454149s 630641023ns, Transform time: 1789454142s 163803225ns
[component_container_isolated-1] [ERROR] [1789454150.002378704] [tf_help]: Transform data too old when converting from map to odom
[component_container_isolated-1] [ERROR] [1789454150.002397961] [tf_help]: Data time: 1789454149s 630641023ns, Transform time: 1789454142s 163803225ns
[component_container_isolated-1] [ERROR] [1789454150.052285236] [tf_help]: Transform data too old when converting from map to odom
[component_container_isolated-1] [ERROR] [1789454150.052305195] [tf_help]: Data time: 1789454149s 630641023ns, Transform time: 1789454142s 163803225ns
[component_container_isolated-1] [ERROR] [1789454150.102298144] [tf_help]: Transform data too old when converting from map to odom
[component_container_isolated-1] [ERROR] [1789454150.102320943] [tf_help]: Data time: 1789454149s 630641023ns, Transform time: 1789454142s 163803225ns
[component_container_isolated-1] [ERROR] [1789454150.152445959] [tf_help]: Transform data too old when converting from map to odom
[component_container_isolated-1] [ERROR] [1789454150.152466869] [tf_help]: Data time: 1789454149s 630641023ns, Transform time: 1789454142s 163803225ns
[component_container_isolated-1] [ERROR] [1789454150.202342513] [tf_help]: Transform data too old when converting from map to odom
[component_container_isolated-1] [ERROR] [1789454150.202365316] [tf_help]: Data time: 1789454149s 630641023ns, Transform time: 1789454142s 163803225ns
[component_container_isolated-1] [ERROR] [1789454150.252327340] [tf_help]: Transform data too old when converting from map to odom
[component_container_isolated-1] [ERROR] [1789454150.252345985] [tf_help]: Data time: 1789454149s 630641023ns, Transform time: 1789454142s 163803225ns
[component_container_isolated-1] [ERROR] [1789454150.302321869] [tf_help]: Transform data too old when converting from map to odom
[component_container_isolated-1] [ERROR] [1789454150.302348154] [tf_help]: Data time: 1789454149s 630641023ns, Transform time: 1789454142s 163803225ns
[component_container_isolated-1] [ERROR] [1789454150.352293061] [tf_help]: Transform data too old when converting from map to odom
[component_container_isolated-1] [ERROR] [1789454150.352315550] [tf_help]: Data time: 1789454149s 630641023ns, Transform time: 1789454142s 163803225ns
[component_container_isolated-1] [ERROR] [1789454150.402291762] [tf_help]: Transform data too old when converting from map to odom
[component_container_isolated-1] [ERROR] [1789454150.402310865] [tf_help]: Data time: 1789454149s 630641023ns, Transform time: 1789454142s 163803225ns
[component_container_isolated-1] [ERROR] [1789454150.452292491] [tf_help]: Transform data too old when converting from map to odom
[component_container_isolated-1] [ERROR] [1789454150.452309815] [tf_help]: Data time: 1789454149s 630641023ns, Transform time: 1789454142s 163803225ns
[component_container_isolated-1] [ERROR] [1789454150.502294134] [tf_help]: Transform data too old when converting from map to odom
[component_container_isolated-1] [ERROR] [1789454150.502317082] [tf_help]: Data time: 1789454149s 630641023ns, Transform time: 1789454142s 163803225ns
[component_container_isolated-1] [ERROR] [1789454150.552276556] [tf_help]: Transform data too old when converting from map to odom
[component_container_isolated-1] [ERROR] [1789454150.552297244] [tf_help]: Data time: 1789454149s 630641023ns, Transform time: 1789454142s 163803225ns
[component_container_isolated-1] [ERROR] [1789454150.602348040] [tf_help]: Transform data too old when converting from map to odom
[component_container_isolated-1] [ERROR] [1789454150.602365733] [tf_help]: Data time: 1789454149s 630641023ns, Transform time: 1789454142s 163803225ns
[component_container_isolated-1] [ERROR] [1789454150.652274937] [tf_help]: Transform data too old when converting from map to odom
[component_container_isolated-1] [ERROR] [1789454150.652297699] [tf_help]: Data time: 1789454149s 630641023ns, Transform time: 1789454142s 163803225ns
[component_container_isolated-1] [INFO] [1789454150.701026543] [robot1.controller_server]: Passing new path to controller.
[component_container_isolated-1] [ERROR] [1789454150.702579966] [tf_help]: Transform data too old when converting from map to odom
[component_container_isolated-1] [ERROR] [1789454150.702595914] [tf_help]: Data time: 1789454150s 660469430ns, Transform time: 1789454142s 163803225ns
[component_container_isolated-1] [ERROR] [1789454150.752361984] [tf_help]: Transform data too old when converting from map to odom
[component_container_isolated-1] [ERROR] [1789454150.752382094] [tf_help]: Data time: 1789454150s 660469430ns, Transform time: 1789454142s 163803225ns
[component_container_isolated-1] [ERROR] [1789454150.802341674] [tf_help]: Transform data too old when converting from map to odom
[component_container_isolated-1] [ERROR] [1789454150.802364912] [tf_help]: Data time: 1789454150s 660469430ns, Transform time: 1789454142s 163803225ns
[component_container_isolated-1] [ERROR] [1789454150.852375069] [tf_help]: Transform data too old when converting from map to odom
[component_container_isolated-1] [ERROR] [1789454150.852392369] [tf_help]: Data time: 1789454150s 660469430ns, Transform time: 1789454142s 163803225ns
[component_container_isolated-1] [ERROR] [1789454150.902323153] [tf_help]: Transform data too old when converting from map to odom
[component_container_isolated-1] [ERROR] [1789454150.902348803] [tf_help]: Data time: 1789454150s 660469430ns, Transform time: 1789454142s 163803225ns
[component_container_isolated-1] [ERROR] [1789454150.952289162] [tf_help]: Transform data too old when converting from map to odom
[component_container_isolated-1] [ERROR] [1789454150.952308519] [tf_help]: Data time: 1789454150s 660469430ns, Transform time: 1789454142s 163803225ns
[component_container_isolated-1] [ERROR] [1789454151.002387613] [tf_help]: Transform data too old when converting from map to odom
[component_container_isolated-1] [ERROR] [1789454151.002407911] [tf_help]: Data time: 1789454150s 660469430ns, Transform time: 1789454142s 163803225ns
[component_container_isolated-1] [ERROR] [1789454151.052321418] [tf_help]: Transform data too old when converting from map to odom
[component_container_isolated-1] [ERROR] [1789454151.052344931] [tf_help]: Data time: 1789454150s 660469430ns, Transform time: 1789454142s 163803225ns
[component_container_isolated-1] [ERROR] [1789454151.102329191] [tf_help]: Transform data too old when converting from map to odom
[component_container_isolated-1] [ERROR] [1789454151.102353140] [tf_help]: Data time: 1789454150s 660469430ns, Transform time: 1789454142s 163803225ns
[component_container_isolated-1] [ERROR] [1789454151.152318511] [tf_help]: Transform data too old when converting from map to odom
[component_container_isolated-1] [ERROR] [1789454151.152339706] [tf_help]: Data time: 1789454150s 660469430ns, Transform time: 1789454142s 163803225ns
[component_container_isolated-1] [ERROR] [1789454151.202255292] [tf_help]: Transform data too old when converting from map to odom
[component_container_isolated-1] [ERROR] [1789454151.202272025] [tf_help]: Data time: 1789454150s 660469430ns, Transform time: 1789454142s 163803225ns
[component_container_isolated-1] [ERROR] [1789454151.252290493] [tf_help]: Transform data too old when converting from map to odom
[component_container_isolated-1] [ERROR] [1789454151.252308517] [tf_help]: Data time: 1789454150s 660469430ns, Transform time: 1789454142s 163803225ns
[component_container_isolated-1] [ERROR] [1789454151.302927943] [tf_help]: Transform data too old when converting from map to odom
[component_container_isolated-1] [ERROR] [1789454151.302954875] [tf_help]: Data time: 1789454150s 660469430ns, Transform time: 1789454142s 163803225ns
[component_container_isolated-1] [ERROR] [1789454151.352356538] [tf_help]: Transform data too old when converting from map to odom
[component_container_isolated-1] [ERROR] [1789454151.352379579] [tf_help]: Data time: 1789454150s 660469430ns, Transform time: 1789454142s 163803225ns
[component_container_isolated-1] [ERROR] [1789454151.402319222] [tf_help]: Transform data too old when converting from map to odom
[component_container_isolated-1] [ERROR] [1789454151.402342678] [tf_help]: Data time: 1789454150s 660469430ns, Transform time: 1789454142s 163803225ns
[component_container_isolated-1] [ERROR] [1789454151.452375746] [tf_help]: Transform data too old when converting from map to odom
[component_container_isolated-1] [ERROR] [1789454151.452421797] [tf_help]: Data time: 1789454150s 660469430ns, Transform time: 1789454142s 163803225ns
[component_container_isolated-1] [ERROR] [1789454151.502304904] [tf_help]: Transform data too old when converting from map to odom
[component_container_isolated-1] [ERROR] [1789454151.502352295] [tf_help]: Data time: 1789454150s 660469430ns, Transform time: 1789454142s 163803225ns
[component_container_isolated-1] [INFO] [1789454151.544568668] [robot1.local_costmap.local_costmap]: Message Filter dropping message: frame 'rplidar_link' at time 1789454143.644 for reason 'the timestamp on the message is earlier than all the data in the transform cache'
[component_container_isolated-1] [ERROR] [1789454151.552336499] [tf_help]: Transform data too old when converting from map to odom
[component_container_isolated-1] [ERROR] [1789454151.552351072] [tf_help]: Data time: 1789454150s 660469430ns, Transform time: 1789454142s 163803225ns
[component_container_isolated-1] [ERROR] [1789454151.602256509] [tf_help]: Transform data too old when converting from map to odom
[component_container_isolated-1] [ERROR] [1789454151.602274946] [tf_help]: Data time: 1789454150s 660469430ns, Transform time: 1789454142s 163803225ns
[component_container_isolated-1] [ERROR] [1789454151.653224098] [tf_help]: Transform data too old when converting from map to odom
[component_container_isolated-1] [ERROR] [1789454151.653259187] [tf_help]: Data time: 1789454150s 660469430ns, Transform time: 1789454142s 163803225ns
[component_container_isolated-1] [ERROR] [1789454151.703074305] [tf_help]: Transform data too old when converting from map to odom
[component_container_isolated-1] [ERROR] [1789454151.703102127] [tf_help]: Data time: 1789454150s 660469430ns, Transform time: 1789454142s 163803225ns
[component_container_isolated-1] [INFO] [1789454151.750931948] [robot1.controller_server]: Passing new path to controller.
[component_container_isolated-1] [ERROR] [1789454151.752315885] [tf_help]: Transform data too old when converting from map to odom
[component_container_isolated-1] [ERROR] [1789454151.752326872] [tf_help]: Data time: 1789454151s 690626870ns, Transform time: 1789454142s 163803225ns
[component_container_isolated-1] [ERROR] [1789454151.800992763] [tf_help]: Transform data too old when converting from odom to map
[component_container_isolated-1] [ERROR] [1789454151.801015052] [tf_help]: Data time: 1789454145s 366395368ns, Transform time: 1789454142s 163803225ns
[component_container_isolated-1] [WARN] [1789454151.801037396] [robot1.controller_server]: Unable to transform robot pose into global plan's frame
[component_container_isolated-1] [ERROR] [1789454151.801082867] [tf_help]: Transform data too old when converting from map to odom
[component_container_isolated-1] [ERROR] [1789454151.801085478] [tf_help]: Data time: 1789454151s 690626870ns, Transform time: 1789454142s 163803225ns
[component_container_isolated-1] [ERROR] [1789454151.852370083] [tf_help]: Transform data too old when converting from map to odom
[component_container_isolated-1] [ERROR] [1789454151.852395445] [tf_help]: Data time: 1789454151s 690626870ns, Transform time: 1789454145s 643562901ns
[component_container_isolated-1] [ERROR] [1789454151.902332494] [tf_help]: Transform data too old when converting from map to odom
[component_container_isolated-1] [ERROR] [1789454151.902353454] [tf_help]: Data time: 1789454151s 690626870ns, Transform time: 1789454145s 643562901ns
[component_container_isolated-1] [ERROR] [1789454151.952348653] [tf_help]: Transform data too old when converting from map to odom
[component_container_isolated-1] [ERROR] [1789454151.952367390] [tf_help]: Data time: 1789454151s 690626870ns, Transform time: 1789454145s 643562901ns
[component_container_isolated-1] [ERROR] [1789454152.002357768] [tf_help]: Transform data too old when converting from map to odom
[component_container_isolated-1] [ERROR] [1789454152.002385107] [tf_help]: Data time: 1789454151s 690626870ns, Transform time: 1789454145s 643562901ns
[component_container_isolated-1] [ERROR] [1789454152.052384867] [tf_help]: Transform data too old when converting from map to odom
[component_container_isolated-1] [ERROR] [1789454152.052403790] [tf_help]: Data time: 1789454151s 690626870ns, Transform time: 1789454145s 643562901ns
[component_container_isolated-1] [ERROR] [1789454152.102482307] [tf_help]: Transform data too old when converting from map to odom
[component_container_isolated-1] [ERROR] [1789454152.102503510] [tf_help]: Data time: 1789454151s 690626870ns, Transform time: 1789454145s 643562901ns
[component_container_isolated-1] [ERROR] [1789454152.152296485] [tf_help]: Transform data too old when converting from map to odom
[component_container_isolated-1] [ERROR] [1789454152.152315569] [tf_help]: Data time: 1789454151s 690626870ns, Transform time: 1789454145s 643562901ns
[component_container_isolated-1] [INFO] [1789454152.194445288] [robot1.local_costmap.local_costmap]: StaticLayer: Resizing static layer to 188 X 293 at 0.050000 m/pix
[component_container_isolated-1] [ERROR] [1789454152.202338228] [tf_help]: Transform data too old when converting from map to odom
[component_container_isolated-1] [ERROR] [1789454152.202352471] [tf_help]: Data time: 1789454151s 690626870ns, Transform time: 1789454145s 643562901ns
[component_container_isolated-1] [ERROR] [1789454152.252465608] [tf_help]: Transform data too old when converting from map to odom
[component_container_isolated-1] [ERROR] [1789454152.252485268] [tf_help]: Data time: 1789454151s 690626870ns, Transform time: 1789454145s 643562901ns
[component_container_isolated-1] [ERROR] [1789454152.302355685] [tf_help]: Transform data too old when converting from map to odom
[component_container_isolated-1] [ERROR] [1789454152.302382415] [tf_help]: Data time: 1789454151s 690626870ns, Transform time: 1789454145s 643562901ns
[component_container_isolated-1] [ERROR] [1789454152.352330141] [tf_help]: Transform data too old when converting from map to odom
[component_container_isolated-1] [ERROR] [1789454152.352353650] [tf_help]: Data time: 1789454151s 690626870ns, Transform time: 1789454145s 643562901ns
[component_container_isolated-1] [ERROR] [1789454152.402272293] [tf_help]: Transform data too old when converting from map to odom
[component_container_isolated-1] [ERROR] [1789454152.402288393] [tf_help]: Data time: 1789454151s 690626870ns, Transform time: 1789454145s 643562901ns
[component_container_isolated-1] [ERROR] [1789454152.452984475] [tf_help]: Transform data too old when converting from map to odom
[component_container_isolated-1] [ERROR] [1789454152.453002209] [tf_help]: Data time: 1789454151s 690626870ns, Transform time: 1789454145s 643562901ns
[component_container_isolated-1] [ERROR] [1789454152.502296000] [tf_help]: Transform data too old when converting from map to odom
[component_container_isolated-1] [ERROR] [1789454152.502316537] [tf_help]: Data time: 1789454151s 690626870ns, Transform time: 1789454145s 643562901ns
[component_container_isolated-1] [ERROR] [1789454152.552318477] [tf_help]: Transform data too old when converting from map to odom
[component_container_isolated-1] [ERROR] [1789454152.552338199] [tf_help]: Data time: 1789454151s 690626870ns, Transform time: 1789454145s 643562901ns
[component_container_isolated-1] [ERROR] [1789454152.602371529] [tf_help]: Transform data too old when converting from map to odom
[component_container_isolated-1] [ERROR] [1789454152.602393504] [tf_help]: Data time: 1789454151s 690626870ns, Transform time: 1789454145s 643562901ns
[component_container_isolated-1] [ERROR] [1789454152.652361367] [tf_help]: Transform data too old when converting from map to odom
[component_container_isolated-1] [ERROR] [1789454152.652407254] [tf_help]: Data time: 1789454151s 690626870ns, Transform time: 1789454145s 643562901ns
[component_container_isolated-1] [ERROR] [1789454152.702330795] [tf_help]: Transform data too old when converting from map to odom
[component_container_isolated-1] [ERROR] [1789454152.702348159] [tf_help]: Data time: 1789454151s 690626870ns, Transform time: 1789454145s 643562901ns
[component_container_isolated-1] [INFO] [1789454152.750952876] [robot1.controller_server]: Passing new path to controller.
[component_container_isolated-1] [ERROR] [1789454152.752454258] [tf_help]: Transform data too old when converting from map to odom
[component_container_isolated-1] [ERROR] [1789454152.752472581] [tf_help]: Data time: 1789454152s 720562628ns, Transform time: 1789454145s 643562901ns
[component_container_isolated-1] [INFO] [1789454152.758235718] [robot1.global_costmap.global_costmap]: StaticLayer: Resizing costmap to 188 X 293 at 0.050000 m/pix
[component_container_isolated-1] [ERROR] [1789454152.802329969] [tf_help]: Transform data too old when converting from map to odom
[component_container_isolated-1] [ERROR] [1789454152.802347346] [tf_help]: Data time: 1789454152s 720562628ns, Transform time: 1789454145s 643562901ns
[component_container_isolated-1] [ERROR] [1789454152.852330895] [tf_help]: Transform data too old when converting from map to odom
[component_container_isolated-1] [ERROR] [1789454152.852349905] [tf_help]: Data time: 1789454152s 720562628ns, Transform time: 1789454145s 643562901ns
[component_container_isolated-1] [ERROR] [1789454152.903035854] [tf_help]: Transform data too old when converting from map to odom
[component_container_isolated-1] [ERROR] [1789454152.903072240] [tf_help]: Data time: 1789454152s 720562628ns, Transform time: 1789454145s 643562901ns
[component_container_isolated-1] [ERROR] [1789454152.953203192] [tf_help]: Transform data too old when converting from map to odom
[component_container_isolated-1] [ERROR] [1789454152.953233671] [tf_help]: Data time: 1789454152s 720562628ns, Transform time: 1789454145s 643562901ns
[component_container_isolated-1] [ERROR] [1789454153.002721401] [tf_help]: Transform data too old when converting from map to odom
[component_container_isolated-1] [ERROR] [1789454153.002745863] [tf_help]: Data time: 1789454152s 720562628ns, Transform time: 1789454145s 643562901ns
[component_container_isolated-1] [ERROR] [1789454153.052428645] [tf_help]: Transform data too old when converting from map to odom
[component_container_isolated-1] [ERROR] [1789454153.052447118] [tf_help]: Data time: 1789454152s 720562628ns, Transform time: 1789454145s 643562901ns
[component_container_isolated-1] [ERROR] [1789454153.102377591] [tf_help]: Transform data too old when converting from map to odom
[component_container_isolated-1] [ERROR] [1789454153.102410305] [tf_help]: Data time: 1789454152s 720562628ns, Transform time: 1789454145s 643562901ns
[component_container_isolated-1] [ERROR] [1789454153.152383332] [tf_help]: Transform data too old when converting from map to odom
[component_container_isolated-1] [ERROR] [1789454153.152404324] [tf_help]: Data time: 1789454152s 720562628ns, Transform time: 1789454145s 643562901ns
[component_container_isolated-1] [ERROR] [1789454153.202342769] [tf_help]: Transform data too old when converting from map to odom
[component_container_isolated-1] [ERROR] [1789454153.202362074] [tf_help]: Data time: 1789454152s 720562628ns, Transform time: 1789454145s 643562901ns
[component_container_isolated-1] [ERROR] [1789454153.252325784] [tf_help]: Transform data too old when converting from map to odom
[component_container_isolated-1] [ERROR] [1789454153.252340863] [tf_help]: Data time: 1789454152s 720562628ns, Transform time: 1789454145s 643562901ns
[component_container_isolated-1] [ERROR] [1789454153.302360200] [tf_help]: Transform data too old when converting from map to odom
[component_container_isolated-1] [ERROR] [1789454153.302385415] [tf_help]: Data time: 1789454152s 720562628ns, Transform time: 1789454145s 643562901ns
[component_container_isolated-1] [ERROR] [1789454153.352287648] [tf_help]: Transform data too old when converting from map to odom
[component_container_isolated-1] [ERROR] [1789454153.352307025] [tf_help]: Data time: 1789454152s 720562628ns, Transform time: 1789454145s 643562901ns
[component_container_isolated-1] [ERROR] [1789454153.402342473] [tf_help]: Transform data too old when converting from map to odom
[component_container_isolated-1] [ERROR] [1789454153.402359571] [tf_help]: Data time: 1789454152s 720562628ns, Transform time: 1789454145s 643562901ns
[component_container_isolated-1] [ERROR] [1789454153.452309295] [tf_help]: Transform data too old when converting from map to odom
[component_container_isolated-1] [ERROR] [1789454153.452325553] [tf_help]: Data time: 1789454152s 720562628ns, Transform time: 1789454145s 643562901ns
[component_container_isolated-1] [ERROR] [1789454153.502378869] [tf_help]: Transform data too old when converting from map to odom
[component_container_isolated-1] [ERROR] [1789454153.502403414] [tf_help]: Data time: 1789454152s 720562628ns, Transform time: 1789454145s 643562901ns
[component_container_isolated-1] [ERROR] [1789454153.552344492] [tf_help]: Transform data too old when converting from map to odom
[component_container_isolated-1] [ERROR] [1789454153.552362701] [tf_help]: Data time: 1789454152s 720562628ns, Transform time: 1789454145s 643562901ns
[component_container_isolated-1] [ERROR] [1789454153.602308450] [tf_help]: Transform data too old when converting from map to odom
[component_container_isolated-1] [ERROR] [1789454153.602325013] [tf_help]: Data time: 1789454152s 720562628ns, Transform time: 1789454145s 643562901ns
[component_container_isolated-1] [ERROR] [1789454153.652323798] [tf_help]: Transform data too old when converting from map to odom
[component_container_isolated-1] [ERROR] [1789454153.652351430] [tf_help]: Data time: 1789454152s 720562628ns, Transform time: 1789454145s 643562901ns
[component_container_isolated-1] [ERROR] [1789454153.702301381] [tf_help]: Transform data too old when converting from map to odom
[component_container_isolated-1] [ERROR] [1789454153.702323027] [tf_help]: Data time: 1789454152s 720562628ns, Transform time: 1789454145s 643562901ns
[component_container_isolated-1] [ERROR] [1789454153.752373220] [tf_help]: Transform data too old when converting from map to odom
[component_container_isolated-1] [ERROR] [1789454153.752390578] [tf_help]: Data time: 1789454152s 720562628ns, Transform time: 1789454145s 643562901ns
[component_container_isolated-1] [INFO] [1789454153.800952620] [robot1.controller_server]: Passing new path to controller.
[component_container_isolated-1] [ERROR] [1789454153.802445049] [tf_help]: Transform data too old when converting from map to odom
[component_container_isolated-1] [ERROR] [1789454153.802456087] [tf_help]: Data time: 1789454153s 750502305ns, Transform time: 1789454145s 643562901ns
[component_container_isolated-1] [ERROR] [1789454153.852325332] [tf_help]: Transform data too old when converting from map to odom
[component_container_isolated-1] [ERROR] [1789454153.852340100] [tf_help]: Data time: 1789454153s 750502305ns, Transform time: 1789454145s 643562901ns
[component_container_isolated-1] [ERROR] [1789454153.902336872] [tf_help]: Transform data too old when converting from map to odom
[component_container_isolated-1] [ERROR] [1789454153.902357658] [tf_help]: Data time: 1789454153s 750502305ns, Transform time: 1789454145s 643562901ns
[component_container_isolated-1] [ERROR] [1789454153.952257633] [tf_help]: Transform data too old when converting from map to odom
[component_container_isolated-1] [ERROR] [1789454153.952272676] [tf_help]: Data time: 1789454153s 750502305ns, Transform time: 1789454145s 643562901ns
[component_container_isolated-1] [ERROR] [1789454154.002276819] [tf_help]: Transform data too old when converting from map to odom
[component_container_isolated-1] [ERROR] [1789454154.002295770] [tf_help]: Data time: 1789454153s 750502305ns, Transform time: 1789454145s 643562901ns
[component_container_isolated-1] [ERROR] [1789454154.050976439] [tf_help]: Transform data too old when converting from odom to map
[component_container_isolated-1] [ERROR] [1789454154.050997091] [tf_help]: Data time: 1789454146s 214024010ns, Transform time: 1789454145s 643562901ns
[component_container_isolated-1] [WARN] [1789454154.051031235] [robot1.controller_server]: Unable to transform robot pose into global plan's frame
[component_container_isolated-1] [ERROR] [1789454154.051118691] [tf_help]: Transform data too old when converting from map to odom
[component_container_isolated-1] [ERROR] [1789454154.051123151] [tf_help]: Data time: 1789454153s 750502305ns, Transform time: 1789454145s 643562901ns
[component_container_isolated-1] [ERROR] [1789454154.100998421] [tf_help]: Transform data too old when converting from odom to map
[component_container_isolated-1] [ERROR] [1789454154.101021097] [tf_help]: Data time: 1789454146s 214024010ns, Transform time: 1789454145s 643562901ns
[component_container_isolated-1] [WARN] [1789454154.101036772] [robot1.controller_server]: Unable to transform robot pose into global plan's frame
[component_container_isolated-1] [ERROR] [1789454154.101086925] [tf_help]: Transform data too old when converting from map to odom
[component_container_isolated-1] [ERROR] [1789454154.101114376] [tf_help]: Data time: 1789454153s 750502305ns, Transform time: 1789454145s 643562901ns
[component_container_isolated-1] [ERROR] [1789454154.150969034] [tf_help]: Transform data too old when converting from odom to map
[component_container_isolated-1] [ERROR] [1789454154.150987900] [tf_help]: Data time: 1789454146s 214024010ns, Transform time: 1789454145s 643562901ns
[component_container_isolated-1] [WARN] [1789454154.151003740] [robot1.controller_server]: Unable to transform robot pose into global plan's frame
[component_container_isolated-1] [ERROR] [1789454154.151053653] [tf_help]: Transform data too old when converting from map to odom
[component_container_isolated-1] [ERROR] [1789454154.151056191] [tf_help]: Data time: 1789454153s 750502305ns, Transform time: 1789454145s 643562901ns
[component_container_isolated-1] [ERROR] [1789454154.201003035] [tf_help]: Transform data too old when converting from odom to map
[component_container_isolated-1] [ERROR] [1789454154.201018036] [tf_help]: Data time: 1789454146s 214024010ns, Transform time: 1789454145s 643562901ns
[component_container_isolated-1] [WARN] [1789454154.201030987] [robot1.controller_server]: Unable to transform robot pose into global plan's frame
[component_container_isolated-1] [ERROR] [1789454154.201074436] [tf_help]: Transform data too old when converting from map to odom
[component_container_isolated-1] [ERROR] [1789454154.201100505] [tf_help]: Data time: 1789454153s 750502305ns, Transform time: 1789454145s 643562901ns
[component_container_isolated-1] [ERROR] [1789454154.251007666] [tf_help]: Transform data too old when converting from odom to map
[component_container_isolated-1] [ERROR] [1789454154.251025584] [tf_help]: Data time: 1789454146s 214024010ns, Transform time: 1789454145s 643562901ns
[component_container_isolated-1] [WARN] [1789454154.251046464] [robot1.controller_server]: Unable to transform robot pose into global plan's frame
[component_container_isolated-1] [ERROR] [1789454154.251093510] [tf_help]: Transform data too old when converting from map to odom
[component_container_isolated-1] [ERROR] [1789454154.251095969] [tf_help]: Data time: 1789454153s 750502305ns, Transform time: 1789454145s 643562901ns
[component_container_isolated-1] [ERROR] [1789454154.300992517] [tf_help]: Transform data too old when converting from odom to map
[component_container_isolated-1] [ERROR] [1789454154.301021298] [tf_help]: Data time: 1789454151s 622504144ns, Transform time: 1789454145s 643562901ns
[component_container_isolated-1] [WARN] [1789454154.301045632] [robot1.controller_server]: Unable to transform robot pose into global plan's frame
[component_container_isolated-1] [ERROR] [1789454154.301121143] [tf_help]: Transform data too old when converting from map to odom
[component_container_isolated-1] [ERROR] [1789454154.301127475] [tf_help]: Data time: 1789454153s 750502305ns, Transform time: 1789454145s 643562901ns
[component_container_isolated-1] [ERROR] [1789454154.351003882] [tf_help]: Transform data too old when converting from odom to map
[component_container_isolated-1] [ERROR] [1789454154.351027456] [tf_help]: Data time: 1789454151s 718371802ns, Transform time: 1789454145s 643562901ns
[component_container_isolated-1] [WARN] [1789454154.351044864] [robot1.controller_server]: Unable to transform robot pose into global plan's frame
[component_container_isolated-1] [ERROR] [1789454154.351060909] [robot1.controller_server]: Controller patience exceeded
[component_container_isolated-1] [WARN] [1789454154.351078453] [robot1.controller_server]: [follow_path] [ActionServer] Aborting handle.
[component_container_isolated-1] [INFO] [1789454154.370309152] [robot1.local_costmap.local_costmap]: Received request to clear entirely the local_costmap
[component_container_isolated-1] [INFO] [1789454154.370455083] [robot1.global_costmap.global_costmap]: Received request to clear entirely the global_costmap
[component_container_isolated-1] [INFO] [1789454154.420199168] [robot1.bt_navigator]: Received goal preemption request
[component_container_isolated-1] [INFO] [1789454154.420306092] [robot1.bt_navigator]: Begin navigating from current location (-0.31, 0.56) to (-1.64, 1.06)
[component_container_isolated-1] [WARN] [1789454154.761552987] [robot1.planner_server]: Planner loop missed its desired rate of 20.0000 Hz. Current loop rate is 2.5600 Hz
[component_container_isolated-1] [INFO] [1789454154.780446545] [robot1.controller_server]: Received a goal, begin computing control effort.
[component_container_isolated-1] [ERROR] [1789454154.780646946] [tf_help]: Transform data too old when converting from odom to map
[component_container_isolated-1] [ERROR] [1789454154.780668120] [tf_help]: Data time: 1789454151s 926590177ns, Transform time: 1789454145s 643562901ns
[component_container_isolated-1] [WARN] [1789454154.780683792] [robot1.controller_server]: Unable to transform robot pose into global plan's frame
[component_container_isolated-1] [ERROR] [1789454154.780731589] [tf_help]: Transform data too old when converting from map to odom
[component_container_isolated-1] [ERROR] [1789454154.780734165] [tf_help]: Data time: 1789454154s 761062605ns, Transform time: 1789454145s 643562901ns
[component_container_isolated-1] [ERROR] [1789454154.830730709] [tf_help]: Transform data too old when converting from odom to map
[component_container_isolated-1] [ERROR] [1789454154.830745938] [tf_help]: Data time: 1789454151s 926590177ns, Transform time: 1789454145s 643562901ns
[component_container_isolated-1] [WARN] [1789454154.830771729] [robot1.controller_server]: Unable to transform robot pose into global plan's frame
[component_container_isolated-1] [ERROR] [1789454154.830808526] [tf_help]: Transform data too old when converting from map to odom
[component_container_isolated-1] [ERROR] [1789454154.830810804] [tf_help]: Data time: 1789454154s 761062605ns, Transform time: 1789454145s 643562901ns
[component_container_isolated-1] [ERROR] [1789454154.880702139] [tf_help]: Transform data too old when converting from odom to map
[component_container_isolated-1] [ERROR] [1789454154.880719999] [tf_help]: Data time: 1789454151s 926590177ns, Transform time: 1789454145s 643562901ns
[component_container_isolated-1] [WARN] [1789454154.880735054] [robot1.controller_server]: Unable to transform robot pose into global plan's frame
[component_container_isolated-1] [ERROR] [1789454154.880782839] [tf_help]: Transform data too old when converting from map to odom
[component_container_isolated-1] [ERROR] [1789454154.880785478] [tf_help]: Data time: 1789454154s 761062605ns, Transform time: 1789454145s 643562901ns
[component_container_isolated-1] [ERROR] [1789454154.930713036] [tf_help]: Transform data too old when converting from odom to map
[component_container_isolated-1] [ERROR] [1789454154.930732908] [tf_help]: Data time: 1789454151s 926590177ns, Transform time: 1789454145s 643562901ns
[component_container_isolated-1] [WARN] [1789454154.930746429] [robot1.controller_server]: Unable to transform robot pose into global plan's frame
[component_container_isolated-1] [ERROR] [1789454154.930803230] [tf_help]: Transform data too old when converting from map to odom
[component_container_isolated-1] [ERROR] [1789454154.930812378] [tf_help]: Data time: 1789454154s 761062605ns, Transform time: 1789454145s 643562901ns
[component_container_isolated-1] [ERROR] [1789454154.980705357] [tf_help]: Transform data too old when converting from odom to map
[component_container_isolated-1] [ERROR] [1789454154.980737577] [tf_help]: Data time: 1789454151s 926590177ns, Transform time: 1789454145s 643562901ns
[component_container_isolated-1] [WARN] [1789454154.980761843] [robot1.controller_server]: Unable to transform robot pose into global plan's frame
[component_container_isolated-1] [ERROR] [1789454154.980843423] [tf_help]: Transform data too old when converting from map to odom
[component_container_isolated-1] [ERROR] [1789454154.980846566] [tf_help]: Data time: 1789454154s 761062605ns, Transform time: 1789454145s 643562901ns
[component_container_isolated-1] [ERROR] [1789454155.030694181] [tf_help]: Transform data too old when converting from odom to map
[component_container_isolated-1] [ERROR] [1789454155.030710839] [tf_help]: Data time: 1789454151s 926590177ns, Transform time: 1789454145s 643562901ns
[component_container_isolated-1] [WARN] [1789454155.030723942] [robot1.controller_server]: Unable to transform robot pose into global plan's frame
[component_container_isolated-1] [ERROR] [1789454155.030766957] [tf_help]: Transform data too old when converting from map to odom
[component_container_isolated-1] [ERROR] [1789454155.030792233] [tf_help]: Data time: 1789454154s 761062605ns, Transform time: 1789454145s 643562901ns
[component_container_isolated-1] [ERROR] [1789454155.080748402] [tf_help]: Transform data too old when converting from odom to map
[component_container_isolated-1] [ERROR] [1789454155.080767719] [tf_help]: Data time: 1789454151s 926590177ns, Transform time: 1789454145s 643562901ns
[component_container_isolated-1] [WARN] [1789454155.080781681] [robot1.controller_server]: Unable to transform robot pose into global plan's frame
[component_container_isolated-1] [ERROR] [1789454155.080795666] [robot1.controller_server]: Controller patience exceeded
[component_container_isolated-1] [WARN] [1789454155.080809609] [robot1.controller_server]: [follow_path] [ActionServer] Aborting handle.
[component_container_isolated-1] [INFO] [1789454155.100369140] [robot1.local_costmap.local_costmap]: Received request to clear entirely the local_costmap
[component_container_isolated-1] [INFO] [1789454155.100758192] [robot1.controller_server]: Received a goal, begin computing control effort.
[component_container_isolated-1] [ERROR] [1789454155.200923589] [tf_help]: Transform data too old when converting from odom to map
[component_container_isolated-1] [ERROR] [1789454155.200967119] [tf_help]: Data time: 1789454151s 926590177ns, Transform time: 1789454145s 643562901ns
[component_container_isolated-1] [WARN] [1789454155.200989980] [robot1.controller_server]: Unable to transform robot pose into global plan's frame
[component_container_isolated-1] [ERROR] [1789454155.201084368] [tf_help]: Transform data too old when converting from map to odom
[component_container_isolated-1] [ERROR] [1789454155.201092202] [tf_help]: Data time: 1789454154s 761062605ns, Transform time: 1789454145s 643562901ns
[component_container_isolated-1] [WARN] [1789454155.201099955] [robot1.controller_server]: Control loop missed its desired rate of 20.0000Hz
[component_container_isolated-1] [ERROR] [1789454155.201139814] [tf_help]: Transform data too old when converting from odom to map
[component_container_isolated-1] [ERROR] [1789454155.201145658] [tf_help]: Data time: 1789454151s 926590177ns, Transform time: 1789454145s 643562901ns
[component_container_isolated-1] [WARN] [1789454155.201159514] [robot1.controller_server]: Unable to transform robot pose into global plan's frame
[component_container_isolated-1] [ERROR] [1789454155.201215710] [tf_help]: Transform data too old when converting from map to odom
[component_container_isolated-1] [ERROR] [1789454155.201222095] [tf_help]: Data time: 1789454154s 761062605ns, Transform time: 1789454145s 643562901ns
[component_container_isolated-1] [ERROR] [1789454155.251520375] [tf_help]: Transform data too old when converting from odom to map
[component_container_isolated-1] [ERROR] [1789454155.251558919] [tf_help]: Data time: 1789454151s 926590177ns, Transform time: 1789454145s 643562901ns
[component_container_isolated-1] [WARN] [1789454155.251581765] [robot1.controller_server]: Unable to transform robot pose into global plan's frame
[component_container_isolated-1] [ERROR] [1789454155.251671459] [tf_help]: Transform data too old when converting from map to odom
[component_container_isolated-1] [ERROR] [1789454155.251678820] [tf_help]: Data time: 1789454154s 761062605ns, Transform time: 1789454145s 643562901ns
[component_container_isolated-1] [ERROR] [1789454155.301920701] [tf_help]: Transform data too old when converting from odom to map
[component_container_isolated-1] [ERROR] [1789454155.301957728] [tf_help]: Data time: 1789454151s 926590177ns, Transform time: 1789454145s 643562901ns
[component_container_isolated-1] [WARN] [1789454155.301981768] [robot1.controller_server]: Unable to transform robot pose into global plan's frame
[component_container_isolated-1] [ERROR] [1789454155.302077351] [tf_help]: Transform data too old when converting from map to odom
[component_container_isolated-1] [ERROR] [1789454155.302096237] [tf_help]: Data time: 1789454154s 761062605ns, Transform time: 1789454145s 643562901ns
[component_container_isolated-1] [ERROR] [1789454155.352339699] [tf_help]: Transform data too old when converting from odom to map
[component_container_isolated-1] [ERROR] [1789454155.352368446] [tf_help]: Data time: 1789454151s 926590177ns, Transform time: 1789454145s 643562901ns
[component_container_isolated-1] [WARN] [1789454155.352391501] [robot1.controller_server]: Unable to transform robot pose into global plan's frame
[component_container_isolated-1] [ERROR] [1789454155.352483635] [tf_help]: Transform data too old when converting from map to odom
[component_container_isolated-1] [ERROR] [1789454155.352491159] [tf_help]: Data time: 1789454154s 761062605ns, Transform time: 1789454145s 643562901ns
[component_container_isolated-1] [ERROR] [1789454155.402715647] [tf_help]: Transform data too old when converting from odom to map
[component_container_isolated-1] [ERROR] [1789454155.402738733] [tf_help]: Data time: 1789454151s 926590177ns, Transform time: 1789454145s 643562901ns
[component_container_isolated-1] [WARN] [1789454155.402759912] [robot1.controller_server]: Unable to transform robot pose into global plan's frame
[component_container_isolated-1] [ERROR] [1789454155.402783827] [robot1.controller_server]: Controller patience exceeded
[component_container_isolated-1] [WARN] [1789454155.402815261] [robot1.controller_server]: [follow_path] [ActionServer] Aborting handle.
[component_container_isolated-1] [INFO] [1789454155.420417957] [robot1.bt_navigator]: Received goal preemption request
[component_container_isolated-1] [INFO] [1789454155.420479197] [robot1.bt_navigator]: Begin navigating from current location (-0.31, 0.56) to (-1.27, 1.96)
[component_container_isolated-1] [INFO] [1789454155.420500537] [robot1.behavior_server]: Running spin
[component_container_isolated-1] [INFO] [1789454155.420581102] [robot1.behavior_server]: Turning 1.57 for spin behavior.
[component_container_isolated-1] [INFO] [1789454156.420219291] [robot1.bt_navigator]: Received goal preemption request
[component_container_isolated-1] [INFO] [1789454156.420288050] [robot1.bt_navigator]: Begin navigating from current location (-0.44, 1.00) to (-1.89, 1.17)
[component_container_isolated-1] [INFO] [1789454156.758179293] [robot1.global_costmap.global_costmap]: StaticLayer: Resizing costmap to 188 X 302 at 0.050000 m/pix
[component_container_isolated-1] [INFO] [1789454156.794419307] [robot1.local_costmap.local_costmap]: StaticLayer: Resizing static layer to 188 X 302 at 0.050000 m/pix
[component_container_isolated-1] [INFO] [1789454157.410211765] [robot1.bt_navigator]: Received goal preemption request
[component_container_isolated-1] [INFO] [1789454157.410290171] [robot1.bt_navigator]: Begin navigating from current location (-0.45, 1.00) to (-2.64, 6.13)
[component_container_isolated-1] [INFO] [1789454158.420259014] [robot1.bt_navigator]: Received goal preemption request
[component_container_isolated-1] [INFO] [1789454158.420337647] [robot1.bt_navigator]: Begin navigating from current location (-0.45, 0.99) to (-2.64, 6.13)
[component_container_isolated-1] [INFO] [1789454159.420211762] [robot1.bt_navigator]: Received goal preemption request
[component_container_isolated-1] [INFO] [1789454159.420312282] [robot1.bt_navigator]: Begin navigating from current location (-0.46, 0.99) to (-0.88, 1.26)
[component_container_isolated-1] [INFO] [1789454160.420179836] [robot1.bt_navigator]: Received goal preemption request
[component_container_isolated-1] [INFO] [1789454160.420253340] [robot1.bt_navigator]: Begin navigating from current location (-0.46, 1.00) to (-1.85, 1.09)
[component_container_isolated-1] [INFO] [1789454161.420242119] [robot1.bt_navigator]: Received goal preemption request
[component_container_isolated-1] [INFO] [1789454161.420321109] [robot1.bt_navigator]: Begin navigating from current location (-0.46, 1.00) to (-1.22, 0.64)
[component_container_isolated-1] [INFO] [1789454162.420256941] [robot1.bt_navigator]: Received goal preemption request
[component_container_isolated-1] [INFO] [1789454162.420381719] [robot1.bt_navigator]: Begin navigating from current location (-0.46, 1.00) to (-1.32, 0.39)
[component_container_isolated-1] [INFO] [1789454162.520717593] [robot1.behavior_server]: spin completed successfully
[component_container_isolated-1] [INFO] [1789454162.570526332] [robot1.controller_server]: Received a goal, begin computing control effort.
[component_container_isolated-1] [INFO] [1789454163.420343622] [robot1.bt_navigator]: Received goal preemption request
[component_container_isolated-1] [INFO] [1789454163.420472383] [robot1.bt_navigator]: Begin navigating from current location (-0.46, 1.00) to (-1.76, -0.55)
[component_container_isolated-1] [INFO] [1789454163.620651592] [robot1.controller_server]: Passing new path to controller.
[component_container_isolated-1] [INFO] [1789454164.410315084] [robot1.bt_navigator]: Received goal preemption request
[component_container_isolated-1] [INFO] [1789454164.410442193] [robot1.bt_navigator]: Begin navigating from current location (-0.46, 1.00) to (-2.07, -0.40)
[component_container_isolated-1] [INFO] [1789454164.670655502] [robot1.controller_server]: Passing new path to controller.
[component_container_isolated-1] [ERROR] [1789454164.672100154] [tf_help]: Transform data too old when converting from map to odom
[component_container_isolated-1] [ERROR] [1789454164.672122229] [tf_help]: Data time: 1789454164s 610366588ns, Transform time: 1789454163s 754869473ns
[component_container_isolated-1] [ERROR] [1789454164.722134701] [tf_help]: Transform data too old when converting from map to odom
[component_container_isolated-1] [ERROR] [1789454164.722154589] [tf_help]: Data time: 1789454164s 610366588ns, Transform time: 1789454163s 754869473ns
[component_container_isolated-1] [ERROR] [1789454164.772113179] [tf_help]: Transform data too old when converting from map to odom
[component_container_isolated-1] [ERROR] [1789454164.772134103] [tf_help]: Data time: 1789454164s 610366588ns, Transform time: 1789454163s 754869473ns
[component_container_isolated-1] [ERROR] [1789454164.822059153] [tf_help]: Transform data too old when converting from map to odom
[component_container_isolated-1] [ERROR] [1789454164.822098488] [tf_help]: Data time: 1789454164s 610366588ns, Transform time: 1789454163s 754869473ns
[component_container_isolated-1] [ERROR] [1789454164.872072733] [tf_help]: Transform data too old when converting from map to odom
[component_container_isolated-1] [ERROR] [1789454164.872098452] [tf_help]: Data time: 1789454164s 610366588ns, Transform time: 1789454163s 754869473ns
[component_container_isolated-1] [ERROR] [1789454164.922015237] [tf_help]: Transform data too old when converting from map to odom
[component_container_isolated-1] [ERROR] [1789454164.922032410] [tf_help]: Data time: 1789454164s 610366588ns, Transform time: 1789454163s 754869473ns
[component_container_isolated-1] [ERROR] [1789454164.972040877] [tf_help]: Transform data too old when converting from map to odom
[component_container_isolated-1] [ERROR] [1789454164.972059778] [tf_help]: Data time: 1789454164s 610366588ns, Transform time: 1789454163s 754869473ns
[component_container_isolated-1] [ERROR] [1789454165.022067155] [tf_help]: Transform data too old when converting from map to odom
[component_container_isolated-1] [ERROR] [1789454165.022086951] [tf_help]: Data time: 1789454164s 610366588ns, Transform time: 1789454163s 754869473ns
[component_container_isolated-1] [ERROR] [1789454165.072053446] [tf_help]: Transform data too old when converting from map to odom
[component_container_isolated-1] [ERROR] [1789454165.072074611] [tf_help]: Data time: 1789454164s 610366588ns, Transform time: 1789454163s 754869473ns
[component_container_isolated-1] [ERROR] [1789454165.122010870] [tf_help]: Transform data too old when converting from map to odom
[component_container_isolated-1] [ERROR] [1789454165.122028891] [tf_help]: Data time: 1789454164s 610366588ns, Transform time: 1789454163s 754869473ns
[component_container_isolated-1] [ERROR] [1789454165.172130927] [tf_help]: Transform data too old when converting from map to odom
[component_container_isolated-1] [ERROR] [1789454165.172154552] [tf_help]: Data time: 1789454164s 610366588ns, Transform time: 1789454163s 754869473ns
[component_container_isolated-1] [ERROR] [1789454165.222046252] [tf_help]: Transform data too old when converting from map to odom
[component_container_isolated-1] [ERROR] [1789454165.222065738] [tf_help]: Data time: 1789454164s 610366588ns, Transform time: 1789454163s 754869473ns
[component_container_isolated-1] [ERROR] [1789454165.272131048] [tf_help]: Transform data too old when converting from map to odom
[component_container_isolated-1] [ERROR] [1789454165.272158091] [tf_help]: Data time: 1789454164s 610366588ns, Transform time: 1789454163s 754869473ns
[component_container_isolated-1] [ERROR] [1789454165.322062392] [tf_help]: Transform data too old when converting from map to odom
[component_container_isolated-1] [ERROR] [1789454165.322086774] [tf_help]: Data time: 1789454164s 610366588ns, Transform time: 1789454163s 754869473ns
[component_container_isolated-1] [ERROR] [1789454165.372008995] [tf_help]: Transform data too old when converting from map to odom
[component_container_isolated-1] [ERROR] [1789454165.372025795] [tf_help]: Data time: 1789454164s 610366588ns, Transform time: 1789454163s 754869473ns
[component_container_isolated-1] [INFO] [1789454165.420238467] [robot1.bt_navigator]: Received goal preemption request
[component_container_isolated-1] [INFO] [1789454165.420392242] [robot1.bt_navigator]: Begin navigating from current location (-0.46, 1.00) to (-0.94, -1.08)
[component_container_isolated-1] [ERROR] [1789454165.422021939] [tf_help]: Transform data too old when converting from map to odom
[component_container_isolated-1] [ERROR] [1789454165.422037312] [tf_help]: Data time: 1789454164s 610366588ns, Transform time: 1789454163s 754869473ns
[component_container_isolated-1] [ERROR] [1789454165.472139030] [tf_help]: Transform data too old when converting from map to odom
[component_container_isolated-1] [ERROR] [1789454165.472163064] [tf_help]: Data time: 1789454164s 610366588ns, Transform time: 1789454163s 754869473ns
[component_container_isolated-1] [ERROR] [1789454165.522248985] [tf_help]: Transform data too old when converting from map to odom
[component_container_isolated-1] [ERROR] [1789454165.522285234] [tf_help]: Data time: 1789454164s 610366588ns, Transform time: 1789454163s 754869473ns
[component_container_isolated-1] [ERROR] [1789454165.572213008] [tf_help]: Transform data too old when converting from map to odom
[component_container_isolated-1] [ERROR] [1789454165.572230887] [tf_help]: Data time: 1789454164s 610366588ns, Transform time: 1789454163s 754869473ns
[component_container_isolated-1] [ERROR] [1789454165.622209351] [tf_help]: Transform data too old when converting from map to odom
[component_container_isolated-1] [ERROR] [1789454165.622230692] [tf_help]: Data time: 1789454164s 610366588ns, Transform time: 1789454163s 754869473ns
[component_container_isolated-1] [INFO] [1789454165.670655785] [robot1.controller_server]: Passing new path to controller.
[component_container_isolated-1] [ERROR] [1789454165.672255418] [tf_help]: Transform data too old when converting from map to odom
[component_container_isolated-1] [ERROR] [1789454165.672269648] [tf_help]: Data time: 1789454165s 640608280ns, Transform time: 1789454163s 754869473ns
[component_container_isolated-1] [ERROR] [1789454165.722102961] [tf_help]: Transform data too old when converting from map to odom
[component_container_isolated-1] [ERROR] [1789454165.722121933] [tf_help]: Data time: 1789454165s 640608280ns, Transform time: 1789454163s 754869473ns
[component_container_isolated-1] [ERROR] [1789454165.772192487] [tf_help]: Transform data too old when converting from map to odom
[component_container_isolated-1] [ERROR] [1789454165.772216144] [tf_help]: Data time: 1789454165s 640608280ns, Transform time: 1789454163s 754869473ns
[component_container_isolated-1] [ERROR] [1789454165.822085571] [tf_help]: Transform data too old when converting from map to odom
[component_container_isolated-1] [ERROR] [1789454165.822106825] [tf_help]: Data time: 1789454165s 640608280ns, Transform time: 1789454163s 754869473ns
[component_container_isolated-1] [ERROR] [1789454165.872133448] [tf_help]: Transform data too old when converting from map to odom
[component_container_isolated-1] [ERROR] [1789454165.872155184] [tf_help]: Data time: 1789454165s 640608280ns, Transform time: 1789454163s 754869473ns
[component_container_isolated-1] [ERROR] [1789454165.922233015] [tf_help]: Transform data too old when converting from map to odom
[component_container_isolated-1] [ERROR] [1789454165.922261467] [tf_help]: Data time: 1789454165s 640608280ns, Transform time: 1789454163s 754869473ns
[component_container_isolated-1] [ERROR] [1789454165.972158434] [tf_help]: Transform data too old when converting from map to odom
[component_container_isolated-1] [ERROR] [1789454165.972179557] [tf_help]: Data time: 1789454165s 640608280ns, Transform time: 1789454163s 754869473ns
[component_container_isolated-1] [ERROR] [1789454166.022158444] [tf_help]: Transform data too old when converting from map to odom
[component_container_isolated-1] [ERROR] [1789454166.022187371] [tf_help]: Data time: 1789454165s 640608280ns, Transform time: 1789454163s 754869473ns
[component_container_isolated-1] [ERROR] [1789454166.072145231] [tf_help]: Transform data too old when converting from map to odom
[component_container_isolated-1] [ERROR] [1789454166.072171752] [tf_help]: Data time: 1789454165s 640608280ns, Transform time: 1789454163s 754869473ns
[component_container_isolated-1] [ERROR] [1789454166.122159078] [tf_help]: Transform data too old when converting from map to odom
[component_container_isolated-1] [ERROR] [1789454166.122182826] [tf_help]: Data time: 1789454165s 640608280ns, Transform time: 1789454163s 754869473ns
[component_container_isolated-1] [ERROR] [1789454166.172108724] [tf_help]: Transform data too old when converting from map to odom
[component_container_isolated-1] [ERROR] [1789454166.172128042] [tf_help]: Data time: 1789454165s 640608280ns, Transform time: 1789454163s 754869473ns
[component_container_isolated-1] [ERROR] [1789454166.222361083] [tf_help]: Transform data too old when converting from map to odom
[component_container_isolated-1] [ERROR] [1789454166.222382639] [tf_help]: Data time: 1789454165s 640608280ns, Transform time: 1789454163s 754869473ns
[component_container_isolated-1] [ERROR] [1789454166.272077408] [tf_help]: Transform data too old when converting from map to odom
[component_container_isolated-1] [ERROR] [1789454166.272108876] [tf_help]: Data time: 1789454165s 640608280ns, Transform time: 1789454163s 754869473ns
[component_container_isolated-1] [ERROR] [1789454166.322056244] [tf_help]: Transform data too old when converting from map to odom
[component_container_isolated-1] [ERROR] [1789454166.322084713] [tf_help]: Data time: 1789454165s 640608280ns, Transform time: 1789454163s 754869473ns
[component_container_isolated-1] [ERROR] [1789454166.372077779] [tf_help]: Transform data too old when converting from map to odom
[component_container_isolated-1] [ERROR] [1789454166.372107961] [tf_help]: Data time: 1789454165s 640608280ns, Transform time: 1789454163s 754869473ns
[component_container_isolated-1] [INFO] [1789454166.410279598] [robot1.bt_navigator]: Received goal preemption request
[component_container_isolated-1] [INFO] [1789454166.410412241] [robot1.bt_navigator]: Begin navigating from current location (-0.46, 1.00) to (-1.13, -0.92)
[component_container_isolated-1] [ERROR] [1789454166.422001956] [tf_help]: Transform data too old when converting from map to odom
[component_container_isolated-1] [ERROR] [1789454166.422026854] [tf_help]: Data time: 1789454165s 640608280ns, Transform time: 1789454163s 754869473ns
[component_container_isolated-1] [ERROR] [1789454166.472041357] [tf_help]: Transform data too old when converting from map to odom
[component_container_isolated-1] [ERROR] [1789454166.472063509] [tf_help]: Data time: 1789454165s 640608280ns, Transform time: 1789454163s 754869473ns
[component_container_isolated-1] [ERROR] [1789454166.522098160] [tf_help]: Transform data too old when converting from map to odom
[component_container_isolated-1] [ERROR] [1789454166.522119255] [tf_help]: Data time: 1789454165s 640608280ns, Transform time: 1789454163s 754869473ns
[component_container_isolated-1] [ERROR] [1789454166.572105892] [tf_help]: Transform data too old when converting from map to odom
[component_container_isolated-1] [ERROR] [1789454166.572126759] [tf_help]: Data time: 1789454165s 640608280ns, Transform time: 1789454163s 754869473ns
[component_container_isolated-1] [ERROR] [1789454166.622127882] [tf_help]: Transform data too old when converting from map to odom
[component_container_isolated-1] [ERROR] [1789454166.622147716] [tf_help]: Data time: 1789454165s 640608280ns, Transform time: 1789454163s 754869473ns
[component_container_isolated-1] [ERROR] [1789454166.672089569] [tf_help]: Transform data too old when converting from map to odom
[component_container_isolated-1] [ERROR] [1789454166.672116293] [tf_help]: Data time: 1789454165s 640608280ns, Transform time: 1789454163s 754869473ns
[component_container_isolated-1] [INFO] [1789454166.720759727] [robot1.controller_server]: Passing new path to controller.
[component_container_isolated-1] [ERROR] [1789454166.722214852] [tf_help]: Transform data too old when converting from map to odom
[component_container_isolated-1] [ERROR] [1789454166.722229002] [tf_help]: Data time: 1789454166s 670516674ns, Transform time: 1789454163s 754869473ns
[component_container_isolated-1] [ERROR] [1789454166.772103514] [tf_help]: Transform data too old when converting from map to odom
[component_container_isolated-1] [ERROR] [1789454166.772123117] [tf_help]: Data time: 1789454166s 670516674ns, Transform time: 1789454163s 754869473ns
[component_container_isolated-1] [ERROR] [1789454166.820715875] [tf_help]: Transform data too old when converting from odom to map
[component_container_isolated-1] [ERROR] [1789454166.820741749] [tf_help]: Data time: 1789454164s 727219830ns, Transform time: 1789454163s 754869473ns
[component_container_isolated-1] [WARN] [1789454166.820758238] [robot1.controller_server]: Unable to transform robot pose into global plan's frame
[component_container_isolated-1] [ERROR] [1789454166.820800812] [tf_help]: Transform data too old when converting from map to odom
[component_container_isolated-1] [ERROR] [1789454166.820803205] [tf_help]: Data time: 1789454166s 670516674ns, Transform time: 1789454163s 754869473ns
[component_container_isolated-1] [ERROR] [1789454166.870719566] [tf_help]: Transform data too old when converting from odom to map
[component_container_isolated-1] [ERROR] [1789454166.870739797] [tf_help]: Data time: 1789454165s 14687804ns, Transform time: 1789454163s 754869473ns
[component_container_isolated-1] [WARN] [1789454166.870755176] [robot1.controller_server]: Unable to transform robot pose into global plan's frame
[component_container_isolated-1] [ERROR] [1789454166.870802396] [tf_help]: Transform data too old when converting from map to odom
[component_container_isolated-1] [ERROR] [1789454166.870805231] [tf_help]: Data time: 1789454166s 670516674ns, Transform time: 1789454163s 754869473ns
[component_container_isolated-1] [ERROR] [1789454166.920720675] [tf_help]: Transform data too old when converting from odom to map
[component_container_isolated-1] [ERROR] [1789454166.920751504] [tf_help]: Data time: 1789454165s 62704707ns, Transform time: 1789454163s 754869473ns
[component_container_isolated-1] [WARN] [1789454166.920775094] [robot1.controller_server]: Unable to transform robot pose into global plan's frame
[component_container_isolated-1] [ERROR] [1789454166.920900451] [tf_help]: Transform data too old when converting from map to odom
[component_container_isolated-1] [ERROR] [1789454166.920905070] [tf_help]: Data time: 1789454166s 670516674ns, Transform time: 1789454163s 754869473ns
[component_container_isolated-1] [ERROR] [1789454166.970724788] [tf_help]: Transform data too old when converting from odom to map
[component_container_isolated-1] [ERROR] [1789454166.970749394] [tf_help]: Data time: 1789454165s 62704707ns, Transform time: 1789454163s 754869473ns
[component_container_isolated-1] [WARN] [1789454166.970766915] [robot1.controller_server]: Unable to transform robot pose into global plan's frame
[component_container_isolated-1] [ERROR] [1789454166.970824549] [tf_help]: Transform data too old when converting from map to odom
[component_container_isolated-1] [ERROR] [1789454166.970827982] [tf_help]: Data time: 1789454166s 670516674ns, Transform time: 1789454163s 754869473ns
[component_container_isolated-1] [ERROR] [1789454167.020701857] [tf_help]: Transform data too old when converting from odom to map
[component_container_isolated-1] [ERROR] [1789454167.020730626] [tf_help]: Data time: 1789454165s 62704707ns, Transform time: 1789454163s 754869473ns
[component_container_isolated-1] [WARN] [1789454167.020746612] [robot1.controller_server]: Unable to transform robot pose into global plan's frame
[component_container_isolated-1] [ERROR] [1789454167.020793751] [tf_help]: Transform data too old when converting from map to odom
[component_container_isolated-1] [ERROR] [1789454167.020796351] [tf_help]: Data time: 1789454166s 670516674ns, Transform time: 1789454163s 754869473ns
[component_container_isolated-1] [ERROR] [1789454167.070735016] [tf_help]: Transform data too old when converting from odom to map
[component_container_isolated-1] [ERROR] [1789454167.070753861] [tf_help]: Data time: 1789454165s 62704707ns, Transform time: 1789454163s 754869473ns
[component_container_isolated-1] [WARN] [1789454167.070771475] [robot1.controller_server]: Unable to transform robot pose into global plan's frame
[component_container_isolated-1] [ERROR] [1789454167.070833490] [tf_help]: Transform data too old when converting from map to odom
[component_container_isolated-1] [ERROR] [1789454167.070861461] [tf_help]: Data time: 1789454166s 670516674ns, Transform time: 1789454163s 754869473ns
[component_container_isolated-1] [ERROR] [1789454167.120695205] [tf_help]: Transform data too old when converting from odom to map
[component_container_isolated-1] [ERROR] [1789454167.120716172] [tf_help]: Data time: 1789454165s 174661121ns, Transform time: 1789454163s 754869473ns
[component_container_isolated-1] [WARN] [1789454167.120733270] [robot1.controller_server]: Unable to transform robot pose into global plan's frame
[component_container_isolated-1] [ERROR] [1789454167.120750740] [robot1.controller_server]: Controller patience exceeded
[component_container_isolated-1] [WARN] [1789454167.120767430] [robot1.controller_server]: [follow_path] [ActionServer] Aborting handle.
[component_container_isolated-1] [INFO] [1789454167.140325141] [robot1.local_costmap.local_costmap]: Received request to clear entirely the local_costmap
[component_container_isolated-1] [INFO] [1789454167.140636717] [robot1.controller_server]: Received a goal, begin computing control effort.
[component_container_isolated-1] [ERROR] [1789454167.200897409] [tf_help]: Transform data too old when converting from odom to map
[component_container_isolated-1] [ERROR] [1789454167.200937487] [tf_help]: Data time: 1789454165s 270256186ns, Transform time: 1789454163s 754869473ns
[component_container_isolated-1] [WARN] [1789454167.200961563] [robot1.controller_server]: Unable to transform robot pose into global plan's frame
[component_container_isolated-1] [ERROR] [1789454167.201053009] [tf_help]: Transform data too old when converting from map to odom
[component_container_isolated-1] [ERROR] [1789454167.201060680] [tf_help]: Data time: 1789454166s 670516674ns, Transform time: 1789454163s 754869473ns
[component_container_isolated-1] [WARN] [1789454167.201066717] [robot1.controller_server]: Control loop missed its desired rate of 20.0000Hz
[component_container_isolated-1] [ERROR] [1789454167.201106482] [tf_help]: Transform data too old when converting from odom to map
[component_container_isolated-1] [ERROR] [1789454167.201112308] [tf_help]: Data time: 1789454165s 270256186ns, Transform time: 1789454163s 754869473ns
[component_container_isolated-1] [WARN] [1789454167.201126632] [robot1.controller_server]: Unable to transform robot pose into global plan's frame
[component_container_isolated-1] [ERROR] [1789454167.201183977] [tf_help]: Transform data too old when converting from map to odom
[component_container_isolated-1] [ERROR] [1789454167.201190304] [tf_help]: Data time: 1789454166s 670516674ns, Transform time: 1789454163s 754869473ns
[component_container_isolated-1] [ERROR] [1789454167.240852059] [tf_help]: Transform data too old when converting from odom to map
[component_container_isolated-1] [ERROR] [1789454167.240881005] [tf_help]: Data time: 1789454165s 270256186ns, Transform time: 1789454163s 754869473ns
[component_container_isolated-1] [WARN] [1789454167.240901252] [robot1.controller_server]: Unable to transform robot pose into global plan's frame
[component_container_isolated-1] [ERROR] [1789454167.240988740] [tf_help]: Transform data too old when converting from map to odom
[component_container_isolated-1] [ERROR] [1789454167.240996030] [tf_help]: Data time: 1789454166s 670516674ns, Transform time: 1789454163s 754869473ns
[component_container_isolated-1] [ERROR] [1789454167.290901832] [tf_help]: Transform data too old when converting from odom to map
[component_container_isolated-1] [ERROR] [1789454167.290939513] [tf_help]: Data time: 1789454165s 270256186ns, Transform time: 1789454163s 754869473ns
[component_container_isolated-1] [WARN] [1789454167.290963903] [robot1.controller_server]: Unable to transform robot pose into global plan's frame
[component_container_isolated-1] [ERROR] [1789454167.291059562] [tf_help]: Transform data too old when converting from map to odom
[component_container_isolated-1] [ERROR] [1789454167.291067806] [tf_help]: Data time: 1789454166s 670516674ns, Transform time: 1789454163s 754869473ns
[component_container_isolated-1] [ERROR] [1789454167.340846294] [tf_help]: Transform data too old when converting from odom to map
[component_container_isolated-1] [ERROR] [1789454167.340887396] [tf_help]: Data time: 1789454166s 823291227ns, Transform time: 1789454163s 754869473ns
[component_container_isolated-1] [WARN] [1789454167.340913222] [robot1.controller_server]: Unable to transform robot pose into global plan's frame
[component_container_isolated-1] [ERROR] [1789454167.340999317] [tf_help]: Transform data too old when converting from map to odom
[component_container_isolated-1] [ERROR] [1789454167.341007188] [tf_help]: Data time: 1789454166s 670516674ns, Transform time: 1789454163s 754869473ns
[component_container_isolated-1] [ERROR] [1789454167.390878653] [tf_help]: Transform data too old when converting from odom to map
[component_container_isolated-1] [ERROR] [1789454167.390907519] [tf_help]: Data time: 1789454166s 871384944ns, Transform time: 1789454163s 754869473ns
[component_container_isolated-1] [WARN] [1789454167.390930708] [robot1.controller_server]: Unable to transform robot pose into global plan's frame
[component_container_isolated-1] [ERROR] [1789454167.391019835] [tf_help]: Transform data too old when converting from map to odom
[component_container_isolated-1] [ERROR] [1789454167.391027749] [tf_help]: Data time: 1789454166s 670516674ns, Transform time: 1789454163s 754869473ns
[component_container_isolated-1] [INFO] [1789454167.420248625] [robot1.bt_navigator]: Received goal preemption request
[component_container_isolated-1] [INFO] [1789454167.420383557] [robot1.bt_navigator]: Begin navigating from current location (-0.46, 0.99) to (-0.27, -1.02)
[component_container_isolated-1] [ERROR] [1789454167.440849049] [tf_help]: Transform data too old when converting from odom to map
[component_container_isolated-1] [ERROR] [1789454167.440872972] [tf_help]: Data time: 1789454167s 14995514ns, Transform time: 1789454163s 754869473ns
[component_container_isolated-1] [WARN] [1789454167.440896067] [robot1.controller_server]: Unable to transform robot pose into global plan's frame
[component_container_isolated-1] [ERROR] [1789454167.440919358] [robot1.controller_server]: Controller patience exceeded
[component_container_isolated-1] [WARN] [1789454167.440952784] [robot1.controller_server]: [follow_path] [ActionServer] Aborting handle.
[component_container_isolated-1] [INFO] [1789454167.460457991] [robot1.behavior_server]: Running wait
[component_container_isolated-1] [INFO] [1789454168.420185848] [robot1.bt_navigator]: Received goal preemption request
[component_container_isolated-1] [INFO] [1789454168.420302293] [robot1.bt_navigator]: Begin navigating from current location (-0.46, 0.99) to (-0.60, -1.13)
[component_container_isolated-1] [INFO] [1789454169.420215700] [robot1.bt_navigator]: Received goal preemption request
[component_container_isolated-1] [INFO] [1789454169.420349801] [robot1.bt_navigator]: Begin navigating from current location (-0.47, 0.97) to (-0.13, -0.28)
[component_container_isolated-1] [INFO] [1789454170.420187765] [robot1.bt_navigator]: Received goal preemption request
[component_container_isolated-1] [INFO] [1789454170.420242701] [robot1.bt_navigator]: Begin navigating from current location (-0.47, 0.97) to (-0.44, -0.44)
[component_container_isolated-1] [INFO] [1789454171.420170794] [robot1.bt_navigator]: Received goal preemption request
[component_container_isolated-1] [INFO] [1789454171.420229534] [robot1.bt_navigator]: Begin navigating from current location (-0.47, 0.97) to (-0.65, -0.71)
[component_container_isolated-1] [INFO] [1789454172.420301583] [robot1.bt_navigator]: Received goal preemption request
[component_container_isolated-1] [INFO] [1789454172.420421865] [robot1.bt_navigator]: Begin navigating from current location (-0.47, 0.97) to (-0.53, -1.05)
[component_container_isolated-1] [INFO] [1789454172.460612028] [robot1.behavior_server]: wait completed successfully
[component_container_isolated-1] [INFO] [1789454172.510444115] [robot1.controller_server]: Received a goal, begin computing control effort.
[component_container_isolated-1] [INFO] [1789454173.420228380] [robot1.bt_navigator]: Received goal preemption request
[component_container_isolated-1] [INFO] [1789454173.420369250] [robot1.bt_navigator]: Begin navigating from current location (-0.47, 0.97) to (-0.47, -1.31)
[component_container_isolated-1] [INFO] [1789454173.560600228] [robot1.controller_server]: Passing new path to controller.
[component_container_isolated-1] [ERROR] [1789454173.562849269] [tf_help]: Transform data too old when converting from map to odom
[component_container_isolated-1] [ERROR] [1789454173.562874019] [tf_help]: Data time: 1789454173s 520567541ns, Transform time: 1789454173s 209538252ns
[component_container_isolated-1] [ERROR] [1789454173.612909283] [tf_help]: Transform data too old when converting from map to odom
[component_container_isolated-1] [ERROR] [1789454173.612972925] [tf_help]: Data time: 1789454173s 520567541ns, Transform time: 1789454173s 209538252ns
[component_container_isolated-1] [INFO] [1789454174.420156923] [robot1.bt_navigator]: Received goal preemption request
[component_container_isolated-1] [INFO] [1789454174.420277918] [robot1.bt_navigator]: Begin navigating from current location (-0.47, 0.97) to (-0.27, -1.55)
[component_container_isolated-1] [INFO] [1789454174.610597774] [robot1.controller_server]: Passing new path to controller.
[component_container_isolated-1] [ERROR] [1789454174.611994980] [tf_help]: Transform data too old when converting from map to odom
[component_container_isolated-1] [ERROR] [1789454174.612017112] [tf_help]: Data time: 1789454174s 550699687ns, Transform time: 1789454173s 467243548ns
[component_container_isolated-1] [ERROR] [1789454174.661888486] [tf_help]: Transform data too old when converting from map to odom
[component_container_isolated-1] [ERROR] [1789454174.661909869] [tf_help]: Data time: 1789454174s 550699687ns, Transform time: 1789454173s 467243548ns
[component_container_isolated-1] [INFO] [1789454175.420177830] [robot1.bt_navigator]: Received goal preemption request
[component_container_isolated-1] [INFO] [1789454175.420320677] [robot1.bt_navigator]: Begin navigating from current location (-0.47, 0.97) to (0.02, -1.65)
[component_container_isolated-1] [INFO] [1789454175.610564322] [robot1.controller_server]: Passing new path to controller.
[component_container_isolated-1] [INFO] [1789454176.410198499] [robot1.bt_navigator]: Received goal preemption request
[component_container_isolated-1] [INFO] [1789454176.410315301] [robot1.bt_navigator]: Begin navigating from current location (-0.47, 0.96) to (-0.79, -1.06)
[component_container_isolated-1] [INFO] [1789454176.660641734] [robot1.controller_server]: Passing new path to controller.
[component_container_isolated-1] [INFO] [1789454177.420212560] [robot1.bt_navigator]: Received goal preemption request
[component_container_isolated-1] [INFO] [1789454177.420332726] [robot1.bt_navigator]: Begin navigating from current location (-0.48, 0.93) to (-0.10, -0.51)
[component_container_isolated-1] [INFO] [1789454177.660547285] [robot1.controller_server]: Passing new path to controller.
[component_container_isolated-1] [ERROR] [1789454177.661941404] [tf_help]: Transform data too old when converting from map to odom
[component_container_isolated-1] [ERROR] [1789454177.661958436] [tf_help]: Data time: 1789454177s 640684112ns, Transform time: 1789454177s 54152742ns
[component_container_isolated-1] [ERROR] [1789454177.711997228] [tf_help]: Transform data too old when converting from map to odom
[component_container_isolated-1] [ERROR] [1789454177.712019930] [tf_help]: Data time: 1789454177s 640684112ns, Transform time: 1789454177s 54152742ns
[component_container_isolated-1] [ERROR] [1789454177.761950928] [tf_help]: Transform data too old when converting from map to odom
[component_container_isolated-1] [ERROR] [1789454177.761968680] [tf_help]: Data time: 1789454177s 640684112ns, Transform time: 1789454177s 54152742ns
[component_container_isolated-1] [ERROR] [1789454177.811950043] [tf_help]: Transform data too old when converting from map to odom
[component_container_isolated-1] [ERROR] [1789454177.811975364] [tf_help]: Data time: 1789454177s 640684112ns, Transform time: 1789454177s 54152742ns
[component_container_isolated-1] [ERROR] [1789454177.861912529] [tf_help]: Transform data too old when converting from map to odom
[component_container_isolated-1] [ERROR] [1789454177.861930969] [tf_help]: Data time: 1789454177s 640684112ns, Transform time: 1789454177s 54152742ns
[component_container_isolated-1] [ERROR] [1789454177.911922721] [tf_help]: Transform data too old when converting from map to odom
[component_container_isolated-1] [ERROR] [1789454177.911968326] [tf_help]: Data time: 1789454177s 640684112ns, Transform time: 1789454177s 54152742ns
[component_container_isolated-1] [ERROR] [1789454177.961938713] [tf_help]: Transform data too old when converting from map to odom
[component_container_isolated-1] [ERROR] [1789454177.961957637] [tf_help]: Data time: 1789454177s 640684112ns, Transform time: 1789454177s 54152742ns
[component_container_isolated-1] [ERROR] [1789454178.011889253] [tf_help]: Transform data too old when converting from map to odom
[component_container_isolated-1] [ERROR] [1789454178.011909153] [tf_help]: Data time: 1789454177s 640684112ns, Transform time: 1789454177s 54152742ns
[component_container_isolated-1] [ERROR] [1789454178.062026523] [tf_help]: Transform data too old when converting from map to odom
[component_container_isolated-1] [ERROR] [1789454178.062047349] [tf_help]: Data time: 1789454177s 640684112ns, Transform time: 1789454177s 54152742ns
[component_container_isolated-1] [ERROR] [1789454178.112089379] [tf_help]: Transform data too old when converting from map to odom
[component_container_isolated-1] [ERROR] [1789454178.112113278] [tf_help]: Data time: 1789454177s 640684112ns, Transform time: 1789454177s 54152742ns
[component_container_isolated-1] [ERROR] [1789454178.162052228] [tf_help]: Transform data too old when converting from map to odom
[component_container_isolated-1] [ERROR] [1789454178.162073415] [tf_help]: Data time: 1789454177s 640684112ns, Transform time: 1789454177s 54152742ns
[component_container_isolated-1] [ERROR] [1789454178.211971784] [tf_help]: Transform data too old when converting from map to odom
[component_container_isolated-1] [ERROR] [1789454178.211988816] [tf_help]: Data time: 1789454177s 640684112ns, Transform time: 1789454177s 54152742ns
[component_container_isolated-1] [ERROR] [1789454178.261852533] [tf_help]: Transform data too old when converting from map to odom
[component_container_isolated-1] [ERROR] [1789454178.261869039] [tf_help]: Data time: 1789454177s 640684112ns, Transform time: 1789454177s 54152742ns
[component_container_isolated-1] [ERROR] [1789454178.312013287] [tf_help]: Transform data too old when converting from map to odom
[component_container_isolated-1] [ERROR] [1789454178.312039481] [tf_help]: Data time: 1789454177s 640684112ns, Transform time: 1789454177s 54152742ns
[component_container_isolated-1] [ERROR] [1789454178.361894228] [tf_help]: Transform data too old when converting from map to odom
[component_container_isolated-1] [ERROR] [1789454178.361911953] [tf_help]: Data time: 1789454177s 640684112ns, Transform time: 1789454177s 54152742ns
[component_container_isolated-1] [INFO] [1789454178.410199846] [robot1.bt_navigator]: Received goal preemption request
[component_container_isolated-1] [INFO] [1789454178.410330224] [robot1.bt_navigator]: Begin navigating from current location (-0.48, 0.93) to (-0.67, -1.43)
[component_container_isolated-1] [ERROR] [1789454178.411980658] [tf_help]: Transform data too old when converting from map to odom
[component_container_isolated-1] [ERROR] [1789454178.411997091] [tf_help]: Data time: 1789454177s 640684112ns, Transform time: 1789454177s 54152742ns
[component_container_isolated-1] [ERROR] [1789454178.461945795] [tf_help]: Transform data too old when converting from map to odom
[component_container_isolated-1] [ERROR] [1789454178.461961593] [tf_help]: Data time: 1789454177s 640684112ns, Transform time: 1789454177s 54152742ns
[component_container_isolated-1] [ERROR] [1789454178.512063839] [tf_help]: Transform data too old when converting from map to odom
[component_container_isolated-1] [ERROR] [1789454178.512087708] [tf_help]: Data time: 1789454177s 640684112ns, Transform time: 1789454177s 54152742ns
[component_container_isolated-1] [ERROR] [1789454178.562021858] [tf_help]: Transform data too old when converting from map to odom
[component_container_isolated-1] [ERROR] [1789454178.562040742] [tf_help]: Data time: 1789454177s 640684112ns, Transform time: 1789454177s 54152742ns
[component_container_isolated-1] [ERROR] [1789454178.611863774] [tf_help]: Transform data too old when converting from map to odom
[component_container_isolated-1] [ERROR] [1789454178.611882606] [tf_help]: Data time: 1789454177s 640684112ns, Transform time: 1789454177s 54152742ns
[component_container_isolated-1] [ERROR] [1789454178.661909218] [tf_help]: Transform data too old when converting from map to odom
[component_container_isolated-1] [ERROR] [1789454178.661930543] [tf_help]: Data time: 1789454177s 640684112ns, Transform time: 1789454177s 54152742ns
[component_container_isolated-1] [INFO] [1789454178.710565166] [robot1.controller_server]: Passing new path to controller.
[component_container_isolated-1] [ERROR] [1789454178.712018152] [tf_help]: Transform data too old when converting from map to odom
[component_container_isolated-1] [ERROR] [1789454178.712031713] [tf_help]: Data time: 1789454178s 670477199ns, Transform time: 1789454177s 54152742ns
[component_container_isolated-1] [ERROR] [1789454178.761889571] [tf_help]: Transform data too old when converting from map to odom
[component_container_isolated-1] [ERROR] [1789454178.761903976] [tf_help]: Data time: 1789454178s 670477199ns, Transform time: 1789454177s 54152742ns
[component_container_isolated-1] [ERROR] [1789454178.812007307] [tf_help]: Transform data too old when converting from map to odom
[component_container_isolated-1] [ERROR] [1789454178.812024937] [tf_help]: Data time: 1789454178s 670477199ns, Transform time: 1789454177s 54152742ns
[component_container_isolated-1] [ERROR] [1789454178.861899254] [tf_help]: Transform data too old when converting from map to odom
[component_container_isolated-1] [ERROR] [1789454178.861913824] [tf_help]: Data time: 1789454178s 670477199ns, Transform time: 1789454177s 54152742ns
[component_container_isolated-1] [ERROR] [1789454178.911958313] [tf_help]: Transform data too old when converting from map to odom
[component_container_isolated-1] [ERROR] [1789454178.912005757] [tf_help]: Data time: 1789454178s 670477199ns, Transform time: 1789454177s 54152742ns
[component_container_isolated-1] [ERROR] [1789454178.961879514] [tf_help]: Transform data too old when converting from map to odom
[component_container_isolated-1] [ERROR] [1789454178.961924390] [tf_help]: Data time: 1789454178s 670477199ns, Transform time: 1789454177s 54152742ns
[component_container_isolated-1] [ERROR] [1789454179.011868234] [tf_help]: Transform data too old when converting from map to odom
[component_container_isolated-1] [ERROR] [1789454179.011894663] [tf_help]: Data time: 1789454178s 670477199ns, Transform time: 1789454177s 54152742ns
[component_container_isolated-1] [ERROR] [1789454179.061926394] [tf_help]: Transform data too old when converting from map to odom
[component_container_isolated-1] [ERROR] [1789454179.061944362] [tf_help]: Data time: 1789454178s 670477199ns, Transform time: 1789454177s 54152742ns
[component_container_isolated-1] [ERROR] [1789454179.111989010] [tf_help]: Transform data too old when converting from map to odom
[component_container_isolated-1] [ERROR] [1789454179.112011048] [tf_help]: Data time: 1789454178s 670477199ns, Transform time: 1789454177s 54152742ns
[component_container_isolated-1] [ERROR] [1789454179.161967804] [tf_help]: Transform data too old when converting from map to odom
[component_container_isolated-1] [ERROR] [1789454179.161993901] [tf_help]: Data time: 1789454178s 670477199ns, Transform time: 1789454177s 54152742ns
[component_container_isolated-1] [ERROR] [1789454179.211876456] [tf_help]: Transform data too old when converting from map to odom
[component_container_isolated-1] [ERROR] [1789454179.211895448] [tf_help]: Data time: 1789454178s 670477199ns, Transform time: 1789454177s 54152742ns
[component_container_isolated-1] [ERROR] [1789454179.261879270] [tf_help]: Transform data too old when converting from map to odom
[component_container_isolated-1] [ERROR] [1789454179.261896532] [tf_help]: Data time: 1789454178s 670477199ns, Transform time: 1789454177s 54152742ns
[component_container_isolated-1] [ERROR] [1789454179.311915741] [tf_help]: Transform data too old when converting from map to odom
[component_container_isolated-1] [ERROR] [1789454179.311940938] [tf_help]: Data time: 1789454178s 670477199ns, Transform time: 1789454177s 54152742ns
[component_container_isolated-1] [ERROR] [1789454179.362002872] [tf_help]: Transform data too old when converting from map to odom
[component_container_isolated-1] [ERROR] [1789454179.362020575] [tf_help]: Data time: 1789454178s 670477199ns, Transform time: 1789454177s 54152742ns
[component_container_isolated-1] [ERROR] [1789454179.411952630] [tf_help]: Transform data too old when converting from map to odom
[component_container_isolated-1] [ERROR] [1789454179.411970625] [tf_help]: Data time: 1789454178s 670477199ns, Transform time: 1789454177s 54152742ns
[component_container_isolated-1] [INFO] [1789454179.420156903] [robot1.bt_navigator]: Received goal preemption request
[component_container_isolated-1] [INFO] [1789454179.420293836] [robot1.bt_navigator]: Begin navigating from current location (-0.48, 0.93) to (-0.41, -1.75)
[component_container_isolated-1] [ERROR] [1789454179.461921205] [tf_help]: Transform data too old when converting from map to odom
[component_container_isolated-1] [ERROR] [1789454179.461941366] [tf_help]: Data time: 1789454178s 670477199ns, Transform time: 1789454177s 54152742ns
[component_container_isolated-1] [ERROR] [1789454179.512018156] [tf_help]: Transform data too old when converting from map to odom
[component_container_isolated-1] [ERROR] [1789454179.512041923] [tf_help]: Data time: 1789454178s 670477199ns, Transform time: 1789454177s 54152742ns
[component_container_isolated-1] [ERROR] [1789454179.561917369] [tf_help]: Transform data too old when converting from map to odom
[component_container_isolated-1] [ERROR] [1789454179.561936419] [tf_help]: Data time: 1789454178s 670477199ns, Transform time: 1789454177s 54152742ns
[component_container_isolated-1] [ERROR] [1789454179.611953672] [tf_help]: Transform data too old when converting from map to odom
[component_container_isolated-1] [ERROR] [1789454179.611976261] [tf_help]: Data time: 1789454178s 670477199ns, Transform time: 1789454177s 54152742ns
[component_container_isolated-1] [ERROR] [1789454179.661937638] [tf_help]: Transform data too old when converting from map to odom
[component_container_isolated-1] [ERROR] [1789454179.661958939] [tf_help]: Data time: 1789454178s 670477199ns, Transform time: 1789454177s 54152742ns
[component_container_isolated-1] [ERROR] [1789454179.711961557] [tf_help]: Transform data too old when converting from map to odom
[component_container_isolated-1] [ERROR] [1789454179.711983091] [tf_help]: Data time: 1789454178s 670477199ns, Transform time: 1789454177s 54152742ns
[component_container_isolated-1] [INFO] [1789454179.760609836] [robot1.controller_server]: Passing new path to controller.
[component_container_isolated-1] [ERROR] [1789454179.762063690] [tf_help]: Transform data too old when converting from map to odom
[component_container_isolated-1] [ERROR] [1789454179.762076348] [tf_help]: Data time: 1789454179s 700518620ns, Transform time: 1789454177s 54152742ns
[component_container_isolated-1] [ERROR] [1789454179.811884912] [tf_help]: Transform data too old when converting from map to odom
[component_container_isolated-1] [ERROR] [1789454179.811901990] [tf_help]: Data time: 1789454179s 700518620ns, Transform time: 1789454177s 54152742ns
[component_container_isolated-1] [ERROR] [1789454179.861913373] [tf_help]: Transform data too old when converting from map to odom
[component_container_isolated-1] [ERROR] [1789454179.861931276] [tf_help]: Data time: 1789454179s 700518620ns, Transform time: 1789454177s 54152742ns
[component_container_isolated-1] [ERROR] [1789454179.911916045] [tf_help]: Transform data too old when converting from map to odom
[component_container_isolated-1] [ERROR] [1789454179.911942364] [tf_help]: Data time: 1789454179s 700518620ns, Transform time: 1789454177s 54152742ns
[component_container_isolated-1] [ERROR] [1789454179.962011457] [tf_help]: Transform data too old when converting from map to odom
[component_container_isolated-1] [ERROR] [1789454179.962031411] [tf_help]: Data time: 1789454179s 700518620ns, Transform time: 1789454177s 54152742ns
[component_container_isolated-1] [ERROR] [1789454180.011936900] [tf_help]: Transform data too old when converting from map to odom
[component_container_isolated-1] [ERROR] [1789454180.011961037] [tf_help]: Data time: 1789454179s 700518620ns, Transform time: 1789454177s 54152742ns
[component_container_isolated-1] [ERROR] [1789454180.062000884] [tf_help]: Transform data too old when converting from map to odom
[component_container_isolated-1] [ERROR] [1789454180.062018392] [tf_help]: Data time: 1789454179s 700518620ns, Transform time: 1789454177s 54152742ns
[component_container_isolated-1] [ERROR] [1789454180.112008975] [tf_help]: Transform data too old when converting from map to odom
[component_container_isolated-1] [ERROR] [1789454180.112030713] [tf_help]: Data time: 1789454179s 700518620ns, Transform time: 1789454177s 54152742ns
[component_container_isolated-1] [ERROR] [1789454180.161975724] [tf_help]: Transform data too old when converting from map to odom
[component_container_isolated-1] [ERROR] [1789454180.161996720] [tf_help]: Data time: 1789454179s 700518620ns, Transform time: 1789454177s 54152742ns
[component_container_isolated-1] [ERROR] [1789454180.211866303] [tf_help]: Transform data too old when converting from map to odom
[component_container_isolated-1] [ERROR] [1789454180.211890623] [tf_help]: Data time: 1789454179s 700518620ns, Transform time: 1789454177s 54152742ns
[component_container_isolated-1] [ERROR] [1789454180.261980307] [tf_help]: Transform data too old when converting from map to odom
[component_container_isolated-1] [ERROR] [1789454180.261999229] [tf_help]: Data time: 1789454179s 700518620ns, Transform time: 1789454177s 54152742ns
[component_container_isolated-1] [ERROR] [1789454180.311881179] [tf_help]: Transform data too old when converting from map to odom
[component_container_isolated-1] [ERROR] [1789454180.311906697] [tf_help]: Data time: 1789454179s 700518620ns, Transform time: 1789454177s 54152742ns
[component_container_isolated-1] [ERROR] [1789454180.361973249] [tf_help]: Transform data too old when converting from map to odom
[component_container_isolated-1] [ERROR] [1789454180.361994101] [tf_help]: Data time: 1789454179s 700518620ns, Transform time: 1789454177s 54152742ns
[component_container_isolated-1] [ERROR] [1789454180.412026504] [tf_help]: Transform data too old when converting from map to odom
[component_container_isolated-1] [ERROR] [1789454180.412045025] [tf_help]: Data time: 1789454179s 700518620ns, Transform time: 1789454177s 54152742ns
[component_container_isolated-1] [INFO] [1789454180.420229388] [robot1.bt_navigator]: Received goal preemption request
[component_container_isolated-1] [INFO] [1789454180.420304609] [robot1.bt_navigator]: Begin navigating from current location (-0.48, 0.90) to (-0.28, -0.66)
[component_container_isolated-1] [ERROR] [1789454180.461899009] [tf_help]: Transform data too old when converting from map to odom
[component_container_isolated-1] [ERROR] [1789454180.461918917] [tf_help]: Data time: 1789454179s 700518620ns, Transform time: 1789454177s 54152742ns
[component_container_isolated-1] [ERROR] [1789454180.511926144] [tf_help]: Transform data too old when converting from map to odom
[component_container_isolated-1] [ERROR] [1789454180.511952887] [tf_help]: Data time: 1789454179s 700518620ns, Transform time: 1789454177s 54152742ns
[component_container_isolated-1] [ERROR] [1789454180.561960166] [tf_help]: Transform data too old when converting from map to odom
[component_container_isolated-1] [ERROR] [1789454180.561980041] [tf_help]: Data time: 1789454179s 700518620ns, Transform time: 1789454177s 54152742ns
[component_container_isolated-1] [ERROR] [1789454180.611864275] [tf_help]: Transform data too old when converting from map to odom
[component_container_isolated-1] [ERROR] [1789454180.611882055] [tf_help]: Data time: 1789454179s 700518620ns, Transform time: 1789454177s 54152742ns
[component_container_isolated-1] [ERROR] [1789454180.661937307] [tf_help]: Transform data too old when converting from map to odom
[component_container_isolated-1] [ERROR] [1789454180.661961159] [tf_help]: Data time: 1789454179s 700518620ns, Transform time: 1789454177s 54152742ns
[component_container_isolated-1] [ERROR] [1789454180.712033196] [tf_help]: Transform data too old when converting from map to odom
[component_container_isolated-1] [ERROR] [1789454180.712058348] [tf_help]: Data time: 1789454179s 700518620ns, Transform time: 1789454177s 54152742ns
[component_container_isolated-1] [INFO] [1789454180.760562542] [robot1.controller_server]: Passing new path to controller.
[component_container_isolated-1] [ERROR] [1789454180.761940881] [tf_help]: Transform data too old when converting from map to odom
[component_container_isolated-1] [ERROR] [1789454180.761952647] [tf_help]: Data time: 1789454180s 730682864ns, Transform time: 1789454177s 54152742ns
[component_container_isolated-1] [ERROR] [1789454180.811954471] [tf_help]: Transform data too old when converting from map to odom
[component_container_isolated-1] [ERROR] [1789454180.811977975] [tf_help]: Data time: 1789454180s 730682864ns, Transform time: 1789454177s 54152742ns
[component_container_isolated-1] [ERROR] [1789454180.861880141] [tf_help]: Transform data too old when converting from map to odom
[component_container_isolated-1] [ERROR] [1789454180.861897901] [tf_help]: Data time: 1789454180s 730682864ns, Transform time: 1789454177s 54152742ns
[component_container_isolated-1] [ERROR] [1789454180.911946139] [tf_help]: Transform data too old when converting from map to odom
[component_container_isolated-1] [ERROR] [1789454180.911969887] [tf_help]: Data time: 1789454180s 730682864ns, Transform time: 1789454177s 54152742ns
[component_container_isolated-1] [ERROR] [1789454180.961980949] [tf_help]: Transform data too old when converting from map to odom
[component_container_isolated-1] [ERROR] [1789454180.962003731] [tf_help]: Data time: 1789454180s 730682864ns, Transform time: 1789454177s 54152742ns
[component_container_isolated-1] [ERROR] [1789454181.011936502] [tf_help]: Transform data too old when converting from map to odom
[component_container_isolated-1] [ERROR] [1789454181.011959504] [tf_help]: Data time: 1789454180s 730682864ns, Transform time: 1789454177s 54152742ns
[component_container_isolated-1] [ERROR] [1789454181.061936932] [tf_help]: Transform data too old when converting from map to odom
[component_container_isolated-1] [ERROR] [1789454181.061956479] [tf_help]: Data time: 1789454180s 730682864ns, Transform time: 1789454177s 54152742ns
[component_container_isolated-1] [ERROR] [1789454181.111977556] [tf_help]: Transform data too old when converting from map to odom
[component_container_isolated-1] [ERROR] [1789454181.112002108] [tf_help]: Data time: 1789454180s 730682864ns, Transform time: 1789454177s 54152742ns
[component_container_isolated-1] [ERROR] [1789454181.161914066] [tf_help]: Transform data too old when converting from map to odom
[component_container_isolated-1] [ERROR] [1789454181.161934394] [tf_help]: Data time: 1789454180s 730682864ns, Transform time: 1789454177s 54152742ns
[component_container_isolated-1] [ERROR] [1789454181.211928109] [tf_help]: Transform data too old when converting from map to odom
[component_container_isolated-1] [ERROR] [1789454181.211949676] [tf_help]: Data time: 1789454180s 730682864ns, Transform time: 1789454177s 54152742ns
[component_container_isolated-1] [ERROR] [1789454181.262017703] [tf_help]: Transform data too old when converting from map to odom
[component_container_isolated-1] [ERROR] [1789454181.262042735] [tf_help]: Data time: 1789454180s 730682864ns, Transform time: 1789454177s 54152742ns
[component_container_isolated-1] [ERROR] [1789454181.312093549] [tf_help]: Transform data too old when converting from map to odom
[component_container_isolated-1] [ERROR] [1789454181.312118313] [tf_help]: Data time: 1789454180s 730682864ns, Transform time: 1789454177s 54152742ns
[component_container_isolated-1] [ERROR] [1789454181.361984344] [tf_help]: Transform data too old when converting from map to odom
[component_container_isolated-1] [ERROR] [1789454181.362004764] [tf_help]: Data time: 1789454180s 730682864ns, Transform time: 1789454177s 54152742ns
[component_container_isolated-1] [ERROR] [1789454181.412015260] [tf_help]: Transform data too old when converting from map to odom
[component_container_isolated-1] [ERROR] [1789454181.412035010] [tf_help]: Data time: 1789454180s 730682864ns, Transform time: 1789454177s 54152742ns
[component_container_isolated-1] [INFO] [1789454181.420175040] [robot1.bt_navigator]: Received goal preemption request
[component_container_isolated-1] [INFO] [1789454181.420257012] [robot1.bt_navigator]: Begin navigating from current location (-0.49, 0.81) to (-0.29, -0.95)
[component_container_isolated-1] [ERROR] [1789454181.461914805] [tf_help]: Transform data too old when converting from map to odom
[component_container_isolated-1] [ERROR] [1789454181.461932226] [tf_help]: Data time: 1789454180s 730682864ns, Transform time: 1789454177s 54152742ns
[component_container_isolated-1] [ERROR] [1789454181.512074576] [tf_help]: Transform data too old when converting from map to odom
[component_container_isolated-1] [ERROR] [1789454181.512097163] [tf_help]: Data time: 1789454180s 730682864ns, Transform time: 1789454177s 54152742ns
[component_container_isolated-1] [ERROR] [1789454181.561954744] [tf_help]: Transform data too old when converting from map to odom
[component_container_isolated-1] [ERROR] [1789454181.561973754] [tf_help]: Data time: 1789454180s 730682864ns, Transform time: 1789454177s 54152742ns
[component_container_isolated-1] [ERROR] [1789454181.611893084] [tf_help]: Transform data too old when converting from map to odom
[component_container_isolated-1] [ERROR] [1789454181.611911841] [tf_help]: Data time: 1789454180s 730682864ns, Transform time: 1789454177s 54152742ns
[component_container_isolated-1] [ERROR] [1789454181.661855333] [tf_help]: Transform data too old when converting from map to odom
[component_container_isolated-1] [ERROR] [1789454181.661878695] [tf_help]: Data time: 1789454180s 730682864ns, Transform time: 1789454177s 54152742ns
[component_container_isolated-1] [ERROR] [1789454181.712020186] [tf_help]: Transform data too old when converting from map to odom
[component_container_isolated-1] [ERROR] [1789454181.712045620] [tf_help]: Data time: 1789454180s 730682864ns, Transform time: 1789454177s 54152742ns
[component_container_isolated-1] [ERROR] [1789454181.762327407] [tf_help]: Transform data too old when converting from map to odom
[component_container_isolated-1] [ERROR] [1789454181.762348153] [tf_help]: Data time: 1789454180s 730682864ns, Transform time: 1789454177s 54152742ns
[component_container_isolated-1] [INFO] [1789454181.810568838] [robot1.controller_server]: Passing new path to controller.
[component_container_isolated-1] [ERROR] [1789454181.811946187] [tf_help]: Transform data too old when converting from map to odom
[component_container_isolated-1] [ERROR] [1789454181.811967140] [tf_help]: Data time: 1789454181s 760440262ns, Transform time: 1789454177s 54152742ns
[component_container_isolated-1] [ERROR] [1789454181.861949784] [tf_help]: Transform data too old when converting from map to odom
[component_container_isolated-1] [ERROR] [1789454181.861966271] [tf_help]: Data time: 1789454181s 760440262ns, Transform time: 1789454177s 54152742ns
[component_container_isolated-1] [ERROR] [1789454181.911888555] [tf_help]: Transform data too old when converting from map to odom
[component_container_isolated-1] [ERROR] [1789454181.911909000] [tf_help]: Data time: 1789454181s 760440262ns, Transform time: 1789454177s 54152742ns
[component_container_isolated-1] [ERROR] [1789454181.962003037] [tf_help]: Transform data too old when converting from map to odom
[component_container_isolated-1] [ERROR] [1789454181.962020520] [tf_help]: Data time: 1789454181s 760440262ns, Transform time: 1789454177s 54152742ns
[component_container_isolated-1] [ERROR] [1789454182.011903600] [tf_help]: Transform data too old when converting from map to odom
[component_container_isolated-1] [ERROR] [1789454182.011933873] [tf_help]: Data time: 1789454181s 760440262ns, Transform time: 1789454177s 54152742ns
[component_container_isolated-1] [ERROR] [1789454182.061924659] [tf_help]: Transform data too old when converting from map to odom
[component_container_isolated-1] [ERROR] [1789454182.061944340] [tf_help]: Data time: 1789454181s 760440262ns, Transform time: 1789454177s 54152742ns
[component_container_isolated-1] [ERROR] [1789454182.111900861] [tf_help]: Transform data too old when converting from map to odom
[component_container_isolated-1] [ERROR] [1789454182.111922015] [tf_help]: Data time: 1789454181s 760440262ns, Transform time: 1789454177s 54152742ns
[component_container_isolated-1] [ERROR] [1789454182.162033974] [tf_help]: Transform data too old when converting from map to odom
[component_container_isolated-1] [ERROR] [1789454182.162056753] [tf_help]: Data time: 1789454181s 760440262ns, Transform time: 1789454177s 54152742ns
[component_container_isolated-1] [ERROR] [1789454182.212003017] [tf_help]: Transform data too old when converting from map to odom
[component_container_isolated-1] [ERROR] [1789454182.212023288] [tf_help]: Data time: 1789454181s 760440262ns, Transform time: 1789454177s 54152742ns
[component_container_isolated-1] [ERROR] [1789454182.262041990] [tf_help]: Transform data too old when converting from map to odom
[component_container_isolated-1] [ERROR] [1789454182.262060064] [tf_help]: Data time: 1789454181s 760440262ns, Transform time: 1789454177s 54152742ns
[component_container_isolated-1] [ERROR] [1789454182.311958069] [tf_help]: Transform data too old when converting from map to odom
[component_container_isolated-1] [ERROR] [1789454182.311983310] [tf_help]: Data time: 1789454181s 760440262ns, Transform time: 1789454177s 54152742ns
[component_container_isolated-1] [ERROR] [1789454182.361943023] [tf_help]: Transform data too old when converting from map to odom
[component_container_isolated-1] [ERROR] [1789454182.361960628] [tf_help]: Data time: 1789454181s 760440262ns, Transform time: 1789454177s 54152742ns
[component_container_isolated-1] [ERROR] [1789454182.411912716] [tf_help]: Transform data too old when converting from map to odom
[component_container_isolated-1] [ERROR] [1789454182.411929243] [tf_help]: Data time: 1789454181s 760440262ns, Transform time: 1789454177s 54152742ns
[component_container_isolated-1] [INFO] [1789454182.420199893] [robot1.bt_navigator]: Received goal preemption request
[component_container_isolated-1] [INFO] [1789454182.420301131] [robot1.bt_navigator]: Begin navigating from current location (-0.49, 0.80) to (-0.18, 0.05)
[component_container_isolated-1] [ERROR] [1789454182.461892076] [tf_help]: Transform data too old when converting from map to odom
[component_container_isolated-1] [ERROR] [1789454182.461909303] [tf_help]: Data time: 1789454181s 760440262ns, Transform time: 1789454177s 54152742ns
[component_container_isolated-1] [ERROR] [1789454182.510580533] [robot1.controller_server]: Failed to make progress
[component_container_isolated-1] [WARN] [1789454182.510639253] [robot1.controller_server]: [follow_path] [ActionServer] Aborting handle.
[component_container_isolated-1] [INFO] [1789454182.530400620] [robot1.local_costmap.local_costmap]: Received request to clear entirely the local_costmap
[component_container_isolated-1] [INFO] [1789454182.530685499] [robot1.controller_server]: Received a goal, begin computing control effort.
[component_container_isolated-1] [ERROR] [1789454182.602171882] [tf_help]: Transform data too old when converting from map to odom
[component_container_isolated-1] [ERROR] [1789454182.602205470] [tf_help]: Data time: 1789454181s 760440262ns, Transform time: 1789454177s 54152742ns
[component_container_isolated-1] [WARN] [1789454182.602210303] [robot1.controller_server]: Control loop missed its desired rate of 20.0000Hz
[component_container_isolated-1] [ERROR] [1789454182.603559024] [tf_help]: Transform data too old when converting from map to odom
[component_container_isolated-1] [ERROR] [1789454182.603569002] [tf_help]: Data time: 1789454181s 760440262ns, Transform time: 1789454177s 54152742ns
[component_container_isolated-1] [ERROR] [1789454182.632249413] [tf_help]: Transform data too old when converting from map to odom
[component_container_isolated-1] [ERROR] [1789454182.632269241] [tf_help]: Data time: 1789454181s 760440262ns, Transform time: 1789454177s 54152742ns
[component_container_isolated-1] [ERROR] [1789454182.682162718] [tf_help]: Transform data too old when converting from map to odom
[component_container_isolated-1] [ERROR] [1789454182.682185127] [tf_help]: Data time: 1789454181s 760440262ns, Transform time: 1789454177s 54152742ns
[component_container_isolated-1] [ERROR] [1789454182.732179084] [tf_help]: Transform data too old when converting from map to odom
[component_container_isolated-1] [ERROR] [1789454182.732205406] [tf_help]: Data time: 1789454181s 760440262ns, Transform time: 1789454177s 54152742ns
[component_container_isolated-1] [ERROR] [1789454182.782269581] [tf_help]: Transform data too old when converting from map to odom
[component_container_isolated-1] [ERROR] [1789454182.782290561] [tf_help]: Data time: 1789454181s 760440262ns, Transform time: 1789454177s 54152742ns
[component_container_isolated-1] [INFO] [1789454182.830823820] [robot1.controller_server]: Passing new path to controller.
[component_container_isolated-1] [ERROR] [1789454182.832175677] [tf_help]: Transform data too old when converting from map to odom
[component_container_isolated-1] [ERROR] [1789454182.832193939] [tf_help]: Data time: 1789454182s 790494274ns, Transform time: 1789454177s 54152742ns
[component_container_isolated-1] [ERROR] [1789454182.882158911] [tf_help]: Transform data too old when converting from map to odom
[component_container_isolated-1] [ERROR] [1789454182.882184168] [tf_help]: Data time: 1789454182s 790494274ns, Transform time: 1789454177s 54152742ns
[component_container_isolated-1] [ERROR] [1789454182.932365771] [tf_help]: Transform data too old when converting from map to odom
[component_container_isolated-1] [ERROR] [1789454182.932390522] [tf_help]: Data time: 1789454182s 790494274ns, Transform time: 1789454177s 54152742ns
[component_container_isolated-1] [ERROR] [1789454182.982154325] [tf_help]: Transform data too old when converting from map to odom
[component_container_isolated-1] [ERROR] [1789454182.982178353] [tf_help]: Data time: 1789454182s 790494274ns, Transform time: 1789454177s 54152742ns
[component_container_isolated-1] [ERROR] [1789454183.032127994] [tf_help]: Transform data too old when converting from map to odom
[component_container_isolated-1] [ERROR] [1789454183.032150332] [tf_help]: Data time: 1789454182s 790494274ns, Transform time: 1789454177s 54152742ns
[component_container_isolated-1] [ERROR] [1789454183.082223773] [tf_help]: Transform data too old when converting from map to odom
[component_container_isolated-1] [ERROR] [1789454183.082245464] [tf_help]: Data time: 1789454182s 790494274ns, Transform time: 1789454177s 54152742ns
[component_container_isolated-1] [ERROR] [1789454183.132167619] [tf_help]: Transform data too old when converting from map to odom
[component_container_isolated-1] [ERROR] [1789454183.132185688] [tf_help]: Data time: 1789454182s 790494274ns, Transform time: 1789454177s 54152742ns
[component_container_isolated-1] [ERROR] [1789454183.182159789] [tf_help]: Transform data too old when converting from map to odom
[component_container_isolated-1] [ERROR] [1789454183.182184893] [tf_help]: Data time: 1789454182s 790494274ns, Transform time: 1789454177s 54152742ns
[component_container_isolated-1] [ERROR] [1789454183.232130415] [tf_help]: Transform data too old when converting from map to odom
[component_container_isolated-1] [ERROR] [1789454183.232150386] [tf_help]: Data time: 1789454182s 790494274ns, Transform time: 1789454177s 54152742ns
[component_container_isolated-1] [ERROR] [1789454183.282155294] [tf_help]: Transform data too old when converting from map to odom
[component_container_isolated-1] [ERROR] [1789454183.282181742] [tf_help]: Data time: 1789454182s 790494274ns, Transform time: 1789454177s 54152742ns
[component_container_isolated-1] [ERROR] [1789454183.332197879] [tf_help]: Transform data too old when converting from map to odom
[component_container_isolated-1] [ERROR] [1789454183.332222561] [tf_help]: Data time: 1789454182s 790494274ns, Transform time: 1789454177s 54152742ns
[component_container_isolated-1] [INFO] [1789454183.380845156] [robot1.controller_server]: Goal was canceled. Stopping the robot.
[component_container_isolated-1] [INFO] [1789454183.380875169] [robot1.controller_server]: [follow_path] [ActionServer] Client requested to cancel the goal. Cancelling.
[component_container_isolated-1] [INFO] [1789454183.381042690] [robot1.bt_navigator]: [navigate_to_pose] [ActionServer] Client requested to cancel the goal. Cancelling.
[component_container_isolated-1] [INFO] [1789454183.381104942] [robot1.bt_navigator]: Goal canceled
[component_container_isolated-1] [INFO] [1789454188.758206935] [robot1.global_costmap.global_costmap]: StaticLayer: Resizing costmap to 188 X 303 at 0.050000 m/pix
[component_container_isolated-1] [INFO] [1789454188.794343120] [robot1.local_costmap.local_costmap]: StaticLayer: Resizing static layer to 188 X 303 at 0.050000 m/pix
[component_container_isolated-1] [ERROR] [1789454199.061225235] [transformPoseInTargetFrame]: Extrapolation Error looking up target frame: Lookup would require extrapolation into the past.  Requested time 1789454182.431482 but the earliest data is at time 1789454186.168338, when looking up transform from frame [base_link] to frame [map]
[component_container_isolated-1] 
[component_container_isolated-1] [ERROR] [1789454200.061767131] [transformPoseInTargetFrame]: Extrapolation Error looking up target frame: Lookup would require extrapolation into the past.  Requested time 1789454182.431482 but the earliest data is at time 1789454186.168338, when looking up transform from frame [base_link] to frame [map]
[component_container_isolated-1] 
[component_container_isolated-1] [ERROR] [1789454201.062757700] [transformPoseInTargetFrame]: Extrapolation Error looking up target frame: Lookup would require extrapolation into the past.  Requested time 1789454182.431482 but the earliest data is at time 1789454186.168338, when looking up transform from frame [base_link] to frame [map]
[component_container_isolated-1] 
[component_container_isolated-1] [ERROR] [1789454202.061488810] [transformPoseInTargetFrame]: Extrapolation Error looking up target frame: Lookup would require extrapolation into the past.  Requested time 1789454182.431482 but the earliest data is at time 1789454186.168338, when looking up transform from frame [base_link] to frame [map]
[component_container_isolated-1] 
[component_container_isolated-1] [ERROR] [1789454203.061075713] [transformPoseInTargetFrame]: Extrapolation Error looking up target frame: Lookup would require extrapolation into the past.  Requested time 1789454182.431482 but the earliest data is at time 1789454186.168338, when looking up transform from frame [base_link] to frame [map]
[component_container_isolated-1] 
[component_container_isolated-1] [ERROR] [1789454204.060697523] [transformPoseInTargetFrame]: Extrapolation Error looking up target frame: Lookup would require extrapolation into the past.  Requested time 1789454182.431482 but the earliest data is at time 1789454186.168338, when looking up transform from frame [base_link] to frame [map]
[component_container_isolated-1] 
[component_container_isolated-1] [ERROR] [1789454205.061441392] [transformPoseInTargetFrame]: Extrapolation Error looking up target frame: Lookup would require extrapolation into the past.  Requested time 1789454182.431482 but the earliest data is at time 1789454193.272250, when looking up transform from frame [base_link] to frame [map]
[component_container_isolated-1] 
[component_container_isolated-1] [ERROR] [1789454206.062431229] [transformPoseInTargetFrame]: Extrapolation Error looking up target frame: Lookup would require extrapolation into the past.  Requested time 1789454182.431482 but the earliest data is at time 1789454193.272250, when looking up transform from frame [base_link] to frame [map]
[component_container_isolated-1] 
[component_container_isolated-1] [ERROR] [1789454207.061947350] [transformPoseInTargetFrame]: Extrapolation Error looking up target frame: Lookup would require extrapolation into the past.  Requested time 1789454182.431482 but the earliest data is at time 1789454193.272250, when looking up transform from frame [base_link] to frame [map]
[component_container_isolated-1] 
[component_container_isolated-1] [ERROR] [1789454208.062012743] [transformPoseInTargetFrame]: Extrapolation Error looking up target frame: Lookup would require extrapolation into the past.  Requested time 1789454182.431482 but the earliest data is at time 1789454193.272250, when looking up transform from frame [base_link] to frame [map]
[component_container_isolated-1] 
[component_container_isolated-1] [ERROR] [1789454209.061356124] [transformPoseInTargetFrame]: Extrapolation Error looking up target frame: Lookup would require extrapolation into the past.  Requested time 1789454182.431482 but the earliest data is at time 1789454193.272250, when looking up transform from frame [base_link] to frame [map]
[component_container_isolated-1] 
[component_container_isolated-1] [ERROR] [1789454210.061273897] [transformPoseInTargetFrame]: Extrapolation Error looking up target frame: Lookup would require extrapolation into the past.  Requested time 1789454182.431482 but the earliest data is at time 1789454193.272250, when looking up transform from frame [base_link] to frame [map]
[component_container_isolated-1] 
[component_container_isolated-1] [ERROR] [1789454211.060827669] [transformPoseInTargetFrame]: Extrapolation Error looking up target frame: Lookup would require extrapolation into the past.  Requested time 1789454182.431482 but the earliest data is at time 1789454198.216327, when looking up transform from frame [base_link] to frame [map]
[component_container_isolated-1] 
[component_container_isolated-1] [ERROR] [1789454212.061591580] [transformPoseInTargetFrame]: Extrapolation Error looking up target frame: Lookup would require extrapolation into the past.  Requested time 1789454182.431482 but the earliest data is at time 1789454198.216327, when looking up transform from frame [base_link] to frame [map]
[component_container_isolated-1] 
[component_container_isolated-1] [ERROR] [1789454213.060988276] [transformPoseInTargetFrame]: Extrapolation Error looking up target frame: Lookup would require extrapolation into the past.  Requested time 1789454182.431482 but the earliest data is at time 1789454198.216327, when looking up transform from frame [base_link] to frame [map]
[component_container_isolated-1] 
[component_container_isolated-1] [ERROR] [1789454214.060920257] [transformPoseInTargetFrame]: Extrapolation Error looking up target frame: Lookup would require extrapolation into the past.  Requested time 1789454182.431482 but the earliest data is at time 1789454198.216327, when looking up transform from frame [base_link] to frame [map]
[component_container_isolated-1] 
[component_container_isolated-1] [ERROR] [1789454215.061478351] [transformPoseInTargetFrame]: Extrapolation Error looking up target frame: Lookup would require extrapolation into the past.  Requested time 1789454182.431482 but the earliest data is at time 1789454204.617389, when looking up transform from frame [base_link] to frame [map]
[component_container_isolated-1] 
[component_container_isolated-1] [ERROR] [1789454216.060935507] [transformPoseInTargetFrame]: Extrapolation Error looking up target frame: Lookup would require extrapolation into the past.  Requested time 1789454182.431482 but the earliest data is at time 1789454204.617389, when looking up transform from frame [base_link] to frame [map]
[component_container_isolated-1] 
[component_container_isolated-1] [ERROR] [1789454217.060765117] [transformPoseInTargetFrame]: Extrapolation Error looking up target frame: Lookup would require extrapolation into the past.  Requested time 1789454182.431482 but the earliest data is at time 1789454204.617389, when looking up transform from frame [base_link] to frame [map]
[component_container_isolated-1] 
[component_container_isolated-1] [ERROR] [1789454218.061707788] [transformPoseInTargetFrame]: Extrapolation Error looking up target frame: Lookup would require extrapolation into the past.  Requested time 1789454182.431482 but the earliest data is at time 1789454204.617389, when looking up transform from frame [base_link] to frame [map]
[component_container_isolated-1] 
[component_container_isolated-1] [ERROR] [1789454219.060741069] [transformPoseInTargetFrame]: Extrapolation Error looking up target frame: Lookup would require extrapolation into the past.  Requested time 1789454182.431482 but the earliest data is at time 1789454204.617389, when looking up transform from frame [base_link] to frame [map]
[component_container_isolated-1] 
[component_container_isolated-1] [ERROR] [1789454220.062091540] [transformPoseInTargetFrame]: Extrapolation Error looking up target frame: Lookup would require extrapolation into the past.  Requested time 1789454182.431482 but the earliest data is at time 1789454204.617389, when looking up transform from frame [base_link] to frame [map]
[component_container_isolated-1] 
[component_container_isolated-1] [ERROR] [1789454222.060575964] [transformPoseInTargetFrame]: Extrapolation Error looking up target frame: Lookup would require extrapolation at time 1789454215.321669, but only time 1789454217.043501 is in the buffer, when looking up transform from frame [base_link] to frame [map]
[component_container_isolated-1] 
[component_container_isolated-1] [ERROR] [1789454223.060772590] [transformPoseInTargetFrame]: Extrapolation Error looking up target frame: Lookup would require extrapolation at time 1789454215.321669, but only time 1789454217.043501 is in the buffer, when looking up transform from frame [base_link] to frame [map]
[component_container_isolated-1] 
[component_container_isolated-1] [ERROR] [1789454224.060539135] [transformPoseInTargetFrame]: Extrapolation Error looking up target frame: Lookup would require extrapolation at time 1789454215.321669, but only time 1789454217.043501 is in the buffer, when looking up transform from frame [base_link] to frame [map]
[component_container_isolated-1] 
[component_container_isolated-1] [INFO] [1789454234.106233757] [robot1.local_costmap.local_costmap]: Message Filter dropping message: frame 'rplidar_link' at time 1789454227.432 for reason 'the timestamp on the message is earlier than all the data in the transform cache'
[component_container_isolated-1] [INFO] [1789454244.668092796] [robot1.local_costmap.local_costmap]: Message Filter dropping message: frame 'rplidar_link' at time 1789454238.280 for reason 'the timestamp on the message is earlier than all the data in the transform cache'
[component_container_isolated-1] [ERROR] [1789454247.060481745] [transformPoseInTargetFrame]: Extrapolation Error looking up target frame: Lookup would require extrapolation into the past.  Requested time 1789454232.946763 but the earliest data is at time 1789454233.771359, when looking up transform from frame [base_link] to frame [map]
[component_container_isolated-1] 
[component_container_isolated-1] [ERROR] [1789454248.061512278] [transformPoseInTargetFrame]: Extrapolation Error looking up target frame: Lookup would require extrapolation into the past.  Requested time 1789454232.946763 but the earliest data is at time 1789454233.771359, when looking up transform from frame [base_link] to frame [map]
[component_container_isolated-1] 
[component_container_isolated-1] [ERROR] [1789454249.060806039] [transformPoseInTargetFrame]: Extrapolation Error looking up target frame: Lookup would require extrapolation into the past.  Requested time 1789454232.946763 but the earliest data is at time 1789454233.771359, when looking up transform from frame [base_link] to frame [map]
[component_container_isolated-1] 
[component_container_isolated-1] [ERROR] [1789454250.060761705] [transformPoseInTargetFrame]: Extrapolation Error looking up target frame: Lookup would require extrapolation into the past.  Requested time 1789454232.946763 but the earliest data is at time 1789454233.771359, when looking up transform from frame [base_link] to frame [map]
[component_container_isolated-1] 
[component_container_isolated-1] [ERROR] [1789454251.060618653] [transformPoseInTargetFrame]: Extrapolation Error looking up target frame: Lookup would require extrapolation into the past.  Requested time 1789454232.946763 but the earliest data is at time 1789454233.771359, when looking up transform from frame [base_link] to frame [map]
[component_container_isolated-1] 
[component_container_isolated-1] [INFO] [1789454251.086600811] [robot1.local_costmap.local_costmap]: Message Filter dropping message: frame 'rplidar_link' at time 1789454243.404 for reason 'the timestamp on the message is earlier than all the data in the transform cache'
[component_container_isolated-1] [ERROR] [1789454252.060709283] [transformPoseInTargetFrame]: Extrapolation Error looking up target frame: Lookup would require extrapolation into the past.  Requested time 1789454232.946763 but the earliest data is at time 1789454240.171343, when looking up transform from frame [base_link] to frame [map]
[component_container_isolated-1] 
[component_container_isolated-1] [ERROR] [1789454253.060959841] [transformPoseInTargetFrame]: Extrapolation Error looking up target frame: Lookup would require extrapolation into the past.  Requested time 1789454232.946763 but the earliest data is at time 1789454240.171343, when looking up transform from frame [base_link] to frame [map]
[component_container_isolated-1] 
[component_container_isolated-1] [ERROR] [1789454254.061090134] [transformPoseInTargetFrame]: Extrapolation Error looking up target frame: Lookup would require extrapolation into the past.  Requested time 1789454232.946763 but the earliest data is at time 1789454240.171343, when looking up transform from frame [base_link] to frame [map]
[component_container_isolated-1] 
[component_container_isolated-1] [ERROR] [1789454255.062413661] [transformPoseInTargetFrame]: Extrapolation Error looking up target frame: Lookup would require extrapolation into the past.  Requested time 1789454232.946763 but the earliest data is at time 1789454240.171343, when looking up transform from frame [base_link] to frame [map]
[component_container_isolated-1] 
[component_container_isolated-1] [ERROR] [1789454256.063494925] [transformPoseInTargetFrame]: Extrapolation Error looking up target frame: Lookup would require extrapolation into the past.  Requested time 1789454232.946763 but the earliest data is at time 1789454240.171343, when looking up transform from frame [base_link] to frame [map]
[component_container_isolated-1] 
[component_container_isolated-1] [ERROR] [1789454257.061412509] [transformPoseInTargetFrame]: Extrapolation Error looking up target frame: Lookup would require extrapolation into the past.  Requested time 1789454232.946763 but the earliest data is at time 1789454240.171343, when looking up transform from frame [base_link] to frame [map]
[component_container_isolated-1] 
[component_container_isolated-1] [ERROR] [1789454258.061694569] [transformPoseInTargetFrame]: Extrapolation Error looking up target frame: Lookup would require extrapolation into the past.  Requested time 1789454232.946763 but the earliest data is at time 1789454245.626320, when looking up transform from frame [base_link] to frame [map]
[component_container_isolated-1] 
[component_container_isolated-1] [ERROR] [1789454259.064706890] [transformPoseInTargetFrame]: Extrapolation Error looking up target frame: Lookup would require extrapolation into the past.  Requested time 1789454232.946763 but the earliest data is at time 1789454245.626320, when looking up transform from frame [base_link] to frame [map]
[component_container_isolated-1] 
[component_container_isolated-1] [ERROR] [1789454260.064631352] [transformPoseInTargetFrame]: Extrapolation Error looking up target frame: Lookup would require extrapolation into the past.  Requested time 1789454232.946763 but the earliest data is at time 1789454245.626320, when looking up transform from frame [base_link] to frame [map]
[component_container_isolated-1] 
[component_container_isolated-1] [ERROR] [1789454261.062782587] [transformPoseInTargetFrame]: Extrapolation Error looking up target frame: Lookup would require extrapolation into the past.  Requested time 1789454232.946763 but the earliest data is at time 1789454245.626320, when looking up transform from frame [base_link] to frame [map]
[component_container_isolated-1] 
[component_container_isolated-1] [ERROR] [1789454262.061382838] [transformPoseInTargetFrame]: Extrapolation Error looking up target frame: Lookup would require extrapolation into the past.  Requested time 1789454232.946763 but the earliest data is at time 1789454251.226861, when looking up transform from frame [base_link] to frame [map]
[component_container_isolated-1] 
[component_container_isolated-1] [ERROR] [1789454263.060710902] [transformPoseInTargetFrame]: Extrapolation Error looking up target frame: Lookup would require extrapolation into the past.  Requested time 1789454232.946763 but the earliest data is at time 1789454251.226861, when looking up transform from frame [base_link] to frame [map]
[component_container_isolated-1] 
[component_container_isolated-1] [ERROR] [1789454264.060727152] [transformPoseInTargetFrame]: Extrapolation Error looking up target frame: Lookup would require extrapolation into the past.  Requested time 1789454232.946763 but the earliest data is at time 1789454251.226861, when looking up transform from frame [base_link] to frame [map]
[component_container_isolated-1] 
[component_container_isolated-1] [ERROR] [1789454265.060580917] [transformPoseInTargetFrame]: Extrapolation Error looking up target frame: Lookup would require extrapolation into the past.  Requested time 1789454232.946763 but the earliest data is at time 1789454251.226861, when looking up transform from frame [base_link] to frame [map]
[component_container_isolated-1] 
[component_container_isolated-1] [ERROR] [1789454266.060877058] [transformPoseInTargetFrame]: Extrapolation Error looking up target frame: Lookup would require extrapolation into the past.  Requested time 1789454232.946763 but the earliest data is at time 1789454251.226861, when looking up transform from frame [base_link] to frame [map]
[component_container_isolated-1] 
[component_container_isolated-1] [ERROR] [1789454267.060733014] [transformPoseInTargetFrame]: Extrapolation Error looking up target frame: Lookup would require extrapolation at time 1789454258.715719, but only time 1789454260.228729 is in the buffer, when looking up transform from frame [base_link] to frame [map]
[component_container_isolated-1] 
[component_container_isolated-1] [ERROR] [1789454268.060926571] [transformPoseInTargetFrame]: Extrapolation Error looking up target frame: Lookup would require extrapolation at time 1789454258.715719, but only time 1789454260.228729 is in the buffer, when looking up transform from frame [base_link] to frame [map]
[component_container_isolated-1] 
[component_container_isolated-1] [ERROR] [1789454269.060420368] [transformPoseInTargetFrame]: Extrapolation Error looking up target frame: Lookup would require extrapolation at time 1789454258.715719, but only time 1789454260.228729 is in the buffer, when looking up transform from frame [base_link] to frame [map]
[component_container_isolated-1] 
[component_container_isolated-1] [INFO] [1789454269.735266385] [robot1.global_costmap.global_costmap]: Message Filter dropping message: frame 'rplidar_link' at time 1789454258.364 for reason 'the timestamp on the message is earlier than all the data in the transform cache'
[component_container_isolated-1] [ERROR] [1789454270.061665733] [transformPoseInTargetFrame]: Extrapolation Error looking up target frame: Lookup would require extrapolation at time 1789454258.715719, but only time 1789454260.228729 is in the buffer, when looking up transform from frame [base_link] to frame [map]
[component_container_isolated-1] 
[component_container_isolated-1] [INFO] [1789454281.822249369] [robot1.local_costmap.local_costmap]: Message Filter dropping message: frame 'rplidar_link' at time 1789454274.586 for reason 'the timestamp on the message is earlier than all the data in the transform cache'
[component_container_isolated-1] [ERROR] [1789454283.061325835] [transformPoseInTargetFrame]: Extrapolation Error looking up target frame: Lookup would require extrapolation into the past.  Requested time 1789454265.130476 but the earliest data is at time 1789454270.475541, when looking up transform from frame [base_link] to frame [map]
[component_container_isolated-1] 
[component_container_isolated-1] [ERROR] [1789454284.060498058] [transformPoseInTargetFrame]: Extrapolation Error looking up target frame: Lookup would require extrapolation into the past.  Requested time 1789454265.130476 but the earliest data is at time 1789454270.475541, when looking up transform from frame [base_link] to frame [map]
[component_container_isolated-1] 
[component_container_isolated-1] [ERROR] [1789454285.060629982] [transformPoseInTargetFrame]: Extrapolation Error looking up target frame: Lookup would require extrapolation into the past.  Requested time 1789454265.130476 but the earliest data is at time 1789454270.475541, when looking up transform from frame [base_link] to frame [map]
[component_container_isolated-1] 
[component_container_isolated-1] [ERROR] [1789454286.061009332] [transformPoseInTargetFrame]: Extrapolation Error looking up target frame: Lookup would require extrapolation into the past.  Requested time 1789454265.130476 but the earliest data is at time 1789454270.475541, when looking up transform from frame [base_link] to frame [map]
[component_container_isolated-1] 
[component_container_isolated-1] [ERROR] [1789454287.060559917] [transformPoseInTargetFrame]: Extrapolation Error looking up target frame: Lookup would require extrapolation into the past.  Requested time 1789454265.130476 but the earliest data is at time 1789454270.475541, when looking up transform from frame [base_link] to frame [map]
[component_container_isolated-1] 
[component_container_isolated-1] [INFO] [1789454297.850981909] [robot1.local_costmap.local_costmap]: Message Filter dropping message: frame 'rplidar_link' at time 1789454296.652 for reason 'the timestamp on the message is earlier than all the data in the transform cache'
[component_container_isolated-1] [ERROR] [1789454317.060882491] [transformPoseInTargetFrame]: Extrapolation Error looking up target frame: Lookup would require extrapolation into the past.  Requested time 1789454299.263188 but the earliest data is at time 1789454301.613558, when looking up transform from frame [base_link] to frame [map]
[component_container_isolated-1] 
[component_container_isolated-1] [ERROR] [1789454318.062326445] [transformPoseInTargetFrame]: Extrapolation Error looking up target frame: Lookup would require extrapolation into the past.  Requested time 1789454317.726625 but the earliest data is at time 1789454317.917510, when looking up transform from frame [base_link] to frame [map]
[component_container_isolated-1] 
[component_container_isolated-1] [INFO] [1789454318.186137334] [robot1.global_costmap.global_costmap]: Message Filter dropping message: frame 'rplidar_link' at time 1789454317.367 for reason 'the timestamp on the message is earlier than all the data in the transform cache'
[component_container_isolated-1] [ERROR] [1789454350.060758466] [transformPoseInTargetFrame]: Extrapolation Error looking up target frame: Lookup would require extrapolation at time 1789454349.920601, but only time 1789454351.275760 is in the buffer, when looking up transform from frame [base_link] to frame [map]
[component_container_isolated-1] 
[component_container_isolated-1] [ERROR] [1789454351.060842249] [transformPoseInTargetFrame]: Extrapolation Error looking up target frame: Lookup would require extrapolation at time 1789454350.976497, but only time 1789454351.275760 is in the buffer, when looking up transform from frame [base_link] to frame [map]
[component_container_isolated-1] 
[component_container_isolated-1] [INFO] [1789454365.130189975] [robot1.global_costmap.global_costmap]: Message Filter dropping message: frame 'rplidar_link' at time 1789454364.628 for reason 'the timestamp on the message is earlier than all the data in the transform cache'
[component_container_isolated-1] [INFO] [1789454368.714576665] [robot1.global_costmap.global_costmap]: Message Filter dropping message: frame 'rplidar_link' at time 1789454368.190 for reason 'the timestamp on the message is earlier than all the data in the transform cache'
[component_container_isolated-1] [ERROR] [1789454374.060708036] [transformPoseInTargetFrame]: Extrapolation Error looking up target frame: Lookup would require extrapolation into the past.  Requested time 1789454373.968555 but the earliest data is at time 1789454374.820443, when looking up transform from frame [base_link] to frame [map]
[component_container_isolated-1] 
[component_container_isolated-1] [INFO] [1789454374.347689886] [robot1.global_costmap.global_costmap]: Message Filter dropping message: frame 'rplidar_link' at time 1789454373.878 for reason 'the timestamp on the message is earlier than all the data in the transform cache'
[component_container_isolated-1] [INFO] [1789454377.920106092] [robot1.global_costmap.global_costmap]: Message Filter dropping message: frame 'rplidar_link' at time 1789454377.451 for reason 'the timestamp on the message is earlier than all the data in the transform cache'
[component_container_isolated-1] [ERROR] [1789454405.060686828] [transformPoseInTargetFrame]: Extrapolation Error looking up target frame: Lookup would require extrapolation into the past.  Requested time 1789454393.870394 but the earliest data is at time 1789454394.978761, when looking up transform from frame [base_link] to frame [map]
[component_container_isolated-1] 
[component_container_isolated-1] [ERROR] [1789454406.060665316] [transformPoseInTargetFrame]: Extrapolation Error looking up target frame: Lookup would require extrapolation into the past.  Requested time 1789454393.870394 but the earliest data is at time 1789454395.970666, when looking up transform from frame [base_link] to frame [map]
[component_container_isolated-1] 
[component_container_isolated-1] [ERROR] [1789454407.060637324] [transformPoseInTargetFrame]: Extrapolation Error looking up target frame: Lookup would require extrapolation into the past.  Requested time 1789454393.870394 but the earliest data is at time 1789454396.978429, when looking up transform from frame [base_link] to frame [map]
[component_container_isolated-1] 
[component_container_isolated-1] [ERROR] [1789454408.060625802] [transformPoseInTargetFrame]: Extrapolation Error looking up target frame: Lookup would require extrapolation into the past.  Requested time 1789454393.870394 but the earliest data is at time 1789454397.922676, when looking up transform from frame [base_link] to frame [map]
[component_container_isolated-1] 
[component_container_isolated-1] [ERROR] [1789454409.060648378] [transformPoseInTargetFrame]: Extrapolation Error looking up target frame: Lookup would require extrapolation into the past.  Requested time 1789454393.870394 but the earliest data is at time 1789454398.914574, when looking up transform from frame [base_link] to frame [map]
[component_container_isolated-1] 
[component_container_isolated-1] [ERROR] [1789454410.060645774] [transformPoseInTargetFrame]: Extrapolation Error looking up target frame: Lookup would require extrapolation into the past.  Requested time 1789454393.870394 but the earliest data is at time 1789454399.923579, when looking up transform from frame [base_link] to frame [map]
[component_container_isolated-1] 
[component_container_isolated-1] [ERROR] [1789454411.060784263] [transformPoseInTargetFrame]: Extrapolation Error looking up target frame: Lookup would require extrapolation into the past.  Requested time 1789454393.870394 but the earliest data is at time 1789454400.914613, when looking up transform from frame [base_link] to frame [map]
[component_container_isolated-1] 
[component_container_isolated-1] [INFO] [1789454412.507151209] [robot1.global_costmap.global_costmap]: Message Filter dropping message: frame 'rplidar_link' at time 1789454411.964 for reason 'the timestamp on the message is earlier than all the data in the transform cache'
[component_container_isolated-1] [ERROR] [1789454413.060665243] [transformPoseInTargetFrame]: Extrapolation Error looking up target frame: Lookup would require extrapolation into the past.  Requested time 1789454412.979592 but the earliest data is at time 1789454413.828600, when looking up transform from frame [base_link] to frame [map]
[component_container_isolated-1] 
[component_container_isolated-1] [ERROR] [1789454435.060643944] [transformPoseInTargetFrame]: Extrapolation Error looking up target frame: Lookup would require extrapolation into the past.  Requested time 1789454423.998646 but the earliest data is at time 1789454424.964851, when looking up transform from frame [base_link] to frame [map]
[component_container_isolated-1] 
[component_container_isolated-1] [ERROR] [1789454436.060661796] [transformPoseInTargetFrame]: Extrapolation Error looking up target frame: Lookup would require extrapolation into the past.  Requested time 1789454423.998646 but the earliest data is at time 1789454425.827638, when looking up transform from frame [base_link] to frame [map]
[component_container_isolated-1] 
[component_container_isolated-1] [ERROR] [1789454437.060571188] [transformPoseInTargetFrame]: Extrapolation Error looking up target frame: Lookup would require extrapolation into the past.  Requested time 1789454423.998646 but the earliest data is at time 1789454426.915022, when looking up transform from frame [base_link] to frame [map]
[component_container_isolated-1] 
[component_container_isolated-1] [ERROR] [1789454438.060606025] [transformPoseInTargetFrame]: Extrapolation Error looking up target frame: Lookup would require extrapolation into the past.  Requested time 1789454423.998646 but the earliest data is at time 1789454427.827682, when looking up transform from frame [base_link] to frame [map]
[component_container_isolated-1] 
[component_container_isolated-1] [ERROR] [1789454439.061936102] [transformPoseInTargetFrame]: Extrapolation Error looking up target frame: Lookup would require extrapolation into the past.  Requested time 1789454423.998646 but the earliest data is at time 1789454428.868623, when looking up transform from frame [base_link] to frame [map]
[component_container_isolated-1] 
[component_container_isolated-1] [INFO] [1789454440.036277479] [robot1.global_costmap.global_costmap]: Message Filter dropping message: frame 'rplidar_link' at time 1789454439.574 for reason 'the timestamp on the message is earlier than all the data in the transform cache'
[component_container_isolated-1] [ERROR] [1789454440.060733319] [transformPoseInTargetFrame]: Extrapolation Error looking up target frame: Lookup would require extrapolation into the past.  Requested time 1789454439.972689 but the earliest data is at time 1789454441.439042, when looking up transform from frame [base_link] to frame [map]
[component_container_isolated-1] 
[component_container_isolated-1] [ERROR] [1789454441.060500081] [transformPoseInTargetFrame]: Extrapolation Error looking up target frame: Lookup would require extrapolation into the past.  Requested time 1789454440.964301 but the earliest data is at time 1789454441.439042, when looking up transform from frame [base_link] to frame [map]
[component_container_isolated-1] 
[component_container_isolated-1] [WARN] [1789454446.072410614] [robot1.lifecycle_manager_navigation.rclcpp]: failed to send response to /robot1/lifecycle_manager_navigation/is_active (timeout): client will not receive response, at ./src/rmw_response.cpp:154, at ./src/rcl/service.c:314
[component_container_isolated-1] [WARN] [1789454446.987214063] [robot1.lifecycle_manager_navigation.rclcpp]: failed to send response to /robot1/lifecycle_manager_navigation/is_active (timeout): client will not receive response, at ./src/rmw_response.cpp:154, at ./src/rcl/service.c:314
[component_container_isolated-1] [WARN] [1789454447.987645075] [robot1.lifecycle_manager_navigation.rclcpp]: failed to send response to /robot1/lifecycle_manager_navigation/is_active (timeout): client will not receive response, at ./src/rmw_response.cpp:154, at ./src/rcl/service.c:314
[component_container_isolated-1] [WARN] [1789454448.987863176] [robot1.lifecycle_manager_navigation.rclcpp]: failed to send response to /robot1/lifecycle_manager_navigation/is_active (timeout): client will not receive response, at ./src/rmw_response.cpp:154, at ./src/rcl/service.c:314
[component_container_isolated-1] [INFO] [1789454501.352858841] [robot1.global_costmap.global_costmap]: Message Filter dropping message: frame 'rplidar_link' at time 1789454500.875 for reason 'the timestamp on the message is earlier than all the data in the transform cache'
[component_container_isolated-1] [INFO] [1789454610.359875043] [robot1.bt_navigator]: Begin navigating from current location (-0.45, 0.46) to (-0.56, -0.05)
[component_container_isolated-1] [INFO] [1789454610.380376761] [robot1.controller_server]: Received a goal, begin computing control effort.
[component_container_isolated-1] [INFO] [1789454611.430567173] [robot1.controller_server]: Passing new path to controller.
[component_container_isolated-1] [INFO] [1789454612.194452890] [robot1.local_costmap.local_costmap]: StaticLayer: Resizing static layer to 188 X 305 at 0.050000 m/pix
[component_container_isolated-1] [INFO] [1789454612.480564149] [robot1.controller_server]: Passing new path to controller.
[component_container_isolated-1] [INFO] [1789454612.758153953] [robot1.global_costmap.global_costmap]: StaticLayer: Resizing costmap to 188 X 305 at 0.050000 m/pix
[component_container_isolated-1] [INFO] [1789454613.480578388] [robot1.controller_server]: Passing new path to controller.
[component_container_isolated-1] [INFO] [1789454614.530648518] [robot1.controller_server]: Passing new path to controller.
[component_container_isolated-1] [INFO] [1789454615.332343081] [robot1.controller_server]: Reached the goal!
[component_container_isolated-1] [INFO] [1789454615.370159285] [robot1.bt_navigator]: Goal succeeded
[INFO] [launch]: All log files can be found below /home/danyalaziz/.ros/log/2026-09-15-11-45-50-104335-Precision-3660-62811
[INFO] [launch]: Default logging verbosity is set to INFO
[INFO] [component_container_isolated-1]: process started with pid [62827]
[component_container_isolated-1] [INFO] [1789454752.793003726] [robot1.nav2_container]: Load Library: /opt/ros/humble/lib/libcontroller_server_core.so
[component_container_isolated-1] [INFO] [1789454752.797221972] [robot1.nav2_container]: Found class: rclcpp_components::NodeFactoryTemplate<nav2_controller::ControllerServer>
[component_container_isolated-1] [INFO] [1789454752.797249522] [robot1.nav2_container]: Instantiate class: rclcpp_components::NodeFactoryTemplate<nav2_controller::ControllerServer>
[component_container_isolated-1] [INFO] [1789454752.841671976] [robot1.controller_server]: 
[component_container_isolated-1] 	controller_server lifecycle node launched. 
[component_container_isolated-1] 	Waiting on external lifecycle transitions to activate
[component_container_isolated-1] 	See https://design.ros2.org/articles/node_lifecycle.html for more information.
[component_container_isolated-1] [INFO] [1789454752.843055149] [robot1.controller_server]: Creating controller server
[component_container_isolated-1] [INFO] [1789454752.906163859] [robot1.local_costmap.local_costmap]: 
[component_container_isolated-1] 	local_costmap lifecycle node launched. 
[component_container_isolated-1] 	Waiting on external lifecycle transitions to activate
[component_container_isolated-1] 	See https://design.ros2.org/articles/node_lifecycle.html for more information.
[component_container_isolated-1] [INFO] [1789454752.906368492] [robot1.local_costmap.local_costmap]: Creating Costmap
[INFO] [launch_ros.actions.load_composable_nodes]: Loaded node '/robot1/controller_server' in container '/robot1/nav2_container'
[component_container_isolated-1] [INFO] [1789454752.907768334] [robot1.nav2_container]: Load Library: /opt/ros/humble/lib/libsmoother_server_core.so
[component_container_isolated-1] [INFO] [1789454752.908407276] [robot1.nav2_container]: Found class: rclcpp_components::NodeFactoryTemplate<nav2_smoother::SmootherServer>
[component_container_isolated-1] [INFO] [1789454752.908415166] [robot1.nav2_container]: Instantiate class: rclcpp_components::NodeFactoryTemplate<nav2_smoother::SmootherServer>
[component_container_isolated-1] [INFO] [1789454753.259734501] [robot1.smoother_server]: 
[component_container_isolated-1] 	smoother_server lifecycle node launched. 
[component_container_isolated-1] 	Waiting on external lifecycle transitions to activate
[component_container_isolated-1] 	See https://design.ros2.org/articles/node_lifecycle.html for more information.
[component_container_isolated-1] [INFO] [1789454753.260321859] [robot1.smoother_server]: Creating smoother server
[INFO] [launch_ros.actions.load_composable_nodes]: Loaded node '/robot1/smoother_server' in container '/robot1/nav2_container'
[component_container_isolated-1] [INFO] [1789454753.261562031] [robot1.nav2_container]: Load Library: /opt/ros/humble/lib/libplanner_server_core.so
[component_container_isolated-1] [INFO] [1789454753.261939924] [robot1.nav2_container]: Found class: rclcpp_components::NodeFactoryTemplate<nav2_planner::PlannerServer>
[component_container_isolated-1] [INFO] [1789454753.261949299] [robot1.nav2_container]: Instantiate class: rclcpp_components::NodeFactoryTemplate<nav2_planner::PlannerServer>
[component_container_isolated-1] [INFO] [1789454753.750042193] [robot1.planner_server]: 
[component_container_isolated-1] 	planner_server lifecycle node launched. 
[component_container_isolated-1] 	Waiting on external lifecycle transitions to activate
[component_container_isolated-1] 	See https://design.ros2.org/articles/node_lifecycle.html for more information.
[component_container_isolated-1] [INFO] [1789454753.750709603] [robot1.planner_server]: Creating
[component_container_isolated-1] [INFO] [1789454754.220927659] [robot1.global_costmap.global_costmap]: 
[component_container_isolated-1] 	global_costmap lifecycle node launched. 
[component_container_isolated-1] 	Waiting on external lifecycle transitions to activate
[component_container_isolated-1] 	See https://design.ros2.org/articles/node_lifecycle.html for more information.
[component_container_isolated-1] [INFO] [1789454754.221120082] [robot1.global_costmap.global_costmap]: Creating Costmap
[INFO] [launch_ros.actions.load_composable_nodes]: Loaded node '/robot1/planner_server' in container '/robot1/nav2_container'
[component_container_isolated-1] [INFO] [1789454754.222702848] [robot1.nav2_container]: Load Library: /opt/ros/humble/lib/libbehavior_server_core.so
[component_container_isolated-1] [INFO] [1789454754.223927259] [robot1.nav2_container]: Found class: rclcpp_components::NodeFactoryTemplate<behavior_server::BehaviorServer>
[component_container_isolated-1] [INFO] [1789454754.223938227] [robot1.nav2_container]: Instantiate class: rclcpp_components::NodeFactoryTemplate<behavior_server::BehaviorServer>
[component_container_isolated-1] [INFO] [1789454754.841129868] [robot1.behavior_server]: 
[component_container_isolated-1] 	behavior_server lifecycle node launched. 
[component_container_isolated-1] 	Waiting on external lifecycle transitions to activate
[component_container_isolated-1] 	See https://design.ros2.org/articles/node_lifecycle.html for more information.
[INFO] [launch_ros.actions.load_composable_nodes]: Loaded node '/robot1/behavior_server' in container '/robot1/nav2_container'
[component_container_isolated-1] [INFO] [1789454754.843052622] [robot1.nav2_container]: Load Library: /opt/ros/humble/lib/libbt_navigator_core.so
[component_container_isolated-1] [INFO] [1789454754.843844767] [robot1.nav2_container]: Found class: rclcpp_components::NodeFactoryTemplate<nav2_bt_navigator::BtNavigator>
[component_container_isolated-1] [INFO] [1789454754.843856826] [robot1.nav2_container]: Instantiate class: rclcpp_components::NodeFactoryTemplate<nav2_bt_navigator::BtNavigator>
[component_container_isolated-1] [INFO] [1789454755.434942950] [robot1.bt_navigator]: 
[component_container_isolated-1] 	bt_navigator lifecycle node launched. 
[component_container_isolated-1] 	Waiting on external lifecycle transitions to activate
[component_container_isolated-1] 	See https://design.ros2.org/articles/node_lifecycle.html for more information.
[component_container_isolated-1] [INFO] [1789454755.434987291] [robot1.bt_navigator]: Creating
[INFO] [launch_ros.actions.load_composable_nodes]: Loaded node '/robot1/bt_navigator' in container '/robot1/nav2_container'
[component_container_isolated-1] [INFO] [1789454755.436430177] [robot1.nav2_container]: Load Library: /opt/ros/humble/lib/libwaypoint_follower_core.so
[component_container_isolated-1] [INFO] [1789454755.436750800] [robot1.nav2_container]: Found class: rclcpp_components::NodeFactoryTemplate<nav2_waypoint_follower::WaypointFollower>
[component_container_isolated-1] [INFO] [1789454755.436758651] [robot1.nav2_container]: Instantiate class: rclcpp_components::NodeFactoryTemplate<nav2_waypoint_follower::WaypointFollower>
[component_container_isolated-1] [INFO] [1789454756.435079938] [robot1.waypoint_follower]: 
[component_container_isolated-1] 	waypoint_follower lifecycle node launched. 
[component_container_isolated-1] 	Waiting on external lifecycle transitions to activate
[component_container_isolated-1] 	See https://design.ros2.org/articles/node_lifecycle.html for more information.
[component_container_isolated-1] [INFO] [1789454756.435311839] [robot1.waypoint_follower]: Creating
[INFO] [launch_ros.actions.load_composable_nodes]: Loaded node '/robot1/waypoint_follower' in container '/robot1/nav2_container'
[component_container_isolated-1] [INFO] [1789454756.436773970] [robot1.nav2_container]: Load Library: /opt/ros/humble/lib/libvelocity_smoother_core.so
[component_container_isolated-1] [INFO] [1789454756.437370313] [robot1.nav2_container]: Found class: rclcpp_components::NodeFactoryTemplate<nav2_velocity_smoother::VelocitySmoother>
[component_container_isolated-1] [INFO] [1789454756.437388303] [robot1.nav2_container]: Instantiate class: rclcpp_components::NodeFactoryTemplate<nav2_velocity_smoother::VelocitySmoother>
[component_container_isolated-1] [INFO] [1789454757.728408731] [robot1.velocity_smoother]: 
[component_container_isolated-1] 	velocity_smoother lifecycle node launched. 
[component_container_isolated-1] 	Waiting on external lifecycle transitions to activate
[component_container_isolated-1] 	See https://design.ros2.org/articles/node_lifecycle.html for more information.
[INFO] [launch_ros.actions.load_composable_nodes]: Loaded node '/robot1/velocity_smoother' in container '/robot1/nav2_container'
[component_container_isolated-1] [INFO] [1789454757.729708284] [robot1.nav2_container]: Load Library: /opt/ros/humble/lib/libnav2_lifecycle_manager_core.so
[component_container_isolated-1] [INFO] [1789454757.730014835] [robot1.nav2_container]: Found class: rclcpp_components::NodeFactoryTemplate<nav2_lifecycle_manager::LifecycleManager>
[component_container_isolated-1] [INFO] [1789454757.730022103] [robot1.nav2_container]: Instantiate class: rclcpp_components::NodeFactoryTemplate<nav2_lifecycle_manager::LifecycleManager>
[component_container_isolated-1] [INFO] [1789454758.127825623] [robot1.lifecycle_manager_navigation]: Creating
[component_container_isolated-1] [INFO] [1789454758.228297152] [robot1.lifecycle_manager_navigation]: [34m[1mCreating and initializing lifecycle service clients[0m[0m
[INFO] [launch_ros.actions.load_composable_nodes]: Loaded node '/robot1/lifecycle_manager_navigation' in container '/robot1/nav2_container'
[INFO] [nav2_startup-2]: process started with pid [63153]
[nav2_startup-2] waiting for service to become available...
[nav2_startup-2] requester: making request: nav2_msgs.srv.ManageLifecycleNodes_Request(command=0)
[nav2_startup-2] 
[component_container_isolated-1] [INFO] [1789454772.129612749] [robot1.lifecycle_manager_navigation]: [34m[1mStarting managed nodes bringup...[0m[0m
[component_container_isolated-1] [INFO] [1789454772.129665385] [robot1.lifecycle_manager_navigation]: [34m[1mConfiguring controller_server[0m[0m
[component_container_isolated-1] [INFO] [1789454772.129994684] [robot1.controller_server]: Configuring controller interface
[component_container_isolated-1] [INFO] [1789454772.130174552] [robot1.controller_server]: getting goal checker plugins..
[component_container_isolated-1] [INFO] [1789454772.130267438] [robot1.controller_server]: Controller frequency set to 20.0000Hz
[component_container_isolated-1] [INFO] [1789454772.130301857] [robot1.local_costmap.local_costmap]: Configuring
[component_container_isolated-1] [INFO] [1789454772.323412548] [robot1.local_costmap.local_costmap]: Using plugin "static_layer"
[component_container_isolated-1] [INFO] [1789454772.324882114] [robot1.local_costmap.local_costmap]: Subscribing to the map topic (/robot1/map) with transient local durability
[component_container_isolated-1] [INFO] [1789454772.377024463] [robot1.local_costmap.local_costmap]: Initialized plugin "static_layer"
[component_container_isolated-1] [INFO] [1789454772.377067220] [robot1.local_costmap.local_costmap]: Using plugin "voxel_layer"
[component_container_isolated-1] [INFO] [1789454772.377528107] [robot1.local_costmap.local_costmap]: Subscribed to Topics: scan
[component_container_isolated-1] [INFO] [1789454772.491175566] [robot1.local_costmap.local_costmap]: Initialized plugin "voxel_layer"
[component_container_isolated-1] [INFO] [1789454772.491195279] [robot1.local_costmap.local_costmap]: Using plugin "inflation_layer"
[component_container_isolated-1] [INFO] [1789454772.491556508] [robot1.local_costmap.local_costmap]: Initialized plugin "inflation_layer"
[component_container_isolated-1] [INFO] [1789454772.762687316] [robot1.local_costmap.local_costmap]: StaticLayer: Resizing static layer to 144 X 261 at 0.050000 m/pix
[component_container_isolated-1] [INFO] [1789454772.762772641] [robot1.controller_server]: Created progress_checker : progress_checker of type nav2_controller::SimpleProgressChecker
[component_container_isolated-1] [INFO] [1789454772.763068797] [robot1.controller_server]: Created goal checker : general_goal_checker of type nav2_controller::SimpleGoalChecker
[component_container_isolated-1] [INFO] [1789454772.763150054] [robot1.controller_server]: Controller Server has general_goal_checker  goal checkers available.
[component_container_isolated-1] [INFO] [1789454772.763786785] [robot1.controller_server]: Created controller : FollowPath of type dwb_core::DWBLocalPlanner
[component_container_isolated-1] [INFO] [1789454772.764086827] [robot1.controller_server]: Setting transform_tolerance to 0.200000
[component_container_isolated-1] [INFO] [1789454772.985116149] [robot1.controller_server]: Using critic "RotateToGoal" (dwb_critics::RotateToGoalCritic)
[component_container_isolated-1] [INFO] [1789454772.985282252] [robot1.controller_server]: Critic plugin initialized
[component_container_isolated-1] [INFO] [1789454772.985320808] [robot1.controller_server]: Using critic "Oscillation" (dwb_critics::OscillationCritic)
[component_container_isolated-1] [INFO] [1789454772.985441398] [robot1.controller_server]: Critic plugin initialized
[component_container_isolated-1] [INFO] [1789454772.985475628] [robot1.controller_server]: Using critic "BaseObstacle" (dwb_critics::BaseObstacleCritic)
[component_container_isolated-1] [INFO] [1789454772.985528106] [robot1.controller_server]: Critic plugin initialized
[component_container_isolated-1] [INFO] [1789454772.985565614] [robot1.controller_server]: Using critic "GoalAlign" (dwb_critics::GoalAlignCritic)
[component_container_isolated-1] [INFO] [1789454772.985664470] [robot1.controller_server]: Critic plugin initialized
[component_container_isolated-1] [INFO] [1789454772.985694184] [robot1.controller_server]: Using critic "PathAlign" (dwb_critics::PathAlignCritic)
[component_container_isolated-1] [INFO] [1789454772.985782501] [robot1.controller_server]: Critic plugin initialized
[component_container_isolated-1] [INFO] [1789454772.985813142] [robot1.controller_server]: Using critic "PathDist" (dwb_critics::PathDistCritic)
[component_container_isolated-1] [INFO] [1789454772.985870839] [robot1.controller_server]: Critic plugin initialized
[component_container_isolated-1] [INFO] [1789454772.985900211] [robot1.controller_server]: Using critic "GoalDist" (dwb_critics::GoalDistCritic)
[component_container_isolated-1] [INFO] [1789454772.985957914] [robot1.controller_server]: Critic plugin initialized
[component_container_isolated-1] [INFO] [1789454772.985964434] [robot1.controller_server]: Controller Server has FollowPath  controllers available.
[component_container_isolated-1] [INFO] [1789454773.276217325] [robot1.lifecycle_manager_navigation]: [34m[1mConfiguring smoother_server[0m[0m
[component_container_isolated-1] [INFO] [1789454773.276328378] [robot1.smoother_server]: Configuring smoother server
[component_container_isolated-1] [INFO] [1789454773.533242796] [robot1.smoother_server]: Created smoother : simple_smoother of type nav2_smoother::SimpleSmoother
[component_container_isolated-1] [INFO] [1789454773.533493628] [robot1.smoother_server]: Smoother Server has simple_smoother  smoothers available.
[component_container_isolated-1] [INFO] [1789454773.748901009] [robot1.lifecycle_manager_navigation]: [34m[1mConfiguring planner_server[0m[0m
[component_container_isolated-1] [INFO] [1789454773.749131318] [robot1.planner_server]: Configuring
[component_container_isolated-1] [INFO] [1789454773.749176695] [robot1.global_costmap.global_costmap]: Configuring
[component_container_isolated-1] [INFO] [1789454773.965922348] [robot1.global_costmap.global_costmap]: Using plugin "static_layer"
[component_container_isolated-1] [INFO] [1789454773.966277080] [robot1.global_costmap.global_costmap]: Subscribing to the map topic (/robot1/map) with transient local durability
[component_container_isolated-1] [INFO] [1789454774.013967797] [robot1.global_costmap.global_costmap]: Initialized plugin "static_layer"
[component_container_isolated-1] [INFO] [1789454774.014001605] [robot1.global_costmap.global_costmap]: Using plugin "obstacle_layer"
[component_container_isolated-1] [INFO] [1789454774.014317108] [robot1.global_costmap.global_costmap]: Subscribed to Topics: scan
[component_container_isolated-1] [INFO] [1789454774.080502671] [robot1.global_costmap.global_costmap]: Initialized plugin "obstacle_layer"
[component_container_isolated-1] [INFO] [1789454774.080524861] [robot1.global_costmap.global_costmap]: Using plugin "inflation_layer"
[component_container_isolated-1] [INFO] [1789454774.080963356] [robot1.global_costmap.global_costmap]: Initialized plugin "inflation_layer"
[component_container_isolated-1] [INFO] [1789454774.476085112] [robot1.global_costmap.global_costmap]: StaticLayer: Resizing costmap to 144 X 261 at 0.050000 m/pix
[component_container_isolated-1] [INFO] [1789454774.476249799] [robot1.planner_server]: Created global planner plugin GridBased of type nav2_navfn_planner/NavfnPlanner
[component_container_isolated-1] [INFO] [1789454774.476269257] [robot1.planner_server]: Configuring plugin GridBased of type NavfnPlanner
[component_container_isolated-1] [INFO] [1789454774.476511784] [robot1.planner_server]: Planner Server has GridBased  planners available.
[component_container_isolated-1] [INFO] [1789454774.945127718] [robot1.lifecycle_manager_navigation]: [34m[1mConfiguring behavior_server[0m[0m
[component_container_isolated-1] [INFO] [1789454774.945302640] [robot1.behavior_server]: Configuring
[component_container_isolated-1] [INFO] [1789454775.272179335] [robot1.behavior_server]: Creating behavior plugin spin of type nav2_behaviors/Spin
[component_container_isolated-1] [INFO] [1789454775.272886580] [robot1.behavior_server]: Configuring spin
[component_container_isolated-1] [INFO] [1789454775.527840720] [robot1.behavior_server]: Creating behavior plugin backup of type nav2_behaviors/BackUp
[component_container_isolated-1] [INFO] [1789454775.528343718] [robot1.behavior_server]: Configuring backup
[component_container_isolated-1] [INFO] [1789454775.796092586] [robot1.behavior_server]: Creating behavior plugin drive_on_heading of type nav2_behaviors/DriveOnHeading
[component_container_isolated-1] [INFO] [1789454775.796503643] [robot1.behavior_server]: Configuring drive_on_heading
[component_container_isolated-1] [INFO] [1789454776.085121902] [robot1.behavior_server]: Creating behavior plugin assisted_teleop of type nav2_behaviors/AssistedTeleop
[component_container_isolated-1] [INFO] [1789454776.085855751] [robot1.behavior_server]: Configuring assisted_teleop
[component_container_isolated-1] [INFO] [1789454776.485946595] [robot1.behavior_server]: Creating behavior plugin wait of type nav2_behaviors/Wait
[component_container_isolated-1] [INFO] [1789454776.486385225] [robot1.behavior_server]: Configuring wait
[component_container_isolated-1] [INFO] [1789454776.832288858] [robot1.lifecycle_manager_navigation]: [34m[1mConfiguring bt_navigator[0m[0m
[component_container_isolated-1] [INFO] [1789454776.832571451] [robot1.bt_navigator]: Configuring
[component_container_isolated-1] [INFO] [1789454779.008244861] [robot1.lifecycle_manager_navigation]: [34m[1mConfiguring waypoint_follower[0m[0m
[component_container_isolated-1] [INFO] [1789454779.008451414] [robot1.waypoint_follower]: Configuring
[component_container_isolated-1] [INFO] [1789454779.512505218] [robot1.waypoint_follower]: Created waypoint_task_executor : wait_at_waypoint of type nav2_waypoint_follower::WaitAtWaypoint
[component_container_isolated-1] [INFO] [1789454779.512869150] [robot1.lifecycle_manager_navigation]: [34m[1mConfiguring velocity_smoother[0m[0m
[component_container_isolated-1] [INFO] [1789454779.513044534] [robot1.velocity_smoother]: Configuring velocity smoother
[component_container_isolated-1] [INFO] [1789454779.598708881] [robot1.lifecycle_manager_navigation]: [34m[1mActivating controller_server[0m[0m
[component_container_isolated-1] [INFO] [1789454779.598858652] [robot1.controller_server]: Activating
[component_container_isolated-1] [INFO] [1789454779.598883916] [robot1.local_costmap.local_costmap]: Activating
[component_container_isolated-1] [INFO] [1789454779.598891836] [robot1.local_costmap.local_costmap]: Checking transform
[component_container_isolated-1] [INFO] [1789454779.598961739] [robot1.local_costmap.local_costmap]: start
[component_container_isolated-1] [INFO] [1789454779.846446924] [robot1.controller_server]: Creating bond (controller_server) to lifecycle manager.
[component_container_isolated-1] [INFO] [1789454780.026770385] [robot1.lifecycle_manager_navigation]: Server controller_server connected with bond.
[component_container_isolated-1] [INFO] [1789454780.026799989] [robot1.lifecycle_manager_navigation]: [34m[1mActivating smoother_server[0m[0m
[component_container_isolated-1] [INFO] [1789454780.027119831] [robot1.smoother_server]: Activating
[component_container_isolated-1] [INFO] [1789454780.027138700] [robot1.smoother_server]: Creating bond (smoother_server) to lifecycle manager.
[component_container_isolated-1] [INFO] [1789454780.292394391] [robot1.lifecycle_manager_navigation]: Server smoother_server connected with bond.
[component_container_isolated-1] [INFO] [1789454780.292470665] [robot1.lifecycle_manager_navigation]: [34m[1mActivating planner_server[0m[0m
[component_container_isolated-1] [INFO] [1789454780.292788563] [robot1.planner_server]: Activating
[component_container_isolated-1] [INFO] [1789454780.292831898] [robot1.global_costmap.global_costmap]: Activating
[component_container_isolated-1] [INFO] [1789454780.292843164] [robot1.global_costmap.global_costmap]: Checking transform
[component_container_isolated-1] [INFO] [1789454780.292913250] [robot1.global_costmap.global_costmap]: start
[component_container_isolated-1] [INFO] [1789454781.338415815] [robot1.planner_server]: Activating plugin GridBased of type NavfnPlanner
[component_container_isolated-1] [INFO] [1789454781.372645058] [robot1.planner_server]: Creating bond (planner_server) to lifecycle manager.
[component_container_isolated-1] [INFO] [1789454781.626015832] [robot1.lifecycle_manager_navigation]: Server planner_server connected with bond.
[component_container_isolated-1] [INFO] [1789454781.626044552] [robot1.lifecycle_manager_navigation]: [34m[1mActivating behavior_server[0m[0m
[component_container_isolated-1] [INFO] [1789454781.626358528] [robot1.behavior_server]: Activating
[component_container_isolated-1] [INFO] [1789454781.626378466] [robot1.behavior_server]: Activating spin
[component_container_isolated-1] [INFO] [1789454781.626397598] [robot1.behavior_server]: Activating backup
[component_container_isolated-1] [INFO] [1789454781.626407604] [robot1.behavior_server]: Activating drive_on_heading
[component_container_isolated-1] [INFO] [1789454781.626417207] [robot1.behavior_server]: Activating assisted_teleop
[component_container_isolated-1] [INFO] [1789454781.626426943] [robot1.behavior_server]: Activating wait
[component_container_isolated-1] [INFO] [1789454781.626439127] [robot1.behavior_server]: Creating bond (behavior_server) to lifecycle manager.
[component_container_isolated-1] [INFO] [1789454781.821652126] [robot1.lifecycle_manager_navigation]: Server behavior_server connected with bond.
[component_container_isolated-1] [INFO] [1789454781.821719278] [robot1.lifecycle_manager_navigation]: [34m[1mActivating bt_navigator[0m[0m
[component_container_isolated-1] [INFO] [1789454781.821911162] [robot1.bt_navigator]: Activating
[component_container_isolated-1] [INFO] [1789454785.422166578] [robot1.bt_navigator]: Creating bond (bt_navigator) to lifecycle manager.
[component_container_isolated-1] [INFO] [1789454785.649999051] [robot1.lifecycle_manager_navigation]: Server bt_navigator connected with bond.
[component_container_isolated-1] [INFO] [1789454785.650090254] [robot1.lifecycle_manager_navigation]: [34m[1mActivating waypoint_follower[0m[0m
[component_container_isolated-1] [INFO] [1789454785.650468630] [robot1.waypoint_follower]: Activating
[component_container_isolated-1] [INFO] [1789454785.650507205] [robot1.waypoint_follower]: Creating bond (waypoint_follower) to lifecycle manager.
[component_container_isolated-1] [INFO] [1789454785.909859960] [robot1.lifecycle_manager_navigation]: Server waypoint_follower connected with bond.
[component_container_isolated-1] [INFO] [1789454785.909884694] [robot1.lifecycle_manager_navigation]: [34m[1mActivating velocity_smoother[0m[0m
[component_container_isolated-1] [INFO] [1789454785.910159196] [robot1.velocity_smoother]: Activating
[component_container_isolated-1] [INFO] [1789454785.910187911] [robot1.velocity_smoother]: Creating bond (velocity_smoother) to lifecycle manager.
[component_container_isolated-1] [INFO] [1789454786.121056416] [robot1.lifecycle_manager_navigation]: Server velocity_smoother connected with bond.
[component_container_isolated-1] [INFO] [1789454786.121084839] [robot1.lifecycle_manager_navigation]: [34m[1mManaged nodes are active[0m[0m
[component_container_isolated-1] [INFO] [1789454786.121097948] [robot1.lifecycle_manager_navigation]: [34m[1mCreating bond timer...[0m[0m
[nav2_startup-2] response:
[nav2_startup-2] nav2_msgs.srv.ManageLifecycleNodes_Response(success=True)
[nav2_startup-2] 
[INFO] [nav2_startup-2]: process has finished cleanly [pid 63153]
[component_container_isolated-1] [WARN] [1789454792.113079340] [robot1.lifecycle_manager_navigation.rclcpp]: failed to send response to /robot1/lifecycle_manager_navigation/is_active (timeout): client will not receive response, at ./src/rmw_response.cpp:154, at ./src/rcl/service.c:314
[component_container_isolated-1] [ERROR] [1789454861.595635280] [transformPoseInTargetFrame]: Extrapolation Error looking up target frame: Lookup would require extrapolation into the past.  Requested time 1789454850.226674 but the earliest data is at time 1789454851.417361, when looking up transform from frame [base_link] to frame [map]
[component_container_isolated-1] 
[component_container_isolated-1] [ERROR] [1789454862.595815043] [transformPoseInTargetFrame]: Extrapolation Error looking up target frame: Lookup would require extrapolation into the past.  Requested time 1789454850.226674 but the earliest data is at time 1789454852.425322, when looking up transform from frame [base_link] to frame [map]
[component_container_isolated-1] 
[component_container_isolated-1] [ERROR] [1789454863.595782082] [transformPoseInTargetFrame]: Extrapolation Error looking up target frame: Lookup would require extrapolation into the past.  Requested time 1789454850.226674 but the earliest data is at time 1789454853.417734, when looking up transform from frame [base_link] to frame [map]
[component_container_isolated-1] 
[component_container_isolated-1] [ERROR] [1789454864.595900814] [transformPoseInTargetFrame]: Extrapolation Error looking up target frame: Lookup would require extrapolation into the past.  Requested time 1789454850.226674 but the earliest data is at time 1789454854.473367, when looking up transform from frame [base_link] to frame [map]
[component_container_isolated-1] 
[component_container_isolated-1] [ERROR] [1789454865.595716061] [transformPoseInTargetFrame]: Extrapolation Error looking up target frame: Lookup would require extrapolation into the past.  Requested time 1789454850.226674 but the earliest data is at time 1789454855.418432, when looking up transform from frame [base_link] to frame [map]
[component_container_isolated-1] 
[component_container_isolated-1] [ERROR] [1789454866.596433631] [transformPoseInTargetFrame]: Extrapolation Error looking up target frame: Lookup would require extrapolation into the past.  Requested time 1789454850.226674 but the earliest data is at time 1789454856.521441, when looking up transform from frame [base_link] to frame [map]
[component_container_isolated-1] 
[component_container_isolated-1] [ERROR] [1789454867.595980749] [transformPoseInTargetFrame]: Extrapolation Error looking up target frame: Lookup would require extrapolation into the past.  Requested time 1789454850.226674 but the earliest data is at time 1789454857.529335, when looking up transform from frame [base_link] to frame [map]
[component_container_isolated-1] 
[component_container_isolated-1] [ERROR] [1789454868.595467813] [transformPoseInTargetFrame]: Extrapolation Error looking up target frame: Lookup would require extrapolation at time 1789454868.474390, but only time 1789454869.399197 is in the buffer, when looking up transform from frame [base_link] to frame [map]
[component_container_isolated-1] 
[component_container_isolated-1] [INFO] [1789454868.938354775] [robot1.global_costmap.global_costmap]: Message Filter dropping message: frame 'rplidar_link' at time 1789454868.443 for reason 'the timestamp on the message is earlier than all the data in the transform cache'
[component_container_isolated-1] [ERROR] [1789454900.595765260] [transformPoseInTargetFrame]: Extrapolation Error looking up target frame: Lookup would require extrapolation into the past.  Requested time 1789454889.725608 but the earliest data is at time 1789454890.427627, when looking up transform from frame [base_link] to frame [map]
[component_container_isolated-1] 
[component_container_isolated-1] [ERROR] [1789454901.595865922] [transformPoseInTargetFrame]: Extrapolation Error looking up target frame: Lookup would require extrapolation into the past.  Requested time 1789454889.725608 but the earliest data is at time 1789454891.419843, when looking up transform from frame [base_link] to frame [map]
[component_container_isolated-1] 
[component_container_isolated-1] [ERROR] [1789454902.595775286] [transformPoseInTargetFrame]: Extrapolation Error looking up target frame: Lookup would require extrapolation into the past.  Requested time 1789454889.725608 but the earliest data is at time 1789454892.475585, when looking up transform from frame [base_link] to frame [map]
[component_container_isolated-1] 
[component_container_isolated-1] [ERROR] [1789454903.597027174] [transformPoseInTargetFrame]: Extrapolation Error looking up target frame: Lookup would require extrapolation into the past.  Requested time 1789454889.725608 but the earliest data is at time 1789454893.467125, when looking up transform from frame [base_link] to frame [map]
[component_container_isolated-1] 
[component_container_isolated-1] [ERROR] [1789454904.598055352] [transformPoseInTargetFrame]: Extrapolation Error looking up target frame: Lookup would require extrapolation into the past.  Requested time 1789454889.725608 but the earliest data is at time 1789454894.523473, when looking up transform from frame [base_link] to frame [map]
[component_container_isolated-1] 
[component_container_isolated-1] [INFO] [1789454905.282648616] [robot1.global_costmap.global_costmap]: Message Filter dropping message: frame 'rplidar_link' at time 1789454904.762 for reason 'the timestamp on the message is earlier than all the data in the transform cache'
[component_container_isolated-1] [ERROR] [1789454905.595631986] [transformPoseInTargetFrame]: Extrapolation Error looking up target frame: Lookup would require extrapolation into the past.  Requested time 1789454889.725608 but the earliest data is at time 1789454895.419477, when looking up transform from frame [base_link] to frame [map]
[component_container_isolated-1] 
[component_container_isolated-1] [ERROR] [1789454906.595703398] [transformPoseInTargetFrame]: Extrapolation Error looking up target frame: Lookup would require extrapolation into the past.  Requested time 1789454889.725608 but the earliest data is at time 1789454896.476527, when looking up transform from frame [base_link] to frame [map]
[component_container_isolated-1] 
[component_container_isolated-1] [ERROR] [1789454907.595825533] [transformPoseInTargetFrame]: Extrapolation Error looking up target frame: Lookup would require extrapolation into the past.  Requested time 1789454889.725608 but the earliest data is at time 1789454897.467276, when looking up transform from frame [base_link] to frame [map]
[component_container_isolated-1] 
[component_container_isolated-1] [ERROR] [1789454908.595892307] [transformPoseInTargetFrame]: Extrapolation Error looking up target frame: Lookup would require extrapolation into the past.  Requested time 1789454889.725608 but the earliest data is at time 1789454898.427651, when looking up transform from frame [base_link] to frame [map]
[component_container_isolated-1] 
[component_container_isolated-1] [ERROR] [1789454909.595855909] [transformPoseInTargetFrame]: Extrapolation Error looking up target frame: Lookup would require extrapolation into the past.  Requested time 1789454889.725608 but the earliest data is at time 1789454899.467091, when looking up transform from frame [base_link] to frame [map]
[component_container_isolated-1] 
[component_container_isolated-1] [INFO] [1789454910.153848745] [robot1.global_costmap.global_costmap]: Message Filter dropping message: frame 'rplidar_link' at time 1789454909.613 for reason 'the timestamp on the message is earlier than all the data in the transform cache'
[component_container_isolated-1] [ERROR] [1789454910.595832997] [transformPoseInTargetFrame]: Extrapolation Error looking up target frame: Lookup would require extrapolation into the past.  Requested time 1789454910.476700 but the earliest data is at time 1789454911.477343, when looking up transform from frame [base_link] to frame [map]
[component_container_isolated-1] 
[component_container_isolated-1] [INFO] [1789454953.922719490] [robot1.global_costmap.global_costmap]: Message Filter dropping message: frame 'rplidar_link' at time 1789454953.361 for reason 'the timestamp on the message is earlier than all the data in the transform cache'
[component_container_isolated-1] [ERROR] [1789454955.595933380] [transformPoseInTargetFrame]: Extrapolation Error looking up target frame: Lookup would require extrapolation into the past.  Requested time 1789454944.615655 but the earliest data is at time 1789454945.423006, when looking up transform from frame [base_link] to frame [map]
[component_container_isolated-1] 
[component_container_isolated-1] [ERROR] [1789454956.595807444] [transformPoseInTargetFrame]: Extrapolation Error looking up target frame: Lookup would require extrapolation into the past.  Requested time 1789454944.615655 but the earliest data is at time 1789454946.413938, when looking up transform from frame [base_link] to frame [map]
[component_container_isolated-1] 
[component_container_isolated-1] [ERROR] [1789454957.595579903] [transformPoseInTargetFrame]: Extrapolation Error looking up target frame: Lookup would require extrapolation into the past.  Requested time 1789454944.615655 but the earliest data is at time 1789454947.374671, when looking up transform from frame [base_link] to frame [map]
[component_container_isolated-1] 
[component_container_isolated-1] [ERROR] [1789454958.595893021] [transformPoseInTargetFrame]: Extrapolation Error looking up target frame: Lookup would require extrapolation into the past.  Requested time 1789454944.615655 but the earliest data is at time 1789454948.479721, when looking up transform from frame [base_link] to frame [map]
[component_container_isolated-1] 
[component_container_isolated-1] [ERROR] [1789454959.595688130] [transformPoseInTargetFrame]: Extrapolation Error looking up target frame: Lookup would require extrapolation into the past.  Requested time 1789454944.615655 but the earliest data is at time 1789454949.422853, when looking up transform from frame [base_link] to frame [map]
[component_container_isolated-1] 
[component_container_isolated-1] [ERROR] [1789454960.595500615] [transformPoseInTargetFrame]: Extrapolation Error looking up target frame: Lookup would require extrapolation into the past.  Requested time 1789454944.615655 but the earliest data is at time 1789454950.430162, when looking up transform from frame [base_link] to frame [map]
[component_container_isolated-1] 
[component_container_isolated-1] [ERROR] [1789454961.595928598] [transformPoseInTargetFrame]: Extrapolation Error looking up target frame: Lookup would require extrapolation into the past.  Requested time 1789454944.615655 but the earliest data is at time 1789454951.517985, when looking up transform from frame [base_link] to frame [map]
[component_container_isolated-1] 
[component_container_isolated-1] [INFO] [1789454962.827830514] [robot1.global_costmap.global_costmap]: Message Filter dropping message: frame 'rplidar_link' at time 1789454962.389 for reason 'the timestamp on the message is earlier than all the data in the transform cache'
[component_container_isolated-1] [ERROR] [1789454963.595765650] [transformPoseInTargetFrame]: Extrapolation Error looking up target frame: Lookup would require extrapolation into the past.  Requested time 1789454963.519885 but the earliest data is at time 1789454964.253976, when looking up transform from frame [base_link] to frame [map]
[component_container_isolated-1] 
[component_container_isolated-1] [INFO] [1789454986.545191041] [robot1.bt_navigator]: Begin navigating from current location (-0.16, 0.02) to (-0.84, -1.32)
[component_container_isolated-1] [INFO] [1789454986.565703229] [robot1.controller_server]: Received a goal, begin computing control effort.
[component_container_isolated-1] [WARN] [1789454986.565754557] [robot1.controller_server]: No goal checker was specified in parameter 'current_goal_checker'. Server will use only plugin loaded general_goal_checker . This warning will appear once.
[component_container_isolated-1] [INFO] [1789454987.599198721] [robot1.local_costmap.local_costmap]: StaticLayer: Resizing static layer to 144 X 293 at 0.050000 m/pix
[component_container_isolated-1] [INFO] [1789454987.615936651] [robot1.controller_server]: Passing new path to controller.
[component_container_isolated-1] [INFO] [1789454988.293214285] [robot1.global_costmap.global_costmap]: StaticLayer: Resizing costmap to 144 X 293 at 0.050000 m/pix
[component_container_isolated-1] [INFO] [1789454988.545392963] [robot1.bt_navigator]: Received goal preemption request
[component_container_isolated-1] [INFO] [1789454988.545577299] [robot1.bt_navigator]: Begin navigating from current location (-0.36, -0.36) to (-0.96, -3.03)
[component_container_isolated-1] [INFO] [1789454988.599190665] [robot1.local_costmap.local_costmap]: StaticLayer: Resizing static layer to 144 X 293 at 0.050000 m/pix
[component_container_isolated-1] [INFO] [1789454988.665939243] [robot1.controller_server]: Passing new path to controller.
[component_container_isolated-1] [INFO] [1789454989.293211294] [robot1.global_costmap.global_costmap]: StaticLayer: Resizing costmap to 144 X 293 at 0.050000 m/pix
[component_container_isolated-1] [INFO] [1789454989.545409390] [robot1.bt_navigator]: Received goal preemption request
[component_container_isolated-1] [INFO] [1789454989.545491798] [robot1.bt_navigator]: Begin navigating from current location (-0.43, -0.57) to (-1.25, -2.85)
[component_container_isolated-1] [INFO] [1789454989.665943287] [robot1.controller_server]: Passing new path to controller.
[component_container_isolated-1] [INFO] [1789454990.545383800] [robot1.bt_navigator]: Received goal preemption request
[component_container_isolated-1] [INFO] [1789454990.545513562] [robot1.bt_navigator]: Begin navigating from current location (-0.49, -0.83) to (-1.46, -2.44)
[component_container_isolated-1] [INFO] [1789454990.715919903] [robot1.controller_server]: Passing new path to controller.
[component_container_isolated-1] [INFO] [1789454991.545389779] [robot1.bt_navigator]: Received goal preemption request
[component_container_isolated-1] [INFO] [1789454991.545521515] [robot1.bt_navigator]: Begin navigating from current location (-0.56, -1.10) to (-1.14, -3.05)
[component_container_isolated-1] [INFO] [1789454991.599186448] [robot1.local_costmap.local_costmap]: StaticLayer: Resizing static layer to 144 X 294 at 0.050000 m/pix
[component_container_isolated-1] [INFO] [1789454991.715920001] [robot1.controller_server]: Passing new path to controller.
[component_container_isolated-1] [INFO] [1789454992.293212112] [robot1.global_costmap.global_costmap]: StaticLayer: Resizing costmap to 144 X 294 at 0.050000 m/pix
[component_container_isolated-1] [INFO] [1789454992.545399724] [robot1.bt_navigator]: Received goal preemption request
[component_container_isolated-1] [INFO] [1789454992.545482221] [robot1.bt_navigator]: Begin navigating from current location (-0.65, -1.33) to (-0.98, -3.36)
[component_container_isolated-1] [INFO] [1789454992.765927016] [robot1.controller_server]: Passing new path to controller.
[component_container_isolated-1] [INFO] [1789454993.199201555] [robot1.local_costmap.local_costmap]: StaticLayer: Resizing static layer to 144 X 295 at 0.050000 m/pix
[component_container_isolated-1] [INFO] [1789454993.293140037] [robot1.global_costmap.global_costmap]: StaticLayer: Resizing costmap to 144 X 295 at 0.050000 m/pix
[component_container_isolated-1] [INFO] [1789454993.555437600] [robot1.bt_navigator]: Received goal preemption request
[component_container_isolated-1] [INFO] [1789454993.555519732] [robot1.bt_navigator]: Begin navigating from current location (-0.69, -1.58) to (-1.38, -2.84)
[component_container_isolated-1] [INFO] [1789454993.815949770] [robot1.controller_server]: Passing new path to controller.
[component_container_isolated-1] [INFO] [1789454994.199152565] [robot1.local_costmap.local_costmap]: StaticLayer: Resizing static layer to 144 X 305 at 0.050000 m/pix
[component_container_isolated-1] [INFO] [1789454994.293189273] [robot1.global_costmap.global_costmap]: StaticLayer: Resizing costmap to 144 X 305 at 0.050000 m/pix
[component_container_isolated-1] [INFO] [1789454994.545390265] [robot1.bt_navigator]: Received goal preemption request
[component_container_isolated-1] [INFO] [1789454994.545459486] [robot1.bt_navigator]: Begin navigating from current location (-0.74, -1.83) to (-1.30, -2.62)
[component_container_isolated-1] [INFO] [1789454994.815935224] [robot1.controller_server]: Passing new path to controller.
[component_container_isolated-1] [INFO] [1789454995.545486335] [robot1.bt_navigator]: Received goal preemption request
[component_container_isolated-1] [INFO] [1789454995.545577713] [robot1.bt_navigator]: Begin navigating from current location (-0.83, -2.07) to (-1.07, -4.07)
[component_container_isolated-1] [INFO] [1789454995.865952789] [robot1.controller_server]: Passing new path to controller.
[component_container_isolated-1] [INFO] [1789454996.545420721] [robot1.bt_navigator]: Received goal preemption request
[component_container_isolated-1] [INFO] [1789454996.545569254] [robot1.bt_navigator]: Begin navigating from current location (-0.98, -2.27) to (-1.04, -4.40)
[component_container_isolated-1] [INFO] [1789454996.865921910] [robot1.controller_server]: Passing new path to controller.
[component_container_isolated-1] [INFO] [1789454997.545441945] [robot1.bt_navigator]: Received goal preemption request
[component_container_isolated-1] [INFO] [1789454997.545544995] [robot1.bt_navigator]: Begin navigating from current location (-0.99, -2.52) to (-1.06, -4.08)
[component_container_isolated-1] [INFO] [1789454997.915928879] [robot1.controller_server]: Passing new path to controller.
[component_container_isolated-1] [INFO] [1789454998.555449283] [robot1.bt_navigator]: Received goal preemption request
[component_container_isolated-1] [INFO] [1789454998.555653645] [robot1.bt_navigator]: Begin navigating from current location (-0.96, -2.78) to (-1.77, -3.49)
[component_container_isolated-1] [INFO] [1789454998.915954982] [robot1.controller_server]: Passing new path to controller.
[component_container_isolated-1] [INFO] [1789454999.555405860] [robot1.bt_navigator]: Received goal preemption request
[component_container_isolated-1] [INFO] [1789454999.555502911] [robot1.bt_navigator]: Begin navigating from current location (-0.96, -3.02) to (-1.04, -4.21)
[component_container_isolated-1] [INFO] [1789454999.965927153] [robot1.controller_server]: Passing new path to controller.
[component_container_isolated-1] [INFO] [1789455001.015946908] [robot1.controller_server]: Passing new path to controller.
[component_container_isolated-1] [INFO] [1789455002.015922549] [robot1.controller_server]: Passing new path to controller.
[component_container_isolated-1] [INFO] [1789455003.065935544] [robot1.controller_server]: Passing new path to controller.
[component_container_isolated-1] [INFO] [1789455004.065920232] [robot1.controller_server]: Passing new path to controller.
[component_container_isolated-1] [INFO] [1789455005.115935172] [robot1.controller_server]: Passing new path to controller.
[component_container_isolated-1] [INFO] [1789455006.115921960] [robot1.controller_server]: Passing new path to controller.
[component_container_isolated-1] [INFO] [1789455007.168329182] [robot1.controller_server]: Passing new path to controller.
[component_container_isolated-1] [INFO] [1789455008.215921511] [robot1.controller_server]: Passing new path to controller.
[component_container_isolated-1] [INFO] [1789455009.215920417] [robot1.controller_server]: Passing new path to controller.
[component_container_isolated-1] [INFO] [1789455010.265940681] [robot1.controller_server]: Passing new path to controller.
[component_container_isolated-1] [ERROR] [1789455010.555606244] [robot1.bt_navigator_navigate_to_pose_rclcpp_node]: Failed to get result for follow_path in node halt!
[component_container_isolated-1] [INFO] [1789455010.555737026] [robot1.bt_navigator]: [navigate_to_pose] [ActionServer] Client requested to cancel the goal. Cancelling.
[component_container_isolated-1] [INFO] [1789455010.555801334] [robot1.bt_navigator]: Goal canceled
[component_container_isolated-1] [INFO] [1789455010.565923172] [robot1.controller_server]: Goal was canceled. Stopping the robot.
[component_container_isolated-1] [INFO] [1789455010.565945430] [robot1.controller_server]: [follow_path] [ActionServer] Client requested to cancel the goal. Cancelling.
[component_container_isolated-1] [INFO] [1789455317.799219776] [robot1.local_costmap.local_costmap]: StaticLayer: Resizing static layer to 187 X 305 at 0.050000 m/pix
[component_container_isolated-1] [INFO] [1789455318.293157473] [robot1.global_costmap.global_costmap]: StaticLayer: Resizing costmap to 187 X 305 at 0.050000 m/pix
[INFO] [launch]: All log files can be found below /home/danyalaziz/.ros/log/2026-09-15-12-22-06-547574-Precision-3660-82612
[INFO] [launch]: Default logging verbosity is set to INFO
[INFO] [component_container_isolated-1]: process started with pid [82628]
[INFO] [nav2_startup-2]: process started with pid [82865]
[nav2_startup-2] waiting for service to become available...
[component_container_isolated-1] [INFO] [1789456957.782100643] [robot1.nav2_container]: Load Library: /opt/ros/humble/lib/libcontroller_server_core.so
[component_container_isolated-1] [INFO] [1789456957.785117728] [robot1.nav2_container]: Found class: rclcpp_components::NodeFactoryTemplate<nav2_controller::ControllerServer>
[component_container_isolated-1] [INFO] [1789456957.785161107] [robot1.nav2_container]: Instantiate class: rclcpp_components::NodeFactoryTemplate<nav2_controller::ControllerServer>
[component_container_isolated-1] [INFO] [1789456957.787349186] [robot1.controller_server]: 
[component_container_isolated-1] 	controller_server lifecycle node launched. 
[component_container_isolated-1] 	Waiting on external lifecycle transitions to activate
[component_container_isolated-1] 	See https://design.ros2.org/articles/node_lifecycle.html for more information.
[component_container_isolated-1] [INFO] [1789456957.788759968] [robot1.controller_server]: Creating controller server
[component_container_isolated-1] [INFO] [1789456957.790563381] [robot1.local_costmap.local_costmap]: 
[component_container_isolated-1] 	local_costmap lifecycle node launched. 
[component_container_isolated-1] 	Waiting on external lifecycle transitions to activate
[component_container_isolated-1] 	See https://design.ros2.org/articles/node_lifecycle.html for more information.
[component_container_isolated-1] [INFO] [1789456957.790757915] [robot1.local_costmap.local_costmap]: Creating Costmap
[INFO] [launch_ros.actions.load_composable_nodes]: Loaded node '/robot1/controller_server' in container '/robot1/nav2_container'
[component_container_isolated-1] [INFO] [1789456957.791963108] [robot1.nav2_container]: Load Library: /opt/ros/humble/lib/libsmoother_server_core.so
[component_container_isolated-1] [INFO] [1789456957.792648164] [robot1.nav2_container]: Found class: rclcpp_components::NodeFactoryTemplate<nav2_smoother::SmootherServer>
[component_container_isolated-1] [INFO] [1789456957.792655753] [robot1.nav2_container]: Instantiate class: rclcpp_components::NodeFactoryTemplate<nav2_smoother::SmootherServer>
[component_container_isolated-1] [INFO] [1789456957.794522426] [robot1.smoother_server]: 
[component_container_isolated-1] 	smoother_server lifecycle node launched. 
[component_container_isolated-1] 	Waiting on external lifecycle transitions to activate
[component_container_isolated-1] 	See https://design.ros2.org/articles/node_lifecycle.html for more information.
[component_container_isolated-1] [INFO] [1789456957.795076242] [robot1.smoother_server]: Creating smoother server
[INFO] [launch_ros.actions.load_composable_nodes]: Loaded node '/robot1/smoother_server' in container '/robot1/nav2_container'
[component_container_isolated-1] [INFO] [1789456957.795975017] [robot1.nav2_container]: Load Library: /opt/ros/humble/lib/libplanner_server_core.so
[component_container_isolated-1] [INFO] [1789456957.796327439] [robot1.nav2_container]: Found class: rclcpp_components::NodeFactoryTemplate<nav2_planner::PlannerServer>
[component_container_isolated-1] [INFO] [1789456957.796334356] [robot1.nav2_container]: Instantiate class: rclcpp_components::NodeFactoryTemplate<nav2_planner::PlannerServer>
[component_container_isolated-1] [INFO] [1789456957.798146079] [robot1.planner_server]: 
[component_container_isolated-1] 	planner_server lifecycle node launched. 
[component_container_isolated-1] 	Waiting on external lifecycle transitions to activate
[component_container_isolated-1] 	See https://design.ros2.org/articles/node_lifecycle.html for more information.
[component_container_isolated-1] [INFO] [1789456957.798691670] [robot1.planner_server]: Creating
[component_container_isolated-1] [INFO] [1789456957.800816135] [robot1.global_costmap.global_costmap]: 
[component_container_isolated-1] 	global_costmap lifecycle node launched. 
[component_container_isolated-1] 	Waiting on external lifecycle transitions to activate
[component_container_isolated-1] 	See https://design.ros2.org/articles/node_lifecycle.html for more information.
[component_container_isolated-1] [INFO] [1789456957.800984952] [robot1.global_costmap.global_costmap]: Creating Costmap
[INFO] [launch_ros.actions.load_composable_nodes]: Loaded node '/robot1/planner_server' in container '/robot1/nav2_container'
[component_container_isolated-1] [INFO] [1789456957.802263463] [robot1.nav2_container]: Load Library: /opt/ros/humble/lib/libbehavior_server_core.so
[component_container_isolated-1] [INFO] [1789456957.803489530] [robot1.nav2_container]: Found class: rclcpp_components::NodeFactoryTemplate<behavior_server::BehaviorServer>
[component_container_isolated-1] [INFO] [1789456957.803499386] [robot1.nav2_container]: Instantiate class: rclcpp_components::NodeFactoryTemplate<behavior_server::BehaviorServer>
[component_container_isolated-1] [INFO] [1789456957.805595269] [robot1.behavior_server]: 
[component_container_isolated-1] 	behavior_server lifecycle node launched. 
[component_container_isolated-1] 	Waiting on external lifecycle transitions to activate
[component_container_isolated-1] 	See https://design.ros2.org/articles/node_lifecycle.html for more information.
[INFO] [launch_ros.actions.load_composable_nodes]: Loaded node '/robot1/behavior_server' in container '/robot1/nav2_container'
[component_container_isolated-1] [INFO] [1789456957.807219867] [robot1.nav2_container]: Load Library: /opt/ros/humble/lib/libbt_navigator_core.so
[component_container_isolated-1] [INFO] [1789456957.807975666] [robot1.nav2_container]: Found class: rclcpp_components::NodeFactoryTemplate<nav2_bt_navigator::BtNavigator>
[component_container_isolated-1] [INFO] [1789456957.807985230] [robot1.nav2_container]: Instantiate class: rclcpp_components::NodeFactoryTemplate<nav2_bt_navigator::BtNavigator>
[component_container_isolated-1] [INFO] [1789456957.986648055] [robot1.bt_navigator]: 
[component_container_isolated-1] 	bt_navigator lifecycle node launched. 
[component_container_isolated-1] 	Waiting on external lifecycle transitions to activate
[component_container_isolated-1] 	See https://design.ros2.org/articles/node_lifecycle.html for more information.
[component_container_isolated-1] [INFO] [1789456957.986679878] [robot1.bt_navigator]: Creating
[INFO] [launch_ros.actions.load_composable_nodes]: Loaded node '/robot1/bt_navigator' in container '/robot1/nav2_container'
[component_container_isolated-1] [INFO] [1789456957.988045335] [robot1.nav2_container]: Load Library: /opt/ros/humble/lib/libwaypoint_follower_core.so
[component_container_isolated-1] [INFO] [1789456957.988359595] [robot1.nav2_container]: Found class: rclcpp_components::NodeFactoryTemplate<nav2_waypoint_follower::WaypointFollower>
[component_container_isolated-1] [INFO] [1789456957.988368238] [robot1.nav2_container]: Instantiate class: rclcpp_components::NodeFactoryTemplate<nav2_waypoint_follower::WaypointFollower>
[component_container_isolated-1] [INFO] [1789456957.990704707] [robot1.waypoint_follower]: 
[component_container_isolated-1] 	waypoint_follower lifecycle node launched. 
[component_container_isolated-1] 	Waiting on external lifecycle transitions to activate
[component_container_isolated-1] 	See https://design.ros2.org/articles/node_lifecycle.html for more information.
[component_container_isolated-1] [INFO] [1789456957.990887480] [robot1.waypoint_follower]: Creating
[INFO] [launch_ros.actions.load_composable_nodes]: Loaded node '/robot1/waypoint_follower' in container '/robot1/nav2_container'
[component_container_isolated-1] [INFO] [1789456957.991721410] [robot1.nav2_container]: Load Library: /opt/ros/humble/lib/libvelocity_smoother_core.so
[component_container_isolated-1] [INFO] [1789456957.992086348] [robot1.nav2_container]: Found class: rclcpp_components::NodeFactoryTemplate<nav2_velocity_smoother::VelocitySmoother>
[component_container_isolated-1] [INFO] [1789456957.992092735] [robot1.nav2_container]: Instantiate class: rclcpp_components::NodeFactoryTemplate<nav2_velocity_smoother::VelocitySmoother>
[component_container_isolated-1] [INFO] [1789456957.994458787] [robot1.velocity_smoother]: 
[component_container_isolated-1] 	velocity_smoother lifecycle node launched. 
[component_container_isolated-1] 	Waiting on external lifecycle transitions to activate
[component_container_isolated-1] 	See https://design.ros2.org/articles/node_lifecycle.html for more information.
[INFO] [launch_ros.actions.load_composable_nodes]: Loaded node '/robot1/velocity_smoother' in container '/robot1/nav2_container'
[component_container_isolated-1] [INFO] [1789456957.995107184] [robot1.nav2_container]: Load Library: /opt/ros/humble/lib/libnav2_lifecycle_manager_core.so
[component_container_isolated-1] [INFO] [1789456957.995399950] [robot1.nav2_container]: Found class: rclcpp_components::NodeFactoryTemplate<nav2_lifecycle_manager::LifecycleManager>
[component_container_isolated-1] [INFO] [1789456957.995406799] [robot1.nav2_container]: Instantiate class: rclcpp_components::NodeFactoryTemplate<nav2_lifecycle_manager::LifecycleManager>
[component_container_isolated-1] [INFO] [1789456958.197221553] [robot1.lifecycle_manager_navigation]: Creating
[component_container_isolated-1] [INFO] [1789456958.198261435] [robot1.lifecycle_manager_navigation]: [34m[1mCreating and initializing lifecycle service clients[0m[0m
[INFO] [launch_ros.actions.load_composable_nodes]: Loaded node '/robot1/lifecycle_manager_navigation' in container '/robot1/nav2_container'
[nav2_startup-2] requester: making request: nav2_msgs.srv.ManageLifecycleNodes_Request(command=0)
[nav2_startup-2] 
[component_container_isolated-1] [INFO] [1789456960.501961150] [robot1.lifecycle_manager_navigation]: [34m[1mStarting managed nodes bringup...[0m[0m
[component_container_isolated-1] [INFO] [1789456960.502012302] [robot1.lifecycle_manager_navigation]: [34m[1mConfiguring controller_server[0m[0m
[component_container_isolated-1] [INFO] [1789456960.502331410] [robot1.controller_server]: Configuring controller interface
[component_container_isolated-1] [INFO] [1789456960.502513618] [robot1.controller_server]: getting goal checker plugins..
[component_container_isolated-1] [INFO] [1789456960.502615789] [robot1.controller_server]: Controller frequency set to 20.0000Hz
[component_container_isolated-1] [INFO] [1789456960.502650101] [robot1.local_costmap.local_costmap]: Configuring
[component_container_isolated-1] [INFO] [1789456960.504774816] [robot1.local_costmap.local_costmap]: Using plugin "static_layer"
[component_container_isolated-1] [INFO] [1789456960.506170868] [robot1.local_costmap.local_costmap]: Subscribing to the map topic (/robot1/map) with transient local durability
[component_container_isolated-1] [INFO] [1789456960.506611231] [robot1.local_costmap.local_costmap]: Initialized plugin "static_layer"
[component_container_isolated-1] [INFO] [1789456960.506622308] [robot1.local_costmap.local_costmap]: Using plugin "voxel_layer"
[component_container_isolated-1] [INFO] [1789456960.506795474] [robot1.local_costmap.local_costmap]: Subscribed to Topics: scan
[component_container_isolated-1] [INFO] [1789456960.508952200] [robot1.local_costmap.local_costmap]: Initialized plugin "voxel_layer"
[component_container_isolated-1] [INFO] [1789456960.508963814] [robot1.local_costmap.local_costmap]: Using plugin "inflation_layer"
[component_container_isolated-1] [INFO] [1789456960.509211945] [robot1.local_costmap.local_costmap]: Initialized plugin "inflation_layer"
[component_container_isolated-1] [INFO] [1789456960.511341498] [robot1.controller_server]: Created progress_checker : progress_checker of type nav2_controller::SimpleProgressChecker
[component_container_isolated-1] [INFO] [1789456960.511606631] [robot1.controller_server]: Created goal checker : general_goal_checker of type nav2_controller::SimpleGoalChecker
[component_container_isolated-1] [INFO] [1789456960.511780844] [robot1.controller_server]: Controller Server has general_goal_checker  goal checkers available.
[component_container_isolated-1] [INFO] [1789456960.512449998] [robot1.controller_server]: Created controller : FollowPath of type dwb_core::DWBLocalPlanner
[component_container_isolated-1] [INFO] [1789456960.512755430] [robot1.controller_server]: Setting transform_tolerance to 0.200000
[component_container_isolated-1] [INFO] [1789456960.515838678] [robot1.controller_server]: Using critic "RotateToGoal" (dwb_critics::RotateToGoalCritic)
[component_container_isolated-1] [INFO] [1789456960.516003444] [robot1.controller_server]: Critic plugin initialized
[component_container_isolated-1] [INFO] [1789456960.516039592] [robot1.controller_server]: Using critic "Oscillation" (dwb_critics::OscillationCritic)
[component_container_isolated-1] [INFO] [1789456960.516164987] [robot1.controller_server]: Critic plugin initialized
[component_container_isolated-1] [INFO] [1789456960.516201334] [robot1.controller_server]: Using critic "BaseObstacle" (dwb_critics::BaseObstacleCritic)
[component_container_isolated-1] [INFO] [1789456960.516261835] [robot1.controller_server]: Critic plugin initialized
[component_container_isolated-1] [INFO] [1789456960.516295965] [robot1.controller_server]: Using critic "GoalAlign" (dwb_critics::GoalAlignCritic)
[component_container_isolated-1] [INFO] [1789456960.516396639] [robot1.controller_server]: Critic plugin initialized
[component_container_isolated-1] [INFO] [1789456960.516445051] [robot1.controller_server]: Using critic "PathAlign" (dwb_critics::PathAlignCritic)
[component_container_isolated-1] [INFO] [1789456960.516558479] [robot1.controller_server]: Critic plugin initialized
[component_container_isolated-1] [INFO] [1789456960.516595489] [robot1.controller_server]: Using critic "PathDist" (dwb_critics::PathDistCritic)
[component_container_isolated-1] [INFO] [1789456960.516658267] [robot1.controller_server]: Critic plugin initialized
[component_container_isolated-1] [INFO] [1789456960.516692479] [robot1.controller_server]: Using critic "GoalDist" (dwb_critics::GoalDistCritic)
[component_container_isolated-1] [INFO] [1789456960.516753457] [robot1.controller_server]: Critic plugin initialized
[component_container_isolated-1] [INFO] [1789456960.516758847] [robot1.controller_server]: Controller Server has FollowPath  controllers available.
[component_container_isolated-1] [INFO] [1789456960.518992334] [robot1.lifecycle_manager_navigation]: [34m[1mConfiguring smoother_server[0m[0m
[component_container_isolated-1] [INFO] [1789456960.519061076] [robot1.smoother_server]: Configuring smoother server
[component_container_isolated-1] [INFO] [1789456960.520657506] [robot1.smoother_server]: Created smoother : simple_smoother of type nav2_smoother::SimpleSmoother
[component_container_isolated-1] [INFO] [1789456960.520847510] [robot1.smoother_server]: Smoother Server has simple_smoother  smoothers available.
[component_container_isolated-1] [INFO] [1789456960.522061202] [robot1.lifecycle_manager_navigation]: [34m[1mConfiguring planner_server[0m[0m
[component_container_isolated-1] [INFO] [1789456960.522156364] [robot1.planner_server]: Configuring
[component_container_isolated-1] [INFO] [1789456960.522176837] [robot1.global_costmap.global_costmap]: Configuring
[component_container_isolated-1] [INFO] [1789456960.523274171] [robot1.global_costmap.global_costmap]: Using plugin "static_layer"
[component_container_isolated-1] [INFO] [1789456960.523565251] [robot1.global_costmap.global_costmap]: Subscribing to the map topic (/robot1/map) with transient local durability
[component_container_isolated-1] [INFO] [1789456960.523886476] [robot1.global_costmap.global_costmap]: Initialized plugin "static_layer"
[component_container_isolated-1] [INFO] [1789456960.523904612] [robot1.global_costmap.global_costmap]: Using plugin "obstacle_layer"
[component_container_isolated-1] [INFO] [1789456960.524361683] [robot1.global_costmap.global_costmap]: Subscribed to Topics: scan
[component_container_isolated-1] [INFO] [1789456960.525717243] [robot1.global_costmap.global_costmap]: Initialized plugin "obstacle_layer"
[component_container_isolated-1] [INFO] [1789456960.525729485] [robot1.global_costmap.global_costmap]: Using plugin "inflation_layer"
[component_container_isolated-1] [INFO] [1789456960.525980872] [robot1.global_costmap.global_costmap]: Initialized plugin "inflation_layer"
[component_container_isolated-1] [INFO] [1789456960.527730566] [robot1.planner_server]: Created global planner plugin GridBased of type nav2_navfn_planner/NavfnPlanner
[component_container_isolated-1] [INFO] [1789456960.527745082] [robot1.planner_server]: Configuring plugin GridBased of type NavfnPlanner
[component_container_isolated-1] [INFO] [1789456960.527937922] [robot1.planner_server]: Planner Server has GridBased  planners available.
[component_container_isolated-1] [INFO] [1789456960.530072225] [robot1.lifecycle_manager_navigation]: [34m[1mConfiguring behavior_server[0m[0m
[component_container_isolated-1] [INFO] [1789456960.530138125] [robot1.behavior_server]: Configuring
[component_container_isolated-1] [INFO] [1789456960.531472809] [robot1.behavior_server]: Creating behavior plugin spin of type nav2_behaviors/Spin
[component_container_isolated-1] [INFO] [1789456960.531805906] [robot1.behavior_server]: Configuring spin
[component_container_isolated-1] [INFO] [1789456960.533033198] [robot1.behavior_server]: Creating behavior plugin backup of type nav2_behaviors/BackUp
[component_container_isolated-1] [INFO] [1789456960.533330020] [robot1.behavior_server]: Configuring backup
[component_container_isolated-1] [INFO] [1789456960.534514076] [robot1.behavior_server]: Creating behavior plugin drive_on_heading of type nav2_behaviors/DriveOnHeading
[component_container_isolated-1] [INFO] [1789456960.534836560] [robot1.behavior_server]: Configuring drive_on_heading
[component_container_isolated-1] [INFO] [1789456960.536058386] [robot1.behavior_server]: Creating behavior plugin assisted_teleop of type nav2_behaviors/AssistedTeleop
[component_container_isolated-1] [INFO] [1789456960.536680527] [robot1.behavior_server]: Configuring assisted_teleop
[component_container_isolated-1] [INFO] [1789456960.538336483] [robot1.behavior_server]: Creating behavior plugin wait of type nav2_behaviors/Wait
[component_container_isolated-1] [INFO] [1789456960.538608215] [robot1.behavior_server]: Configuring wait
[component_container_isolated-1] [INFO] [1789456960.539821517] [robot1.lifecycle_manager_navigation]: [34m[1mConfiguring bt_navigator[0m[0m
[component_container_isolated-1] [INFO] [1789456960.539904403] [robot1.bt_navigator]: Configuring
[component_container_isolated-1] [INFO] [1789456961.055235992] [robot1.lifecycle_manager_navigation]: [34m[1mConfiguring waypoint_follower[0m[0m
[component_container_isolated-1] [INFO] [1789456961.055370337] [robot1.waypoint_follower]: Configuring
[component_container_isolated-1] [INFO] [1789456961.057986135] [robot1.waypoint_follower]: Created waypoint_task_executor : wait_at_waypoint of type nav2_waypoint_follower::WaitAtWaypoint
[component_container_isolated-1] [INFO] [1789456961.058287580] [robot1.lifecycle_manager_navigation]: [34m[1mConfiguring velocity_smoother[0m[0m
[component_container_isolated-1] [INFO] [1789456961.058379767] [robot1.velocity_smoother]: Configuring velocity smoother
[component_container_isolated-1] [INFO] [1789456961.059609637] [robot1.lifecycle_manager_navigation]: [34m[1mActivating controller_server[0m[0m
[component_container_isolated-1] [INFO] [1789456961.059669514] [robot1.controller_server]: Activating
[component_container_isolated-1] [INFO] [1789456961.059690264] [robot1.local_costmap.local_costmap]: Activating
[component_container_isolated-1] [INFO] [1789456961.059697288] [robot1.local_costmap.local_costmap]: Checking transform
[component_container_isolated-1] [INFO] [1789456961.059710981] [robot1.local_costmap.local_costmap]: Timed out waiting for transform from base_link to odom to become available, tf error: Invalid frame ID "odom" passed to canTransform argument target_frame - frame does not exist
[component_container_isolated-1] [INFO] [1789456961.559800870] [robot1.local_costmap.local_costmap]: Timed out waiting for transform from base_link to odom to become available, tf error: Invalid frame ID "odom" passed to canTransform argument target_frame - frame does not exist
[component_container_isolated-1] [INFO] [1789456962.059771376] [robot1.local_costmap.local_costmap]: Timed out waiting for transform from base_link to odom to become available, tf error: Invalid frame ID "odom" passed to canTransform argument target_frame - frame does not exist
[component_container_isolated-1] [INFO] [1789456962.136538227] [robot1.local_costmap.local_costmap]: StaticLayer: Resizing static layer to 143 X 275 at 0.050000 m/pix
[component_container_isolated-1] [INFO] [1789456962.559821551] [robot1.local_costmap.local_costmap]: Timed out waiting for transform from base_link to odom to become available, tf error: Could not find a connection between 'odom' and 'base_link' because they are not part of the same tree.Tf has two or more unconnected trees.
[component_container_isolated-1] [INFO] [1789456963.059796943] [robot1.local_costmap.local_costmap]: Timed out waiting for transform from base_link to odom to become available, tf error: Could not find a connection between 'odom' and 'base_link' because they are not part of the same tree.Tf has two or more unconnected trees.
[component_container_isolated-1] [INFO] [1789456963.559812759] [robot1.local_costmap.local_costmap]: Timed out waiting for transform from base_link to odom to become available, tf error: Could not find a connection between 'odom' and 'base_link' because they are not part of the same tree.Tf has two or more unconnected trees.
[component_container_isolated-1] [INFO] [1789456964.059766113] [robot1.local_costmap.local_costmap]: Timed out waiting for transform from base_link to odom to become available, tf error: Could not find a connection between 'odom' and 'base_link' because they are not part of the same tree.Tf has two or more unconnected trees.
[component_container_isolated-1] [INFO] [1789456964.559767056] [robot1.local_costmap.local_costmap]: Timed out waiting for transform from base_link to odom to become available, tf error: Could not find a connection between 'odom' and 'base_link' because they are not part of the same tree.Tf has two or more unconnected trees.
[component_container_isolated-1] [INFO] [1789456965.059771384] [robot1.local_costmap.local_costmap]: Timed out waiting for transform from base_link to odom to become available, tf error: Could not find a connection between 'odom' and 'base_link' because they are not part of the same tree.Tf has two or more unconnected trees.
[component_container_isolated-1] [INFO] [1789456965.559770943] [robot1.local_costmap.local_costmap]: Timed out waiting for transform from base_link to odom to become available, tf error: Could not find a connection between 'odom' and 'base_link' because they are not part of the same tree.Tf has two or more unconnected trees.
[component_container_isolated-1] [INFO] [1789456966.059796475] [robot1.local_costmap.local_costmap]: Timed out waiting for transform from base_link to odom to become available, tf error: Could not find a connection between 'odom' and 'base_link' because they are not part of the same tree.Tf has two or more unconnected trees.
[component_container_isolated-1] [INFO] [1789456966.559778811] [robot1.local_costmap.local_costmap]: Timed out waiting for transform from base_link to odom to become available, tf error: Could not find a connection between 'odom' and 'base_link' because they are not part of the same tree.Tf has two or more unconnected trees.
[component_container_isolated-1] [INFO] [1789456967.059791177] [robot1.local_costmap.local_costmap]: Timed out waiting for transform from base_link to odom to become available, tf error: Could not find a connection between 'odom' and 'base_link' because they are not part of the same tree.Tf has two or more unconnected trees.
[component_container_isolated-1] [INFO] [1789456967.559771887] [robot1.local_costmap.local_costmap]: Timed out waiting for transform from base_link to odom to become available, tf error: Could not find a connection between 'odom' and 'base_link' because they are not part of the same tree.Tf has two or more unconnected trees.
[component_container_isolated-1] [INFO] [1789456968.059777972] [robot1.local_costmap.local_costmap]: Timed out waiting for transform from base_link to odom to become available, tf error: Could not find a connection between 'odom' and 'base_link' because they are not part of the same tree.Tf has two or more unconnected trees.
[component_container_isolated-1] [INFO] [1789456968.559853368] [robot1.local_costmap.local_costmap]: Timed out waiting for transform from base_link to odom to become available, tf error: Could not find a connection between 'odom' and 'base_link' because they are not part of the same tree.Tf has two or more unconnected trees.
[component_container_isolated-1] [INFO] [1789456969.059798464] [robot1.local_costmap.local_costmap]: Timed out waiting for transform from base_link to odom to become available, tf error: Could not find a connection between 'odom' and 'base_link' because they are not part of the same tree.Tf has two or more unconnected trees.
[component_container_isolated-1] [INFO] [1789456969.559771084] [robot1.local_costmap.local_costmap]: Timed out waiting for transform from base_link to odom to become available, tf error: Could not find a connection between 'odom' and 'base_link' because they are not part of the same tree.Tf has two or more unconnected trees.
[component_container_isolated-1] [INFO] [1789456970.059764200] [robot1.local_costmap.local_costmap]: Timed out waiting for transform from base_link to odom to become available, tf error: Could not find a connection between 'odom' and 'base_link' because they are not part of the same tree.Tf has two or more unconnected trees.
[component_container_isolated-1] [INFO] [1789456970.559773839] [robot1.local_costmap.local_costmap]: Timed out waiting for transform from base_link to odom to become available, tf error: Could not find a connection between 'odom' and 'base_link' because they are not part of the same tree.Tf has two or more unconnected trees.
[component_container_isolated-1] [INFO] [1789456971.059773976] [robot1.local_costmap.local_costmap]: Timed out waiting for transform from base_link to odom to become available, tf error: Could not find a connection between 'odom' and 'base_link' because they are not part of the same tree.Tf has two or more unconnected trees.
[component_container_isolated-1] [INFO] [1789456971.559777397] [robot1.local_costmap.local_costmap]: Timed out waiting for transform from base_link to odom to become available, tf error: Could not find a connection between 'odom' and 'base_link' because they are not part of the same tree.Tf has two or more unconnected trees.
[component_container_isolated-1] [INFO] [1789456972.059773218] [robot1.local_costmap.local_costmap]: Timed out waiting for transform from base_link to odom to become available, tf error: Could not find a connection between 'odom' and 'base_link' because they are not part of the same tree.Tf has two or more unconnected trees.
[component_container_isolated-1] [INFO] [1789456972.485309811] [robot1.global_costmap.global_costmap]: StaticLayer: Resizing costmap to 143 X 275 at 0.050000 m/pix
[component_container_isolated-1] [INFO] [1789456972.559768465] [robot1.local_costmap.local_costmap]: Timed out waiting for transform from base_link to odom to become available, tf error: Could not find a connection between 'odom' and 'base_link' because they are not part of the same tree.Tf has two or more unconnected trees.
[component_container_isolated-1] [INFO] [1789456973.059794067] [robot1.local_costmap.local_costmap]: Timed out waiting for transform from base_link to odom to become available, tf error: Could not find a connection between 'odom' and 'base_link' because they are not part of the same tree.Tf has two or more unconnected trees.
[component_container_isolated-1] [INFO] [1789456973.559796573] [robot1.local_costmap.local_costmap]: Timed out waiting for transform from base_link to odom to become available, tf error: Could not find a connection between 'odom' and 'base_link' because they are not part of the same tree.Tf has two or more unconnected trees.
[component_container_isolated-1] [INFO] [1789456974.059767591] [robot1.local_costmap.local_costmap]: Timed out waiting for transform from base_link to odom to become available, tf error: Could not find a connection between 'odom' and 'base_link' because they are not part of the same tree.Tf has two or more unconnected trees.
[component_container_isolated-1] [INFO] [1789456974.559795231] [robot1.local_costmap.local_costmap]: Timed out waiting for transform from base_link to odom to become available, tf error: Could not find a connection between 'odom' and 'base_link' because they are not part of the same tree.Tf has two or more unconnected trees.
[component_container_isolated-1] [INFO] [1789456975.059762932] [robot1.local_costmap.local_costmap]: Timed out waiting for transform from base_link to odom to become available, tf error: Could not find a connection between 'odom' and 'base_link' because they are not part of the same tree.Tf has two or more unconnected trees.
[component_container_isolated-1] [INFO] [1789456975.559768014] [robot1.local_costmap.local_costmap]: Timed out waiting for transform from base_link to odom to become available, tf error: Could not find a connection between 'odom' and 'base_link' because they are not part of the same tree.Tf has two or more unconnected trees.
[component_container_isolated-1] [INFO] [1789456976.059771167] [robot1.local_costmap.local_costmap]: Timed out waiting for transform from base_link to odom to become available, tf error: Could not find a connection between 'odom' and 'base_link' because they are not part of the same tree.Tf has two or more unconnected trees.
[component_container_isolated-1] [INFO] [1789456976.559773226] [robot1.local_costmap.local_costmap]: Timed out waiting for transform from base_link to odom to become available, tf error: Could not find a connection between 'odom' and 'base_link' because they are not part of the same tree.Tf has two or more unconnected trees.
[component_container_isolated-1] [INFO] [1789456977.059796039] [robot1.local_costmap.local_costmap]: Timed out waiting for transform from base_link to odom to become available, tf error: Could not find a connection between 'odom' and 'base_link' because they are not part of the same tree.Tf has two or more unconnected trees.
[component_container_isolated-1] [INFO] [1789456977.559769471] [robot1.local_costmap.local_costmap]: Timed out waiting for transform from base_link to odom to become available, tf error: Could not find a connection between 'odom' and 'base_link' because they are not part of the same tree.Tf has two or more unconnected trees.
[component_container_isolated-1] [INFO] [1789456978.059762727] [robot1.local_costmap.local_costmap]: Timed out waiting for transform from base_link to odom to become available, tf error: Could not find a connection between 'odom' and 'base_link' because they are not part of the same tree.Tf has two or more unconnected trees.
[component_container_isolated-1] [INFO] [1789456978.559772740] [robot1.local_costmap.local_costmap]: Timed out waiting for transform from base_link to odom to become available, tf error: Could not find a connection between 'odom' and 'base_link' because they are not part of the same tree.Tf has two or more unconnected trees.
[component_container_isolated-1] [INFO] [1789456979.059763989] [robot1.local_costmap.local_costmap]: Timed out waiting for transform from base_link to odom to become available, tf error: Could not find a connection between 'odom' and 'base_link' because they are not part of the same tree.Tf has two or more unconnected trees.
[component_container_isolated-1] [INFO] [1789456979.559753676] [robot1.local_costmap.local_costmap]: Timed out waiting for transform from base_link to odom to become available, tf error: Could not find a connection between 'odom' and 'base_link' because they are not part of the same tree.Tf has two or more unconnected trees.
[component_container_isolated-1] [INFO] [1789456980.059787807] [robot1.local_costmap.local_costmap]: Timed out waiting for transform from base_link to odom to become available, tf error: Could not find a connection between 'odom' and 'base_link' because they are not part of the same tree.Tf has two or more unconnected trees.
[component_container_isolated-1] [INFO] [1789456980.559795041] [robot1.local_costmap.local_costmap]: Timed out waiting for transform from base_link to odom to become available, tf error: Could not find a connection between 'odom' and 'base_link' because they are not part of the same tree.Tf has two or more unconnected trees.
[component_container_isolated-1] [INFO] [1789456981.059797077] [robot1.local_costmap.local_costmap]: Timed out waiting for transform from base_link to odom to become available, tf error: Could not find a connection between 'odom' and 'base_link' because they are not part of the same tree.Tf has two or more unconnected trees.
[component_container_isolated-1] [INFO] [1789456981.559767480] [robot1.local_costmap.local_costmap]: Timed out waiting for transform from base_link to odom to become available, tf error: Could not find a connection between 'odom' and 'base_link' because they are not part of the same tree.Tf has two or more unconnected trees.
[component_container_isolated-1] [INFO] [1789456982.059793017] [robot1.local_costmap.local_costmap]: Timed out waiting for transform from base_link to odom to become available, tf error: Could not find a connection between 'odom' and 'base_link' because they are not part of the same tree.Tf has two or more unconnected trees.
[component_container_isolated-1] [INFO] [1789456982.559770158] [robot1.local_costmap.local_costmap]: Timed out waiting for transform from base_link to odom to become available, tf error: Could not find a connection between 'odom' and 'base_link' because they are not part of the same tree.Tf has two or more unconnected trees.
[component_container_isolated-1] [INFO] [1789456983.059803910] [robot1.local_costmap.local_costmap]: Timed out waiting for transform from base_link to odom to become available, tf error: Could not find a connection between 'odom' and 'base_link' because they are not part of the same tree.Tf has two or more unconnected trees.
[component_container_isolated-1] [INFO] [1789456983.559765820] [robot1.local_costmap.local_costmap]: Timed out waiting for transform from base_link to odom to become available, tf error: Could not find a connection between 'odom' and 'base_link' because they are not part of the same tree.Tf has two or more unconnected trees.
[component_container_isolated-1] [INFO] [1789456984.059791589] [robot1.local_costmap.local_costmap]: Timed out waiting for transform from base_link to odom to become available, tf error: Could not find a connection between 'odom' and 'base_link' because they are not part of the same tree.Tf has two or more unconnected trees.
[component_container_isolated-1] [INFO] [1789456984.559771625] [robot1.local_costmap.local_costmap]: Timed out waiting for transform from base_link to odom to become available, tf error: Could not find a connection between 'odom' and 'base_link' because they are not part of the same tree.Tf has two or more unconnected trees.
[component_container_isolated-1] [INFO] [1789456985.059767368] [robot1.local_costmap.local_costmap]: Timed out waiting for transform from base_link to odom to become available, tf error: Could not find a connection between 'odom' and 'base_link' because they are not part of the same tree.Tf has two or more unconnected trees.
[component_container_isolated-1] [INFO] [1789456985.559798135] [robot1.local_costmap.local_costmap]: Timed out waiting for transform from base_link to odom to become available, tf error: Could not find a connection between 'odom' and 'base_link' because they are not part of the same tree.Tf has two or more unconnected trees.
[component_container_isolated-1] [INFO] [1789456986.059798301] [robot1.local_costmap.local_costmap]: Timed out waiting for transform from base_link to odom to become available, tf error: Could not find a connection between 'odom' and 'base_link' because they are not part of the same tree.Tf has two or more unconnected trees.
[component_container_isolated-1] [INFO] [1789456986.559768898] [robot1.local_costmap.local_costmap]: Timed out waiting for transform from base_link to odom to become available, tf error: Could not find a connection between 'odom' and 'base_link' because they are not part of the same tree.Tf has two or more unconnected trees.
[component_container_isolated-1] [INFO] [1789456987.059793350] [robot1.local_costmap.local_costmap]: Timed out waiting for transform from base_link to odom to become available, tf error: Could not find a connection between 'odom' and 'base_link' because they are not part of the same tree.Tf has two or more unconnected trees.
[component_container_isolated-1] [INFO] [1789456987.559765673] [robot1.local_costmap.local_costmap]: Timed out waiting for transform from base_link to odom to become available, tf error: Could not find a connection between 'odom' and 'base_link' because they are not part of the same tree.Tf has two or more unconnected trees.
[component_container_isolated-1] [INFO] [1789456988.059765524] [robot1.local_costmap.local_costmap]: Timed out waiting for transform from base_link to odom to become available, tf error: Could not find a connection between 'odom' and 'base_link' because they are not part of the same tree.Tf has two or more unconnected trees.
[component_container_isolated-1] [INFO] [1789456988.559802600] [robot1.local_costmap.local_costmap]: Timed out waiting for transform from base_link to odom to become available, tf error: Could not find a connection between 'odom' and 'base_link' because they are not part of the same tree.Tf has two or more unconnected trees.
[component_container_isolated-1] [INFO] [1789456989.059766252] [robot1.local_costmap.local_costmap]: Timed out waiting for transform from base_link to odom to become available, tf error: Could not find a connection between 'odom' and 'base_link' because they are not part of the same tree.Tf has two or more unconnected trees.
[component_container_isolated-1] [INFO] [1789456989.559762502] [robot1.local_costmap.local_costmap]: Timed out waiting for transform from base_link to odom to become available, tf error: Could not find a connection between 'odom' and 'base_link' because they are not part of the same tree.Tf has two or more unconnected trees.
[component_container_isolated-1] [INFO] [1789456990.059768025] [robot1.local_costmap.local_costmap]: Timed out waiting for transform from base_link to odom to become available, tf error: Could not find a connection between 'odom' and 'base_link' because they are not part of the same tree.Tf has two or more unconnected trees.
[component_container_isolated-1] [INFO] [1789456990.559797963] [robot1.local_costmap.local_costmap]: Timed out waiting for transform from base_link to odom to become available, tf error: Could not find a connection between 'odom' and 'base_link' because they are not part of the same tree.Tf has two or more unconnected trees.
[component_container_isolated-1] [INFO] [1789456991.059856624] [robot1.local_costmap.local_costmap]: Timed out waiting for transform from base_link to odom to become available, tf error: Could not find a connection between 'odom' and 'base_link' because they are not part of the same tree.Tf has two or more unconnected trees.
[component_container_isolated-1] [INFO] [1789456991.559771024] [robot1.local_costmap.local_costmap]: Timed out waiting for transform from base_link to odom to become available, tf error: Could not find a connection between 'odom' and 'base_link' because they are not part of the same tree.Tf has two or more unconnected trees.
[component_container_isolated-1] [INFO] [1789456992.059798810] [robot1.local_costmap.local_costmap]: Timed out waiting for transform from base_link to odom to become available, tf error: Could not find a connection between 'odom' and 'base_link' because they are not part of the same tree.Tf has two or more unconnected trees.
[component_container_isolated-1] [INFO] [1789456992.559770988] [robot1.local_costmap.local_costmap]: Timed out waiting for transform from base_link to odom to become available, tf error: Could not find a connection between 'odom' and 'base_link' because they are not part of the same tree.Tf has two or more unconnected trees.
[component_container_isolated-1] [INFO] [1789456993.059797078] [robot1.local_costmap.local_costmap]: Timed out waiting for transform from base_link to odom to become available, tf error: Could not find a connection between 'odom' and 'base_link' because they are not part of the same tree.Tf has two or more unconnected trees.
[component_container_isolated-1] [INFO] [1789456993.559780383] [robot1.local_costmap.local_costmap]: Timed out waiting for transform from base_link to odom to become available, tf error: Could not find a connection between 'odom' and 'base_link' because they are not part of the same tree.Tf has two or more unconnected trees.
[component_container_isolated-1] [INFO] [1789456994.059787525] [robot1.local_costmap.local_costmap]: Timed out waiting for transform from base_link to odom to become available, tf error: Could not find a connection between 'odom' and 'base_link' because they are not part of the same tree.Tf has two or more unconnected trees.
[component_container_isolated-1] [INFO] [1789456994.559768391] [robot1.local_costmap.local_costmap]: Timed out waiting for transform from base_link to odom to become available, tf error: Could not find a connection between 'odom' and 'base_link' because they are not part of the same tree.Tf has two or more unconnected trees.
[component_container_isolated-1] [INFO] [1789456995.059793971] [robot1.local_costmap.local_costmap]: Timed out waiting for transform from base_link to odom to become available, tf error: Could not find a connection between 'odom' and 'base_link' because they are not part of the same tree.Tf has two or more unconnected trees.
[component_container_isolated-1] [INFO] [1789456995.559761604] [robot1.local_costmap.local_costmap]: Timed out waiting for transform from base_link to odom to become available, tf error: Could not find a connection between 'odom' and 'base_link' because they are not part of the same tree.Tf has two or more unconnected trees.
[component_container_isolated-1] [INFO] [1789456996.059770505] [robot1.local_costmap.local_costmap]: Timed out waiting for transform from base_link to odom to become available, tf error: Could not find a connection between 'odom' and 'base_link' because they are not part of the same tree.Tf has two or more unconnected trees.
[component_container_isolated-1] [INFO] [1789456996.559823470] [robot1.local_costmap.local_costmap]: Timed out waiting for transform from base_link to odom to become available, tf error: Could not find a connection between 'odom' and 'base_link' because they are not part of the same tree.Tf has two or more unconnected trees.
[component_container_isolated-1] [INFO] [1789456997.059809739] [robot1.local_costmap.local_costmap]: Timed out waiting for transform from base_link to odom to become available, tf error: Could not find a connection between 'odom' and 'base_link' because they are not part of the same tree.Tf has two or more unconnected trees.
[component_container_isolated-1] [INFO] [1789456997.559803103] [robot1.local_costmap.local_costmap]: Timed out waiting for transform from base_link to odom to become available, tf error: Could not find a connection between 'odom' and 'base_link' because they are not part of the same tree.Tf has two or more unconnected trees.
[component_container_isolated-1] [INFO] [1789456998.059770058] [robot1.local_costmap.local_costmap]: Timed out waiting for transform from base_link to odom to become available, tf error: Could not find a connection between 'odom' and 'base_link' because they are not part of the same tree.Tf has two or more unconnected trees.
[component_container_isolated-1] [INFO] [1789456998.559774091] [robot1.local_costmap.local_costmap]: Timed out waiting for transform from base_link to odom to become available, tf error: Could not find a connection between 'odom' and 'base_link' because they are not part of the same tree.Tf has two or more unconnected trees.
[component_container_isolated-1] [INFO] [1789456999.059767999] [robot1.local_costmap.local_costmap]: Timed out waiting for transform from base_link to odom to become available, tf error: Could not find a connection between 'odom' and 'base_link' because they are not part of the same tree.Tf has two or more unconnected trees.
[component_container_isolated-1] [INFO] [1789456999.559771024] [robot1.local_costmap.local_costmap]: Timed out waiting for transform from base_link to odom to become available, tf error: Could not find a connection between 'odom' and 'base_link' because they are not part of the same tree.Tf has two or more unconnected trees.
[component_container_isolated-1] [INFO] [1789457000.059852465] [robot1.local_costmap.local_costmap]: Timed out waiting for transform from base_link to odom to become available, tf error: Could not find a connection between 'odom' and 'base_link' because they are not part of the same tree.Tf has two or more unconnected trees.
[component_container_isolated-1] [INFO] [1789457000.559771200] [robot1.local_costmap.local_costmap]: Timed out waiting for transform from base_link to odom to become available, tf error: Could not find a connection between 'odom' and 'base_link' because they are not part of the same tree.Tf has two or more unconnected trees.
[component_container_isolated-1] [INFO] [1789457001.059870900] [robot1.local_costmap.local_costmap]: Timed out waiting for transform from base_link to odom to become available, tf error: Could not find a connection between 'odom' and 'base_link' because they are not part of the same tree.Tf has two or more unconnected trees.
[component_container_isolated-1] [INFO] [1789457001.559782585] [robot1.local_costmap.local_costmap]: Timed out waiting for transform from base_link to odom to become available, tf error: Could not find a connection between 'odom' and 'base_link' because they are not part of the same tree.Tf has two or more unconnected trees.
[component_container_isolated-1] [INFO] [1789457002.059874596] [robot1.local_costmap.local_costmap]: Timed out waiting for transform from base_link to odom to become available, tf error: Could not find a connection between 'odom' and 'base_link' because they are not part of the same tree.Tf has two or more unconnected trees.
[component_container_isolated-1] [INFO] [1789457002.559774206] [robot1.local_costmap.local_costmap]: Timed out waiting for transform from base_link to odom to become available, tf error: Could not find a connection between 'odom' and 'base_link' because they are not part of the same tree.Tf has two or more unconnected trees.
[component_container_isolated-1] [INFO] [1789457003.059855516] [robot1.local_costmap.local_costmap]: Timed out waiting for transform from base_link to odom to become available, tf error: Could not find a connection between 'odom' and 'base_link' because they are not part of the same tree.Tf has two or more unconnected trees.
[component_container_isolated-1] [INFO] [1789457003.559858603] [robot1.local_costmap.local_costmap]: Timed out waiting for transform from base_link to odom to become available, tf error: Could not find a connection between 'odom' and 'base_link' because they are not part of the same tree.Tf has two or more unconnected trees.
[component_container_isolated-1] [INFO] [1789457004.059875223] [robot1.local_costmap.local_costmap]: Timed out waiting for transform from base_link to odom to become available, tf error: Could not find a connection between 'odom' and 'base_link' because they are not part of the same tree.Tf has two or more unconnected trees.
[component_container_isolated-1] [INFO] [1789457004.559803180] [robot1.local_costmap.local_costmap]: Timed out waiting for transform from base_link to odom to become available, tf error: Could not find a connection between 'odom' and 'base_link' because they are not part of the same tree.Tf has two or more unconnected trees.
[component_container_isolated-1] [INFO] [1789457005.059776028] [robot1.local_costmap.local_costmap]: Timed out waiting for transform from base_link to odom to become available, tf error: Could not find a connection between 'odom' and 'base_link' because they are not part of the same tree.Tf has two or more unconnected trees.
[component_container_isolated-1] [INFO] [1789457005.559774528] [robot1.local_costmap.local_costmap]: Timed out waiting for transform from base_link to odom to become available, tf error: Could not find a connection between 'odom' and 'base_link' because they are not part of the same tree.Tf has two or more unconnected trees.
[component_container_isolated-1] [INFO] [1789457006.059793231] [robot1.local_costmap.local_costmap]: Timed out waiting for transform from base_link to odom to become available, tf error: Could not find a connection between 'odom' and 'base_link' because they are not part of the same tree.Tf has two or more unconnected trees.
[component_container_isolated-1] [INFO] [1789457006.559820237] [robot1.local_costmap.local_costmap]: Timed out waiting for transform from base_link to odom to become available, tf error: Could not find a connection between 'odom' and 'base_link' because they are not part of the same tree.Tf has two or more unconnected trees.
[component_container_isolated-1] [INFO] [1789457007.059794057] [robot1.local_costmap.local_costmap]: Timed out waiting for transform from base_link to odom to become available, tf error: Could not find a connection between 'odom' and 'base_link' because they are not part of the same tree.Tf has two or more unconnected trees.
[component_container_isolated-1] [INFO] [1789457007.559799268] [robot1.local_costmap.local_costmap]: Timed out waiting for transform from base_link to odom to become available, tf error: Could not find a connection between 'odom' and 'base_link' because they are not part of the same tree.Tf has two or more unconnected trees.
[component_container_isolated-1] [INFO] [1789457008.059794965] [robot1.local_costmap.local_costmap]: Timed out waiting for transform from base_link to odom to become available, tf error: Could not find a connection between 'odom' and 'base_link' because they are not part of the same tree.Tf has two or more unconnected trees.
[component_container_isolated-1] [INFO] [1789457008.559796741] [robot1.local_costmap.local_costmap]: Timed out waiting for transform from base_link to odom to become available, tf error: Could not find a connection between 'odom' and 'base_link' because they are not part of the same tree.Tf has two or more unconnected trees.
[component_container_isolated-1] [INFO] [1789457009.059855342] [robot1.local_costmap.local_costmap]: Timed out waiting for transform from base_link to odom to become available, tf error: Could not find a connection between 'odom' and 'base_link' because they are not part of the same tree.Tf has two or more unconnected trees.
[component_container_isolated-1] [INFO] [1789457009.559814188] [robot1.local_costmap.local_costmap]: Timed out waiting for transform from base_link to odom to become available, tf error: Could not find a connection between 'odom' and 'base_link' because they are not part of the same tree.Tf has two or more unconnected trees.
[component_container_isolated-1] [INFO] [1789457010.059858527] [robot1.local_costmap.local_costmap]: Timed out waiting for transform from base_link to odom to become available, tf error: Could not find a connection between 'odom' and 'base_link' because they are not part of the same tree.Tf has two or more unconnected trees.
[component_container_isolated-1] [INFO] [1789457010.559862553] [robot1.local_costmap.local_costmap]: Timed out waiting for transform from base_link to odom to become available, tf error: Could not find a connection between 'odom' and 'base_link' because they are not part of the same tree.Tf has two or more unconnected trees.
[component_container_isolated-1] [INFO] [1789457011.059769476] [robot1.local_costmap.local_costmap]: Timed out waiting for transform from base_link to odom to become available, tf error: Could not find a connection between 'odom' and 'base_link' because they are not part of the same tree.Tf has two or more unconnected trees.
[component_container_isolated-1] [INFO] [1789457011.559810896] [robot1.local_costmap.local_costmap]: Timed out waiting for transform from base_link to odom to become available, tf error: Could not find a connection between 'odom' and 'base_link' because they are not part of the same tree.Tf has two or more unconnected trees.
[component_container_isolated-1] [INFO] [1789457012.059806853] [robot1.local_costmap.local_costmap]: Timed out waiting for transform from base_link to odom to become available, tf error: Could not find a connection between 'odom' and 'base_link' because they are not part of the same tree.Tf has two or more unconnected trees.
[component_container_isolated-1] [INFO] [1789457012.559775205] [robot1.local_costmap.local_costmap]: Timed out waiting for transform from base_link to odom to become available, tf error: Could not find a connection between 'odom' and 'base_link' because they are not part of the same tree.Tf has two or more unconnected trees.
[component_container_isolated-1] [INFO] [1789457013.059771396] [robot1.local_costmap.local_costmap]: Timed out waiting for transform from base_link to odom to become available, tf error: Could not find a connection between 'odom' and 'base_link' because they are not part of the same tree.Tf has two or more unconnected trees.
[component_container_isolated-1] [INFO] [1789457013.559797871] [robot1.local_costmap.local_costmap]: Timed out waiting for transform from base_link to odom to become available, tf error: Could not find a connection between 'odom' and 'base_link' because they are not part of the same tree.Tf has two or more unconnected trees.
[component_container_isolated-1] [INFO] [1789457014.059768657] [robot1.local_costmap.local_costmap]: Timed out waiting for transform from base_link to odom to become available, tf error: Could not find a connection between 'odom' and 'base_link' because they are not part of the same tree.Tf has two or more unconnected trees.
[component_container_isolated-1] [INFO] [1789457014.559768232] [robot1.local_costmap.local_costmap]: Timed out waiting for transform from base_link to odom to become available, tf error: Could not find a connection between 'odom' and 'base_link' because they are not part of the same tree.Tf has two or more unconnected trees.
[component_container_isolated-1] [INFO] [1789457015.059792001] [robot1.local_costmap.local_costmap]: Timed out waiting for transform from base_link to odom to become available, tf error: Could not find a connection between 'odom' and 'base_link' because they are not part of the same tree.Tf has two or more unconnected trees.
[component_container_isolated-1] [INFO] [1789457015.559796243] [robot1.local_costmap.local_costmap]: Timed out waiting for transform from base_link to odom to become available, tf error: Could not find a connection between 'odom' and 'base_link' because they are not part of the same tree.Tf has two or more unconnected trees.
[component_container_isolated-1] [INFO] [1789457016.059848605] [robot1.local_costmap.local_costmap]: Timed out waiting for transform from base_link to odom to become available, tf error: Could not find a connection between 'odom' and 'base_link' because they are not part of the same tree.Tf has two or more unconnected trees.
[component_container_isolated-1] [INFO] [1789457016.559795550] [robot1.local_costmap.local_costmap]: Timed out waiting for transform from base_link to odom to become available, tf error: Could not find a connection between 'odom' and 'base_link' because they are not part of the same tree.Tf has two or more unconnected trees.
[component_container_isolated-1] [INFO] [1789457017.059771436] [robot1.local_costmap.local_costmap]: Timed out waiting for transform from base_link to odom to become available, tf error: Could not find a connection between 'odom' and 'base_link' because they are not part of the same tree.Tf has two or more unconnected trees.
[component_container_isolated-1] [INFO] [1789457017.559804305] [robot1.local_costmap.local_costmap]: Timed out waiting for transform from base_link to odom to become available, tf error: Could not find a connection between 'odom' and 'base_link' because they are not part of the same tree.Tf has two or more unconnected trees.
[component_container_isolated-1] [INFO] [1789457018.059801174] [robot1.local_costmap.local_costmap]: Timed out waiting for transform from base_link to odom to become available, tf error: Could not find a connection between 'odom' and 'base_link' because they are not part of the same tree.Tf has two or more unconnected trees.
[component_container_isolated-1] [INFO] [1789457018.559802255] [robot1.local_costmap.local_costmap]: Timed out waiting for transform from base_link to odom to become available, tf error: Could not find a connection between 'odom' and 'base_link' because they are not part of the same tree.Tf has two or more unconnected trees.
[component_container_isolated-1] [INFO] [1789457019.059854777] [robot1.local_costmap.local_costmap]: Timed out waiting for transform from base_link to odom to become available, tf error: Could not find a connection between 'odom' and 'base_link' because they are not part of the same tree.Tf has two or more unconnected trees.
[component_container_isolated-1] [INFO] [1789457019.559779600] [robot1.local_costmap.local_costmap]: Timed out waiting for transform from base_link to odom to become available, tf error: Could not find a connection between 'odom' and 'base_link' because they are not part of the same tree.Tf has two or more unconnected trees.
[component_container_isolated-1] [INFO] [1789457020.059768294] [robot1.local_costmap.local_costmap]: Timed out waiting for transform from base_link to odom to become available, tf error: Could not find a connection between 'odom' and 'base_link' because they are not part of the same tree.Tf has two or more unconnected trees.
[component_container_isolated-1] [INFO] [1789457020.559772358] [robot1.local_costmap.local_costmap]: Timed out waiting for transform from base_link to odom to become available, tf error: Could not find a connection between 'odom' and 'base_link' because they are not part of the same tree.Tf has two or more unconnected trees.
[component_container_isolated-1] [INFO] [1789457021.059801384] [robot1.local_costmap.local_costmap]: Timed out waiting for transform from base_link to odom to become available, tf error: Could not find a connection between 'odom' and 'base_link' because they are not part of the same tree.Tf has two or more unconnected trees.
[component_container_isolated-1] [INFO] [1789457021.559796976] [robot1.local_costmap.local_costmap]: Timed out waiting for transform from base_link to odom to become available, tf error: Could not find a connection between 'odom' and 'base_link' because they are not part of the same tree.Tf has two or more unconnected trees.
[component_container_isolated-1] [INFO] [1789457022.059769949] [robot1.local_costmap.local_costmap]: Timed out waiting for transform from base_link to odom to become available, tf error: Could not find a connection between 'odom' and 'base_link' because they are not part of the same tree.Tf has two or more unconnected trees.
[component_container_isolated-1] [INFO] [1789457022.559784572] [robot1.local_costmap.local_costmap]: Timed out waiting for transform from base_link to odom to become available, tf error: Could not find a connection between 'odom' and 'base_link' because they are not part of the same tree.Tf has two or more unconnected trees.
[component_container_isolated-1] [INFO] [1789457023.059772669] [robot1.local_costmap.local_costmap]: Timed out waiting for transform from base_link to odom to become available, tf error: Could not find a connection between 'odom' and 'base_link' because they are not part of the same tree.Tf has two or more unconnected trees.
[component_container_isolated-1] [INFO] [1789457023.559767386] [robot1.local_costmap.local_costmap]: Timed out waiting for transform from base_link to odom to become available, tf error: Could not find a connection between 'odom' and 'base_link' because they are not part of the same tree.Tf has two or more unconnected trees.
[component_container_isolated-1] [INFO] [1789457024.059769117] [robot1.local_costmap.local_costmap]: Timed out waiting for transform from base_link to odom to become available, tf error: Could not find a connection between 'odom' and 'base_link' because they are not part of the same tree.Tf has two or more unconnected trees.
[component_container_isolated-1] [INFO] [1789457024.559807236] [robot1.local_costmap.local_costmap]: Timed out waiting for transform from base_link to odom to become available, tf error: Could not find a connection between 'odom' and 'base_link' because they are not part of the same tree.Tf has two or more unconnected trees.
[component_container_isolated-1] [INFO] [1789457025.059858028] [robot1.local_costmap.local_costmap]: Timed out waiting for transform from base_link to odom to become available, tf error: Could not find a connection between 'odom' and 'base_link' because they are not part of the same tree.Tf has two or more unconnected trees.
[component_container_isolated-1] [INFO] [1789457025.559771724] [robot1.local_costmap.local_costmap]: Timed out waiting for transform from base_link to odom to become available, tf error: Could not find a connection between 'odom' and 'base_link' because they are not part of the same tree.Tf has two or more unconnected trees.
[component_container_isolated-1] [INFO] [1789457026.059798833] [robot1.local_costmap.local_costmap]: Timed out waiting for transform from base_link to odom to become available, tf error: Could not find a connection between 'odom' and 'base_link' because they are not part of the same tree.Tf has two or more unconnected trees.
[component_container_isolated-1] [INFO] [1789457026.559769939] [robot1.local_costmap.local_costmap]: Timed out waiting for transform from base_link to odom to become available, tf error: Could not find a connection between 'odom' and 'base_link' because they are not part of the same tree.Tf has two or more unconnected trees.
[component_container_isolated-1] [INFO] [1789457027.059770266] [robot1.local_costmap.local_costmap]: Timed out waiting for transform from base_link to odom to become available, tf error: Could not find a connection between 'odom' and 'base_link' because they are not part of the same tree.Tf has two or more unconnected trees.
[component_container_isolated-1] [INFO] [1789457027.559769957] [robot1.local_costmap.local_costmap]: Timed out waiting for transform from base_link to odom to become available, tf error: Could not find a connection between 'odom' and 'base_link' because they are not part of the same tree.Tf has two or more unconnected trees.
[component_container_isolated-1] [INFO] [1789457028.059799427] [robot1.local_costmap.local_costmap]: Timed out waiting for transform from base_link to odom to become available, tf error: Could not find a connection between 'odom' and 'base_link' because they are not part of the same tree.Tf has two or more unconnected trees.
[component_container_isolated-1] [INFO] [1789457028.559862244] [robot1.local_costmap.local_costmap]: Timed out waiting for transform from base_link to odom to become available, tf error: Could not find a connection between 'odom' and 'base_link' because they are not part of the same tree.Tf has two or more unconnected trees.
[component_container_isolated-1] [INFO] [1789457029.059868502] [robot1.local_costmap.local_costmap]: Timed out waiting for transform from base_link to odom to become available, tf error: Could not find a connection between 'odom' and 'base_link' because they are not part of the same tree.Tf has two or more unconnected trees.
[component_container_isolated-1] [INFO] [1789457029.559822309] [robot1.local_costmap.local_costmap]: Timed out waiting for transform from base_link to odom to become available, tf error: Could not find a connection between 'odom' and 'base_link' because they are not part of the same tree.Tf has two or more unconnected trees.
[component_container_isolated-1] [INFO] [1789457030.059796810] [robot1.local_costmap.local_costmap]: Timed out waiting for transform from base_link to odom to become available, tf error: Could not find a connection between 'odom' and 'base_link' because they are not part of the same tree.Tf has two or more unconnected trees.
[component_container_isolated-1] [INFO] [1789457030.559809530] [robot1.local_costmap.local_costmap]: Timed out waiting for transform from base_link to odom to become available, tf error: Could not find a connection between 'odom' and 'base_link' because they are not part of the same tree.Tf has two or more unconnected trees.
[component_container_isolated-1] [INFO] [1789457031.059771427] [robot1.local_costmap.local_costmap]: Timed out waiting for transform from base_link to odom to become available, tf error: Could not find a connection between 'odom' and 'base_link' because they are not part of the same tree.Tf has two or more unconnected trees.
[component_container_isolated-1] [INFO] [1789457031.559800402] [robot1.local_costmap.local_costmap]: Timed out waiting for transform from base_link to odom to become available, tf error: Could not find a connection between 'odom' and 'base_link' because they are not part of the same tree.Tf has two or more unconnected trees.
[component_container_isolated-1] [INFO] [1789457032.059764603] [robot1.local_costmap.local_costmap]: Timed out waiting for transform from base_link to odom to become available, tf error: Could not find a connection between 'odom' and 'base_link' because they are not part of the same tree.Tf has two or more unconnected trees.
[component_container_isolated-1] [INFO] [1789457032.559773698] [robot1.local_costmap.local_costmap]: Timed out waiting for transform from base_link to odom to become available, tf error: Could not find a connection between 'odom' and 'base_link' because they are not part of the same tree.Tf has two or more unconnected trees.
[component_container_isolated-1] [INFO] [1789457033.059764820] [robot1.local_costmap.local_costmap]: Timed out waiting for transform from base_link to odom to become available, tf error: Could not find a connection between 'odom' and 'base_link' because they are not part of the same tree.Tf has two or more unconnected trees.
[component_container_isolated-1] [INFO] [1789457033.559769746] [robot1.local_costmap.local_costmap]: Timed out waiting for transform from base_link to odom to become available, tf error: Could not find a connection between 'odom' and 'base_link' because they are not part of the same tree.Tf has two or more unconnected trees.
[component_container_isolated-1] [INFO] [1789457034.059794447] [robot1.local_costmap.local_costmap]: Timed out waiting for transform from base_link to odom to become available, tf error: Could not find a connection between 'odom' and 'base_link' because they are not part of the same tree.Tf has two or more unconnected trees.
[component_container_isolated-1] [INFO] [1789457034.559777653] [robot1.local_costmap.local_costmap]: Timed out waiting for transform from base_link to odom to become available, tf error: Could not find a connection between 'odom' and 'base_link' because they are not part of the same tree.Tf has two or more unconnected trees.
[component_container_isolated-1] [INFO] [1789457035.059852492] [robot1.local_costmap.local_costmap]: Timed out waiting for transform from base_link to odom to become available, tf error: Could not find a connection between 'odom' and 'base_link' because they are not part of the same tree.Tf has two or more unconnected trees.
[component_container_isolated-1] [INFO] [1789457035.559798791] [robot1.local_costmap.local_costmap]: Timed out waiting for transform from base_link to odom to become available, tf error: Could not find a connection between 'odom' and 'base_link' because they are not part of the same tree.Tf has two or more unconnected trees.
[component_container_isolated-1] [INFO] [1789457036.059799916] [robot1.local_costmap.local_costmap]: Timed out waiting for transform from base_link to odom to become available, tf error: Could not find a connection between 'odom' and 'base_link' because they are not part of the same tree.Tf has two or more unconnected trees.
[component_container_isolated-1] [INFO] [1789457036.559779668] [robot1.local_costmap.local_costmap]: Timed out waiting for transform from base_link to odom to become available, tf error: Could not find a connection between 'odom' and 'base_link' because they are not part of the same tree.Tf has two or more unconnected trees.
[component_container_isolated-1] [INFO] [1789457037.059855163] [robot1.local_costmap.local_costmap]: Timed out waiting for transform from base_link to odom to become available, tf error: Could not find a connection between 'odom' and 'base_link' because they are not part of the same tree.Tf has two or more unconnected trees.
[component_container_isolated-1] [INFO] [1789457037.559770357] [robot1.local_costmap.local_costmap]: Timed out waiting for transform from base_link to odom to become available, tf error: Could not find a connection between 'odom' and 'base_link' because they are not part of the same tree.Tf has two or more unconnected trees.
[component_container_isolated-1] [INFO] [1789457038.059765320] [robot1.local_costmap.local_costmap]: Timed out waiting for transform from base_link to odom to become available, tf error: Could not find a connection between 'odom' and 'base_link' because they are not part of the same tree.Tf has two or more unconnected trees.
[component_container_isolated-1] [INFO] [1789457038.559809560] [robot1.local_costmap.local_costmap]: Timed out waiting for transform from base_link to odom to become available, tf error: Could not find a connection between 'odom' and 'base_link' because they are not part of the same tree.Tf has two or more unconnected trees.
[component_container_isolated-1] [INFO] [1789457039.059762934] [robot1.local_costmap.local_costmap]: Timed out waiting for transform from base_link to odom to become available, tf error: Could not find a connection between 'odom' and 'base_link' because they are not part of the same tree.Tf has two or more unconnected trees.
[component_container_isolated-1] [INFO] [1789457039.559811332] [robot1.local_costmap.local_costmap]: Timed out waiting for transform from base_link to odom to become available, tf error: Could not find a connection between 'odom' and 'base_link' because they are not part of the same tree.Tf has two or more unconnected trees.
[component_container_isolated-1] [INFO] [1789457040.059850318] [robot1.local_costmap.local_costmap]: Timed out waiting for transform from base_link to odom to become available, tf error: Could not find a connection between 'odom' and 'base_link' because they are not part of the same tree.Tf has two or more unconnected trees.
[component_container_isolated-1] [INFO] [1789457040.559774559] [robot1.local_costmap.local_costmap]: Timed out waiting for transform from base_link to odom to become available, tf error: Could not find a connection between 'odom' and 'base_link' because they are not part of the same tree.Tf has two or more unconnected trees.
[component_container_isolated-1] [INFO] [1789457041.059790160] [robot1.local_costmap.local_costmap]: Timed out waiting for transform from base_link to odom to become available, tf error: Could not find a connection between 'odom' and 'base_link' because they are not part of the same tree.Tf has two or more unconnected trees.
[component_container_isolated-1] [INFO] [1789457041.559801860] [robot1.local_costmap.local_costmap]: Timed out waiting for transform from base_link to odom to become available, tf error: Could not find a connection between 'odom' and 'base_link' because they are not part of the same tree.Tf has two or more unconnected trees.
[component_container_isolated-1] [INFO] [1789457042.059763082] [robot1.local_costmap.local_costmap]: Timed out waiting for transform from base_link to odom to become available, tf error: Could not find a connection between 'odom' and 'base_link' because they are not part of the same tree.Tf has two or more unconnected trees.
[component_container_isolated-1] [INFO] [1789457042.559767420] [robot1.local_costmap.local_costmap]: Timed out waiting for transform from base_link to odom to become available, tf error: Could not find a connection between 'odom' and 'base_link' because they are not part of the same tree.Tf has two or more unconnected trees.
[component_container_isolated-1] [INFO] [1789457043.059790375] [robot1.local_costmap.local_costmap]: Timed out waiting for transform from base_link to odom to become available, tf error: Could not find a connection between 'odom' and 'base_link' because they are not part of the same tree.Tf has two or more unconnected trees.
[component_container_isolated-1] [INFO] [1789457043.559769398] [robot1.local_costmap.local_costmap]: Timed out waiting for transform from base_link to odom to become available, tf error: Could not find a connection between 'odom' and 'base_link' because they are not part of the same tree.Tf has two or more unconnected trees.
[component_container_isolated-1] [INFO] [1789457044.059794111] [robot1.local_costmap.local_costmap]: Timed out waiting for transform from base_link to odom to become available, tf error: Could not find a connection between 'odom' and 'base_link' because they are not part of the same tree.Tf has two or more unconnected trees.
[component_container_isolated-1] [INFO] [1789457044.559795083] [robot1.local_costmap.local_costmap]: Timed out waiting for transform from base_link to odom to become available, tf error: Could not find a connection between 'odom' and 'base_link' because they are not part of the same tree.Tf has two or more unconnected trees.
[component_container_isolated-1] [INFO] [1789457045.059800648] [robot1.local_costmap.local_costmap]: Timed out waiting for transform from base_link to odom to become available, tf error: Could not find a connection between 'odom' and 'base_link' because they are not part of the same tree.Tf has two or more unconnected trees.
[component_container_isolated-1] [INFO] [1789457045.559767221] [robot1.local_costmap.local_costmap]: Timed out waiting for transform from base_link to odom to become available, tf error: Could not find a connection between 'odom' and 'base_link' because they are not part of the same tree.Tf has two or more unconnected trees.
[component_container_isolated-1] [INFO] [1789457046.059796275] [robot1.local_costmap.local_costmap]: Timed out waiting for transform from base_link to odom to become available, tf error: Could not find a connection between 'odom' and 'base_link' because they are not part of the same tree.Tf has two or more unconnected trees.
[component_container_isolated-1] [INFO] [1789457046.559790200] [robot1.local_costmap.local_costmap]: Timed out waiting for transform from base_link to odom to become available, tf error: Could not find a connection between 'odom' and 'base_link' because they are not part of the same tree.Tf has two or more unconnected trees.
[component_container_isolated-1] [INFO] [1789457047.059795861] [robot1.local_costmap.local_costmap]: Timed out waiting for transform from base_link to odom to become available, tf error: Could not find a connection between 'odom' and 'base_link' because they are not part of the same tree.Tf has two or more unconnected trees.
[component_container_isolated-1] [INFO] [1789457047.559772697] [robot1.local_costmap.local_costmap]: Timed out waiting for transform from base_link to odom to become available, tf error: Could not find a connection between 'odom' and 'base_link' because they are not part of the same tree.Tf has two or more unconnected trees.
[component_container_isolated-1] [INFO] [1789457048.059769173] [robot1.local_costmap.local_costmap]: Timed out waiting for transform from base_link to odom to become available, tf error: Could not find a connection between 'odom' and 'base_link' because they are not part of the same tree.Tf has two or more unconnected trees.
[component_container_isolated-1] [INFO] [1789457048.559775018] [robot1.local_costmap.local_costmap]: Timed out waiting for transform from base_link to odom to become available, tf error: Could not find a connection between 'odom' and 'base_link' because they are not part of the same tree.Tf has two or more unconnected trees.
[component_container_isolated-1] [INFO] [1789457049.059785839] [robot1.local_costmap.local_costmap]: Timed out waiting for transform from base_link to odom to become available, tf error: Could not find a connection between 'odom' and 'base_link' because they are not part of the same tree.Tf has two or more unconnected trees.
[component_container_isolated-1] [INFO] [1789457049.559797819] [robot1.local_costmap.local_costmap]: Timed out waiting for transform from base_link to odom to become available, tf error: Could not find a connection between 'odom' and 'base_link' because they are not part of the same tree.Tf has two or more unconnected trees.
[component_container_isolated-1] [INFO] [1789457050.059792964] [robot1.local_costmap.local_costmap]: Timed out waiting for transform from base_link to odom to become available, tf error: Could not find a connection between 'odom' and 'base_link' because they are not part of the same tree.Tf has two or more unconnected trees.
[component_container_isolated-1] [INFO] [1789457050.559810931] [robot1.local_costmap.local_costmap]: Timed out waiting for transform from base_link to odom to become available, tf error: Could not find a connection between 'odom' and 'base_link' because they are not part of the same tree.Tf has two or more unconnected trees.
[component_container_isolated-1] [INFO] [1789457051.059863285] [robot1.local_costmap.local_costmap]: Timed out waiting for transform from base_link to odom to become available, tf error: Could not find a connection between 'odom' and 'base_link' because they are not part of the same tree.Tf has two or more unconnected trees.
[component_container_isolated-1] [INFO] [1789457051.559801237] [robot1.local_costmap.local_costmap]: Timed out waiting for transform from base_link to odom to become available, tf error: Could not find a connection between 'odom' and 'base_link' because they are not part of the same tree.Tf has two or more unconnected trees.
[component_container_isolated-1] [INFO] [1789457052.059793425] [robot1.local_costmap.local_costmap]: Timed out waiting for transform from base_link to odom to become available, tf error: Could not find a connection between 'odom' and 'base_link' because they are not part of the same tree.Tf has two or more unconnected trees.
[component_container_isolated-1] [INFO] [1789457052.559773715] [robot1.local_costmap.local_costmap]: Timed out waiting for transform from base_link to odom to become available, tf error: Could not find a connection between 'odom' and 'base_link' because they are not part of the same tree.Tf has two or more unconnected trees.
[component_container_isolated-1] [INFO] [1789457053.059794428] [robot1.local_costmap.local_costmap]: Timed out waiting for transform from base_link to odom to become available, tf error: Could not find a connection between 'odom' and 'base_link' because they are not part of the same tree.Tf has two or more unconnected trees.
[component_container_isolated-1] [INFO] [1789457053.559805391] [robot1.local_costmap.local_costmap]: Timed out waiting for transform from base_link to odom to become available, tf error: Could not find a connection between 'odom' and 'base_link' because they are not part of the same tree.Tf has two or more unconnected trees.
[component_container_isolated-1] [INFO] [1789457054.059787785] [robot1.local_costmap.local_costmap]: Timed out waiting for transform from base_link to odom to become available, tf error: Could not find a connection between 'odom' and 'base_link' because they are not part of the same tree.Tf has two or more unconnected trees.
[component_container_isolated-1] [INFO] [1789457054.559790102] [robot1.local_costmap.local_costmap]: Timed out waiting for transform from base_link to odom to become available, tf error: Could not find a connection between 'odom' and 'base_link' because they are not part of the same tree.Tf has two or more unconnected trees.
[component_container_isolated-1] [INFO] [1789457055.059762363] [robot1.local_costmap.local_costmap]: Timed out waiting for transform from base_link to odom to become available, tf error: Could not find a connection between 'odom' and 'base_link' because they are not part of the same tree.Tf has two or more unconnected trees.
[component_container_isolated-1] [INFO] [1789457055.559814077] [robot1.local_costmap.local_costmap]: Timed out waiting for transform from base_link to odom to become available, tf error: Could not find a connection between 'odom' and 'base_link' because they are not part of the same tree.Tf has two or more unconnected trees.
[component_container_isolated-1] [INFO] [1789457056.059787397] [robot1.local_costmap.local_costmap]: Timed out waiting for transform from base_link to odom to become available, tf error: Could not find a connection between 'odom' and 'base_link' because they are not part of the same tree.Tf has two or more unconnected trees.
[component_container_isolated-1] [INFO] [1789457056.559779398] [robot1.local_costmap.local_costmap]: Timed out waiting for transform from base_link to odom to become available, tf error: Could not find a connection between 'odom' and 'base_link' because they are not part of the same tree.Tf has two or more unconnected trees.
[component_container_isolated-1] [INFO] [1789457057.059763355] [robot1.local_costmap.local_costmap]: Timed out waiting for transform from base_link to odom to become available, tf error: Could not find a connection between 'odom' and 'base_link' because they are not part of the same tree.Tf has two or more unconnected trees.
[component_container_isolated-1] [INFO] [1789457057.559766735] [robot1.local_costmap.local_costmap]: Timed out waiting for transform from base_link to odom to become available, tf error: Could not find a connection between 'odom' and 'base_link' because they are not part of the same tree.Tf has two or more unconnected trees.
[component_container_isolated-1] [INFO] [1789457058.059763953] [robot1.local_costmap.local_costmap]: Timed out waiting for transform from base_link to odom to become available, tf error: Could not find a connection between 'odom' and 'base_link' because they are not part of the same tree.Tf has two or more unconnected trees.
[component_container_isolated-1] [INFO] [1789457058.559777847] [robot1.local_costmap.local_costmap]: Timed out waiting for transform from base_link to odom to become available, tf error: Could not find a connection between 'odom' and 'base_link' because they are not part of the same tree.Tf has two or more unconnected trees.
[component_container_isolated-1] [INFO] [1789457059.059858487] [robot1.local_costmap.local_costmap]: Timed out waiting for transform from base_link to odom to become available, tf error: Could not find a connection between 'odom' and 'base_link' because they are not part of the same tree.Tf has two or more unconnected trees.
[component_container_isolated-1] [INFO] [1789457059.559866541] [robot1.local_costmap.local_costmap]: Timed out waiting for transform from base_link to odom to become available, tf error: Could not find a connection between 'odom' and 'base_link' because they are not part of the same tree.Tf has two or more unconnected trees.
[component_container_isolated-1] [INFO] [1789457060.059764670] [robot1.local_costmap.local_costmap]: Timed out waiting for transform from base_link to odom to become available, tf error: Could not find a connection between 'odom' and 'base_link' because they are not part of the same tree.Tf has two or more unconnected trees.
[component_container_isolated-1] [INFO] [1789457060.559797397] [robot1.local_costmap.local_costmap]: Timed out waiting for transform from base_link to odom to become available, tf error: Could not find a connection between 'odom' and 'base_link' because they are not part of the same tree.Tf has two or more unconnected trees.
[component_container_isolated-1] [INFO] [1789457061.059852362] [robot1.local_costmap.local_costmap]: Timed out waiting for transform from base_link to odom to become available, tf error: Could not find a connection between 'odom' and 'base_link' because they are not part of the same tree.Tf has two or more unconnected trees.
[component_container_isolated-1] [INFO] [1789457061.559770887] [robot1.local_costmap.local_costmap]: Timed out waiting for transform from base_link to odom to become available, tf error: Could not find a connection between 'odom' and 'base_link' because they are not part of the same tree.Tf has two or more unconnected trees.
[component_container_isolated-1] [INFO] [1789457062.059798230] [robot1.local_costmap.local_costmap]: Timed out waiting for transform from base_link to odom to become available, tf error: Could not find a connection between 'odom' and 'base_link' because they are not part of the same tree.Tf has two or more unconnected trees.
[component_container_isolated-1] [INFO] [1789457062.559852683] [robot1.local_costmap.local_costmap]: Timed out waiting for transform from base_link to odom to become available, tf error: Could not find a connection between 'odom' and 'base_link' because they are not part of the same tree.Tf has two or more unconnected trees.
[component_container_isolated-1] [INFO] [1789457063.059792410] [robot1.local_costmap.local_costmap]: Timed out waiting for transform from base_link to odom to become available, tf error: Could not find a connection between 'odom' and 'base_link' because they are not part of the same tree.Tf has two or more unconnected trees.
[component_container_isolated-1] [INFO] [1789457063.559870448] [robot1.local_costmap.local_costmap]: Timed out waiting for transform from base_link to odom to become available, tf error: Could not find a connection between 'odom' and 'base_link' because they are not part of the same tree.Tf has two or more unconnected trees.
[component_container_isolated-1] [INFO] [1789457064.059794951] [robot1.local_costmap.local_costmap]: Timed out waiting for transform from base_link to odom to become available, tf error: Could not find a connection between 'odom' and 'base_link' because they are not part of the same tree.Tf has two or more unconnected trees.
[component_container_isolated-1] [INFO] [1789457064.559803818] [robot1.local_costmap.local_costmap]: Timed out waiting for transform from base_link to odom to become available, tf error: Could not find a connection between 'odom' and 'base_link' because they are not part of the same tree.Tf has two or more unconnected trees.
[component_container_isolated-1] [INFO] [1789457065.059763086] [robot1.local_costmap.local_costmap]: Timed out waiting for transform from base_link to odom to become available, tf error: Could not find a connection between 'odom' and 'base_link' because they are not part of the same tree.Tf has two or more unconnected trees.
[component_container_isolated-1] [INFO] [1789457065.559804112] [robot1.local_costmap.local_costmap]: Timed out waiting for transform from base_link to odom to become available, tf error: Could not find a connection between 'odom' and 'base_link' because they are not part of the same tree.Tf has two or more unconnected trees.
[component_container_isolated-1] [INFO] [1789457066.059794552] [robot1.local_costmap.local_costmap]: Timed out waiting for transform from base_link to odom to become available, tf error: Could not find a connection between 'odom' and 'base_link' because they are not part of the same tree.Tf has two or more unconnected trees.
[component_container_isolated-1] [INFO] [1789457066.559766298] [robot1.local_costmap.local_costmap]: Timed out waiting for transform from base_link to odom to become available, tf error: Could not find a connection between 'odom' and 'base_link' because they are not part of the same tree.Tf has two or more unconnected trees.
[component_container_isolated-1] [INFO] [1789457067.059764904] [robot1.local_costmap.local_costmap]: Timed out waiting for transform from base_link to odom to become available, tf error: Could not find a connection between 'odom' and 'base_link' because they are not part of the same tree.Tf has two or more unconnected trees.
[component_container_isolated-1] [INFO] [1789457067.559804917] [robot1.local_costmap.local_costmap]: Timed out waiting for transform from base_link to odom to become available, tf error: Could not find a connection between 'odom' and 'base_link' because they are not part of the same tree.Tf has two or more unconnected trees.
[component_container_isolated-1] [INFO] [1789457068.059764751] [robot1.local_costmap.local_costmap]: Timed out waiting for transform from base_link to odom to become available, tf error: Could not find a connection between 'odom' and 'base_link' because they are not part of the same tree.Tf has two or more unconnected trees.
[component_container_isolated-1] [INFO] [1789457068.559775086] [robot1.local_costmap.local_costmap]: Timed out waiting for transform from base_link to odom to become available, tf error: Could not find a connection between 'odom' and 'base_link' because they are not part of the same tree.Tf has two or more unconnected trees.
[component_container_isolated-1] [INFO] [1789457069.059798158] [robot1.local_costmap.local_costmap]: Timed out waiting for transform from base_link to odom to become available, tf error: Could not find a connection between 'odom' and 'base_link' because they are not part of the same tree.Tf has two or more unconnected trees.
[component_container_isolated-1] [INFO] [1789457069.559770310] [robot1.local_costmap.local_costmap]: Timed out waiting for transform from base_link to odom to become available, tf error: Could not find a connection between 'odom' and 'base_link' because they are not part of the same tree.Tf has two or more unconnected trees.
[component_container_isolated-1] [INFO] [1789457070.059766506] [robot1.local_costmap.local_costmap]: Timed out waiting for transform from base_link to odom to become available, tf error: Could not find a connection between 'odom' and 'base_link' because they are not part of the same tree.Tf has two or more unconnected trees.
[component_container_isolated-1] [INFO] [1789457070.559770381] [robot1.local_costmap.local_costmap]: Timed out waiting for transform from base_link to odom to become available, tf error: Could not find a connection between 'odom' and 'base_link' because they are not part of the same tree.Tf has two or more unconnected trees.
[component_container_isolated-1] [INFO] [1789457071.059771526] [robot1.local_costmap.local_costmap]: Timed out waiting for transform from base_link to odom to become available, tf error: Could not find a connection between 'odom' and 'base_link' because they are not part of the same tree.Tf has two or more unconnected trees.
[component_container_isolated-1] [INFO] [1789457071.559853631] [robot1.local_costmap.local_costmap]: Timed out waiting for transform from base_link to odom to become available, tf error: Could not find a connection between 'odom' and 'base_link' because they are not part of the same tree.Tf has two or more unconnected trees.
[component_container_isolated-1] [INFO] [1789457072.059766338] [robot1.local_costmap.local_costmap]: Timed out waiting for transform from base_link to odom to become available, tf error: Could not find a connection between 'odom' and 'base_link' because they are not part of the same tree.Tf has two or more unconnected trees.
[component_container_isolated-1] [INFO] [1789457072.559799098] [robot1.local_costmap.local_costmap]: Timed out waiting for transform from base_link to odom to become available, tf error: Could not find a connection between 'odom' and 'base_link' because they are not part of the same tree.Tf has two or more unconnected trees.
[component_container_isolated-1] [INFO] [1789457073.059791711] [robot1.local_costmap.local_costmap]: Timed out waiting for transform from base_link to odom to become available, tf error: Could not find a connection between 'odom' and 'base_link' because they are not part of the same tree.Tf has two or more unconnected trees.
[component_container_isolated-1] [INFO] [1789457073.559807602] [robot1.local_costmap.local_costmap]: Timed out waiting for transform from base_link to odom to become available, tf error: Could not find a connection between 'odom' and 'base_link' because they are not part of the same tree.Tf has two or more unconnected trees.
[component_container_isolated-1] [INFO] [1789457074.059873619] [robot1.local_costmap.local_costmap]: Timed out waiting for transform from base_link to odom to become available, tf error: Could not find a connection between 'odom' and 'base_link' because they are not part of the same tree.Tf has two or more unconnected trees.
[component_container_isolated-1] [INFO] [1789457074.559772069] [robot1.local_costmap.local_costmap]: Timed out waiting for transform from base_link to odom to become available, tf error: Could not find a connection between 'odom' and 'base_link' because they are not part of the same tree.Tf has two or more unconnected trees.
[component_container_isolated-1] [INFO] [1789457075.059779291] [robot1.local_costmap.local_costmap]: Timed out waiting for transform from base_link to odom to become available, tf error: Could not find a connection between 'odom' and 'base_link' because they are not part of the same tree.Tf has two or more unconnected trees.
[component_container_isolated-1] [INFO] [1789457075.559807735] [robot1.local_costmap.local_costmap]: Timed out waiting for transform from base_link to odom to become available, tf error: Could not find a connection between 'odom' and 'base_link' because they are not part of the same tree.Tf has two or more unconnected trees.
[component_container_isolated-1] [INFO] [1789457076.059847726] [robot1.local_costmap.local_costmap]: Timed out waiting for transform from base_link to odom to become available, tf error: Could not find a connection between 'odom' and 'base_link' because they are not part of the same tree.Tf has two or more unconnected trees.
[component_container_isolated-1] [INFO] [1789457076.559856133] [robot1.local_costmap.local_costmap]: Timed out waiting for transform from base_link to odom to become available, tf error: Could not find a connection between 'odom' and 'base_link' because they are not part of the same tree.Tf has two or more unconnected trees.
[component_container_isolated-1] [INFO] [1789457077.059768602] [robot1.local_costmap.local_costmap]: Timed out waiting for transform from base_link to odom to become available, tf error: Could not find a connection between 'odom' and 'base_link' because they are not part of the same tree.Tf has two or more unconnected trees.
[component_container_isolated-1] [INFO] [1789457077.559775143] [robot1.local_costmap.local_costmap]: Timed out waiting for transform from base_link to odom to become available, tf error: Could not find a connection between 'odom' and 'base_link' because they are not part of the same tree.Tf has two or more unconnected trees.
[component_container_isolated-1] [INFO] [1789457078.059771990] [robot1.local_costmap.local_costmap]: Timed out waiting for transform from base_link to odom to become available, tf error: Could not find a connection between 'odom' and 'base_link' because they are not part of the same tree.Tf has two or more unconnected trees.
[component_container_isolated-1] [INFO] [1789457078.559781793] [robot1.local_costmap.local_costmap]: Timed out waiting for transform from base_link to odom to become available, tf error: Could not find a connection between 'odom' and 'base_link' because they are not part of the same tree.Tf has two or more unconnected trees.
[component_container_isolated-1] [INFO] [1789457079.059855731] [robot1.local_costmap.local_costmap]: Timed out waiting for transform from base_link to odom to become available, tf error: Could not find a connection between 'odom' and 'base_link' because they are not part of the same tree.Tf has two or more unconnected trees.
[component_container_isolated-1] [INFO] [1789457079.559769223] [robot1.local_costmap.local_costmap]: Timed out waiting for transform from base_link to odom to become available, tf error: Could not find a connection between 'odom' and 'base_link' because they are not part of the same tree.Tf has two or more unconnected trees.
[component_container_isolated-1] [INFO] [1789457080.059765148] [robot1.local_costmap.local_costmap]: Timed out waiting for transform from base_link to odom to become available, tf error: Could not find a connection between 'odom' and 'base_link' because they are not part of the same tree.Tf has two or more unconnected trees.
[component_container_isolated-1] [INFO] [1789457080.559784644] [robot1.local_costmap.local_costmap]: Timed out waiting for transform from base_link to odom to become available, tf error: Could not find a connection between 'odom' and 'base_link' because they are not part of the same tree.Tf has two or more unconnected trees.
[component_container_isolated-1] [INFO] [1789457081.059766568] [robot1.local_costmap.local_costmap]: Timed out waiting for transform from base_link to odom to become available, tf error: Could not find a connection between 'odom' and 'base_link' because they are not part of the same tree.Tf has two or more unconnected trees.
[component_container_isolated-1] [INFO] [1789457081.559812417] [robot1.local_costmap.local_costmap]: Timed out waiting for transform from base_link to odom to become available, tf error: Could not find a connection between 'odom' and 'base_link' because they are not part of the same tree.Tf has two or more unconnected trees.
[component_container_isolated-1] [INFO] [1789457082.059794727] [robot1.local_costmap.local_costmap]: Timed out waiting for transform from base_link to odom to become available, tf error: Could not find a connection between 'odom' and 'base_link' because they are not part of the same tree.Tf has two or more unconnected trees.
[component_container_isolated-1] [INFO] [1789457082.559801911] [robot1.local_costmap.local_costmap]: Timed out waiting for transform from base_link to odom to become available, tf error: Could not find a connection between 'odom' and 'base_link' because they are not part of the same tree.Tf has two or more unconnected trees.
[component_container_isolated-1] [INFO] [1789457083.059798428] [robot1.local_costmap.local_costmap]: Timed out waiting for transform from base_link to odom to become available, tf error: Could not find a connection between 'odom' and 'base_link' because they are not part of the same tree.Tf has two or more unconnected trees.
[component_container_isolated-1] [INFO] [1789457083.559764444] [robot1.local_costmap.local_costmap]: Timed out waiting for transform from base_link to odom to become available, tf error: Could not find a connection between 'odom' and 'base_link' because they are not part of the same tree.Tf has two or more unconnected trees.
[component_container_isolated-1] [INFO] [1789457084.059796930] [robot1.local_costmap.local_costmap]: Timed out waiting for transform from base_link to odom to become available, tf error: Could not find a connection between 'odom' and 'base_link' because they are not part of the same tree.Tf has two or more unconnected trees.
[component_container_isolated-1] [INFO] [1789457084.559795118] [robot1.local_costmap.local_costmap]: Timed out waiting for transform from base_link to odom to become available, tf error: Could not find a connection between 'odom' and 'base_link' because they are not part of the same tree.Tf has two or more unconnected trees.
[component_container_isolated-1] [INFO] [1789457085.059770854] [robot1.local_costmap.local_costmap]: Timed out waiting for transform from base_link to odom to become available, tf error: Could not find a connection between 'odom' and 'base_link' because they are not part of the same tree.Tf has two or more unconnected trees.
[component_container_isolated-1] [INFO] [1789457085.559764276] [robot1.local_costmap.local_costmap]: Timed out waiting for transform from base_link to odom to become available, tf error: Could not find a connection between 'odom' and 'base_link' because they are not part of the same tree.Tf has two or more unconnected trees.
[component_container_isolated-1] [INFO] [1789457086.059765341] [robot1.local_costmap.local_costmap]: Timed out waiting for transform from base_link to odom to become available, tf error: Could not find a connection between 'odom' and 'base_link' because they are not part of the same tree.Tf has two or more unconnected trees.
[component_container_isolated-1] [INFO] [1789457086.559763489] [robot1.local_costmap.local_costmap]: Timed out waiting for transform from base_link to odom to become available, tf error: Could not find a connection between 'odom' and 'base_link' because they are not part of the same tree.Tf has two or more unconnected trees.
[component_container_isolated-1] [INFO] [1789457087.059764978] [robot1.local_costmap.local_costmap]: Timed out waiting for transform from base_link to odom to become available, tf error: Could not find a connection between 'odom' and 'base_link' because they are not part of the same tree.Tf has two or more unconnected trees.
[component_container_isolated-1] [INFO] [1789457087.559794726] [robot1.local_costmap.local_costmap]: Timed out waiting for transform from base_link to odom to become available, tf error: Could not find a connection between 'odom' and 'base_link' because they are not part of the same tree.Tf has two or more unconnected trees.
[component_container_isolated-1] [INFO] [1789457088.059767716] [robot1.local_costmap.local_costmap]: Timed out waiting for transform from base_link to odom to become available, tf error: Could not find a connection between 'odom' and 'base_link' because they are not part of the same tree.Tf has two or more unconnected trees.
[component_container_isolated-1] [INFO] [1789457088.559761669] [robot1.local_costmap.local_costmap]: Timed out waiting for transform from base_link to odom to become available, tf error: Could not find a connection between 'odom' and 'base_link' because they are not part of the same tree.Tf has two or more unconnected trees.
[component_container_isolated-1] [INFO] [1789457089.059762001] [robot1.local_costmap.local_costmap]: Timed out waiting for transform from base_link to odom to become available, tf error: Could not find a connection between 'odom' and 'base_link' because they are not part of the same tree.Tf has two or more unconnected trees.
[component_container_isolated-1] [INFO] [1789457089.559766687] [robot1.local_costmap.local_costmap]: Timed out waiting for transform from base_link to odom to become available, tf error: Could not find a connection between 'odom' and 'base_link' because they are not part of the same tree.Tf has two or more unconnected trees.
[component_container_isolated-1] [INFO] [1789457090.059762782] [robot1.local_costmap.local_costmap]: Timed out waiting for transform from base_link to odom to become available, tf error: Could not find a connection between 'odom' and 'base_link' because they are not part of the same tree.Tf has two or more unconnected trees.
[component_container_isolated-1] [INFO] [1789457090.559760200] [robot1.local_costmap.local_costmap]: Timed out waiting for transform from base_link to odom to become available, tf error: Could not find a connection between 'odom' and 'base_link' because they are not part of the same tree.Tf has two or more unconnected trees.
[component_container_isolated-1] [INFO] [1789457091.059764478] [robot1.local_costmap.local_costmap]: Timed out waiting for transform from base_link to odom to become available, tf error: Could not find a connection between 'odom' and 'base_link' because they are not part of the same tree.Tf has two or more unconnected trees.
[component_container_isolated-1] [INFO] [1789457091.559762028] [robot1.local_costmap.local_costmap]: Timed out waiting for transform from base_link to odom to become available, tf error: Could not find a connection between 'odom' and 'base_link' because they are not part of the same tree.Tf has two or more unconnected trees.
[component_container_isolated-1] [INFO] [1789457092.059770027] [robot1.local_costmap.local_costmap]: Timed out waiting for transform from base_link to odom to become available, tf error: Could not find a connection between 'odom' and 'base_link' because they are not part of the same tree.Tf has two or more unconnected trees.
[component_container_isolated-1] [INFO] [1789457092.559760953] [robot1.local_costmap.local_costmap]: Timed out waiting for transform from base_link to odom to become available, tf error: Could not find a connection between 'odom' and 'base_link' because they are not part of the same tree.Tf has two or more unconnected trees.
[component_container_isolated-1] [INFO] [1789457093.059763687] [robot1.local_costmap.local_costmap]: Timed out waiting for transform from base_link to odom to become available, tf error: Could not find a connection between 'odom' and 'base_link' because they are not part of the same tree.Tf has two or more unconnected trees.
[component_container_isolated-1] [INFO] [1789457093.559761800] [robot1.local_costmap.local_costmap]: Timed out waiting for transform from base_link to odom to become available, tf error: Could not find a connection between 'odom' and 'base_link' because they are not part of the same tree.Tf has two or more unconnected trees.
[component_container_isolated-1] [INFO] [1789457094.059762075] [robot1.local_costmap.local_costmap]: Timed out waiting for transform from base_link to odom to become available, tf error: Could not find a connection between 'odom' and 'base_link' because they are not part of the same tree.Tf has two or more unconnected trees.
[component_container_isolated-1] [INFO] [1789457094.559764689] [robot1.local_costmap.local_costmap]: Timed out waiting for transform from base_link to odom to become available, tf error: Could not find a connection between 'odom' and 'base_link' because they are not part of the same tree.Tf has two or more unconnected trees.
[component_container_isolated-1] [INFO] [1789457095.059765801] [robot1.local_costmap.local_costmap]: Timed out waiting for transform from base_link to odom to become available, tf error: Could not find a connection between 'odom' and 'base_link' because they are not part of the same tree.Tf has two or more unconnected trees.
[component_container_isolated-1] [INFO] [1789457095.559761720] [robot1.local_costmap.local_costmap]: Timed out waiting for transform from base_link to odom to become available, tf error: Could not find a connection between 'odom' and 'base_link' because they are not part of the same tree.Tf has two or more unconnected trees.
[component_container_isolated-1] [INFO] [1789457096.059787801] [robot1.local_costmap.local_costmap]: Timed out waiting for transform from base_link to odom to become available, tf error: Could not find a connection between 'odom' and 'base_link' because they are not part of the same tree.Tf has two or more unconnected trees.
[component_container_isolated-1] [INFO] [1789457096.559848565] [robot1.local_costmap.local_costmap]: Timed out waiting for transform from base_link to odom to become available, tf error: Could not find a connection between 'odom' and 'base_link' because they are not part of the same tree.Tf has two or more unconnected trees.
[component_container_isolated-1] [INFO] [1789457097.059765319] [robot1.local_costmap.local_costmap]: Timed out waiting for transform from base_link to odom to become available, tf error: Could not find a connection between 'odom' and 'base_link' because they are not part of the same tree.Tf has two or more unconnected trees.
[component_container_isolated-1] [INFO] [1789457097.559761865] [robot1.local_costmap.local_costmap]: Timed out waiting for transform from base_link to odom to become available, tf error: Could not find a connection between 'odom' and 'base_link' because they are not part of the same tree.Tf has two or more unconnected trees.
[component_container_isolated-1] [INFO] [1789457098.059763399] [robot1.local_costmap.local_costmap]: Timed out waiting for transform from base_link to odom to become available, tf error: Could not find a connection between 'odom' and 'base_link' because they are not part of the same tree.Tf has two or more unconnected trees.
[component_container_isolated-1] [INFO] [1789457098.559866284] [robot1.local_costmap.local_costmap]: Timed out waiting for transform from base_link to odom to become available, tf error: Could not find a connection between 'odom' and 'base_link' because they are not part of the same tree.Tf has two or more unconnected trees.
[component_container_isolated-1] [INFO] [1789457099.059765041] [robot1.local_costmap.local_costmap]: Timed out waiting for transform from base_link to odom to become available, tf error: Could not find a connection between 'odom' and 'base_link' because they are not part of the same tree.Tf has two or more unconnected trees.
[component_container_isolated-1] [INFO] [1789457099.559761089] [robot1.local_costmap.local_costmap]: Timed out waiting for transform from base_link to odom to become available, tf error: Could not find a connection between 'odom' and 'base_link' because they are not part of the same tree.Tf has two or more unconnected trees.
[component_container_isolated-1] [INFO] [1789457100.059793589] [robot1.local_costmap.local_costmap]: Timed out waiting for transform from base_link to odom to become available, tf error: Could not find a connection between 'odom' and 'base_link' because they are not part of the same tree.Tf has two or more unconnected trees.
[component_container_isolated-1] [INFO] [1789457100.559764169] [robot1.local_costmap.local_costmap]: Timed out waiting for transform from base_link to odom to become available, tf error: Could not find a connection between 'odom' and 'base_link' because they are not part of the same tree.Tf has two or more unconnected trees.
[component_container_isolated-1] [INFO] [1789457101.059855800] [robot1.local_costmap.local_costmap]: Timed out waiting for transform from base_link to odom to become available, tf error: Could not find a connection between 'odom' and 'base_link' because they are not part of the same tree.Tf has two or more unconnected trees.
[component_container_isolated-1] [INFO] [1789457101.559855613] [robot1.local_costmap.local_costmap]: Timed out waiting for transform from base_link to odom to become available, tf error: Could not find a connection between 'odom' and 'base_link' because they are not part of the same tree.Tf has two or more unconnected trees.
[component_container_isolated-1] [INFO] [1789457102.059762678] [robot1.local_costmap.local_costmap]: Timed out waiting for transform from base_link to odom to become available, tf error: Could not find a connection between 'odom' and 'base_link' because they are not part of the same tree.Tf has two or more unconnected trees.
[component_container_isolated-1] [INFO] [1789457102.559762802] [robot1.local_costmap.local_costmap]: Timed out waiting for transform from base_link to odom to become available, tf error: Could not find a connection between 'odom' and 'base_link' because they are not part of the same tree.Tf has two or more unconnected trees.
[component_container_isolated-1] [INFO] [1789457103.059768670] [robot1.local_costmap.local_costmap]: Timed out waiting for transform from base_link to odom to become available, tf error: Could not find a connection between 'odom' and 'base_link' because they are not part of the same tree.Tf has two or more unconnected trees.
[component_container_isolated-1] [INFO] [1789457103.559791475] [robot1.local_costmap.local_costmap]: Timed out waiting for transform from base_link to odom to become available, tf error: Could not find a connection between 'odom' and 'base_link' because they are not part of the same tree.Tf has two or more unconnected trees.
[component_container_isolated-1] [INFO] [1789457104.059760951] [robot1.local_costmap.local_costmap]: Timed out waiting for transform from base_link to odom to become available, tf error: Could not find a connection between 'odom' and 'base_link' because they are not part of the same tree.Tf has two or more unconnected trees.
[component_container_isolated-1] [INFO] [1789457104.559761127] [robot1.local_costmap.local_costmap]: Timed out waiting for transform from base_link to odom to become available, tf error: Could not find a connection between 'odom' and 'base_link' because they are not part of the same tree.Tf has two or more unconnected trees.
[component_container_isolated-1] [INFO] [1789457105.059788382] [robot1.local_costmap.local_costmap]: Timed out waiting for transform from base_link to odom to become available, tf error: Could not find a connection between 'odom' and 'base_link' because they are not part of the same tree.Tf has two or more unconnected trees.
[component_container_isolated-1] [INFO] [1789457105.559761416] [robot1.local_costmap.local_costmap]: Timed out waiting for transform from base_link to odom to become available, tf error: Could not find a connection between 'odom' and 'base_link' because they are not part of the same tree.Tf has two or more unconnected trees.
[component_container_isolated-1] [INFO] [1789457106.059769956] [robot1.local_costmap.local_costmap]: Timed out waiting for transform from base_link to odom to become available, tf error: Could not find a connection between 'odom' and 'base_link' because they are not part of the same tree.Tf has two or more unconnected trees.
[component_container_isolated-1] [INFO] [1789457106.559762773] [robot1.local_costmap.local_costmap]: Timed out waiting for transform from base_link to odom to become available, tf error: Could not find a connection between 'odom' and 'base_link' because they are not part of the same tree.Tf has two or more unconnected trees.
[component_container_isolated-1] [INFO] [1789457107.059737975] [robot1.local_costmap.local_costmap]: Timed out waiting for transform from base_link to odom to become available, tf error: Could not find a connection between 'odom' and 'base_link' because they are not part of the same tree.Tf has two or more unconnected trees.
[component_container_isolated-1] [INFO] [1789457107.559762236] [robot1.local_costmap.local_costmap]: Timed out waiting for transform from base_link to odom to become available, tf error: Could not find a connection between 'odom' and 'base_link' because they are not part of the same tree.Tf has two or more unconnected trees.
[component_container_isolated-1] [INFO] [1789457108.059771364] [robot1.local_costmap.local_costmap]: Timed out waiting for transform from base_link to odom to become available, tf error: Could not find a connection between 'odom' and 'base_link' because they are not part of the same tree.Tf has two or more unconnected trees.
[component_container_isolated-1] [INFO] [1789457108.559858866] [robot1.local_costmap.local_costmap]: Timed out waiting for transform from base_link to odom to become available, tf error: Could not find a connection between 'odom' and 'base_link' because they are not part of the same tree.Tf has two or more unconnected trees.
[component_container_isolated-1] [INFO] [1789457109.059768159] [robot1.local_costmap.local_costmap]: Timed out waiting for transform from base_link to odom to become available, tf error: Could not find a connection between 'odom' and 'base_link' because they are not part of the same tree.Tf has two or more unconnected trees.
[component_container_isolated-1] [INFO] [1789457109.559764672] [robot1.local_costmap.local_costmap]: Timed out waiting for transform from base_link to odom to become available, tf error: Could not find a connection between 'odom' and 'base_link' because they are not part of the same tree.Tf has two or more unconnected trees.
[component_container_isolated-1] [INFO] [1789457110.059761093] [robot1.local_costmap.local_costmap]: Timed out waiting for transform from base_link to odom to become available, tf error: Could not find a connection between 'odom' and 'base_link' because they are not part of the same tree.Tf has two or more unconnected trees.
[component_container_isolated-1] [INFO] [1789457110.559761088] [robot1.local_costmap.local_costmap]: Timed out waiting for transform from base_link to odom to become available, tf error: Could not find a connection between 'odom' and 'base_link' because they are not part of the same tree.Tf has two or more unconnected trees.
[component_container_isolated-1] [INFO] [1789457111.059766816] [robot1.local_costmap.local_costmap]: Timed out waiting for transform from base_link to odom to become available, tf error: Could not find a connection between 'odom' and 'base_link' because they are not part of the same tree.Tf has two or more unconnected trees.
[component_container_isolated-1] [INFO] [1789457111.559772524] [robot1.local_costmap.local_costmap]: Timed out waiting for transform from base_link to odom to become available, tf error: Could not find a connection between 'odom' and 'base_link' because they are not part of the same tree.Tf has two or more unconnected trees.
[component_container_isolated-1] [INFO] [1789457112.059767793] [robot1.local_costmap.local_costmap]: Timed out waiting for transform from base_link to odom to become available, tf error: Could not find a connection between 'odom' and 'base_link' because they are not part of the same tree.Tf has two or more unconnected trees.
[component_container_isolated-1] [INFO] [1789457112.559859435] [robot1.local_costmap.local_costmap]: Timed out waiting for transform from base_link to odom to become available, tf error: Could not find a connection between 'odom' and 'base_link' because they are not part of the same tree.Tf has two or more unconnected trees.
[component_container_isolated-1] [INFO] [1789457113.059793631] [robot1.local_costmap.local_costmap]: Timed out waiting for transform from base_link to odom to become available, tf error: Could not find a connection between 'odom' and 'base_link' because they are not part of the same tree.Tf has two or more unconnected trees.
[component_container_isolated-1] [INFO] [1789457113.559780508] [robot1.local_costmap.local_costmap]: Timed out waiting for transform from base_link to odom to become available, tf error: Could not find a connection between 'odom' and 'base_link' because they are not part of the same tree.Tf has two or more unconnected trees.
[component_container_isolated-1] [INFO] [1789457114.059797152] [robot1.local_costmap.local_costmap]: Timed out waiting for transform from base_link to odom to become available, tf error: Could not find a connection between 'odom' and 'base_link' because they are not part of the same tree.Tf has two or more unconnected trees.
[component_container_isolated-1] [INFO] [1789457114.559786405] [robot1.local_costmap.local_costmap]: Timed out waiting for transform from base_link to odom to become available, tf error: Could not find a connection between 'odom' and 'base_link' because they are not part of the same tree.Tf has two or more unconnected trees.
[component_container_isolated-1] [INFO] [1789457115.059769746] [robot1.local_costmap.local_costmap]: Timed out waiting for transform from base_link to odom to become available, tf error: Could not find a connection between 'odom' and 'base_link' because they are not part of the same tree.Tf has two or more unconnected trees.
[component_container_isolated-1] [INFO] [1789457115.559765174] [robot1.local_costmap.local_costmap]: Timed out waiting for transform from base_link to odom to become available, tf error: Could not find a connection between 'odom' and 'base_link' because they are not part of the same tree.Tf has two or more unconnected trees.
[component_container_isolated-1] [INFO] [1789457116.059856018] [robot1.local_costmap.local_costmap]: Timed out waiting for transform from base_link to odom to become available, tf error: Could not find a connection between 'odom' and 'base_link' because they are not part of the same tree.Tf has two or more unconnected trees.
[component_container_isolated-1] [INFO] [1789457116.559783496] [robot1.local_costmap.local_costmap]: Timed out waiting for transform from base_link to odom to become available, tf error: Could not find a connection between 'odom' and 'base_link' because they are not part of the same tree.Tf has two or more unconnected trees.
[component_container_isolated-1] [INFO] [1789457117.059785914] [robot1.local_costmap.local_costmap]: Timed out waiting for transform from base_link to odom to become available, tf error: Could not find a connection between 'odom' and 'base_link' because they are not part of the same tree.Tf has two or more unconnected trees.
[component_container_isolated-1] [INFO] [1789457117.559767712] [robot1.local_costmap.local_costmap]: Timed out waiting for transform from base_link to odom to become available, tf error: Could not find a connection between 'odom' and 'base_link' because they are not part of the same tree.Tf has two or more unconnected trees.
[component_container_isolated-1] [INFO] [1789457118.059766315] [robot1.local_costmap.local_costmap]: Timed out waiting for transform from base_link to odom to become available, tf error: Could not find a connection between 'odom' and 'base_link' because they are not part of the same tree.Tf has two or more unconnected trees.
[component_container_isolated-1] [INFO] [1789457118.559766870] [robot1.local_costmap.local_costmap]: Timed out waiting for transform from base_link to odom to become available, tf error: Could not find a connection between 'odom' and 'base_link' because they are not part of the same tree.Tf has two or more unconnected trees.
[component_container_isolated-1] [INFO] [1789457119.059869676] [robot1.local_costmap.local_costmap]: Timed out waiting for transform from base_link to odom to become available, tf error: Could not find a connection between 'odom' and 'base_link' because they are not part of the same tree.Tf has two or more unconnected trees.
[component_container_isolated-1] [INFO] [1789457119.559854478] [robot1.local_costmap.local_costmap]: Timed out waiting for transform from base_link to odom to become available, tf error: Could not find a connection between 'odom' and 'base_link' because they are not part of the same tree.Tf has two or more unconnected trees.
[component_container_isolated-1] [INFO] [1789457120.059850649] [robot1.local_costmap.local_costmap]: Timed out waiting for transform from base_link to odom to become available, tf error: Could not find a connection between 'odom' and 'base_link' because they are not part of the same tree.Tf has two or more unconnected trees.
[component_container_isolated-1] [INFO] [1789457120.559791878] [robot1.local_costmap.local_costmap]: Timed out waiting for transform from base_link to odom to become available, tf error: Could not find a connection between 'odom' and 'base_link' because they are not part of the same tree.Tf has two or more unconnected trees.
[component_container_isolated-1] [INFO] [1789457121.059762462] [robot1.local_costmap.local_costmap]: Timed out waiting for transform from base_link to odom to become available, tf error: Could not find a connection between 'odom' and 'base_link' because they are not part of the same tree.Tf has two or more unconnected trees.
[component_container_isolated-1] [INFO] [1789457121.559873449] [robot1.local_costmap.local_costmap]: Timed out waiting for transform from base_link to odom to become available, tf error: Could not find a connection between 'odom' and 'base_link' because they are not part of the same tree.Tf has two or more unconnected trees.
[component_container_isolated-1] [INFO] [1789457122.059852484] [robot1.local_costmap.local_costmap]: Timed out waiting for transform from base_link to odom to become available, tf error: Could not find a connection between 'odom' and 'base_link' because they are not part of the same tree.Tf has two or more unconnected trees.
[component_container_isolated-1] [INFO] [1789457122.559766713] [robot1.local_costmap.local_costmap]: Timed out waiting for transform from base_link to odom to become available, tf error: Could not find a connection between 'odom' and 'base_link' because they are not part of the same tree.Tf has two or more unconnected trees.
[component_container_isolated-1] [INFO] [1789457123.059769306] [robot1.local_costmap.local_costmap]: Timed out waiting for transform from base_link to odom to become available, tf error: Could not find a connection between 'odom' and 'base_link' because they are not part of the same tree.Tf has two or more unconnected trees.
[component_container_isolated-1] [INFO] [1789457123.559768938] [robot1.local_costmap.local_costmap]: Timed out waiting for transform from base_link to odom to become available, tf error: Could not find a connection between 'odom' and 'base_link' because they are not part of the same tree.Tf has two or more unconnected trees.
[component_container_isolated-1] [INFO] [1789457124.059770046] [robot1.local_costmap.local_costmap]: Timed out waiting for transform from base_link to odom to become available, tf error: Could not find a connection between 'odom' and 'base_link' because they are not part of the same tree.Tf has two or more unconnected trees.
[component_container_isolated-1] [INFO] [1789457124.559766178] [robot1.local_costmap.local_costmap]: Timed out waiting for transform from base_link to odom to become available, tf error: Could not find a connection between 'odom' and 'base_link' because they are not part of the same tree.Tf has two or more unconnected trees.
[component_container_isolated-1] [INFO] [1789457125.059766807] [robot1.local_costmap.local_costmap]: Timed out waiting for transform from base_link to odom to become available, tf error: Could not find a connection between 'odom' and 'base_link' because they are not part of the same tree.Tf has two or more unconnected trees.
[component_container_isolated-1] [INFO] [1789457125.559789904] [robot1.local_costmap.local_costmap]: Timed out waiting for transform from base_link to odom to become available, tf error: Could not find a connection between 'odom' and 'base_link' because they are not part of the same tree.Tf has two or more unconnected trees.
[component_container_isolated-1] [INFO] [1789457126.059762707] [robot1.local_costmap.local_costmap]: Timed out waiting for transform from base_link to odom to become available, tf error: Could not find a connection between 'odom' and 'base_link' because they are not part of the same tree.Tf has two or more unconnected trees.
[component_container_isolated-1] [INFO] [1789457126.559764439] [robot1.local_costmap.local_costmap]: Timed out waiting for transform from base_link to odom to become available, tf error: Could not find a connection between 'odom' and 'base_link' because they are not part of the same tree.Tf has two or more unconnected trees.
[component_container_isolated-1] [INFO] [1789457127.059859869] [robot1.local_costmap.local_costmap]: Timed out waiting for transform from base_link to odom to become available, tf error: Could not find a connection between 'odom' and 'base_link' because they are not part of the same tree.Tf has two or more unconnected trees.
[component_container_isolated-1] [INFO] [1789457127.559742438] [robot1.local_costmap.local_costmap]: Timed out waiting for transform from base_link to odom to become available, tf error: Could not find a connection between 'odom' and 'base_link' because they are not part of the same tree.Tf has two or more unconnected trees.
[component_container_isolated-1] [INFO] [1789457128.059774549] [robot1.local_costmap.local_costmap]: Timed out waiting for transform from base_link to odom to become available, tf error: Could not find a connection between 'odom' and 'base_link' because they are not part of the same tree.Tf has two or more unconnected trees.
[component_container_isolated-1] [INFO] [1789457128.559776655] [robot1.local_costmap.local_costmap]: Timed out waiting for transform from base_link to odom to become available, tf error: Could not find a connection between 'odom' and 'base_link' because they are not part of the same tree.Tf has two or more unconnected trees.
[component_container_isolated-1] [INFO] [1789457129.059770785] [robot1.local_costmap.local_costmap]: Timed out waiting for transform from base_link to odom to become available, tf error: Could not find a connection between 'odom' and 'base_link' because they are not part of the same tree.Tf has two or more unconnected trees.
[component_container_isolated-1] [INFO] [1789457129.559792491] [robot1.local_costmap.local_costmap]: Timed out waiting for transform from base_link to odom to become available, tf error: Could not find a connection between 'odom' and 'base_link' because they are not part of the same tree.Tf has two or more unconnected trees.
[component_container_isolated-1] [INFO] [1789457130.059764832] [robot1.local_costmap.local_costmap]: Timed out waiting for transform from base_link to odom to become available, tf error: Could not find a connection between 'odom' and 'base_link' because they are not part of the same tree.Tf has two or more unconnected trees.
[component_container_isolated-1] [INFO] [1789457130.559798610] [robot1.local_costmap.local_costmap]: Timed out waiting for transform from base_link to odom to become available, tf error: Could not find a connection between 'odom' and 'base_link' because they are not part of the same tree.Tf has two or more unconnected trees.
[component_container_isolated-1] [INFO] [1789457131.059854140] [robot1.local_costmap.local_costmap]: Timed out waiting for transform from base_link to odom to become available, tf error: Could not find a connection between 'odom' and 'base_link' because they are not part of the same tree.Tf has two or more unconnected trees.
[component_container_isolated-1] [INFO] [1789457131.559791688] [robot1.local_costmap.local_costmap]: Timed out waiting for transform from base_link to odom to become available, tf error: Could not find a connection between 'odom' and 'base_link' because they are not part of the same tree.Tf has two or more unconnected trees.
[component_container_isolated-1] [INFO] [1789457132.059763781] [robot1.local_costmap.local_costmap]: Timed out waiting for transform from base_link to odom to become available, tf error: Could not find a connection between 'odom' and 'base_link' because they are not part of the same tree.Tf has two or more unconnected trees.
[component_container_isolated-1] [INFO] [1789457132.559850396] [robot1.local_costmap.local_costmap]: Timed out waiting for transform from base_link to odom to become available, tf error: Could not find a connection between 'odom' and 'base_link' because they are not part of the same tree.Tf has two or more unconnected trees.
[component_container_isolated-1] [INFO] [1789457133.059743285] [robot1.local_costmap.local_costmap]: Timed out waiting for transform from base_link to odom to become available, tf error: Could not find a connection between 'odom' and 'base_link' because they are not part of the same tree.Tf has two or more unconnected trees.
[component_container_isolated-1] [INFO] [1789457133.559843892] [robot1.local_costmap.local_costmap]: Timed out waiting for transform from base_link to odom to become available, tf error: Could not find a connection between 'odom' and 'base_link' because they are not part of the same tree.Tf has two or more unconnected trees.
[component_container_isolated-1] [INFO] [1789457134.059764867] [robot1.local_costmap.local_costmap]: Timed out waiting for transform from base_link to odom to become available, tf error: Could not find a connection between 'odom' and 'base_link' because they are not part of the same tree.Tf has two or more unconnected trees.
[component_container_isolated-1] [INFO] [1789457134.559794035] [robot1.local_costmap.local_costmap]: Timed out waiting for transform from base_link to odom to become available, tf error: Could not find a connection between 'odom' and 'base_link' because they are not part of the same tree.Tf has two or more unconnected trees.
[component_container_isolated-1] [INFO] [1789457135.059769685] [robot1.local_costmap.local_costmap]: Timed out waiting for transform from base_link to odom to become available, tf error: Could not find a connection between 'odom' and 'base_link' because they are not part of the same tree.Tf has two or more unconnected trees.
[component_container_isolated-1] [INFO] [1789457135.559764684] [robot1.local_costmap.local_costmap]: Timed out waiting for transform from base_link to odom to become available, tf error: Could not find a connection between 'odom' and 'base_link' because they are not part of the same tree.Tf has two or more unconnected trees.
[component_container_isolated-1] [INFO] [1789457136.059790957] [robot1.local_costmap.local_costmap]: Timed out waiting for transform from base_link to odom to become available, tf error: Could not find a connection between 'odom' and 'base_link' because they are not part of the same tree.Tf has two or more unconnected trees.
[component_container_isolated-1] [INFO] [1789457136.559852968] [robot1.local_costmap.local_costmap]: Timed out waiting for transform from base_link to odom to become available, tf error: Could not find a connection between 'odom' and 'base_link' because they are not part of the same tree.Tf has two or more unconnected trees.
[component_container_isolated-1] [INFO] [1789457137.059764542] [robot1.local_costmap.local_costmap]: Timed out waiting for transform from base_link to odom to become available, tf error: Could not find a connection between 'odom' and 'base_link' because they are not part of the same tree.Tf has two or more unconnected trees.
[component_container_isolated-1] [INFO] [1789457137.559766547] [robot1.local_costmap.local_costmap]: Timed out waiting for transform from base_link to odom to become available, tf error: Could not find a connection between 'odom' and 'base_link' because they are not part of the same tree.Tf has two or more unconnected trees.
[component_container_isolated-1] [INFO] [1789457138.059767840] [robot1.local_costmap.local_costmap]: Timed out waiting for transform from base_link to odom to become available, tf error: Could not find a connection between 'odom' and 'base_link' because they are not part of the same tree.Tf has two or more unconnected trees.
[component_container_isolated-1] [INFO] [1789457138.559746910] [robot1.local_costmap.local_costmap]: Timed out waiting for transform from base_link to odom to become available, tf error: Could not find a connection between 'odom' and 'base_link' because they are not part of the same tree.Tf has two or more unconnected trees.
[component_container_isolated-1] [INFO] [1789457139.059764720] [robot1.local_costmap.local_costmap]: Timed out waiting for transform from base_link to odom to become available, tf error: Could not find a connection between 'odom' and 'base_link' because they are not part of the same tree.Tf has two or more unconnected trees.
[component_container_isolated-1] [INFO] [1789457139.559767025] [robot1.local_costmap.local_costmap]: Timed out waiting for transform from base_link to odom to become available, tf error: Could not find a connection between 'odom' and 'base_link' because they are not part of the same tree.Tf has two or more unconnected trees.
[component_container_isolated-1] [INFO] [1789457140.059765201] [robot1.local_costmap.local_costmap]: Timed out waiting for transform from base_link to odom to become available, tf error: Could not find a connection between 'odom' and 'base_link' because they are not part of the same tree.Tf has two or more unconnected trees.
[component_container_isolated-1] [INFO] [1789457140.559770822] [robot1.local_costmap.local_costmap]: Timed out waiting for transform from base_link to odom to become available, tf error: Could not find a connection between 'odom' and 'base_link' because they are not part of the same tree.Tf has two or more unconnected trees.
[component_container_isolated-1] [INFO] [1789457141.059766013] [robot1.local_costmap.local_costmap]: Timed out waiting for transform from base_link to odom to become available, tf error: Could not find a connection between 'odom' and 'base_link' because they are not part of the same tree.Tf has two or more unconnected trees.
[component_container_isolated-1] [INFO] [1789457141.559795034] [robot1.local_costmap.local_costmap]: Timed out waiting for transform from base_link to odom to become available, tf error: Could not find a connection between 'odom' and 'base_link' because they are not part of the same tree.Tf has two or more unconnected trees.
[component_container_isolated-1] [INFO] [1789457142.059762094] [robot1.local_costmap.local_costmap]: Timed out waiting for transform from base_link to odom to become available, tf error: Could not find a connection between 'odom' and 'base_link' because they are not part of the same tree.Tf has two or more unconnected trees.
[component_container_isolated-1] [INFO] [1789457142.559762266] [robot1.local_costmap.local_costmap]: Timed out waiting for transform from base_link to odom to become available, tf error: Could not find a connection between 'odom' and 'base_link' because they are not part of the same tree.Tf has two or more unconnected trees.
[component_container_isolated-1] [INFO] [1789457143.059765736] [robot1.local_costmap.local_costmap]: Timed out waiting for transform from base_link to odom to become available, tf error: Could not find a connection between 'odom' and 'base_link' because they are not part of the same tree.Tf has two or more unconnected trees.
[component_container_isolated-1] [INFO] [1789457143.559761705] [robot1.local_costmap.local_costmap]: Timed out waiting for transform from base_link to odom to become available, tf error: Could not find a connection between 'odom' and 'base_link' because they are not part of the same tree.Tf has two or more unconnected trees.
[component_container_isolated-1] [INFO] [1789457144.059761804] [robot1.local_costmap.local_costmap]: Timed out waiting for transform from base_link to odom to become available, tf error: Could not find a connection between 'odom' and 'base_link' because they are not part of the same tree.Tf has two or more unconnected trees.
[component_container_isolated-1] [INFO] [1789457144.559773473] [robot1.local_costmap.local_costmap]: Timed out waiting for transform from base_link to odom to become available, tf error: Could not find a connection between 'odom' and 'base_link' because they are not part of the same tree.Tf has two or more unconnected trees.
[component_container_isolated-1] [INFO] [1789457145.059761674] [robot1.local_costmap.local_costmap]: Timed out waiting for transform from base_link to odom to become available, tf error: Could not find a connection between 'odom' and 'base_link' because they are not part of the same tree.Tf has two or more unconnected trees.
[component_container_isolated-1] [INFO] [1789457145.559763331] [robot1.local_costmap.local_costmap]: Timed out waiting for transform from base_link to odom to become available, tf error: Could not find a connection between 'odom' and 'base_link' because they are not part of the same tree.Tf has two or more unconnected trees.
[component_container_isolated-1] [INFO] [1789457146.059761255] [robot1.local_costmap.local_costmap]: Timed out waiting for transform from base_link to odom to become available, tf error: Could not find a connection between 'odom' and 'base_link' because they are not part of the same tree.Tf has two or more unconnected trees.
[component_container_isolated-1] [INFO] [1789457146.559763770] [robot1.local_costmap.local_costmap]: Timed out waiting for transform from base_link to odom to become available, tf error: Could not find a connection between 'odom' and 'base_link' because they are not part of the same tree.Tf has two or more unconnected trees.
[component_container_isolated-1] [INFO] [1789457147.059761707] [robot1.local_costmap.local_costmap]: Timed out waiting for transform from base_link to odom to become available, tf error: Could not find a connection between 'odom' and 'base_link' because they are not part of the same tree.Tf has two or more unconnected trees.
[component_container_isolated-1] [INFO] [1789457147.559786632] [robot1.local_costmap.local_costmap]: Timed out waiting for transform from base_link to odom to become available, tf error: Could not find a connection between 'odom' and 'base_link' because they are not part of the same tree.Tf has two or more unconnected trees.
[component_container_isolated-1] [INFO] [1789457148.059760925] [robot1.local_costmap.local_costmap]: Timed out waiting for transform from base_link to odom to become available, tf error: Could not find a connection between 'odom' and 'base_link' because they are not part of the same tree.Tf has two or more unconnected trees.
[component_container_isolated-1] [INFO] [1789457148.559793571] [robot1.local_costmap.local_costmap]: Timed out waiting for transform from base_link to odom to become available, tf error: Could not find a connection between 'odom' and 'base_link' because they are not part of the same tree.Tf has two or more unconnected trees.
[component_container_isolated-1] [INFO] [1789457149.059787460] [robot1.local_costmap.local_costmap]: Timed out waiting for transform from base_link to odom to become available, tf error: Could not find a connection between 'odom' and 'base_link' because they are not part of the same tree.Tf has two or more unconnected trees.
[component_container_isolated-1] [INFO] [1789457149.559761739] [robot1.local_costmap.local_costmap]: Timed out waiting for transform from base_link to odom to become available, tf error: Could not find a connection between 'odom' and 'base_link' because they are not part of the same tree.Tf has two or more unconnected trees.
[component_container_isolated-1] [INFO] [1789457150.059761444] [robot1.local_costmap.local_costmap]: Timed out waiting for transform from base_link to odom to become available, tf error: Could not find a connection between 'odom' and 'base_link' because they are not part of the same tree.Tf has two or more unconnected trees.
[component_container_isolated-1] [INFO] [1789457150.559760706] [robot1.local_costmap.local_costmap]: Timed out waiting for transform from base_link to odom to become available, tf error: Could not find a connection between 'odom' and 'base_link' because they are not part of the same tree.Tf has two or more unconnected trees.
[component_container_isolated-1] [INFO] [1789457151.059841121] [robot1.local_costmap.local_costmap]: Timed out waiting for transform from base_link to odom to become available, tf error: Could not find a connection between 'odom' and 'base_link' because they are not part of the same tree.Tf has two or more unconnected trees.
[component_container_isolated-1] [INFO] [1789457151.559971313] [robot1.local_costmap.local_costmap]: Timed out waiting for transform from base_link to odom to become available, tf error: Could not find a connection between 'odom' and 'base_link' because they are not part of the same tree.Tf has two or more unconnected trees.
[component_container_isolated-1] [INFO] [1789457152.059886320] [robot1.local_costmap.local_costmap]: Timed out waiting for transform from base_link to odom to become available, tf error: Could not find a connection between 'odom' and 'base_link' because they are not part of the same tree.Tf has two or more unconnected trees.
[component_container_isolated-1] [INFO] [1789457152.559872819] [robot1.local_costmap.local_costmap]: Timed out waiting for transform from base_link to odom to become available, tf error: Could not find a connection between 'odom' and 'base_link' because they are not part of the same tree.Tf has two or more unconnected trees.
[component_container_isolated-1] [INFO] [1789457153.059878287] [robot1.local_costmap.local_costmap]: Timed out waiting for transform from base_link to odom to become available, tf error: Could not find a connection between 'odom' and 'base_link' because they are not part of the same tree.Tf has two or more unconnected trees.
[component_container_isolated-1] [INFO] [1789457153.559882410] [robot1.local_costmap.local_costmap]: Timed out waiting for transform from base_link to odom to become available, tf error: Could not find a connection between 'odom' and 'base_link' because they are not part of the same tree.Tf has two or more unconnected trees.
[component_container_isolated-1] [INFO] [1789457154.059880253] [robot1.local_costmap.local_costmap]: Timed out waiting for transform from base_link to odom to become available, tf error: Could not find a connection between 'odom' and 'base_link' because they are not part of the same tree.Tf has two or more unconnected trees.
[component_container_isolated-1] [INFO] [1789457154.559881984] [robot1.local_costmap.local_costmap]: Timed out waiting for transform from base_link to odom to become available, tf error: Could not find a connection between 'odom' and 'base_link' because they are not part of the same tree.Tf has two or more unconnected trees.
[component_container_isolated-1] [INFO] [1789457155.059885263] [robot1.local_costmap.local_costmap]: Timed out waiting for transform from base_link to odom to become available, tf error: Could not find a connection between 'odom' and 'base_link' because they are not part of the same tree.Tf has two or more unconnected trees.
[component_container_isolated-1] [INFO] [1789457155.559773193] [robot1.local_costmap.local_costmap]: Timed out waiting for transform from base_link to odom to become available, tf error: Could not find a connection between 'odom' and 'base_link' because they are not part of the same tree.Tf has two or more unconnected trees.
[component_container_isolated-1] [INFO] [1789457156.059879985] [robot1.local_costmap.local_costmap]: Timed out waiting for transform from base_link to odom to become available, tf error: Could not find a connection between 'odom' and 'base_link' because they are not part of the same tree.Tf has two or more unconnected trees.
[component_container_isolated-1] [INFO] [1789457156.559881101] [robot1.local_costmap.local_costmap]: Timed out waiting for transform from base_link to odom to become available, tf error: Could not find a connection between 'odom' and 'base_link' because they are not part of the same tree.Tf has two or more unconnected trees.
[component_container_isolated-1] [INFO] [1789457157.059872280] [robot1.local_costmap.local_costmap]: Timed out waiting for transform from base_link to odom to become available, tf error: Could not find a connection between 'odom' and 'base_link' because they are not part of the same tree.Tf has two or more unconnected trees.
[component_container_isolated-1] [INFO] [1789457157.559882533] [robot1.local_costmap.local_costmap]: Timed out waiting for transform from base_link to odom to become available, tf error: Could not find a connection between 'odom' and 'base_link' because they are not part of the same tree.Tf has two or more unconnected trees.
[component_container_isolated-1] [INFO] [1789457158.059890397] [robot1.local_costmap.local_costmap]: Timed out waiting for transform from base_link to odom to become available, tf error: Could not find a connection between 'odom' and 'base_link' because they are not part of the same tree.Tf has two or more unconnected trees.
[component_container_isolated-1] [INFO] [1789457158.559770237] [robot1.local_costmap.local_costmap]: Timed out waiting for transform from base_link to odom to become available, tf error: Could not find a connection between 'odom' and 'base_link' because they are not part of the same tree.Tf has two or more unconnected trees.
[component_container_isolated-1] [INFO] [1789457159.059882963] [robot1.local_costmap.local_costmap]: Timed out waiting for transform from base_link to odom to become available, tf error: Could not find a connection between 'odom' and 'base_link' because they are not part of the same tree.Tf has two or more unconnected trees.
[component_container_isolated-1] [INFO] [1789457159.559887054] [robot1.local_costmap.local_costmap]: Timed out waiting for transform from base_link to odom to become available, tf error: Could not find a connection between 'odom' and 'base_link' because they are not part of the same tree.Tf has two or more unconnected trees.
[component_container_isolated-1] [INFO] [1789457160.059873271] [robot1.local_costmap.local_costmap]: Timed out waiting for transform from base_link to odom to become available, tf error: Could not find a connection between 'odom' and 'base_link' because they are not part of the same tree.Tf has two or more unconnected trees.
[component_container_isolated-1] [INFO] [1789457160.559876390] [robot1.local_costmap.local_costmap]: Timed out waiting for transform from base_link to odom to become available, tf error: Could not find a connection between 'odom' and 'base_link' because they are not part of the same tree.Tf has two or more unconnected trees.
[component_container_isolated-1] [INFO] [1789457161.059892003] [robot1.local_costmap.local_costmap]: Timed out waiting for transform from base_link to odom to become available, tf error: Could not find a connection between 'odom' and 'base_link' because they are not part of the same tree.Tf has two or more unconnected trees.
[component_container_isolated-1] [INFO] [1789457161.559882973] [robot1.local_costmap.local_costmap]: Timed out waiting for transform from base_link to odom to become available, tf error: Could not find a connection between 'odom' and 'base_link' because they are not part of the same tree.Tf has two or more unconnected trees.
[component_container_isolated-1] [INFO] [1789457162.059874629] [robot1.local_costmap.local_costmap]: Timed out waiting for transform from base_link to odom to become available, tf error: Could not find a connection between 'odom' and 'base_link' because they are not part of the same tree.Tf has two or more unconnected trees.
[component_container_isolated-1] [INFO] [1789457162.559898240] [robot1.local_costmap.local_costmap]: Timed out waiting for transform from base_link to odom to become available, tf error: Could not find a connection between 'odom' and 'base_link' because they are not part of the same tree.Tf has two or more unconnected trees.
[component_container_isolated-1] [INFO] [1789457163.059858951] [robot1.local_costmap.local_costmap]: Timed out waiting for transform from base_link to odom to become available, tf error: Could not find a connection between 'odom' and 'base_link' because they are not part of the same tree.Tf has two or more unconnected trees.
[component_container_isolated-1] [INFO] [1789457163.559880809] [robot1.local_costmap.local_costmap]: Timed out waiting for transform from base_link to odom to become available, tf error: Could not find a connection between 'odom' and 'base_link' because they are not part of the same tree.Tf has two or more unconnected trees.
[component_container_isolated-1] [INFO] [1789457164.059884069] [robot1.local_costmap.local_costmap]: Timed out waiting for transform from base_link to odom to become available, tf error: Could not find a connection between 'odom' and 'base_link' because they are not part of the same tree.Tf has two or more unconnected trees.
[component_container_isolated-1] [INFO] [1789457164.559874702] [robot1.local_costmap.local_costmap]: Timed out waiting for transform from base_link to odom to become available, tf error: Could not find a connection between 'odom' and 'base_link' because they are not part of the same tree.Tf has two or more unconnected trees.
[component_container_isolated-1] [INFO] [1789457165.059886324] [robot1.local_costmap.local_costmap]: Timed out waiting for transform from base_link to odom to become available, tf error: Could not find a connection between 'odom' and 'base_link' because they are not part of the same tree.Tf has two or more unconnected trees.
[component_container_isolated-1] [INFO] [1789457165.559875144] [robot1.local_costmap.local_costmap]: Timed out waiting for transform from base_link to odom to become available, tf error: Could not find a connection between 'odom' and 'base_link' because they are not part of the same tree.Tf has two or more unconnected trees.
[component_container_isolated-1] [INFO] [1789457166.059878802] [robot1.local_costmap.local_costmap]: Timed out waiting for transform from base_link to odom to become available, tf error: Could not find a connection between 'odom' and 'base_link' because they are not part of the same tree.Tf has two or more unconnected trees.
[component_container_isolated-1] [INFO] [1789457166.559774034] [robot1.local_costmap.local_costmap]: Timed out waiting for transform from base_link to odom to become available, tf error: Could not find a connection between 'odom' and 'base_link' because they are not part of the same tree.Tf has two or more unconnected trees.
[component_container_isolated-1] [INFO] [1789457167.059880064] [robot1.local_costmap.local_costmap]: Timed out waiting for transform from base_link to odom to become available, tf error: Could not find a connection between 'odom' and 'base_link' because they are not part of the same tree.Tf has two or more unconnected trees.
[component_container_isolated-1] [INFO] [1789457167.559880255] [robot1.local_costmap.local_costmap]: Timed out waiting for transform from base_link to odom to become available, tf error: Could not find a connection between 'odom' and 'base_link' because they are not part of the same tree.Tf has two or more unconnected trees.
[component_container_isolated-1] [INFO] [1789457168.059893704] [robot1.local_costmap.local_costmap]: Timed out waiting for transform from base_link to odom to become available, tf error: Could not find a connection between 'odom' and 'base_link' because they are not part of the same tree.Tf has two or more unconnected trees.
[component_container_isolated-1] [INFO] [1789457168.559880861] [robot1.local_costmap.local_costmap]: Timed out waiting for transform from base_link to odom to become available, tf error: Could not find a connection between 'odom' and 'base_link' because they are not part of the same tree.Tf has two or more unconnected trees.
[component_container_isolated-1] [INFO] [1789457169.059780008] [robot1.local_costmap.local_costmap]: Timed out waiting for transform from base_link to odom to become available, tf error: Could not find a connection between 'odom' and 'base_link' because they are not part of the same tree.Tf has two or more unconnected trees.
[component_container_isolated-1] [INFO] [1789457169.559875745] [robot1.local_costmap.local_costmap]: Timed out waiting for transform from base_link to odom to become available, tf error: Could not find a connection between 'odom' and 'base_link' because they are not part of the same tree.Tf has two or more unconnected trees.
[component_container_isolated-1] [INFO] [1789457170.059888593] [robot1.local_costmap.local_costmap]: Timed out waiting for transform from base_link to odom to become available, tf error: Could not find a connection between 'odom' and 'base_link' because they are not part of the same tree.Tf has two or more unconnected trees.
[component_container_isolated-1] [INFO] [1789457170.559815292] [robot1.local_costmap.local_costmap]: Timed out waiting for transform from base_link to odom to become available, tf error: Could not find a connection between 'odom' and 'base_link' because they are not part of the same tree.Tf has two or more unconnected trees.
[component_container_isolated-1] [INFO] [1789457171.059885073] [robot1.local_costmap.local_costmap]: Timed out waiting for transform from base_link to odom to become available, tf error: Could not find a connection between 'odom' and 'base_link' because they are not part of the same tree.Tf has two or more unconnected trees.
[component_container_isolated-1] [INFO] [1789457171.559884179] [robot1.local_costmap.local_costmap]: Timed out waiting for transform from base_link to odom to become available, tf error: Could not find a connection between 'odom' and 'base_link' because they are not part of the same tree.Tf has two or more unconnected trees.
[component_container_isolated-1] [INFO] [1789457172.059878759] [robot1.local_costmap.local_costmap]: Timed out waiting for transform from base_link to odom to become available, tf error: Could not find a connection between 'odom' and 'base_link' because they are not part of the same tree.Tf has two or more unconnected trees.
[component_container_isolated-1] [INFO] [1789457172.559872651] [robot1.local_costmap.local_costmap]: Timed out waiting for transform from base_link to odom to become available, tf error: Could not find a connection between 'odom' and 'base_link' because they are not part of the same tree.Tf has two or more unconnected trees.
[component_container_isolated-1] [INFO] [1789457173.059874642] [robot1.local_costmap.local_costmap]: Timed out waiting for transform from base_link to odom to become available, tf error: Could not find a connection between 'odom' and 'base_link' because they are not part of the same tree.Tf has two or more unconnected trees.
[component_container_isolated-1] [INFO] [1789457173.559885413] [robot1.local_costmap.local_costmap]: Timed out waiting for transform from base_link to odom to become available, tf error: Could not find a connection between 'odom' and 'base_link' because they are not part of the same tree.Tf has two or more unconnected trees.
[component_container_isolated-1] [INFO] [1789457174.059877119] [robot1.local_costmap.local_costmap]: Timed out waiting for transform from base_link to odom to become available, tf error: Could not find a connection between 'odom' and 'base_link' because they are not part of the same tree.Tf has two or more unconnected trees.
[component_container_isolated-1] [INFO] [1789457174.559877025] [robot1.local_costmap.local_costmap]: Timed out waiting for transform from base_link to odom to become available, tf error: Could not find a connection between 'odom' and 'base_link' because they are not part of the same tree.Tf has two or more unconnected trees.
[component_container_isolated-1] [INFO] [1789457175.059877010] [robot1.local_costmap.local_costmap]: Timed out waiting for transform from base_link to odom to become available, tf error: Could not find a connection between 'odom' and 'base_link' because they are not part of the same tree.Tf has two or more unconnected trees.
[component_container_isolated-1] [INFO] [1789457175.559875266] [robot1.local_costmap.local_costmap]: Timed out waiting for transform from base_link to odom to become available, tf error: Could not find a connection between 'odom' and 'base_link' because they are not part of the same tree.Tf has two or more unconnected trees.
[component_container_isolated-1] [INFO] [1789457176.059881186] [robot1.local_costmap.local_costmap]: Timed out waiting for transform from base_link to odom to become available, tf error: Could not find a connection between 'odom' and 'base_link' because they are not part of the same tree.Tf has two or more unconnected trees.
[component_container_isolated-1] [INFO] [1789457176.559879842] [robot1.local_costmap.local_costmap]: Timed out waiting for transform from base_link to odom to become available, tf error: Could not find a connection between 'odom' and 'base_link' because they are not part of the same tree.Tf has two or more unconnected trees.
[component_container_isolated-1] [INFO] [1789457177.059881651] [robot1.local_costmap.local_costmap]: Timed out waiting for transform from base_link to odom to become available, tf error: Could not find a connection between 'odom' and 'base_link' because they are not part of the same tree.Tf has two or more unconnected trees.
[component_container_isolated-1] [INFO] [1789457177.559887796] [robot1.local_costmap.local_costmap]: Timed out waiting for transform from base_link to odom to become available, tf error: Could not find a connection between 'odom' and 'base_link' because they are not part of the same tree.Tf has two or more unconnected trees.
[component_container_isolated-1] [INFO] [1789457178.059885276] [robot1.local_costmap.local_costmap]: Timed out waiting for transform from base_link to odom to become available, tf error: Could not find a connection between 'odom' and 'base_link' because they are not part of the same tree.Tf has two or more unconnected trees.
[component_container_isolated-1] [INFO] [1789457178.559891022] [robot1.local_costmap.local_costmap]: Timed out waiting for transform from base_link to odom to become available, tf error: Could not find a connection between 'odom' and 'base_link' because they are not part of the same tree.Tf has two or more unconnected trees.
[component_container_isolated-1] [INFO] [1789457179.059874869] [robot1.local_costmap.local_costmap]: Timed out waiting for transform from base_link to odom to become available, tf error: Could not find a connection between 'odom' and 'base_link' because they are not part of the same tree.Tf has two or more unconnected trees.
[component_container_isolated-1] [INFO] [1789457179.559879080] [robot1.local_costmap.local_costmap]: Timed out waiting for transform from base_link to odom to become available, tf error: Could not find a connection between 'odom' and 'base_link' because they are not part of the same tree.Tf has two or more unconnected trees.
[component_container_isolated-1] [INFO] [1789457180.059883890] [robot1.local_costmap.local_costmap]: Timed out waiting for transform from base_link to odom to become available, tf error: Could not find a connection between 'odom' and 'base_link' because they are not part of the same tree.Tf has two or more unconnected trees.
[component_container_isolated-1] [INFO] [1789457180.559873189] [robot1.local_costmap.local_costmap]: Timed out waiting for transform from base_link to odom to become available, tf error: Could not find a connection between 'odom' and 'base_link' because they are not part of the same tree.Tf has two or more unconnected trees.
[component_container_isolated-1] [INFO] [1789457181.059869407] [robot1.local_costmap.local_costmap]: Timed out waiting for transform from base_link to odom to become available, tf error: Could not find a connection between 'odom' and 'base_link' because they are not part of the same tree.Tf has two or more unconnected trees.
[component_container_isolated-1] [INFO] [1789457181.559872561] [robot1.local_costmap.local_costmap]: Timed out waiting for transform from base_link to odom to become available, tf error: Could not find a connection between 'odom' and 'base_link' because they are not part of the same tree.Tf has two or more unconnected trees.
[component_container_isolated-1] [INFO] [1789457182.059804876] [robot1.local_costmap.local_costmap]: Timed out waiting for transform from base_link to odom to become available, tf error: Could not find a connection between 'odom' and 'base_link' because they are not part of the same tree.Tf has two or more unconnected trees.
[component_container_isolated-1] [INFO] [1789457182.559807782] [robot1.local_costmap.local_costmap]: Timed out waiting for transform from base_link to odom to become available, tf error: Could not find a connection between 'odom' and 'base_link' because they are not part of the same tree.Tf has two or more unconnected trees.
[component_container_isolated-1] [INFO] [1789457183.059904147] [robot1.local_costmap.local_costmap]: Timed out waiting for transform from base_link to odom to become available, tf error: Could not find a connection between 'odom' and 'base_link' because they are not part of the same tree.Tf has two or more unconnected trees.
[component_container_isolated-1] [INFO] [1789457183.559886761] [robot1.local_costmap.local_costmap]: Timed out waiting for transform from base_link to odom to become available, tf error: Could not find a connection between 'odom' and 'base_link' because they are not part of the same tree.Tf has two or more unconnected trees.
[component_container_isolated-1] [INFO] [1789457184.059876537] [robot1.local_costmap.local_costmap]: Timed out waiting for transform from base_link to odom to become available, tf error: Could not find a connection between 'odom' and 'base_link' because they are not part of the same tree.Tf has two or more unconnected trees.
[component_container_isolated-1] [INFO] [1789457184.559771669] [robot1.local_costmap.local_costmap]: Timed out waiting for transform from base_link to odom to become available, tf error: Could not find a connection between 'odom' and 'base_link' because they are not part of the same tree.Tf has two or more unconnected trees.
[component_container_isolated-1] [INFO] [1789457185.059865195] [robot1.local_costmap.local_costmap]: Timed out waiting for transform from base_link to odom to become available, tf error: Could not find a connection between 'odom' and 'base_link' because they are not part of the same tree.Tf has two or more unconnected trees.
[component_container_isolated-1] [INFO] [1789457185.559880103] [robot1.local_costmap.local_costmap]: Timed out waiting for transform from base_link to odom to become available, tf error: Could not find a connection between 'odom' and 'base_link' because they are not part of the same tree.Tf has two or more unconnected trees.
[component_container_isolated-1] [INFO] [1789457186.059882358] [robot1.local_costmap.local_costmap]: Timed out waiting for transform from base_link to odom to become available, tf error: Could not find a connection between 'odom' and 'base_link' because they are not part of the same tree.Tf has two or more unconnected trees.
[component_container_isolated-1] [INFO] [1789457186.559771141] [robot1.local_costmap.local_costmap]: Timed out waiting for transform from base_link to odom to become available, tf error: Could not find a connection between 'odom' and 'base_link' because they are not part of the same tree.Tf has two or more unconnected trees.
[component_container_isolated-1] [INFO] [1789457187.059861786] [robot1.local_costmap.local_costmap]: Timed out waiting for transform from base_link to odom to become available, tf error: Could not find a connection between 'odom' and 'base_link' because they are not part of the same tree.Tf has two or more unconnected trees.
[component_container_isolated-1] [INFO] [1789457187.559805969] [robot1.local_costmap.local_costmap]: Timed out waiting for transform from base_link to odom to become available, tf error: Could not find a connection between 'odom' and 'base_link' because they are not part of the same tree.Tf has two or more unconnected trees.
[component_container_isolated-1] [INFO] [1789457188.059800257] [robot1.local_costmap.local_costmap]: Timed out waiting for transform from base_link to odom to become available, tf error: Could not find a connection between 'odom' and 'base_link' because they are not part of the same tree.Tf has two or more unconnected trees.
[component_container_isolated-1] [INFO] [1789457188.559873614] [robot1.local_costmap.local_costmap]: Timed out waiting for transform from base_link to odom to become available, tf error: Could not find a connection between 'odom' and 'base_link' because they are not part of the same tree.Tf has two or more unconnected trees.
[component_container_isolated-1] [INFO] [1789457189.059803322] [robot1.local_costmap.local_costmap]: Timed out waiting for transform from base_link to odom to become available, tf error: Could not find a connection between 'odom' and 'base_link' because they are not part of the same tree.Tf has two or more unconnected trees.
[component_container_isolated-1] [INFO] [1789457189.559807423] [robot1.local_costmap.local_costmap]: Timed out waiting for transform from base_link to odom to become available, tf error: Could not find a connection between 'odom' and 'base_link' because they are not part of the same tree.Tf has two or more unconnected trees.
[component_container_isolated-1] [INFO] [1789457190.059804678] [robot1.local_costmap.local_costmap]: Timed out waiting for transform from base_link to odom to become available, tf error: Could not find a connection between 'odom' and 'base_link' because they are not part of the same tree.Tf has two or more unconnected trees.
[component_container_isolated-1] [INFO] [1789457190.559768130] [robot1.local_costmap.local_costmap]: Timed out waiting for transform from base_link to odom to become available, tf error: Could not find a connection between 'odom' and 'base_link' because they are not part of the same tree.Tf has two or more unconnected trees.
[component_container_isolated-1] [INFO] [1789457191.059805364] [robot1.local_costmap.local_costmap]: Timed out waiting for transform from base_link to odom to become available, tf error: Could not find a connection between 'odom' and 'base_link' because they are not part of the same tree.Tf has two or more unconnected trees.
[component_container_isolated-1] [INFO] [1789457191.559768675] [robot1.local_costmap.local_costmap]: Timed out waiting for transform from base_link to odom to become available, tf error: Could not find a connection between 'odom' and 'base_link' because they are not part of the same tree.Tf has two or more unconnected trees.
[component_container_isolated-1] [INFO] [1789457192.059805526] [robot1.local_costmap.local_costmap]: Timed out waiting for transform from base_link to odom to become available, tf error: Could not find a connection between 'odom' and 'base_link' because they are not part of the same tree.Tf has two or more unconnected trees.
[component_container_isolated-1] [INFO] [1789457192.559807539] [robot1.local_costmap.local_costmap]: Timed out waiting for transform from base_link to odom to become available, tf error: Could not find a connection between 'odom' and 'base_link' because they are not part of the same tree.Tf has two or more unconnected trees.
[component_container_isolated-1] [INFO] [1789457193.059876732] [robot1.local_costmap.local_costmap]: Timed out waiting for transform from base_link to odom to become available, tf error: Could not find a connection between 'odom' and 'base_link' because they are not part of the same tree.Tf has two or more unconnected trees.
[component_container_isolated-1] [INFO] [1789457193.559816609] [robot1.local_costmap.local_costmap]: Timed out waiting for transform from base_link to odom to become available, tf error: Could not find a connection between 'odom' and 'base_link' because they are not part of the same tree.Tf has two or more unconnected trees.
[component_container_isolated-1] [INFO] [1789457194.059807416] [robot1.local_costmap.local_costmap]: Timed out waiting for transform from base_link to odom to become available, tf error: Could not find a connection between 'odom' and 'base_link' because they are not part of the same tree.Tf has two or more unconnected trees.
[component_container_isolated-1] [INFO] [1789457194.559877654] [robot1.local_costmap.local_costmap]: Timed out waiting for transform from base_link to odom to become available, tf error: Could not find a connection between 'odom' and 'base_link' because they are not part of the same tree.Tf has two or more unconnected trees.
[component_container_isolated-1] [INFO] [1789457195.059772429] [robot1.local_costmap.local_costmap]: Timed out waiting for transform from base_link to odom to become available, tf error: Could not find a connection between 'odom' and 'base_link' because they are not part of the same tree.Tf has two or more unconnected trees.
[component_container_isolated-1] [INFO] [1789457195.559882360] [robot1.local_costmap.local_costmap]: Timed out waiting for transform from base_link to odom to become available, tf error: Could not find a connection between 'odom' and 'base_link' because they are not part of the same tree.Tf has two or more unconnected trees.
[component_container_isolated-1] [INFO] [1789457196.059872715] [robot1.local_costmap.local_costmap]: Timed out waiting for transform from base_link to odom to become available, tf error: Could not find a connection between 'odom' and 'base_link' because they are not part of the same tree.Tf has two or more unconnected trees.
[component_container_isolated-1] [INFO] [1789457196.559809322] [robot1.local_costmap.local_costmap]: Timed out waiting for transform from base_link to odom to become available, tf error: Could not find a connection between 'odom' and 'base_link' because they are not part of the same tree.Tf has two or more unconnected trees.
[component_container_isolated-1] [INFO] [1789457197.059913310] [robot1.local_costmap.local_costmap]: Timed out waiting for transform from base_link to odom to become available, tf error: Could not find a connection between 'odom' and 'base_link' because they are not part of the same tree.Tf has two or more unconnected trees.
[component_container_isolated-1] [INFO] [1789457197.559801696] [robot1.local_costmap.local_costmap]: Timed out waiting for transform from base_link to odom to become available, tf error: Could not find a connection between 'odom' and 'base_link' because they are not part of the same tree.Tf has two or more unconnected trees.
[component_container_isolated-1] [INFO] [1789457198.059814550] [robot1.local_costmap.local_costmap]: Timed out waiting for transform from base_link to odom to become available, tf error: Could not find a connection between 'odom' and 'base_link' because they are not part of the same tree.Tf has two or more unconnected trees.
[component_container_isolated-1] [INFO] [1789457198.559904046] [robot1.local_costmap.local_costmap]: Timed out waiting for transform from base_link to odom to become available, tf error: Could not find a connection between 'odom' and 'base_link' because they are not part of the same tree.Tf has two or more unconnected trees.
[component_container_isolated-1] [INFO] [1789457199.059831909] [robot1.local_costmap.local_costmap]: Timed out waiting for transform from base_link to odom to become available, tf error: Could not find a connection between 'odom' and 'base_link' because they are not part of the same tree.Tf has two or more unconnected trees.
[component_container_isolated-1] [INFO] [1789457199.559874903] [robot1.local_costmap.local_costmap]: Timed out waiting for transform from base_link to odom to become available, tf error: Could not find a connection between 'odom' and 'base_link' because they are not part of the same tree.Tf has two or more unconnected trees.
[component_container_isolated-1] [INFO] [1789457200.059873531] [robot1.local_costmap.local_costmap]: Timed out waiting for transform from base_link to odom to become available, tf error: Could not find a connection between 'odom' and 'base_link' because they are not part of the same tree.Tf has two or more unconnected trees.
[component_container_isolated-1] [INFO] [1789457200.559848055] [robot1.local_costmap.local_costmap]: Timed out waiting for transform from base_link to odom to become available, tf error: Could not find a connection between 'odom' and 'base_link' because they are not part of the same tree.Tf has two or more unconnected trees.
[component_container_isolated-1] [INFO] [1789457201.059894348] [robot1.local_costmap.local_costmap]: Timed out waiting for transform from base_link to odom to become available, tf error: Could not find a connection between 'odom' and 'base_link' because they are not part of the same tree.Tf has two or more unconnected trees.
[component_container_isolated-1] [INFO] [1789457201.559772454] [robot1.local_costmap.local_costmap]: Timed out waiting for transform from base_link to odom to become available, tf error: Could not find a connection between 'odom' and 'base_link' because they are not part of the same tree.Tf has two or more unconnected trees.
[component_container_isolated-1] [INFO] [1789457202.059773434] [robot1.local_costmap.local_costmap]: Timed out waiting for transform from base_link to odom to become available, tf error: Could not find a connection between 'odom' and 'base_link' because they are not part of the same tree.Tf has two or more unconnected trees.
[component_container_isolated-1] [INFO] [1789457202.559881626] [robot1.local_costmap.local_costmap]: Timed out waiting for transform from base_link to odom to become available, tf error: Could not find a connection between 'odom' and 'base_link' because they are not part of the same tree.Tf has two or more unconnected trees.
[component_container_isolated-1] [INFO] [1789457203.059770827] [robot1.local_costmap.local_costmap]: Timed out waiting for transform from base_link to odom to become available, tf error: Could not find a connection between 'odom' and 'base_link' because they are not part of the same tree.Tf has two or more unconnected trees.
[component_container_isolated-1] [INFO] [1789457203.559789394] [robot1.local_costmap.local_costmap]: Timed out waiting for transform from base_link to odom to become available, tf error: Could not find a connection between 'odom' and 'base_link' because they are not part of the same tree.Tf has two or more unconnected trees.
[component_container_isolated-1] [INFO] [1789457204.059884282] [robot1.local_costmap.local_costmap]: Timed out waiting for transform from base_link to odom to become available, tf error: Could not find a connection between 'odom' and 'base_link' because they are not part of the same tree.Tf has two or more unconnected trees.
[component_container_isolated-1] [INFO] [1789457204.559846242] [robot1.local_costmap.local_costmap]: Timed out waiting for transform from base_link to odom to become available, tf error: Could not find a connection between 'odom' and 'base_link' because they are not part of the same tree.Tf has two or more unconnected trees.
[component_container_isolated-1] [INFO] [1789457205.059893776] [robot1.local_costmap.local_costmap]: Timed out waiting for transform from base_link to odom to become available, tf error: Could not find a connection between 'odom' and 'base_link' because they are not part of the same tree.Tf has two or more unconnected trees.
[component_container_isolated-1] [INFO] [1789457205.559964820] [robot1.local_costmap.local_costmap]: Timed out waiting for transform from base_link to odom to become available, tf error: Could not find a connection between 'odom' and 'base_link' because they are not part of the same tree.Tf has two or more unconnected trees.
[component_container_isolated-1] [INFO] [1789457206.059893013] [robot1.local_costmap.local_costmap]: Timed out waiting for transform from base_link to odom to become available, tf error: Could not find a connection between 'odom' and 'base_link' because they are not part of the same tree.Tf has two or more unconnected trees.
[component_container_isolated-1] [INFO] [1789457206.559897293] [robot1.local_costmap.local_costmap]: Timed out waiting for transform from base_link to odom to become available, tf error: Could not find a connection between 'odom' and 'base_link' because they are not part of the same tree.Tf has two or more unconnected trees.
[component_container_isolated-1] [INFO] [1789457207.059770047] [robot1.local_costmap.local_costmap]: Timed out waiting for transform from base_link to odom to become available, tf error: Could not find a connection between 'odom' and 'base_link' because they are not part of the same tree.Tf has two or more unconnected trees.
[component_container_isolated-1] [INFO] [1789457207.559767638] [robot1.local_costmap.local_costmap]: Timed out waiting for transform from base_link to odom to become available, tf error: Could not find a connection between 'odom' and 'base_link' because they are not part of the same tree.Tf has two or more unconnected trees.
[component_container_isolated-1] [INFO] [1789457208.059881899] [robot1.local_costmap.local_costmap]: Timed out waiting for transform from base_link to odom to become available, tf error: Could not find a connection between 'odom' and 'base_link' because they are not part of the same tree.Tf has two or more unconnected trees.
[component_container_isolated-1] [INFO] [1789457208.559885448] [robot1.local_costmap.local_costmap]: Timed out waiting for transform from base_link to odom to become available, tf error: Could not find a connection between 'odom' and 'base_link' because they are not part of the same tree.Tf has two or more unconnected trees.
[component_container_isolated-1] [INFO] [1789457209.059772537] [robot1.local_costmap.local_costmap]: Timed out waiting for transform from base_link to odom to become available, tf error: Could not find a connection between 'odom' and 'base_link' because they are not part of the same tree.Tf has two or more unconnected trees.
[component_container_isolated-1] [INFO] [1789457209.559771870] [robot1.local_costmap.local_costmap]: Timed out waiting for transform from base_link to odom to become available, tf error: Could not find a connection between 'odom' and 'base_link' because they are not part of the same tree.Tf has two or more unconnected trees.
[component_container_isolated-1] [INFO] [1789457210.059898449] [robot1.local_costmap.local_costmap]: Timed out waiting for transform from base_link to odom to become available, tf error: Could not find a connection between 'odom' and 'base_link' because they are not part of the same tree.Tf has two or more unconnected trees.
[component_container_isolated-1] [INFO] [1789457210.559894425] [robot1.local_costmap.local_costmap]: Timed out waiting for transform from base_link to odom to become available, tf error: Could not find a connection between 'odom' and 'base_link' because they are not part of the same tree.Tf has two or more unconnected trees.
[component_container_isolated-1] [INFO] [1789457211.059880912] [robot1.local_costmap.local_costmap]: Timed out waiting for transform from base_link to odom to become available, tf error: Could not find a connection between 'odom' and 'base_link' because they are not part of the same tree.Tf has two or more unconnected trees.
[component_container_isolated-1] [INFO] [1789457211.559871738] [robot1.local_costmap.local_costmap]: Timed out waiting for transform from base_link to odom to become available, tf error: Could not find a connection between 'odom' and 'base_link' because they are not part of the same tree.Tf has two or more unconnected trees.
[component_container_isolated-1] [INFO] [1789457212.059885837] [robot1.local_costmap.local_costmap]: Timed out waiting for transform from base_link to odom to become available, tf error: Could not find a connection between 'odom' and 'base_link' because they are not part of the same tree.Tf has two or more unconnected trees.
[component_container_isolated-1] [INFO] [1789457212.559766221] [robot1.local_costmap.local_costmap]: Timed out waiting for transform from base_link to odom to become available, tf error: Could not find a connection between 'odom' and 'base_link' because they are not part of the same tree.Tf has two or more unconnected trees.
[component_container_isolated-1] [INFO] [1789457213.059885397] [robot1.local_costmap.local_costmap]: Timed out waiting for transform from base_link to odom to become available, tf error: Could not find a connection between 'odom' and 'base_link' because they are not part of the same tree.Tf has two or more unconnected trees.
[component_container_isolated-1] [INFO] [1789457213.559874576] [robot1.local_costmap.local_costmap]: Timed out waiting for transform from base_link to odom to become available, tf error: Could not find a connection between 'odom' and 'base_link' because they are not part of the same tree.Tf has two or more unconnected trees.
[component_container_isolated-1] [INFO] [1789457214.059889955] [robot1.local_costmap.local_costmap]: Timed out waiting for transform from base_link to odom to become available, tf error: Could not find a connection between 'odom' and 'base_link' because they are not part of the same tree.Tf has two or more unconnected trees.
[component_container_isolated-1] [INFO] [1789457214.559833171] [robot1.local_costmap.local_costmap]: Timed out waiting for transform from base_link to odom to become available, tf error: Could not find a connection between 'odom' and 'base_link' because they are not part of the same tree.Tf has two or more unconnected trees.
[component_container_isolated-1] [INFO] [1789457215.059876081] [robot1.local_costmap.local_costmap]: Timed out waiting for transform from base_link to odom to become available, tf error: Could not find a connection between 'odom' and 'base_link' because they are not part of the same tree.Tf has two or more unconnected trees.
[component_container_isolated-1] [INFO] [1789457215.559874858] [robot1.local_costmap.local_costmap]: Timed out waiting for transform from base_link to odom to become available, tf error: Could not find a connection between 'odom' and 'base_link' because they are not part of the same tree.Tf has two or more unconnected trees.
[component_container_isolated-1] [INFO] [1789457216.059889542] [robot1.local_costmap.local_costmap]: Timed out waiting for transform from base_link to odom to become available, tf error: Could not find a connection between 'odom' and 'base_link' because they are not part of the same tree.Tf has two or more unconnected trees.
[component_container_isolated-1] [INFO] [1789457216.559765966] [robot1.local_costmap.local_costmap]: Timed out waiting for transform from base_link to odom to become available, tf error: Could not find a connection between 'odom' and 'base_link' because they are not part of the same tree.Tf has two or more unconnected trees.
[component_container_isolated-1] [INFO] [1789457217.059874120] [robot1.local_costmap.local_costmap]: Timed out waiting for transform from base_link to odom to become available, tf error: Could not find a connection between 'odom' and 'base_link' because they are not part of the same tree.Tf has two or more unconnected trees.
[component_container_isolated-1] [INFO] [1789457217.559771732] [robot1.local_costmap.local_costmap]: Timed out waiting for transform from base_link to odom to become available, tf error: Could not find a connection between 'odom' and 'base_link' because they are not part of the same tree.Tf has two or more unconnected trees.
[component_container_isolated-1] [INFO] [1789457218.059775441] [robot1.local_costmap.local_costmap]: Timed out waiting for transform from base_link to odom to become available, tf error: Could not find a connection between 'odom' and 'base_link' because they are not part of the same tree.Tf has two or more unconnected trees.
[component_container_isolated-1] [INFO] [1789457218.559816181] [robot1.local_costmap.local_costmap]: Timed out waiting for transform from base_link to odom to become available, tf error: Could not find a connection between 'odom' and 'base_link' because they are not part of the same tree.Tf has two or more unconnected trees.
[component_container_isolated-1] [INFO] [1789457219.059884574] [robot1.local_costmap.local_costmap]: Timed out waiting for transform from base_link to odom to become available, tf error: Could not find a connection between 'odom' and 'base_link' because they are not part of the same tree.Tf has two or more unconnected trees.
[component_container_isolated-1] [INFO] [1789457219.559890023] [robot1.local_costmap.local_costmap]: Timed out waiting for transform from base_link to odom to become available, tf error: Could not find a connection between 'odom' and 'base_link' because they are not part of the same tree.Tf has two or more unconnected trees.
[component_container_isolated-1] [INFO] [1789457220.059838885] [robot1.local_costmap.local_costmap]: Timed out waiting for transform from base_link to odom to become available, tf error: Could not find a connection between 'odom' and 'base_link' because they are not part of the same tree.Tf has two or more unconnected trees.
[component_container_isolated-1] [INFO] [1789457220.559892123] [robot1.local_costmap.local_costmap]: Timed out waiting for transform from base_link to odom to become available, tf error: Could not find a connection between 'odom' and 'base_link' because they are not part of the same tree.Tf has two or more unconnected trees.
[component_container_isolated-1] [INFO] [1789457221.059884225] [robot1.local_costmap.local_costmap]: Timed out waiting for transform from base_link to odom to become available, tf error: Could not find a connection between 'odom' and 'base_link' because they are not part of the same tree.Tf has two or more unconnected trees.
[component_container_isolated-1] [INFO] [1789457221.559875626] [robot1.local_costmap.local_costmap]: Timed out waiting for transform from base_link to odom to become available, tf error: Could not find a connection between 'odom' and 'base_link' because they are not part of the same tree.Tf has two or more unconnected trees.
[component_container_isolated-1] [INFO] [1789457222.059812463] [robot1.local_costmap.local_costmap]: Timed out waiting for transform from base_link to odom to become available, tf error: Could not find a connection between 'odom' and 'base_link' because they are not part of the same tree.Tf has two or more unconnected trees.
[component_container_isolated-1] [INFO] [1789457222.559898180] [robot1.local_costmap.local_costmap]: Timed out waiting for transform from base_link to odom to become available, tf error: Could not find a connection between 'odom' and 'base_link' because they are not part of the same tree.Tf has two or more unconnected trees.
[component_container_isolated-1] [INFO] [1789457223.059908400] [robot1.local_costmap.local_costmap]: Timed out waiting for transform from base_link to odom to become available, tf error: Could not find a connection between 'odom' and 'base_link' because they are not part of the same tree.Tf has two or more unconnected trees.
[component_container_isolated-1] [INFO] [1789457223.559836536] [robot1.local_costmap.local_costmap]: Timed out waiting for transform from base_link to odom to become available, tf error: Could not find a connection between 'odom' and 'base_link' because they are not part of the same tree.Tf has two or more unconnected trees.
[component_container_isolated-1] [INFO] [1789457224.059887667] [robot1.local_costmap.local_costmap]: Timed out waiting for transform from base_link to odom to become available, tf error: Could not find a connection between 'odom' and 'base_link' because they are not part of the same tree.Tf has two or more unconnected trees.
[component_container_isolated-1] [INFO] [1789457224.559874630] [robot1.local_costmap.local_costmap]: Timed out waiting for transform from base_link to odom to become available, tf error: Could not find a connection between 'odom' and 'base_link' because they are not part of the same tree.Tf has two or more unconnected trees.
[component_container_isolated-1] [INFO] [1789457225.059915514] [robot1.local_costmap.local_costmap]: Timed out waiting for transform from base_link to odom to become available, tf error: Could not find a connection between 'odom' and 'base_link' because they are not part of the same tree.Tf has two or more unconnected trees.
[component_container_isolated-1] [INFO] [1789457225.559775502] [robot1.local_costmap.local_costmap]: Timed out waiting for transform from base_link to odom to become available, tf error: Could not find a connection between 'odom' and 'base_link' because they are not part of the same tree.Tf has two or more unconnected trees.
[component_container_isolated-1] [INFO] [1789457226.059814694] [robot1.local_costmap.local_costmap]: Timed out waiting for transform from base_link to odom to become available, tf error: Could not find a connection between 'odom' and 'base_link' because they are not part of the same tree.Tf has two or more unconnected trees.
[component_container_isolated-1] [INFO] [1789457226.559890976] [robot1.local_costmap.local_costmap]: Timed out waiting for transform from base_link to odom to become available, tf error: Could not find a connection between 'odom' and 'base_link' because they are not part of the same tree.Tf has two or more unconnected trees.
[component_container_isolated-1] [INFO] [1789457227.059879526] [robot1.local_costmap.local_costmap]: Timed out waiting for transform from base_link to odom to become available, tf error: Could not find a connection between 'odom' and 'base_link' because they are not part of the same tree.Tf has two or more unconnected trees.
[component_container_isolated-1] [INFO] [1789457227.559894252] [robot1.local_costmap.local_costmap]: Timed out waiting for transform from base_link to odom to become available, tf error: Could not find a connection between 'odom' and 'base_link' because they are not part of the same tree.Tf has two or more unconnected trees.
[component_container_isolated-1] [INFO] [1789457228.059961587] [robot1.local_costmap.local_costmap]: Timed out waiting for transform from base_link to odom to become available, tf error: Could not find a connection between 'odom' and 'base_link' because they are not part of the same tree.Tf has two or more unconnected trees.
[component_container_isolated-1] [INFO] [1789457228.559893207] [robot1.local_costmap.local_costmap]: Timed out waiting for transform from base_link to odom to become available, tf error: Could not find a connection between 'odom' and 'base_link' because they are not part of the same tree.Tf has two or more unconnected trees.
[component_container_isolated-1] [INFO] [1789457229.059944764] [robot1.local_costmap.local_costmap]: Timed out waiting for transform from base_link to odom to become available, tf error: Could not find a connection between 'odom' and 'base_link' because they are not part of the same tree.Tf has two or more unconnected trees.
[component_container_isolated-1] [INFO] [1789457229.559873904] [robot1.local_costmap.local_costmap]: Timed out waiting for transform from base_link to odom to become available, tf error: Could not find a connection between 'odom' and 'base_link' because they are not part of the same tree.Tf has two or more unconnected trees.
[component_container_isolated-1] [INFO] [1789457230.059884452] [robot1.local_costmap.local_costmap]: Timed out waiting for transform from base_link to odom to become available, tf error: Could not find a connection between 'odom' and 'base_link' because they are not part of the same tree.Tf has two or more unconnected trees.
[component_container_isolated-1] [INFO] [1789457230.559875864] [robot1.local_costmap.local_costmap]: Timed out waiting for transform from base_link to odom to become available, tf error: Could not find a connection between 'odom' and 'base_link' because they are not part of the same tree.Tf has two or more unconnected trees.
[component_container_isolated-1] [INFO] [1789457231.059905902] [robot1.local_costmap.local_costmap]: Timed out waiting for transform from base_link to odom to become available, tf error: Could not find a connection between 'odom' and 'base_link' because they are not part of the same tree.Tf has two or more unconnected trees.
[component_container_isolated-1] [INFO] [1789457231.559766283] [robot1.local_costmap.local_costmap]: Timed out waiting for transform from base_link to odom to become available, tf error: Could not find a connection between 'odom' and 'base_link' because they are not part of the same tree.Tf has two or more unconnected trees.
[component_container_isolated-1] [INFO] [1789457232.059772182] [robot1.local_costmap.local_costmap]: Timed out waiting for transform from base_link to odom to become available, tf error: Could not find a connection between 'odom' and 'base_link' because they are not part of the same tree.Tf has two or more unconnected trees.
[component_container_isolated-1] [INFO] [1789457232.559903730] [robot1.local_costmap.local_costmap]: Timed out waiting for transform from base_link to odom to become available, tf error: Could not find a connection between 'odom' and 'base_link' because they are not part of the same tree.Tf has two or more unconnected trees.
[component_container_isolated-1] [INFO] [1789457233.059897144] [robot1.local_costmap.local_costmap]: Timed out waiting for transform from base_link to odom to become available, tf error: Could not find a connection between 'odom' and 'base_link' because they are not part of the same tree.Tf has two or more unconnected trees.
[component_container_isolated-1] [INFO] [1789457233.559891932] [robot1.local_costmap.local_costmap]: Timed out waiting for transform from base_link to odom to become available, tf error: Could not find a connection between 'odom' and 'base_link' because they are not part of the same tree.Tf has two or more unconnected trees.
[component_container_isolated-1] [INFO] [1789457234.059811858] [robot1.local_costmap.local_costmap]: Timed out waiting for transform from base_link to odom to become available, tf error: Could not find a connection between 'odom' and 'base_link' because they are not part of the same tree.Tf has two or more unconnected trees.
[component_container_isolated-1] [INFO] [1789457234.559899147] [robot1.local_costmap.local_costmap]: Timed out waiting for transform from base_link to odom to become available, tf error: Could not find a connection between 'odom' and 'base_link' because they are not part of the same tree.Tf has two or more unconnected trees.
[component_container_isolated-1] [INFO] [1789457235.059894333] [robot1.local_costmap.local_costmap]: Timed out waiting for transform from base_link to odom to become available, tf error: Could not find a connection between 'odom' and 'base_link' because they are not part of the same tree.Tf has two or more unconnected trees.
[component_container_isolated-1] [INFO] [1789457235.559878662] [robot1.local_costmap.local_costmap]: Timed out waiting for transform from base_link to odom to become available, tf error: Could not find a connection between 'odom' and 'base_link' because they are not part of the same tree.Tf has two or more unconnected trees.
[component_container_isolated-1] [INFO] [1789457236.059834242] [robot1.local_costmap.local_costmap]: Timed out waiting for transform from base_link to odom to become available, tf error: Could not find a connection between 'odom' and 'base_link' because they are not part of the same tree.Tf has two or more unconnected trees.
[component_container_isolated-1] [INFO] [1789457236.559768244] [robot1.local_costmap.local_costmap]: Timed out waiting for transform from base_link to odom to become available, tf error: Could not find a connection between 'odom' and 'base_link' because they are not part of the same tree.Tf has two or more unconnected trees.
[component_container_isolated-1] [INFO] [1789457237.059873697] [robot1.local_costmap.local_costmap]: Timed out waiting for transform from base_link to odom to become available, tf error: Could not find a connection between 'odom' and 'base_link' because they are not part of the same tree.Tf has two or more unconnected trees.
[component_container_isolated-1] [INFO] [1789457237.559882481] [robot1.local_costmap.local_costmap]: Timed out waiting for transform from base_link to odom to become available, tf error: Could not find a connection between 'odom' and 'base_link' because they are not part of the same tree.Tf has two or more unconnected trees.
[component_container_isolated-1] [INFO] [1789457238.059970953] [robot1.local_costmap.local_costmap]: Timed out waiting for transform from base_link to odom to become available, tf error: Could not find a connection between 'odom' and 'base_link' because they are not part of the same tree.Tf has two or more unconnected trees.
[component_container_isolated-1] [INFO] [1789457238.559770584] [robot1.local_costmap.local_costmap]: Timed out waiting for transform from base_link to odom to become available, tf error: Could not find a connection between 'odom' and 'base_link' because they are not part of the same tree.Tf has two or more unconnected trees.
[component_container_isolated-1] [INFO] [1789457239.059815717] [robot1.local_costmap.local_costmap]: Timed out waiting for transform from base_link to odom to become available, tf error: Could not find a connection between 'odom' and 'base_link' because they are not part of the same tree.Tf has two or more unconnected trees.
[component_container_isolated-1] [INFO] [1789457239.559893196] [robot1.local_costmap.local_costmap]: Timed out waiting for transform from base_link to odom to become available, tf error: Could not find a connection between 'odom' and 'base_link' because they are not part of the same tree.Tf has two or more unconnected trees.
[component_container_isolated-1] [INFO] [1789457240.059888210] [robot1.local_costmap.local_costmap]: Timed out waiting for transform from base_link to odom to become available, tf error: Could not find a connection between 'odom' and 'base_link' because they are not part of the same tree.Tf has two or more unconnected trees.
[component_container_isolated-1] [INFO] [1789457240.559882795] [robot1.local_costmap.local_costmap]: Timed out waiting for transform from base_link to odom to become available, tf error: Could not find a connection between 'odom' and 'base_link' because they are not part of the same tree.Tf has two or more unconnected trees.
[component_container_isolated-1] [INFO] [1789457241.059889700] [robot1.local_costmap.local_costmap]: Timed out waiting for transform from base_link to odom to become available, tf error: Could not find a connection between 'odom' and 'base_link' because they are not part of the same tree.Tf has two or more unconnected trees.
[component_container_isolated-1] [INFO] [1789457241.559885147] [robot1.local_costmap.local_costmap]: Timed out waiting for transform from base_link to odom to become available, tf error: Could not find a connection between 'odom' and 'base_link' because they are not part of the same tree.Tf has two or more unconnected trees.
[component_container_isolated-1] [INFO] [1789457242.059872319] [robot1.local_costmap.local_costmap]: Timed out waiting for transform from base_link to odom to become available, tf error: Could not find a connection between 'odom' and 'base_link' because they are not part of the same tree.Tf has two or more unconnected trees.
[component_container_isolated-1] [INFO] [1789457242.559814401] [robot1.local_costmap.local_costmap]: Timed out waiting for transform from base_link to odom to become available, tf error: Could not find a connection between 'odom' and 'base_link' because they are not part of the same tree.Tf has two or more unconnected trees.
[component_container_isolated-1] [INFO] [1789457243.059884015] [robot1.local_costmap.local_costmap]: Timed out waiting for transform from base_link to odom to become available, tf error: Could not find a connection between 'odom' and 'base_link' because they are not part of the same tree.Tf has two or more unconnected trees.
[component_container_isolated-1] [INFO] [1789457243.559891406] [robot1.local_costmap.local_costmap]: Timed out waiting for transform from base_link to odom to become available, tf error: Could not find a connection between 'odom' and 'base_link' because they are not part of the same tree.Tf has two or more unconnected trees.
[component_container_isolated-1] [INFO] [1789457244.059892922] [robot1.local_costmap.local_costmap]: Timed out waiting for transform from base_link to odom to become available, tf error: Could not find a connection between 'odom' and 'base_link' because they are not part of the same tree.Tf has two or more unconnected trees.
[component_container_isolated-1] [INFO] [1789457244.559925594] [robot1.local_costmap.local_costmap]: Timed out waiting for transform from base_link to odom to become available, tf error: Could not find a connection between 'odom' and 'base_link' because they are not part of the same tree.Tf has two or more unconnected trees.
[component_container_isolated-1] [INFO] [1789457245.059873735] [robot1.local_costmap.local_costmap]: Timed out waiting for transform from base_link to odom to become available, tf error: Could not find a connection between 'odom' and 'base_link' because they are not part of the same tree.Tf has two or more unconnected trees.
[component_container_isolated-1] [INFO] [1789457245.559878207] [robot1.local_costmap.local_costmap]: Timed out waiting for transform from base_link to odom to become available, tf error: Could not find a connection between 'odom' and 'base_link' because they are not part of the same tree.Tf has two or more unconnected trees.
[component_container_isolated-1] [INFO] [1789457246.059877850] [robot1.local_costmap.local_costmap]: Timed out waiting for transform from base_link to odom to become available, tf error: Could not find a connection between 'odom' and 'base_link' because they are not part of the same tree.Tf has two or more unconnected trees.
[component_container_isolated-1] [INFO] [1789457246.559805331] [robot1.local_costmap.local_costmap]: Timed out waiting for transform from base_link to odom to become available, tf error: Could not find a connection between 'odom' and 'base_link' because they are not part of the same tree.Tf has two or more unconnected trees.
[ERROR] [nav2_startup-2]: process has died [pid 82865, exit code 124, cmd 'timeout 300 ros2 service call /robot1/lifecycle_manager_navigation/manage_nodes nav2_msgs/srv/ManageLifecycleNodes {command: 0}'].
[component_container_isolated-1] [INFO] [1789457247.059771576] [robot1.local_costmap.local_costmap]: Timed out waiting for transform from base_link to odom to become available, tf error: Could not find a connection between 'odom' and 'base_link' because they are not part of the same tree.Tf has two or more unconnected trees.
[component_container_isolated-1] [INFO] [1789457247.559774158] [robot1.local_costmap.local_costmap]: Timed out waiting for transform from base_link to odom to become available, tf error: Could not find a connection between 'odom' and 'base_link' because they are not part of the same tree.Tf has two or more unconnected trees.
[component_container_isolated-1] [INFO] [1789457248.059771359] [robot1.local_costmap.local_costmap]: Timed out waiting for transform from base_link to odom to become available, tf error: Could not find a connection between 'odom' and 'base_link' because they are not part of the same tree.Tf has two or more unconnected trees.
[component_container_isolated-1] [INFO] [1789457248.559787857] [robot1.local_costmap.local_costmap]: Timed out waiting for transform from base_link to odom to become available, tf error: Could not find a connection between 'odom' and 'base_link' because they are not part of the same tree.Tf has two or more unconnected trees.
[component_container_isolated-1] [INFO] [1789457249.059772343] [robot1.local_costmap.local_costmap]: Timed out waiting for transform from base_link to odom to become available, tf error: Could not find a connection between 'odom' and 'base_link' because they are not part of the same tree.Tf has two or more unconnected trees.
[component_container_isolated-1] [INFO] [1789457249.559895585] [robot1.local_costmap.local_costmap]: Timed out waiting for transform from base_link to odom to become available, tf error: Could not find a connection between 'odom' and 'base_link' because they are not part of the same tree.Tf has two or more unconnected trees.
[component_container_isolated-1] [INFO] [1789457250.059793199] [robot1.local_costmap.local_costmap]: Timed out waiting for transform from base_link to odom to become available, tf error: Could not find a connection between 'odom' and 'base_link' because they are not part of the same tree.Tf has two or more unconnected trees.
[component_container_isolated-1] [INFO] [1789457250.559800277] [robot1.local_costmap.local_costmap]: Timed out waiting for transform from base_link to odom to become available, tf error: Could not find a connection between 'odom' and 'base_link' because they are not part of the same tree.Tf has two or more unconnected trees.
[component_container_isolated-1] [INFO] [1789457251.059808860] [robot1.local_costmap.local_costmap]: Timed out waiting for transform from base_link to odom to become available, tf error: Could not find a connection between 'odom' and 'base_link' because they are not part of the same tree.Tf has two or more unconnected trees.
[component_container_isolated-1] [INFO] [1789457251.559812577] [robot1.local_costmap.local_costmap]: Timed out waiting for transform from base_link to odom to become available, tf error: Could not find a connection between 'odom' and 'base_link' because they are not part of the same tree.Tf has two or more unconnected trees.
[component_container_isolated-1] [INFO] [1789457252.059809497] [robot1.local_costmap.local_costmap]: Timed out waiting for transform from base_link to odom to become available, tf error: Could not find a connection between 'odom' and 'base_link' because they are not part of the same tree.Tf has two or more unconnected trees.
[component_container_isolated-1] [INFO] [1789457252.559805015] [robot1.local_costmap.local_costmap]: Timed out waiting for transform from base_link to odom to become available, tf error: Could not find a connection between 'odom' and 'base_link' because they are not part of the same tree.Tf has two or more unconnected trees.
[component_container_isolated-1] [INFO] [1789457253.059966331] [robot1.local_costmap.local_costmap]: Timed out waiting for transform from base_link to odom to become available, tf error: Could not find a connection between 'odom' and 'base_link' because they are not part of the same tree.Tf has two or more unconnected trees.
[component_container_isolated-1] [INFO] [1789457253.559782110] [robot1.local_costmap.local_costmap]: Timed out waiting for transform from base_link to odom to become available, tf error: Could not find a connection between 'odom' and 'base_link' because they are not part of the same tree.Tf has two or more unconnected trees.
[component_container_isolated-1] [INFO] [1789457254.059807946] [robot1.local_costmap.local_costmap]: Timed out waiting for transform from base_link to odom to become available, tf error: Could not find a connection between 'odom' and 'base_link' because they are not part of the same tree.Tf has two or more unconnected trees.
[component_container_isolated-1] [INFO] [1789457254.559880189] [robot1.local_costmap.local_costmap]: Timed out waiting for transform from base_link to odom to become available, tf error: Could not find a connection between 'odom' and 'base_link' because they are not part of the same tree.Tf has two or more unconnected trees.
[component_container_isolated-1] [INFO] [1789457255.059899871] [robot1.local_costmap.local_costmap]: Timed out waiting for transform from base_link to odom to become available, tf error: Could not find a connection between 'odom' and 'base_link' because they are not part of the same tree.Tf has two or more unconnected trees.
[component_container_isolated-1] [INFO] [1789457255.559796900] [robot1.local_costmap.local_costmap]: Timed out waiting for transform from base_link to odom to become available, tf error: Could not find a connection between 'odom' and 'base_link' because they are not part of the same tree.Tf has two or more unconnected trees.
[component_container_isolated-1] [INFO] [1789457256.059764699] [robot1.local_costmap.local_costmap]: Timed out waiting for transform from base_link to odom to become available, tf error: Could not find a connection between 'odom' and 'base_link' because they are not part of the same tree.Tf has two or more unconnected trees.
[component_container_isolated-1] [INFO] [1789457256.559741776] [robot1.local_costmap.local_costmap]: Timed out waiting for transform from base_link to odom to become available, tf error: Could not find a connection between 'odom' and 'base_link' because they are not part of the same tree.Tf has two or more unconnected trees.
[component_container_isolated-1] [INFO] [1789457257.059761075] [robot1.local_costmap.local_costmap]: Timed out waiting for transform from base_link to odom to become available, tf error: Could not find a connection between 'odom' and 'base_link' because they are not part of the same tree.Tf has two or more unconnected trees.
[component_container_isolated-1] [INFO] [1789457257.559783190] [robot1.local_costmap.local_costmap]: Timed out waiting for transform from base_link to odom to become available, tf error: Could not find a connection between 'odom' and 'base_link' because they are not part of the same tree.Tf has two or more unconnected trees.
[component_container_isolated-1] [INFO] [1789457258.059767244] [robot1.local_costmap.local_costmap]: Timed out waiting for transform from base_link to odom to become available, tf error: Could not find a connection between 'odom' and 'base_link' because they are not part of the same tree.Tf has two or more unconnected trees.
[component_container_isolated-1] [INFO] [1789457258.559790058] [robot1.local_costmap.local_costmap]: Timed out waiting for transform from base_link to odom to become available, tf error: Could not find a connection between 'odom' and 'base_link' because they are not part of the same tree.Tf has two or more unconnected trees.
[component_container_isolated-1] [INFO] [1789457259.059846596] [robot1.local_costmap.local_costmap]: Timed out waiting for transform from base_link to odom to become available, tf error: Could not find a connection between 'odom' and 'base_link' because they are not part of the same tree.Tf has two or more unconnected trees.
[component_container_isolated-1] [INFO] [1789457259.559787148] [robot1.local_costmap.local_costmap]: Timed out waiting for transform from base_link to odom to become available, tf error: Could not find a connection between 'odom' and 'base_link' because they are not part of the same tree.Tf has two or more unconnected trees.
[component_container_isolated-1] [INFO] [1789457260.059764547] [robot1.local_costmap.local_costmap]: Timed out waiting for transform from base_link to odom to become available, tf error: Could not find a connection between 'odom' and 'base_link' because they are not part of the same tree.Tf has two or more unconnected trees.
[component_container_isolated-1] [INFO] [1789457260.559775172] [robot1.local_costmap.local_costmap]: Timed out waiting for transform from base_link to odom to become available, tf error: Could not find a connection between 'odom' and 'base_link' because they are not part of the same tree.Tf has two or more unconnected trees.
[component_container_isolated-1] [INFO] [1789457261.059766291] [robot1.local_costmap.local_costmap]: Timed out waiting for transform from base_link to odom to become available, tf error: Could not find a connection between 'odom' and 'base_link' because they are not part of the same tree.Tf has two or more unconnected trees.
[component_container_isolated-1] [INFO] [1789457261.559760413] [robot1.local_costmap.local_costmap]: Timed out waiting for transform from base_link to odom to become available, tf error: Could not find a connection between 'odom' and 'base_link' because they are not part of the same tree.Tf has two or more unconnected trees.
[component_container_isolated-1] [INFO] [1789457262.059801203] [robot1.local_costmap.local_costmap]: Timed out waiting for transform from base_link to odom to become available, tf error: Could not find a connection between 'odom' and 'base_link' because they are not part of the same tree.Tf has two or more unconnected trees.
[component_container_isolated-1] [INFO] [1789457262.559861288] [robot1.local_costmap.local_costmap]: Timed out waiting for transform from base_link to odom to become available, tf error: Could not find a connection between 'odom' and 'base_link' because they are not part of the same tree.Tf has two or more unconnected trees.
[component_container_isolated-1] [INFO] [1789457263.059801363] [robot1.local_costmap.local_costmap]: Timed out waiting for transform from base_link to odom to become available, tf error: Could not find a connection between 'odom' and 'base_link' because they are not part of the same tree.Tf has two or more unconnected trees.
[component_container_isolated-1] [INFO] [1789457263.559888334] [robot1.local_costmap.local_costmap]: Timed out waiting for transform from base_link to odom to become available, tf error: Could not find a connection between 'odom' and 'base_link' because they are not part of the same tree.Tf has two or more unconnected trees.
[component_container_isolated-1] [INFO] [1789457264.059768502] [robot1.local_costmap.local_costmap]: Timed out waiting for transform from base_link to odom to become available, tf error: Could not find a connection between 'odom' and 'base_link' because they are not part of the same tree.Tf has two or more unconnected trees.
[component_container_isolated-1] [INFO] [1789457264.559770268] [robot1.local_costmap.local_costmap]: Timed out waiting for transform from base_link to odom to become available, tf error: Could not find a connection between 'odom' and 'base_link' because they are not part of the same tree.Tf has two or more unconnected trees.
[component_container_isolated-1] [INFO] [1789457265.059855220] [robot1.local_costmap.local_costmap]: Timed out waiting for transform from base_link to odom to become available, tf error: Could not find a connection between 'odom' and 'base_link' because they are not part of the same tree.Tf has two or more unconnected trees.
[component_container_isolated-1] [INFO] [1789457265.559861183] [robot1.local_costmap.local_costmap]: Timed out waiting for transform from base_link to odom to become available, tf error: Could not find a connection between 'odom' and 'base_link' because they are not part of the same tree.Tf has two or more unconnected trees.
[component_container_isolated-1] [INFO] [1789457266.059863846] [robot1.local_costmap.local_costmap]: Timed out waiting for transform from base_link to odom to become available, tf error: Could not find a connection between 'odom' and 'base_link' because they are not part of the same tree.Tf has two or more unconnected trees.
[component_container_isolated-1] [INFO] [1789457266.559765278] [robot1.local_costmap.local_costmap]: Timed out waiting for transform from base_link to odom to become available, tf error: Could not find a connection between 'odom' and 'base_link' because they are not part of the same tree.Tf has two or more unconnected trees.
[INFO] [launch]: All log files can be found below /home/danyalaziz/.ros/log/2026-09-15-12-35-01-442893-Precision-3660-92115
[INFO] [launch]: Default logging verbosity is set to INFO
[INFO] [component_container_isolated-1]: process started with pid [92151]
[component_container_isolated-1] [INFO] [1789457704.643607264] [robot1.nav2_container]: Load Library: /opt/ros/humble/lib/libcontroller_server_core.so
[component_container_isolated-1] [INFO] [1789457704.646378679] [robot1.nav2_container]: Found class: rclcpp_components::NodeFactoryTemplate<nav2_controller::ControllerServer>
[component_container_isolated-1] [INFO] [1789457704.646395660] [robot1.nav2_container]: Instantiate class: rclcpp_components::NodeFactoryTemplate<nav2_controller::ControllerServer>
[component_container_isolated-1] [INFO] [1789457704.717641163] [robot1.controller_server]: 
[component_container_isolated-1] 	controller_server lifecycle node launched. 
[component_container_isolated-1] 	Waiting on external lifecycle transitions to activate
[component_container_isolated-1] 	See https://design.ros2.org/articles/node_lifecycle.html for more information.
[component_container_isolated-1] [INFO] [1789457704.719083364] [robot1.controller_server]: Creating controller server
[component_container_isolated-1] [INFO] [1789457704.915319889] [robot1.local_costmap.local_costmap]: 
[component_container_isolated-1] 	local_costmap lifecycle node launched. 
[component_container_isolated-1] 	Waiting on external lifecycle transitions to activate
[component_container_isolated-1] 	See https://design.ros2.org/articles/node_lifecycle.html for more information.
[component_container_isolated-1] [INFO] [1789457704.915586584] [robot1.local_costmap.local_costmap]: Creating Costmap
[INFO] [launch_ros.actions.load_composable_nodes]: Loaded node '/robot1/controller_server' in container '/robot1/nav2_container'
[component_container_isolated-1] [INFO] [1789457704.916937639] [robot1.nav2_container]: Load Library: /opt/ros/humble/lib/libsmoother_server_core.so
[component_container_isolated-1] [INFO] [1789457704.918003185] [robot1.nav2_container]: Found class: rclcpp_components::NodeFactoryTemplate<nav2_smoother::SmootherServer>
[component_container_isolated-1] [INFO] [1789457704.918028109] [robot1.nav2_container]: Instantiate class: rclcpp_components::NodeFactoryTemplate<nav2_smoother::SmootherServer>
[component_container_isolated-1] [INFO] [1789457705.042599473] [robot1.smoother_server]: 
[component_container_isolated-1] 	smoother_server lifecycle node launched. 
[component_container_isolated-1] 	Waiting on external lifecycle transitions to activate
[component_container_isolated-1] 	See https://design.ros2.org/articles/node_lifecycle.html for more information.
[component_container_isolated-1] [INFO] [1789457705.043486881] [robot1.smoother_server]: Creating smoother server
[INFO] [launch_ros.actions.load_composable_nodes]: Loaded node '/robot1/smoother_server' in container '/robot1/nav2_container'
[component_container_isolated-1] [INFO] [1789457705.044816317] [robot1.nav2_container]: Load Library: /opt/ros/humble/lib/libplanner_server_core.so
[component_container_isolated-1] [INFO] [1789457705.045368650] [robot1.nav2_container]: Found class: rclcpp_components::NodeFactoryTemplate<nav2_planner::PlannerServer>
[component_container_isolated-1] [INFO] [1789457705.045385841] [robot1.nav2_container]: Instantiate class: rclcpp_components::NodeFactoryTemplate<nav2_planner::PlannerServer>
[component_container_isolated-1] [INFO] [1789457705.193361897] [robot1.planner_server]: 
[component_container_isolated-1] 	planner_server lifecycle node launched. 
[component_container_isolated-1] 	Waiting on external lifecycle transitions to activate
[component_container_isolated-1] 	See https://design.ros2.org/articles/node_lifecycle.html for more information.
[component_container_isolated-1] [INFO] [1789457705.194027482] [robot1.planner_server]: Creating
[component_container_isolated-1] [INFO] [1789457705.576447776] [robot1.global_costmap.global_costmap]: 
[component_container_isolated-1] 	global_costmap lifecycle node launched. 
[component_container_isolated-1] 	Waiting on external lifecycle transitions to activate
[component_container_isolated-1] 	See https://design.ros2.org/articles/node_lifecycle.html for more information.
[component_container_isolated-1] [INFO] [1789457705.576672421] [robot1.global_costmap.global_costmap]: Creating Costmap
[INFO] [launch_ros.actions.load_composable_nodes]: Loaded node '/robot1/planner_server' in container '/robot1/nav2_container'
[component_container_isolated-1] [INFO] [1789457705.577942834] [robot1.nav2_container]: Load Library: /opt/ros/humble/lib/libbehavior_server_core.so
[component_container_isolated-1] [INFO] [1789457705.579196435] [robot1.nav2_container]: Found class: rclcpp_components::NodeFactoryTemplate<behavior_server::BehaviorServer>
[component_container_isolated-1] [INFO] [1789457705.579210665] [robot1.nav2_container]: Instantiate class: rclcpp_components::NodeFactoryTemplate<behavior_server::BehaviorServer>
[component_container_isolated-1] [INFO] [1789457706.104793143] [robot1.behavior_server]: 
[component_container_isolated-1] 	behavior_server lifecycle node launched. 
[component_container_isolated-1] 	Waiting on external lifecycle transitions to activate
[component_container_isolated-1] 	See https://design.ros2.org/articles/node_lifecycle.html for more information.
[INFO] [launch_ros.actions.load_composable_nodes]: Loaded node '/robot1/behavior_server' in container '/robot1/nav2_container'
[component_container_isolated-1] [INFO] [1789457706.106675511] [robot1.nav2_container]: Load Library: /opt/ros/humble/lib/libbt_navigator_core.so
[component_container_isolated-1] [INFO] [1789457706.107492510] [robot1.nav2_container]: Found class: rclcpp_components::NodeFactoryTemplate<nav2_bt_navigator::BtNavigator>
[component_container_isolated-1] [INFO] [1789457706.107502350] [robot1.nav2_container]: Instantiate class: rclcpp_components::NodeFactoryTemplate<nav2_bt_navigator::BtNavigator>
[component_container_isolated-1] [INFO] [1789457706.446678217] [robot1.bt_navigator]: 
[component_container_isolated-1] 	bt_navigator lifecycle node launched. 
[component_container_isolated-1] 	Waiting on external lifecycle transitions to activate
[component_container_isolated-1] 	See https://design.ros2.org/articles/node_lifecycle.html for more information.
[component_container_isolated-1] [INFO] [1789457706.446715419] [robot1.bt_navigator]: Creating
[INFO] [launch_ros.actions.load_composable_nodes]: Loaded node '/robot1/bt_navigator' in container '/robot1/nav2_container'
[component_container_isolated-1] [INFO] [1789457706.448110677] [robot1.nav2_container]: Load Library: /opt/ros/humble/lib/libwaypoint_follower_core.so
[component_container_isolated-1] [INFO] [1789457706.448435562] [robot1.nav2_container]: Found class: rclcpp_components::NodeFactoryTemplate<nav2_waypoint_follower::WaypointFollower>
[component_container_isolated-1] [INFO] [1789457706.448442827] [robot1.nav2_container]: Instantiate class: rclcpp_components::NodeFactoryTemplate<nav2_waypoint_follower::WaypointFollower>
[component_container_isolated-1] [INFO] [1789457706.994447217] [robot1.waypoint_follower]: 
[component_container_isolated-1] 	waypoint_follower lifecycle node launched. 
[component_container_isolated-1] 	Waiting on external lifecycle transitions to activate
[component_container_isolated-1] 	See https://design.ros2.org/articles/node_lifecycle.html for more information.
[component_container_isolated-1] [INFO] [1789457706.994669486] [robot1.waypoint_follower]: Creating
[INFO] [launch_ros.actions.load_composable_nodes]: Loaded node '/robot1/waypoint_follower' in container '/robot1/nav2_container'
[component_container_isolated-1] [INFO] [1789457706.996046037] [robot1.nav2_container]: Load Library: /opt/ros/humble/lib/libvelocity_smoother_core.so
[component_container_isolated-1] [INFO] [1789457706.996414879] [robot1.nav2_container]: Found class: rclcpp_components::NodeFactoryTemplate<nav2_velocity_smoother::VelocitySmoother>
[component_container_isolated-1] [INFO] [1789457706.996422150] [robot1.nav2_container]: Instantiate class: rclcpp_components::NodeFactoryTemplate<nav2_velocity_smoother::VelocitySmoother>
[component_container_isolated-1] [INFO] [1789457707.747462547] [robot1.velocity_smoother]: 
[component_container_isolated-1] 	velocity_smoother lifecycle node launched. 
[component_container_isolated-1] 	Waiting on external lifecycle transitions to activate
[component_container_isolated-1] 	See https://design.ros2.org/articles/node_lifecycle.html for more information.
[INFO] [launch_ros.actions.load_composable_nodes]: Loaded node '/robot1/velocity_smoother' in container '/robot1/nav2_container'
[component_container_isolated-1] [INFO] [1789457707.749049165] [robot1.nav2_container]: Load Library: /opt/ros/humble/lib/libnav2_lifecycle_manager_core.so
[component_container_isolated-1] [INFO] [1789457707.749453641] [robot1.nav2_container]: Found class: rclcpp_components::NodeFactoryTemplate<nav2_lifecycle_manager::LifecycleManager>
[component_container_isolated-1] [INFO] [1789457707.749462519] [robot1.nav2_container]: Instantiate class: rclcpp_components::NodeFactoryTemplate<nav2_lifecycle_manager::LifecycleManager>
[component_container_isolated-1] [INFO] [1789457708.324542624] [robot1.lifecycle_manager_navigation]: Creating
[INFO] [launch_ros.actions.load_composable_nodes]: Loaded node '/robot1/lifecycle_manager_navigation' in container '/robot1/nav2_container'
[component_container_isolated-1] [INFO] [1789457708.411592877] [robot1.lifecycle_manager_navigation]: [34m[1mCreating and initializing lifecycle service clients[0m[0m
[INFO] [nav2_startup-2]: process started with pid [92285]
[nav2_startup-2] waiting for service to become available...
[nav2_startup-2] requester: making request: nav2_msgs.srv.ManageLifecycleNodes_Request(command=0)
[nav2_startup-2] 
[component_container_isolated-1] [INFO] [1789457723.066407659] [robot1.lifecycle_manager_navigation]: [34m[1mStarting managed nodes bringup...[0m[0m
[component_container_isolated-1] [INFO] [1789457723.066459384] [robot1.lifecycle_manager_navigation]: [34m[1mConfiguring controller_server[0m[0m
[component_container_isolated-1] [INFO] [1789457723.066755614] [robot1.controller_server]: Configuring controller interface
[component_container_isolated-1] [INFO] [1789457723.066860184] [robot1.controller_server]: getting goal checker plugins..
[component_container_isolated-1] [INFO] [1789457723.066890053] [robot1.controller_server]: Controller frequency set to 20.0000Hz
[component_container_isolated-1] [INFO] [1789457723.066904723] [robot1.local_costmap.local_costmap]: Configuring
[component_container_isolated-1] [INFO] [1789457723.444853987] [robot1.local_costmap.local_costmap]: Using plugin "static_layer"
[component_container_isolated-1] [INFO] [1789457723.446264045] [robot1.local_costmap.local_costmap]: Subscribing to the map topic (/robot1/map) with transient local durability
[component_container_isolated-1] [INFO] [1789457723.464102476] [robot1.local_costmap.local_costmap]: Initialized plugin "static_layer"
[component_container_isolated-1] [INFO] [1789457723.464129964] [robot1.local_costmap.local_costmap]: Using plugin "voxel_layer"
[component_container_isolated-1] [INFO] [1789457723.464383417] [robot1.local_costmap.local_costmap]: Subscribed to Topics: scan
[component_container_isolated-1] [INFO] [1789457723.567696053] [robot1.local_costmap.local_costmap]: Initialized plugin "voxel_layer"
[component_container_isolated-1] [INFO] [1789457723.567716023] [robot1.local_costmap.local_costmap]: Using plugin "inflation_layer"
[component_container_isolated-1] [INFO] [1789457723.568063067] [robot1.local_costmap.local_costmap]: Initialized plugin "inflation_layer"
[component_container_isolated-1] [INFO] [1789457723.917449751] [robot1.local_costmap.local_costmap]: StaticLayer: Resizing static layer to 157 X 272 at 0.050000 m/pix
[component_container_isolated-1] [INFO] [1789457723.917645843] [robot1.controller_server]: Created progress_checker : progress_checker of type nav2_controller::SimpleProgressChecker
[component_container_isolated-1] [INFO] [1789457723.917912246] [robot1.controller_server]: Created goal checker : general_goal_checker of type nav2_controller::SimpleGoalChecker
[component_container_isolated-1] [INFO] [1789457723.917981979] [robot1.controller_server]: Controller Server has general_goal_checker  goal checkers available.
[component_container_isolated-1] [INFO] [1789457723.918609363] [robot1.controller_server]: Created controller : FollowPath of type dwb_core::DWBLocalPlanner
[component_container_isolated-1] [INFO] [1789457723.918832635] [robot1.controller_server]: Setting transform_tolerance to 0.200000
[component_container_isolated-1] [INFO] [1789457724.164207237] [robot1.controller_server]: Using critic "RotateToGoal" (dwb_critics::RotateToGoalCritic)
[component_container_isolated-1] [INFO] [1789457724.164350298] [robot1.controller_server]: Critic plugin initialized
[component_container_isolated-1] [INFO] [1789457724.164386086] [robot1.controller_server]: Using critic "Oscillation" (dwb_critics::OscillationCritic)
[component_container_isolated-1] [INFO] [1789457724.164527732] [robot1.controller_server]: Critic plugin initialized
[component_container_isolated-1] [INFO] [1789457724.164568481] [robot1.controller_server]: Using critic "BaseObstacle" (dwb_critics::BaseObstacleCritic)
[component_container_isolated-1] [INFO] [1789457724.164625908] [robot1.controller_server]: Critic plugin initialized
[component_container_isolated-1] [INFO] [1789457724.164657730] [robot1.controller_server]: Using critic "GoalAlign" (dwb_critics::GoalAlignCritic)
[component_container_isolated-1] [INFO] [1789457724.164756968] [robot1.controller_server]: Critic plugin initialized
[component_container_isolated-1] [INFO] [1789457724.164785834] [robot1.controller_server]: Using critic "PathAlign" (dwb_critics::PathAlignCritic)
[component_container_isolated-1] [INFO] [1789457724.164878081] [robot1.controller_server]: Critic plugin initialized
[component_container_isolated-1] [INFO] [1789457724.164917796] [robot1.controller_server]: Using critic "PathDist" (dwb_critics::PathDistCritic)
[component_container_isolated-1] [INFO] [1789457724.164989501] [robot1.controller_server]: Critic plugin initialized
[component_container_isolated-1] [INFO] [1789457724.165016585] [robot1.controller_server]: Using critic "GoalDist" (dwb_critics::GoalDistCritic)
[component_container_isolated-1] [INFO] [1789457724.165081348] [robot1.controller_server]: Critic plugin initialized
[component_container_isolated-1] [INFO] [1789457724.165087459] [robot1.controller_server]: Controller Server has FollowPath  controllers available.
[component_container_isolated-1] [INFO] [1789457724.400662877] [robot1.lifecycle_manager_navigation]: [34m[1mConfiguring smoother_server[0m[0m
[component_container_isolated-1] [INFO] [1789457724.400877888] [robot1.smoother_server]: Configuring smoother server
[component_container_isolated-1] [INFO] [1789457724.592258309] [robot1.smoother_server]: Created smoother : simple_smoother of type nav2_smoother::SimpleSmoother
[component_container_isolated-1] [INFO] [1789457724.592438776] [robot1.smoother_server]: Smoother Server has simple_smoother  smoothers available.
[component_container_isolated-1] [INFO] [1789457724.749864889] [robot1.lifecycle_manager_navigation]: [34m[1mConfiguring planner_server[0m[0m
[component_container_isolated-1] [INFO] [1789457724.749986864] [robot1.planner_server]: Configuring
[component_container_isolated-1] [INFO] [1789457724.750011477] [robot1.global_costmap.global_costmap]: Configuring
[component_container_isolated-1] [INFO] [1789457724.929409452] [robot1.global_costmap.global_costmap]: Using plugin "static_layer"
[component_container_isolated-1] [INFO] [1789457724.929727795] [robot1.global_costmap.global_costmap]: Subscribing to the map topic (/robot1/map) with transient local durability
[component_container_isolated-1] [INFO] [1789457724.951850077] [robot1.global_costmap.global_costmap]: Initialized plugin "static_layer"
[component_container_isolated-1] [INFO] [1789457724.951867997] [robot1.global_costmap.global_costmap]: Using plugin "obstacle_layer"
[component_container_isolated-1] [INFO] [1789457724.952118089] [robot1.global_costmap.global_costmap]: Subscribed to Topics: scan
[component_container_isolated-1] [INFO] [1789457725.017212266] [robot1.global_costmap.global_costmap]: Initialized plugin "obstacle_layer"
[component_container_isolated-1] [INFO] [1789457725.017231685] [robot1.global_costmap.global_costmap]: Using plugin "inflation_layer"
[component_container_isolated-1] [INFO] [1789457725.017433528] [robot1.global_costmap.global_costmap]: Initialized plugin "inflation_layer"
[component_container_isolated-1] [INFO] [1789457725.288178542] [robot1.global_costmap.global_costmap]: StaticLayer: Resizing costmap to 157 X 272 at 0.050000 m/pix
[component_container_isolated-1] [INFO] [1789457725.288303823] [robot1.planner_server]: Created global planner plugin GridBased of type nav2_navfn_planner/NavfnPlanner
[component_container_isolated-1] [INFO] [1789457725.288324157] [robot1.planner_server]: Configuring plugin GridBased of type NavfnPlanner
[component_container_isolated-1] [INFO] [1789457725.288549534] [robot1.planner_server]: Planner Server has GridBased  planners available.
[component_container_isolated-1] [INFO] [1789457725.678182546] [robot1.lifecycle_manager_navigation]: [34m[1mConfiguring behavior_server[0m[0m
[component_container_isolated-1] [INFO] [1789457725.678349994] [robot1.behavior_server]: Configuring
[component_container_isolated-1] [INFO] [1789457725.916101063] [robot1.behavior_server]: Creating behavior plugin spin of type nav2_behaviors/Spin
[component_container_isolated-1] [INFO] [1789457725.916496337] [robot1.behavior_server]: Configuring spin
[component_container_isolated-1] [INFO] [1789457726.132883530] [robot1.behavior_server]: Creating behavior plugin backup of type nav2_behaviors/BackUp
[component_container_isolated-1] [INFO] [1789457726.133290127] [robot1.behavior_server]: Configuring backup
[component_container_isolated-1] [INFO] [1789457726.336897217] [robot1.behavior_server]: Creating behavior plugin drive_on_heading of type nav2_behaviors/DriveOnHeading
[component_container_isolated-1] [INFO] [1789457726.337389407] [robot1.behavior_server]: Configuring drive_on_heading
[component_container_isolated-1] [INFO] [1789457726.539378572] [robot1.behavior_server]: Creating behavior plugin assisted_teleop of type nav2_behaviors/AssistedTeleop
[component_container_isolated-1] [INFO] [1789457726.540138624] [robot1.behavior_server]: Configuring assisted_teleop
[component_container_isolated-1] [INFO] [1789457726.810639061] [robot1.behavior_server]: Creating behavior plugin wait of type nav2_behaviors/Wait
[component_container_isolated-1] [INFO] [1789457726.811017500] [robot1.behavior_server]: Configuring wait
[component_container_isolated-1] [INFO] [1789457727.005839937] [robot1.lifecycle_manager_navigation]: [34m[1mConfiguring bt_navigator[0m[0m
[component_container_isolated-1] [INFO] [1789457727.005951480] [robot1.bt_navigator]: Configuring
[component_container_isolated-1] [INFO] [1789457728.521205623] [robot1.lifecycle_manager_navigation]: [34m[1mConfiguring waypoint_follower[0m[0m
[component_container_isolated-1] [INFO] [1789457728.521423213] [robot1.waypoint_follower]: Configuring
[component_container_isolated-1] [INFO] [1789457729.023910683] [robot1.waypoint_follower]: Created waypoint_task_executor : wait_at_waypoint of type nav2_waypoint_follower::WaitAtWaypoint
[component_container_isolated-1] [INFO] [1789457729.024346999] [robot1.lifecycle_manager_navigation]: [34m[1mConfiguring velocity_smoother[0m[0m
[component_container_isolated-1] [INFO] [1789457729.024563196] [robot1.velocity_smoother]: Configuring velocity smoother
[component_container_isolated-1] [INFO] [1789457729.095666630] [robot1.lifecycle_manager_navigation]: [34m[1mActivating controller_server[0m[0m
[component_container_isolated-1] [INFO] [1789457729.095964892] [robot1.controller_server]: Activating
[component_container_isolated-1] [INFO] [1789457729.095995029] [robot1.local_costmap.local_costmap]: Activating
[component_container_isolated-1] [INFO] [1789457729.096003066] [robot1.local_costmap.local_costmap]: Checking transform
[component_container_isolated-1] [INFO] [1789457729.096073576] [robot1.local_costmap.local_costmap]: start
[component_container_isolated-1] [INFO] [1789457729.330372328] [robot1.controller_server]: Creating bond (controller_server) to lifecycle manager.
[component_container_isolated-1] [INFO] [1789457729.769773056] [robot1.lifecycle_manager_navigation]: Server controller_server connected with bond.
[component_container_isolated-1] [INFO] [1789457729.769797222] [robot1.lifecycle_manager_navigation]: [34m[1mActivating smoother_server[0m[0m
[component_container_isolated-1] [INFO] [1789457729.770098923] [robot1.smoother_server]: Activating
[component_container_isolated-1] [INFO] [1789457729.770124849] [robot1.smoother_server]: Creating bond (smoother_server) to lifecycle manager.
[component_container_isolated-1] [INFO] [1789457729.948559212] [robot1.lifecycle_manager_navigation]: Server smoother_server connected with bond.
[component_container_isolated-1] [INFO] [1789457729.948653475] [robot1.lifecycle_manager_navigation]: [34m[1mActivating planner_server[0m[0m
[component_container_isolated-1] [INFO] [1789457729.948913481] [robot1.planner_server]: Activating
[component_container_isolated-1] [INFO] [1789457729.948952532] [robot1.global_costmap.global_costmap]: Activating
[component_container_isolated-1] [INFO] [1789457729.948963604] [robot1.global_costmap.global_costmap]: Checking transform
[component_container_isolated-1] [INFO] [1789457729.949033277] [robot1.global_costmap.global_costmap]: start
[component_container_isolated-1] [INFO] [1789457730.966749532] [robot1.planner_server]: Activating plugin GridBased of type NavfnPlanner
[component_container_isolated-1] [INFO] [1789457730.993816589] [robot1.planner_server]: Creating bond (planner_server) to lifecycle manager.
[component_container_isolated-1] [INFO] [1789457731.180245359] [robot1.lifecycle_manager_navigation]: Server planner_server connected with bond.
[component_container_isolated-1] [INFO] [1789457731.180285049] [robot1.lifecycle_manager_navigation]: [34m[1mActivating behavior_server[0m[0m
[component_container_isolated-1] [INFO] [1789457731.180509255] [robot1.behavior_server]: Activating
[component_container_isolated-1] [INFO] [1789457731.180522634] [robot1.behavior_server]: Activating spin
[component_container_isolated-1] [INFO] [1789457731.180534333] [robot1.behavior_server]: Activating backup
[component_container_isolated-1] [INFO] [1789457731.180544753] [robot1.behavior_server]: Activating drive_on_heading
[component_container_isolated-1] [INFO] [1789457731.180549944] [robot1.behavior_server]: Activating assisted_teleop
[component_container_isolated-1] [INFO] [1789457731.180554890] [robot1.behavior_server]: Activating wait
[component_container_isolated-1] [INFO] [1789457731.180561611] [robot1.behavior_server]: Creating bond (behavior_server) to lifecycle manager.
[component_container_isolated-1] [INFO] [1789457731.375357621] [robot1.lifecycle_manager_navigation]: Server behavior_server connected with bond.
[component_container_isolated-1] [INFO] [1789457731.375413912] [robot1.lifecycle_manager_navigation]: [34m[1mActivating bt_navigator[0m[0m
[component_container_isolated-1] [INFO] [1789457731.375672136] [robot1.bt_navigator]: Activating
[component_container_isolated-1] [INFO] [1789457736.420342912] [robot1.bt_navigator]: Creating bond (bt_navigator) to lifecycle manager.
[component_container_isolated-1] [INFO] [1789457737.389802249] [robot1.lifecycle_manager_navigation]: Server bt_navigator connected with bond.
[component_container_isolated-1] [INFO] [1789457737.389832684] [robot1.lifecycle_manager_navigation]: [34m[1mActivating waypoint_follower[0m[0m
[component_container_isolated-1] [INFO] [1789457737.390069204] [robot1.waypoint_follower]: Activating
[component_container_isolated-1] [INFO] [1789457737.390091113] [robot1.waypoint_follower]: Creating bond (waypoint_follower) to lifecycle manager.
[component_container_isolated-1] [INFO] [1789457737.739202206] [robot1.lifecycle_manager_navigation]: Server waypoint_follower connected with bond.
[component_container_isolated-1] [INFO] [1789457737.739240272] [robot1.lifecycle_manager_navigation]: [34m[1mActivating velocity_smoother[0m[0m
[component_container_isolated-1] [INFO] [1789457737.739489974] [robot1.velocity_smoother]: Activating
[component_container_isolated-1] [INFO] [1789457737.739521089] [robot1.velocity_smoother]: Creating bond (velocity_smoother) to lifecycle manager.
[component_container_isolated-1] [INFO] [1789457738.947993172] [robot1.lifecycle_manager_navigation]: Server velocity_smoother connected with bond.
[component_container_isolated-1] [INFO] [1789457738.948020772] [robot1.lifecycle_manager_navigation]: [34m[1mManaged nodes are active[0m[0m
[component_container_isolated-1] [INFO] [1789457738.948033878] [robot1.lifecycle_manager_navigation]: [34m[1mCreating bond timer...[0m[0m
[nav2_startup-2] response:
[nav2_startup-2] nav2_msgs.srv.ManageLifecycleNodes_Response(success=True)
[nav2_startup-2] 
[INFO] [nav2_startup-2]: process has finished cleanly [pid 92285]
[component_container_isolated-1] [INFO] [1789457784.139695798] [robot1.global_costmap.global_costmap]: Message Filter dropping message: frame 'rplidar_link' at time 1789457783.707 for reason 'the timestamp on the message is earlier than all the data in the transform cache'
[component_container_isolated-1] [INFO] [1789457784.139695814] [robot1.local_costmap.local_costmap]: Message Filter dropping message: frame 'rplidar_link' at time 1789457783.707 for reason 'the timestamp on the message is earlier than all the data in the transform cache'
[component_container_isolated-1] [INFO] [1789457882.031526338] [robot1.bt_navigator]: Begin navigating from current location (-0.13, -0.00) to (-1.59, 0.32)
[component_container_isolated-1] [INFO] [1789457882.052072798] [robot1.controller_server]: Received a goal, begin computing control effort.
[component_container_isolated-1] [WARN] [1789457882.052131980] [robot1.controller_server]: No goal checker was specified in parameter 'current_goal_checker'. Server will use only plugin loaded general_goal_checker . This warning will appear once.
[component_container_isolated-1] [INFO] [1789457883.096263961] [robot1.local_costmap.local_costmap]: StaticLayer: Resizing static layer to 175 X 291 at 0.050000 m/pix
[component_container_isolated-1] [INFO] [1789457883.102326595] [robot1.controller_server]: Passing new path to controller.
[component_container_isolated-1] [INFO] [1789457883.949300292] [robot1.global_costmap.global_costmap]: StaticLayer: Resizing costmap to 175 X 291 at 0.050000 m/pix
[component_container_isolated-1] [INFO] [1789457884.096264985] [robot1.local_costmap.local_costmap]: StaticLayer: Resizing static layer to 192 X 292 at 0.050000 m/pix
[component_container_isolated-1] [INFO] [1789457884.152324807] [robot1.controller_server]: Passing new path to controller.
[component_container_isolated-1] [INFO] [1789457884.949304622] [robot1.global_costmap.global_costmap]: StaticLayer: Resizing costmap to 192 X 292 at 0.050000 m/pix
[component_container_isolated-1] [INFO] [1789457885.041735505] [robot1.bt_navigator]: Received goal preemption request
[component_container_isolated-1] [INFO] [1789457885.041843963] [robot1.bt_navigator]: Begin navigating from current location (-0.76, 0.17) to (-1.40, 0.14)
[component_container_isolated-1] [INFO] [1789457885.152328972] [robot1.controller_server]: Passing new path to controller.
[component_container_isolated-1] [INFO] [1789457885.696294375] [robot1.local_costmap.local_costmap]: StaticLayer: Resizing static layer to 193 X 292 at 0.050000 m/pix
[component_container_isolated-1] [INFO] [1789457885.949302421] [robot1.global_costmap.global_costmap]: StaticLayer: Resizing costmap to 193 X 292 at 0.050000 m/pix
[component_container_isolated-1] [INFO] [1789457886.031733870] [robot1.bt_navigator]: Received goal preemption request
[component_container_isolated-1] [INFO] [1789457886.031807436] [robot1.bt_navigator]: Begin navigating from current location (-1.02, 0.22) to (-1.51, 0.51)
[component_container_isolated-1] [INFO] [1789457886.202326827] [robot1.controller_server]: Passing new path to controller.
[component_container_isolated-1] [INFO] [1789457887.031739700] [robot1.bt_navigator]: Received goal preemption request
[component_container_isolated-1] [INFO] [1789457887.031870596] [robot1.bt_navigator]: Begin navigating from current location (-1.25, 0.22) to (-1.44, -0.14)
[component_container_isolated-1] [INFO] [1789457887.202327829] [robot1.controller_server]: Passing new path to controller.
[component_container_isolated-1] [INFO] [1789457888.252326393] [robot1.controller_server]: Passing new path to controller.
[component_container_isolated-1] [INFO] [1789457889.252350050] [robot1.controller_server]: Passing new path to controller.
[component_container_isolated-1] [INFO] [1789457889.696299567] [robot1.local_costmap.local_costmap]: StaticLayer: Resizing static layer to 193 X 295 at 0.050000 m/pix
[component_container_isolated-1] [INFO] [1789457889.949301292] [robot1.global_costmap.global_costmap]: StaticLayer: Resizing costmap to 193 X 295 at 0.050000 m/pix
[component_container_isolated-1] [INFO] [1789457890.302332898] [robot1.controller_server]: Passing new path to controller.
[component_container_isolated-1] [INFO] [1789457891.302327064] [robot1.controller_server]: Passing new path to controller.
[component_container_isolated-1] [INFO] [1789457892.352324819] [robot1.controller_server]: Passing new path to controller.
[component_container_isolated-1] [INFO] [1789457893.402329006] [robot1.controller_server]: Passing new path to controller.
[component_container_isolated-1] [INFO] [1789457893.504142283] [robot1.controller_server]: Reached the goal!
[component_container_isolated-1] [INFO] [1789457893.541735068] [robot1.bt_navigator]: Goal succeeded
[component_container_isolated-1] [INFO] [1789457980.696267952] [robot1.local_costmap.local_costmap]: StaticLayer: Resizing static layer to 193 X 295 at 0.050000 m/pix
[component_container_isolated-1] [INFO] [1789457980.949304975] [robot1.global_costmap.global_costmap]: StaticLayer: Resizing costmap to 193 X 295 at 0.050000 m/pix
[component_container_isolated-1] [INFO] [1789457982.096301977] [robot1.local_costmap.local_costmap]: StaticLayer: Resizing static layer to 193 X 297 at 0.050000 m/pix
[component_container_isolated-1] [INFO] [1789457982.949274512] [robot1.global_costmap.global_costmap]: StaticLayer: Resizing costmap to 193 X 297 at 0.050000 m/pix
[component_container_isolated-1] [INFO] [1789458005.096272263] [robot1.local_costmap.local_costmap]: StaticLayer: Resizing static layer to 201 X 351 at 0.050000 m/pix
[component_container_isolated-1] [INFO] [1789458005.949300598] [robot1.global_costmap.global_costmap]: StaticLayer: Resizing costmap to 201 X 351 at 0.050000 m/pix
[component_container_isolated-1] [INFO] [1789458055.032379246] [robot1.bt_navigator]: Begin navigating from current location (-0.22, -0.44) to (-1.69, 0.43)
[component_container_isolated-1] [INFO] [1789458055.052924911] [robot1.controller_server]: Received a goal, begin computing control effort.
[component_container_isolated-1] [INFO] [1789458056.103148185] [robot1.controller_server]: Passing new path to controller.
[component_container_isolated-1] [INFO] [1789458057.153134377] [robot1.controller_server]: Passing new path to controller.
[component_container_isolated-1] [INFO] [1789458058.153134691] [robot1.controller_server]: Passing new path to controller.
[component_container_isolated-1] [INFO] [1789458059.203148510] [robot1.controller_server]: Passing new path to controller.
[component_container_isolated-1] [INFO] [1789458060.203142001] [robot1.controller_server]: Passing new path to controller.
[component_container_isolated-1] [INFO] [1789458061.253132714] [robot1.controller_server]: Passing new path to controller.
[component_container_isolated-1] [INFO] [1789458062.303133896] [robot1.controller_server]: Passing new path to controller.
[component_container_isolated-1] [INFO] [1789458063.303167626] [robot1.controller_server]: Passing new path to controller.
[component_container_isolated-1] [INFO] [1789458063.704953195] [robot1.controller_server]: Reached the goal!
[component_container_isolated-1] [INFO] [1789458063.742567358] [robot1.bt_navigator]: Goal succeeded
[component_container_isolated-1] [INFO] [1789458064.028531206] [robot1.bt_navigator]: Begin navigating from current location (-1.54, 0.27) to (-1.76, 0.25)
[component_container_isolated-1] [INFO] [1789458064.048898479] [robot1.controller_server]: Received a goal, begin computing control effort.
[component_container_isolated-1] [INFO] [1789458064.051011781] [robot1.controller_server]: Reached the goal!
[component_container_isolated-1] [INFO] [1789458064.088697937] [robot1.bt_navigator]: Goal succeeded
[component_container_isolated-1] [INFO] [1789458065.030105253] [robot1.bt_navigator]: Begin navigating from current location (-1.54, 0.27) to (-1.76, 0.25)
[component_container_isolated-1] [INFO] [1789458065.050665332] [robot1.controller_server]: Received a goal, begin computing control effort.
[component_container_isolated-1] [INFO] [1789458065.053560117] [robot1.controller_server]: Reached the goal!
[component_container_isolated-1] [INFO] [1789458065.090402017] [robot1.bt_navigator]: Goal succeeded
[component_container_isolated-1] [INFO] [1789458066.028535270] [robot1.bt_navigator]: Begin navigating from current location (-1.54, 0.27) to (-1.76, 0.25)
[component_container_isolated-1] [INFO] [1789458066.048914840] [robot1.controller_server]: Received a goal, begin computing control effort.
[component_container_isolated-1] [INFO] [1789458066.051806528] [robot1.controller_server]: Reached the goal!
[component_container_isolated-1] [INFO] [1789458066.088717369] [robot1.bt_navigator]: Goal succeeded
[component_container_isolated-1] [INFO] [1789458067.028763235] [robot1.bt_navigator]: Begin navigating from current location (-1.54, 0.27) to (-1.76, 0.25)
[component_container_isolated-1] [INFO] [1789458067.049143253] [robot1.controller_server]: Received a goal, begin computing control effort.
[component_container_isolated-1] [INFO] [1789458067.051143599] [robot1.controller_server]: Reached the goal!
[component_container_isolated-1] [INFO] [1789458067.089025530] [robot1.bt_navigator]: Goal succeeded
[component_container_isolated-1] [INFO] [1789458068.028780133] [robot1.bt_navigator]: Begin navigating from current location (-1.54, 0.27) to (-1.76, 0.25)
[component_container_isolated-1] [INFO] [1789458068.049204166] [robot1.controller_server]: Received a goal, begin computing control effort.
[component_container_isolated-1] [INFO] [1789458068.051592816] [robot1.controller_server]: Reached the goal!
[component_container_isolated-1] [INFO] [1789458068.089031386] [robot1.bt_navigator]: Goal succeeded
[component_container_isolated-1] [INFO] [1789458069.027798691] [robot1.bt_navigator]: Begin navigating from current location (-1.54, 0.27) to (-1.76, 0.25)
[component_container_isolated-1] [INFO] [1789458069.048264388] [robot1.controller_server]: Received a goal, begin computing control effort.
[component_container_isolated-1] [INFO] [1789458069.051219755] [robot1.controller_server]: Reached the goal!
[component_container_isolated-1] [INFO] [1789458069.088029230] [robot1.bt_navigator]: Goal succeeded
[component_container_isolated-1] [INFO] [1789458070.028480820] [robot1.bt_navigator]: Begin navigating from current location (-1.54, 0.27) to (-1.76, 0.25)
[component_container_isolated-1] [INFO] [1789458070.048886632] [robot1.controller_server]: Received a goal, begin computing control effort.
[component_container_isolated-1] [INFO] [1789458070.051786675] [robot1.controller_server]: Reached the goal!
[component_container_isolated-1] [INFO] [1789458070.088783047] [robot1.bt_navigator]: Goal succeeded
[component_container_isolated-1] [INFO] [1789458071.029167726] [robot1.bt_navigator]: Begin navigating from current location (-1.54, 0.27) to (-1.76, 0.25)
[component_container_isolated-1] [INFO] [1789458071.049646087] [robot1.controller_server]: Received a goal, begin computing control effort.
[component_container_isolated-1] [INFO] [1789458071.051837151] [robot1.controller_server]: Reached the goal!
[component_container_isolated-1] [INFO] [1789458071.089474824] [robot1.bt_navigator]: Goal succeeded
[component_container_isolated-1] [INFO] [1789458072.028844221] [robot1.bt_navigator]: Begin navigating from current location (-1.54, 0.27) to (-1.76, 0.25)
[component_container_isolated-1] [INFO] [1789458072.049320022] [robot1.controller_server]: Received a goal, begin computing control effort.
[component_container_isolated-1] [INFO] [1789458072.052061806] [robot1.controller_server]: Reached the goal!
[component_container_isolated-1] [INFO] [1789458072.089041128] [robot1.bt_navigator]: Goal succeeded
[component_container_isolated-1] [INFO] [1789458073.028326019] [robot1.bt_navigator]: Begin navigating from current location (-1.54, 0.27) to (-1.76, 0.25)
[component_container_isolated-1] [INFO] [1789458073.048904911] [robot1.controller_server]: Received a goal, begin computing control effort.
[component_container_isolated-1] [INFO] [1789458073.050972636] [robot1.controller_server]: Reached the goal!
[component_container_isolated-1] [INFO] [1789458073.088545643] [robot1.bt_navigator]: Goal succeeded
[component_container_isolated-1] [INFO] [1789458074.029245355] [robot1.bt_navigator]: Begin navigating from current location (-1.54, 0.27) to (-1.76, 0.25)
[component_container_isolated-1] [INFO] [1789458074.049792380] [robot1.controller_server]: Received a goal, begin computing control effort.
[component_container_isolated-1] [INFO] [1789458074.052664969] [robot1.controller_server]: Reached the goal!
[component_container_isolated-1] [INFO] [1789458074.089661764] [robot1.bt_navigator]: Goal succeeded
[component_container_isolated-1] [INFO] [1789458075.030208661] [robot1.bt_navigator]: Begin navigating from current location (-1.54, 0.27) to (-1.76, 0.25)
[component_container_isolated-1] [INFO] [1789458075.050581984] [robot1.controller_server]: Received a goal, begin computing control effort.
[component_container_isolated-1] [INFO] [1789458075.053193792] [robot1.controller_server]: Reached the goal!
[component_container_isolated-1] [INFO] [1789458075.090459498] [robot1.bt_navigator]: Goal succeeded
[component_container_isolated-1] [INFO] [1789458076.028219808] [robot1.bt_navigator]: Begin navigating from current location (-1.54, 0.27) to (-1.76, 0.25)
[component_container_isolated-1] [INFO] [1789458076.048657928] [robot1.controller_server]: Received a goal, begin computing control effort.
[component_container_isolated-1] [INFO] [1789458076.051525844] [robot1.controller_server]: Reached the goal!
[component_container_isolated-1] [INFO] [1789458076.088515024] [robot1.bt_navigator]: Goal succeeded
[component_container_isolated-1] [INFO] [1789458095.032598961] [robot1.bt_navigator]: Begin navigating from current location (-1.54, 0.26) to (-0.60, 3.53)
[component_container_isolated-1] [INFO] [1789458095.053037951] [robot1.controller_server]: Received a goal, begin computing control effort.
[component_container_isolated-1] [INFO] [1789458096.103248837] [robot1.controller_server]: Passing new path to controller.
[component_container_isolated-1] [INFO] [1789458096.696360849] [robot1.local_costmap.local_costmap]: StaticLayer: Resizing static layer to 202 X 351 at 0.050000 m/pix
[component_container_isolated-1] [INFO] [1789458096.949338630] [robot1.global_costmap.global_costmap]: StaticLayer: Resizing costmap to 202 X 351 at 0.050000 m/pix
[component_container_isolated-1] [INFO] [1789458097.153242019] [robot1.controller_server]: Passing new path to controller.
[component_container_isolated-1] [INFO] [1789458098.153240923] [robot1.controller_server]: Passing new path to controller.
[component_container_isolated-1] [INFO] [1789458099.203243167] [robot1.controller_server]: Passing new path to controller.
[component_container_isolated-1] [INFO] [1789458100.203223924] [robot1.controller_server]: Passing new path to controller.
[component_container_isolated-1] [INFO] [1789458101.253243609] [robot1.controller_server]: Passing new path to controller.
[component_container_isolated-1] [INFO] [1789458102.303226455] [robot1.controller_server]: Passing new path to controller.
[component_container_isolated-1] [INFO] [1789458103.303222997] [robot1.controller_server]: Passing new path to controller.
[component_container_isolated-1] [INFO] [1789458103.696289171] [robot1.local_costmap.local_costmap]: StaticLayer: Resizing static layer to 203 X 351 at 0.050000 m/pix
[component_container_isolated-1] [INFO] [1789458103.949296898] [robot1.global_costmap.global_costmap]: StaticLayer: Resizing costmap to 203 X 351 at 0.050000 m/pix
[component_container_isolated-1] [INFO] [1789458104.353302423] [robot1.controller_server]: Passing new path to controller.
[component_container_isolated-1] [INFO] [1789458105.353237636] [robot1.controller_server]: Passing new path to controller.
[component_container_isolated-1] [INFO] [1789458106.403244399] [robot1.controller_server]: Passing new path to controller.
[component_container_isolated-1] [INFO] [1789458107.453224149] [robot1.controller_server]: Passing new path to controller.
[component_container_isolated-1] [INFO] [1789458108.104999065] [robot1.controller_server]: Reached the goal!
[component_container_isolated-1] [INFO] [1789458108.142762798] [robot1.bt_navigator]: Goal succeeded
[component_container_isolated-1] [INFO] [1789458109.036461319] [robot1.bt_navigator]: Begin navigating from current location (-0.69, 3.34) to (-0.78, 3.67)
[component_container_isolated-1] [INFO] [1789458109.056885599] [robot1.controller_server]: Received a goal, begin computing control effort.
[component_container_isolated-1] [INFO] [1789458110.058825652] [robot1.controller_server]: Reached the goal!
[component_container_isolated-1] [INFO] [1789458110.076869787] [robot1.controller_server]: Received a goal, begin computing control effort.
[component_container_isolated-1] [INFO] [1789458110.079197370] [robot1.controller_server]: Reached the goal!
[component_container_isolated-1] [INFO] [1789458110.116607692] [robot1.bt_navigator]: Goal succeeded
[component_container_isolated-1] [INFO] [1789458111.030371983] [robot1.bt_navigator]: Begin navigating from current location (-0.68, 3.51) to (-0.73, 3.68)
[component_container_isolated-1] [INFO] [1789458111.050856428] [robot1.controller_server]: Received a goal, begin computing control effort.
[component_container_isolated-1] [INFO] [1789458111.052925519] [robot1.controller_server]: Reached the goal!
[component_container_isolated-1] [INFO] [1789458111.090600447] [robot1.bt_navigator]: Goal succeeded
[component_container_isolated-1] [INFO] [1789458112.030938742] [robot1.bt_navigator]: Begin navigating from current location (-0.68, 3.51) to (-0.73, 3.68)
[component_container_isolated-1] [INFO] [1789458112.051270711] [robot1.controller_server]: Received a goal, begin computing control effort.
[component_container_isolated-1] [INFO] [1789458112.054095971] [robot1.controller_server]: Reached the goal!
[component_container_isolated-1] [INFO] [1789458112.091221625] [robot1.bt_navigator]: Goal succeeded
[component_container_isolated-1] [INFO] [1789458113.031362026] [robot1.bt_navigator]: Begin navigating from current location (-0.70, 3.50) to (-0.75, 3.67)
[component_container_isolated-1] [INFO] [1789458113.051843026] [robot1.controller_server]: Received a goal, begin computing control effort.
[component_container_isolated-1] [INFO] [1789458113.054598810] [robot1.controller_server]: Reached the goal!
[component_container_isolated-1] [INFO] [1789458113.091757766] [robot1.bt_navigator]: Goal succeeded
[component_container_isolated-1] [INFO] [1789458114.031633515] [robot1.bt_navigator]: Begin navigating from current location (-0.70, 3.50) to (-0.75, 3.67)
[component_container_isolated-1] [INFO] [1789458114.051972721] [robot1.controller_server]: Received a goal, begin computing control effort.
[component_container_isolated-1] [INFO] [1789458114.053992396] [robot1.controller_server]: Reached the goal!
[component_container_isolated-1] [INFO] [1789458114.091840511] [robot1.bt_navigator]: Goal succeeded
[component_container_isolated-1] [INFO] [1789458115.028864281] [robot1.bt_navigator]: Begin navigating from current location (-0.70, 3.50) to (-0.75, 3.67)
[component_container_isolated-1] [INFO] [1789458115.049295616] [robot1.controller_server]: Received a goal, begin computing control effort.
[component_container_isolated-1] [INFO] [1789458115.051908468] [robot1.controller_server]: Reached the goal!
[component_container_isolated-1] [INFO] [1789458115.089167186] [robot1.bt_navigator]: Goal succeeded
[component_container_isolated-1] [INFO] [1789458116.030695912] [robot1.bt_navigator]: Begin navigating from current location (-0.70, 3.50) to (-0.75, 3.67)
[component_container_isolated-1] [INFO] [1789458116.051075061] [robot1.controller_server]: Received a goal, begin computing control effort.
[component_container_isolated-1] [INFO] [1789458116.053065881] [robot1.controller_server]: Reached the goal!
[component_container_isolated-1] [INFO] [1789458116.090894587] [robot1.bt_navigator]: Goal succeeded
[component_container_isolated-1] [INFO] [1789458117.032496921] [robot1.bt_navigator]: Begin navigating from current location (-0.70, 3.50) to (-0.75, 3.67)
[component_container_isolated-1] [INFO] [1789458117.052811885] [robot1.controller_server]: Received a goal, begin computing control effort.
[component_container_isolated-1] [INFO] [1789458117.055687917] [robot1.controller_server]: Reached the goal!
[component_container_isolated-1] [INFO] [1789458117.092797602] [robot1.bt_navigator]: Goal succeeded
[component_container_isolated-1] [INFO] [1789458118.033669853] [robot1.bt_navigator]: Begin navigating from current location (-0.70, 3.50) to (-0.75, 3.67)
[component_container_isolated-1] [INFO] [1789458118.054040350] [robot1.controller_server]: Received a goal, begin computing control effort.
[component_container_isolated-1] [INFO] [1789458118.057061390] [robot1.controller_server]: Reached the goal!
[component_container_isolated-1] [INFO] [1789458118.093861939] [robot1.bt_navigator]: Goal succeeded
[component_container_isolated-1] [INFO] [1789458119.031092701] [robot1.bt_navigator]: Begin navigating from current location (-0.70, 3.50) to (-0.75, 3.67)
[component_container_isolated-1] [INFO] [1789458119.051507875] [robot1.controller_server]: Received a goal, begin computing control effort.
[component_container_isolated-1] [INFO] [1789458119.054599143] [robot1.controller_server]: Reached the goal!
[component_container_isolated-1] [INFO] [1789458119.091378714] [robot1.bt_navigator]: Goal succeeded
[component_container_isolated-1] [INFO] [1789458120.035323227] [robot1.bt_navigator]: Begin navigating from current location (-0.70, 3.50) to (-0.75, 3.67)
[component_container_isolated-1] [INFO] [1789458120.055746721] [robot1.controller_server]: Received a goal, begin computing control effort.
[component_container_isolated-1] [INFO] [1789458120.058299703] [robot1.controller_server]: Reached the goal!
[component_container_isolated-1] [INFO] [1789458120.095491117] [robot1.bt_navigator]: Goal succeeded
[component_container_isolated-1] [INFO] [1789458121.030135744] [robot1.bt_navigator]: Begin navigating from current location (-0.70, 3.50) to (-0.75, 3.67)
[component_container_isolated-1] [INFO] [1789458121.050645248] [robot1.controller_server]: Received a goal, begin computing control effort.
[component_container_isolated-1] [INFO] [1789458121.053477072] [robot1.controller_server]: Reached the goal!
[component_container_isolated-1] [INFO] [1789458121.090464890] [robot1.bt_navigator]: Goal succeeded
[component_container_isolated-1] [INFO] [1789458122.030078820] [robot1.bt_navigator]: Begin navigating from current location (-0.70, 3.50) to (-0.75, 3.67)
[component_container_isolated-1] [INFO] [1789458122.050594313] [robot1.controller_server]: Received a goal, begin computing control effort.
[component_container_isolated-1] [INFO] [1789458122.053223465] [robot1.controller_server]: Reached the goal!
[component_container_isolated-1] [INFO] [1789458122.090314678] [robot1.bt_navigator]: Goal succeeded
[component_container_isolated-1] [INFO] [1789458123.030475476] [robot1.bt_navigator]: Begin navigating from current location (-0.70, 3.50) to (-0.75, 3.67)
[component_container_isolated-1] [INFO] [1789458123.050908646] [robot1.controller_server]: Received a goal, begin computing control effort.
[component_container_isolated-1] [INFO] [1789458123.053791131] [robot1.controller_server]: Reached the goal!
[component_container_isolated-1] [INFO] [1789458123.090691374] [robot1.bt_navigator]: Goal succeeded
[component_container_isolated-1] [INFO] [1789458124.029560561] [robot1.bt_navigator]: Begin navigating from current location (-0.70, 3.50) to (-0.75, 3.67)
[component_container_isolated-1] [INFO] [1789458124.049940744] [robot1.controller_server]: Received a goal, begin computing control effort.
[component_container_isolated-1] [INFO] [1789458124.052047093] [robot1.controller_server]: Reached the goal!
[component_container_isolated-1] [INFO] [1789458124.089843344] [robot1.bt_navigator]: Goal succeeded
[component_container_isolated-1] [INFO] [1789458125.029700992] [robot1.bt_navigator]: Begin navigating from current location (-0.70, 3.50) to (-0.75, 3.67)
[component_container_isolated-1] [INFO] [1789458125.050120951] [robot1.controller_server]: Received a goal, begin computing control effort.
[component_container_isolated-1] [INFO] [1789458125.052983599] [robot1.controller_server]: Reached the goal!
[component_container_isolated-1] [INFO] [1789458125.089961183] [robot1.bt_navigator]: Goal succeeded
[component_container_isolated-1] [INFO] [1789458126.029148174] [robot1.bt_navigator]: Begin navigating from current location (-0.70, 3.50) to (-0.75, 3.67)
[component_container_isolated-1] [INFO] [1789458126.049569262] [robot1.controller_server]: Received a goal, begin computing control effort.
[component_container_isolated-1] [INFO] [1789458126.051808636] [robot1.controller_server]: Reached the goal!
[component_container_isolated-1] [INFO] [1789458126.089389718] [robot1.bt_navigator]: Goal succeeded
[component_container_isolated-1] [INFO] [1789458127.030506403] [robot1.bt_navigator]: Begin navigating from current location (-0.70, 3.50) to (-0.75, 3.67)
[component_container_isolated-1] [INFO] [1789458127.051025009] [robot1.controller_server]: Received a goal, begin computing control effort.
[component_container_isolated-1] [INFO] [1789458127.053053690] [robot1.controller_server]: Reached the goal!
[component_container_isolated-1] [INFO] [1789458127.090826976] [robot1.bt_navigator]: Goal succeeded
[component_container_isolated-1] [INFO] [1789458128.031832662] [robot1.bt_navigator]: Begin navigating from current location (-0.70, 3.50) to (-0.75, 3.67)
[component_container_isolated-1] [INFO] [1789458128.052266735] [robot1.controller_server]: Received a goal, begin computing control effort.
[component_container_isolated-1] [INFO] [1789458128.054219799] [robot1.controller_server]: Reached the goal!
[component_container_isolated-1] [INFO] [1789458128.092051301] [robot1.bt_navigator]: Goal succeeded
[component_container_isolated-1] [INFO] [1789458129.030798128] [robot1.bt_navigator]: Begin navigating from current location (-0.70, 3.50) to (-0.75, 3.67)
[component_container_isolated-1] [INFO] [1789458129.051351547] [robot1.controller_server]: Received a goal, begin computing control effort.
[component_container_isolated-1] [INFO] [1789458129.053281220] [robot1.controller_server]: Reached the goal!
[component_container_isolated-1] [INFO] [1789458129.091115308] [robot1.bt_navigator]: Goal succeeded
[component_container_isolated-1] [INFO] [1789458130.033414638] [robot1.bt_navigator]: Begin navigating from current location (-0.70, 3.50) to (-0.75, 3.67)
[component_container_isolated-1] [INFO] [1789458130.053751473] [robot1.controller_server]: Received a goal, begin computing control effort.
[component_container_isolated-1] [INFO] [1789458130.056620106] [robot1.controller_server]: Reached the goal!
[component_container_isolated-1] [INFO] [1789458130.093694429] [robot1.bt_navigator]: Goal succeeded
[component_container_isolated-1] [INFO] [1789458131.031510129] [robot1.bt_navigator]: Begin navigating from current location (-0.70, 3.50) to (-0.75, 3.67)
[component_container_isolated-1] [INFO] [1789458131.051859869] [robot1.controller_server]: Received a goal, begin computing control effort.
[component_container_isolated-1] [INFO] [1789458131.054707881] [robot1.controller_server]: Reached the goal!
[component_container_isolated-1] [INFO] [1789458131.091808044] [robot1.bt_navigator]: Goal succeeded
[component_container_isolated-1] [INFO] [1789458132.032012849] [robot1.bt_navigator]: Begin navigating from current location (-0.70, 3.50) to (-0.75, 3.67)
[component_container_isolated-1] [INFO] [1789458132.052444548] [robot1.controller_server]: Received a goal, begin computing control effort.
[component_container_isolated-1] [INFO] [1789458132.054319656] [robot1.controller_server]: Reached the goal!
[component_container_isolated-1] [INFO] [1789458132.092205249] [robot1.bt_navigator]: Goal succeeded
[component_container_isolated-1] [INFO] [1789458133.032979149] [robot1.bt_navigator]: Begin navigating from current location (-0.70, 3.50) to (-0.75, 3.67)
[component_container_isolated-1] [INFO] [1789458133.053372571] [robot1.controller_server]: Received a goal, begin computing control effort.
[component_container_isolated-1] [INFO] [1789458133.055598098] [robot1.controller_server]: Reached the goal!
[component_container_isolated-1] [INFO] [1789458133.093285265] [robot1.bt_navigator]: Goal succeeded
[component_container_isolated-1] [INFO] [1789458134.030789038] [robot1.bt_navigator]: Begin navigating from current location (-0.70, 3.50) to (-0.75, 3.67)
[component_container_isolated-1] [INFO] [1789458134.051172957] [robot1.controller_server]: Received a goal, begin computing control effort.
[component_container_isolated-1] [INFO] [1789458134.054001524] [robot1.controller_server]: Reached the goal!
[component_container_isolated-1] [INFO] [1789458134.091043198] [robot1.bt_navigator]: Goal succeeded
[component_container_isolated-1] [INFO] [1789458135.032653463] [robot1.bt_navigator]: Begin navigating from current location (-0.70, 3.50) to (-0.75, 3.67)
[component_container_isolated-1] [INFO] [1789458135.053119945] [robot1.controller_server]: Received a goal, begin computing control effort.
[component_container_isolated-1] [INFO] [1789458135.055968038] [robot1.controller_server]: Reached the goal!
[component_container_isolated-1] [INFO] [1789458135.092991808] [robot1.bt_navigator]: Goal succeeded
[component_container_isolated-1] [INFO] [1789458136.029909842] [robot1.bt_navigator]: Begin navigating from current location (-0.70, 3.50) to (-0.75, 3.67)
[component_container_isolated-1] [INFO] [1789458136.050443110] [robot1.controller_server]: Received a goal, begin computing control effort.
[component_container_isolated-1] [INFO] [1789458136.052759164] [robot1.controller_server]: Reached the goal!
[component_container_isolated-1] [INFO] [1789458136.090165756] [robot1.bt_navigator]: Goal succeeded
[component_container_isolated-1] [INFO] [1789458137.030060881] [robot1.bt_navigator]: Begin navigating from current location (-0.70, 3.50) to (-0.75, 3.67)
[component_container_isolated-1] [INFO] [1789458137.050486468] [robot1.controller_server]: Received a goal, begin computing control effort.
[component_container_isolated-1] [INFO] [1789458137.052444622] [robot1.controller_server]: Reached the goal!
[component_container_isolated-1] [INFO] [1789458137.090237083] [robot1.bt_navigator]: Goal succeeded
[component_container_isolated-1] [INFO] [1789458138.031522787] [robot1.bt_navigator]: Begin navigating from current location (-0.70, 3.50) to (-0.75, 3.67)
[component_container_isolated-1] [INFO] [1789458138.051853289] [robot1.controller_server]: Received a goal, begin computing control effort.
[component_container_isolated-1] [INFO] [1789458138.054825754] [robot1.controller_server]: Reached the goal!
[component_container_isolated-1] [INFO] [1789458138.091769769] [robot1.bt_navigator]: Goal succeeded
[component_container_isolated-1] [INFO] [1789458139.030811628] [robot1.bt_navigator]: Begin navigating from current location (-0.70, 3.50) to (-0.75, 3.67)
[component_container_isolated-1] [INFO] [1789458139.051222575] [robot1.controller_server]: Received a goal, begin computing control effort.
[component_container_isolated-1] [INFO] [1789458139.053222484] [robot1.controller_server]: Reached the goal!
[component_container_isolated-1] [INFO] [1789458139.091133197] [robot1.bt_navigator]: Goal succeeded
[component_container_isolated-1] [INFO] [1789458140.030495791] [robot1.bt_navigator]: Begin navigating from current location (-0.70, 3.50) to (-0.75, 3.67)
[component_container_isolated-1] [INFO] [1789458140.050826882] [robot1.controller_server]: Received a goal, begin computing control effort.
[component_container_isolated-1] [ERROR] [1789458140.052922461] [tf_help]: Transform data too old when converting from map to odom
[component_container_isolated-1] [ERROR] [1789458140.052949141] [tf_help]: Data time: 1789458140s 30830630ns, Transform time: 1789458139s 544089464ns
[component_container_isolated-1] [ERROR] [1789458140.102737491] [tf_help]: Transform data too old when converting from map to odom
[component_container_isolated-1] [ERROR] [1789458140.102761644] [tf_help]: Data time: 1789458140s 30830630ns, Transform time: 1789458139s 544089464ns
[component_container_isolated-1] [ERROR] [1789458140.152782963] [tf_help]: Transform data too old when converting from map to odom
[component_container_isolated-1] [ERROR] [1789458140.152808007] [tf_help]: Data time: 1789458140s 30830630ns, Transform time: 1789458139s 544089464ns
[component_container_isolated-1] [ERROR] [1789458140.202763645] [tf_help]: Transform data too old when converting from map to odom
[component_container_isolated-1] [ERROR] [1789458140.202787245] [tf_help]: Data time: 1789458140s 30830630ns, Transform time: 1789458139s 544089464ns
[component_container_isolated-1] [ERROR] [1789458140.253702939] [tf_help]: Transform data too old when converting from map to odom
[component_container_isolated-1] [ERROR] [1789458140.253731698] [tf_help]: Data time: 1789458140s 30830630ns, Transform time: 1789458139s 544089464ns
[component_container_isolated-1] [ERROR] [1789458140.302743242] [tf_help]: Transform data too old when converting from map to odom
[component_container_isolated-1] [ERROR] [1789458140.302766592] [tf_help]: Data time: 1789458140s 30830630ns, Transform time: 1789458139s 544089464ns
[component_container_isolated-1] [ERROR] [1789458140.352734248] [tf_help]: Transform data too old when converting from map to odom
[component_container_isolated-1] [ERROR] [1789458140.352754185] [tf_help]: Data time: 1789458140s 30830630ns, Transform time: 1789458139s 544089464ns
[component_container_isolated-1] [ERROR] [1789458140.402748563] [tf_help]: Transform data too old when converting from map to odom
[component_container_isolated-1] [ERROR] [1789458140.402773847] [tf_help]: Data time: 1789458140s 30830630ns, Transform time: 1789458139s 544089464ns
[component_container_isolated-1] [ERROR] [1789458140.452734288] [tf_help]: Transform data too old when converting from map to odom
[component_container_isolated-1] [ERROR] [1789458140.452757074] [tf_help]: Data time: 1789458140s 30830630ns, Transform time: 1789458139s 544089464ns
[component_container_isolated-1] [ERROR] [1789458140.502764590] [tf_help]: Transform data too old when converting from map to odom
[component_container_isolated-1] [ERROR] [1789458140.502790799] [tf_help]: Data time: 1789458140s 30830630ns, Transform time: 1789458139s 544089464ns
[component_container_isolated-1] [ERROR] [1789458140.553932563] [tf_help]: Transform data too old when converting from map to odom
[component_container_isolated-1] [ERROR] [1789458140.553962073] [tf_help]: Data time: 1789458140s 30830630ns, Transform time: 1789458139s 544089464ns
[component_container_isolated-1] [ERROR] [1789458140.602782492] [tf_help]: Transform data too old when converting from map to odom
[component_container_isolated-1] [ERROR] [1789458140.602806931] [tf_help]: Data time: 1789458140s 30830630ns, Transform time: 1789458139s 544089464ns
[component_container_isolated-1] [ERROR] [1789458140.652737415] [tf_help]: Transform data too old when converting from map to odom
[component_container_isolated-1] [ERROR] [1789458140.652756734] [tf_help]: Data time: 1789458140s 30830630ns, Transform time: 1789458139s 544089464ns
[component_container_isolated-1] [ERROR] [1789458140.702719291] [tf_help]: Transform data too old when converting from map to odom
[component_container_isolated-1] [ERROR] [1789458140.702745804] [tf_help]: Data time: 1789458140s 30830630ns, Transform time: 1789458139s 544089464ns
[component_container_isolated-1] [ERROR] [1789458140.752748398] [tf_help]: Transform data too old when converting from map to odom
[component_container_isolated-1] [ERROR] [1789458140.752783124] [tf_help]: Data time: 1789458140s 30830630ns, Transform time: 1789458139s 544089464ns
[component_container_isolated-1] [ERROR] [1789458140.802857770] [tf_help]: Transform data too old when converting from map to odom
[component_container_isolated-1] [ERROR] [1789458140.802880476] [tf_help]: Data time: 1789458140s 30830630ns, Transform time: 1789458139s 544089464ns
[component_container_isolated-1] [ERROR] [1789458140.852743444] [tf_help]: Transform data too old when converting from map to odom
[component_container_isolated-1] [ERROR] [1789458140.852763185] [tf_help]: Data time: 1789458140s 30830630ns, Transform time: 1789458139s 544089464ns
[component_container_isolated-1] [ERROR] [1789458140.902709330] [tf_help]: Transform data too old when converting from map to odom
[component_container_isolated-1] [ERROR] [1789458140.902729189] [tf_help]: Data time: 1789458140s 30830630ns, Transform time: 1789458139s 544089464ns
[component_container_isolated-1] [ERROR] [1789458140.952784844] [tf_help]: Transform data too old when converting from map to odom
[component_container_isolated-1] [ERROR] [1789458140.952805946] [tf_help]: Data time: 1789458140s 30830630ns, Transform time: 1789458139s 544089464ns
[component_container_isolated-1] [INFO] [1789458141.002779425] [robot1.controller_server]: Reached the goal!
[component_container_isolated-1] [INFO] [1789458141.040665272] [robot1.bt_navigator]: Goal succeeded
[component_container_isolated-1] [INFO] [1789458142.029843925] [robot1.bt_navigator]: Begin navigating from current location (-0.70, 3.50) to (-0.75, 3.67)
[component_container_isolated-1] [INFO] [1789458142.050433080] [robot1.controller_server]: Received a goal, begin computing control effort.
[component_container_isolated-1] [ERROR] [1789458142.052698189] [tf_help]: Transform data too old when converting from map to odom
[component_container_isolated-1] [ERROR] [1789458142.052722021] [tf_help]: Data time: 1789458142s 30054641ns, Transform time: 1789458139s 937349520ns
[component_container_isolated-1] [ERROR] [1789458142.102356918] [tf_help]: Transform data too old when converting from map to odom
[component_container_isolated-1] [ERROR] [1789458142.102376011] [tf_help]: Data time: 1789458142s 30054641ns, Transform time: 1789458139s 937349520ns
[component_container_isolated-1] [ERROR] [1789458142.152833761] [tf_help]: Transform data too old when converting from map to odom
[component_container_isolated-1] [ERROR] [1789458142.152857239] [tf_help]: Data time: 1789458142s 30054641ns, Transform time: 1789458139s 937349520ns
[component_container_isolated-1] [ERROR] [1789458142.202458180] [tf_help]: Transform data too old when converting from map to odom
[component_container_isolated-1] [ERROR] [1789458142.202484346] [tf_help]: Data time: 1789458142s 30054641ns, Transform time: 1789458139s 937349520ns
[component_container_isolated-1] [ERROR] [1789458142.252424755] [tf_help]: Transform data too old when converting from map to odom
[component_container_isolated-1] [ERROR] [1789458142.252448092] [tf_help]: Data time: 1789458142s 30054641ns, Transform time: 1789458139s 937349520ns
[component_container_isolated-1] [ERROR] [1789458142.302514535] [tf_help]: Transform data too old when converting from map to odom
[component_container_isolated-1] [ERROR] [1789458142.302545330] [tf_help]: Data time: 1789458142s 30054641ns, Transform time: 1789458139s 937349520ns
[component_container_isolated-1] [ERROR] [1789458142.352508589] [tf_help]: Transform data too old when converting from map to odom
[component_container_isolated-1] [ERROR] [1789458142.352526565] [tf_help]: Data time: 1789458142s 30054641ns, Transform time: 1789458139s 937349520ns
[component_container_isolated-1] [ERROR] [1789458142.402459570] [tf_help]: Transform data too old when converting from map to odom
[component_container_isolated-1] [ERROR] [1789458142.402484426] [tf_help]: Data time: 1789458142s 30054641ns, Transform time: 1789458139s 937349520ns
[component_container_isolated-1] [ERROR] [1789458142.452422531] [tf_help]: Transform data too old when converting from map to odom
[component_container_isolated-1] [ERROR] [1789458142.452444003] [tf_help]: Data time: 1789458142s 30054641ns, Transform time: 1789458139s 937349520ns
[component_container_isolated-1] [ERROR] [1789458142.502418150] [tf_help]: Transform data too old when converting from map to odom
[component_container_isolated-1] [ERROR] [1789458142.502443458] [tf_help]: Data time: 1789458142s 30054641ns, Transform time: 1789458139s 937349520ns
[component_container_isolated-1] [ERROR] [1789458142.552458499] [tf_help]: Transform data too old when converting from map to odom
[component_container_isolated-1] [ERROR] [1789458142.552484188] [tf_help]: Data time: 1789458142s 30054641ns, Transform time: 1789458139s 937349520ns
[component_container_isolated-1] [ERROR] [1789458142.602391069] [tf_help]: Transform data too old when converting from map to odom
[component_container_isolated-1] [ERROR] [1789458142.602416428] [tf_help]: Data time: 1789458142s 30054641ns, Transform time: 1789458139s 937349520ns
[component_container_isolated-1] [ERROR] [1789458142.652419985] [tf_help]: Transform data too old when converting from map to odom
[component_container_isolated-1] [ERROR] [1789458142.652443413] [tf_help]: Data time: 1789458142s 30054641ns, Transform time: 1789458139s 937349520ns
[component_container_isolated-1] [ERROR] [1789458142.702354992] [tf_help]: Transform data too old when converting from map to odom
[component_container_isolated-1] [ERROR] [1789458142.702373562] [tf_help]: Data time: 1789458142s 30054641ns, Transform time: 1789458139s 937349520ns
[component_container_isolated-1] [ERROR] [1789458142.753498975] [tf_help]: Transform data too old when converting from map to odom
[component_container_isolated-1] [ERROR] [1789458142.753537238] [tf_help]: Data time: 1789458142s 30054641ns, Transform time: 1789458139s 937349520ns
[component_container_isolated-1] [ERROR] [1789458142.803429234] [tf_help]: Transform data too old when converting from map to odom
[component_container_isolated-1] [ERROR] [1789458142.803460843] [tf_help]: Data time: 1789458142s 30054641ns, Transform time: 1789458139s 937349520ns
[component_container_isolated-1] [ERROR] [1789458142.853181225] [tf_help]: Transform data too old when converting from map to odom
[component_container_isolated-1] [ERROR] [1789458142.853211344] [tf_help]: Data time: 1789458142s 30054641ns, Transform time: 1789458139s 937349520ns
[component_container_isolated-1] [ERROR] [1789458142.902379987] [tf_help]: Transform data too old when converting from map to odom
[component_container_isolated-1] [ERROR] [1789458142.902405837] [tf_help]: Data time: 1789458142s 30054641ns, Transform time: 1789458139s 937349520ns
[component_container_isolated-1] [ERROR] [1789458142.952363798] [tf_help]: Transform data too old when converting from map to odom
[component_container_isolated-1] [ERROR] [1789458142.952381922] [tf_help]: Data time: 1789458142s 30054641ns, Transform time: 1789458139s 937349520ns
[component_container_isolated-1] [ERROR] [1789458143.002388494] [tf_help]: Transform data too old when converting from map to odom
[component_container_isolated-1] [ERROR] [1789458143.002411526] [tf_help]: Data time: 1789458142s 30054641ns, Transform time: 1789458139s 937349520ns
[component_container_isolated-1] [ERROR] [1789458143.052463882] [tf_help]: Transform data too old when converting from map to odom
[component_container_isolated-1] [ERROR] [1789458143.052483860] [tf_help]: Data time: 1789458142s 30054641ns, Transform time: 1789458139s 937349520ns
[component_container_isolated-1] [INFO] [1789458143.100627338] [robot1.controller_server]: Passing new path to controller.
[component_container_isolated-1] [ERROR] [1789458143.103414317] [tf_help]: Transform data too old when converting from map to odom
[component_container_isolated-1] [ERROR] [1789458143.103434353] [tf_help]: Data time: 1789458143s 60202571ns, Transform time: 1789458139s 937349520ns
[component_container_isolated-1] [ERROR] [1789458143.152395938] [tf_help]: Transform data too old when converting from map to odom
[component_container_isolated-1] [ERROR] [1789458143.152420854] [tf_help]: Data time: 1789458143s 60202571ns, Transform time: 1789458139s 937349520ns
[component_container_isolated-1] [ERROR] [1789458143.202397105] [tf_help]: Transform data too old when converting from map to odom
[component_container_isolated-1] [ERROR] [1789458143.202421574] [tf_help]: Data time: 1789458143s 60202571ns, Transform time: 1789458139s 937349520ns
[component_container_isolated-1] [ERROR] [1789458143.252388631] [tf_help]: Transform data too old when converting from map to odom
[component_container_isolated-1] [ERROR] [1789458143.252406827] [tf_help]: Data time: 1789458143s 60202571ns, Transform time: 1789458139s 937349520ns
[component_container_isolated-1] [ERROR] [1789458143.302353491] [tf_help]: Transform data too old when converting from map to odom
[component_container_isolated-1] [ERROR] [1789458143.302372482] [tf_help]: Data time: 1789458143s 60202571ns, Transform time: 1789458139s 937349520ns
[component_container_isolated-1] [ERROR] [1789458143.352367936] [tf_help]: Transform data too old when converting from map to odom
[component_container_isolated-1] [ERROR] [1789458143.352391731] [tf_help]: Data time: 1789458143s 60202571ns, Transform time: 1789458139s 937349520ns
[component_container_isolated-1] [ERROR] [1789458143.402428646] [tf_help]: Transform data too old when converting from map to odom
[component_container_isolated-1] [ERROR] [1789458143.402451120] [tf_help]: Data time: 1789458143s 60202571ns, Transform time: 1789458139s 937349520ns
[component_container_isolated-1] [ERROR] [1789458143.452507355] [tf_help]: Transform data too old when converting from map to odom
[component_container_isolated-1] [ERROR] [1789458143.452530969] [tf_help]: Data time: 1789458143s 60202571ns, Transform time: 1789458139s 937349520ns
[component_container_isolated-1] [ERROR] [1789458143.502458122] [tf_help]: Transform data too old when converting from map to odom
[component_container_isolated-1] [ERROR] [1789458143.502481689] [tf_help]: Data time: 1789458143s 60202571ns, Transform time: 1789458139s 937349520ns
[component_container_isolated-1] [ERROR] [1789458143.553189125] [tf_help]: Transform data too old when converting from map to odom
[component_container_isolated-1] [ERROR] [1789458143.553213286] [tf_help]: Data time: 1789458143s 60202571ns, Transform time: 1789458139s 937349520ns
[component_container_isolated-1] [ERROR] [1789458143.602378368] [tf_help]: Transform data too old when converting from map to odom
[component_container_isolated-1] [ERROR] [1789458143.602407176] [tf_help]: Data time: 1789458143s 60202571ns, Transform time: 1789458139s 937349520ns
[component_container_isolated-1] [ERROR] [1789458143.652401464] [tf_help]: Transform data too old when converting from map to odom
[component_container_isolated-1] [ERROR] [1789458143.652424684] [tf_help]: Data time: 1789458143s 60202571ns, Transform time: 1789458139s 937349520ns
[component_container_isolated-1] [ERROR] [1789458143.702367829] [tf_help]: Transform data too old when converting from map to odom
[component_container_isolated-1] [ERROR] [1789458143.702387093] [tf_help]: Data time: 1789458143s 60202571ns, Transform time: 1789458139s 937349520ns
[component_container_isolated-1] [ERROR] [1789458143.752445567] [tf_help]: Transform data too old when converting from map to odom
[component_container_isolated-1] [ERROR] [1789458143.752466133] [tf_help]: Data time: 1789458143s 60202571ns, Transform time: 1789458139s 937349520ns
[component_container_isolated-1] [ERROR] [1789458143.802412916] [tf_help]: Transform data too old when converting from map to odom
[component_container_isolated-1] [ERROR] [1789458143.802437158] [tf_help]: Data time: 1789458143s 60202571ns, Transform time: 1789458139s 937349520ns
[component_container_isolated-1] [ERROR] [1789458143.852380803] [tf_help]: Transform data too old when converting from map to odom
[component_container_isolated-1] [ERROR] [1789458143.852402706] [tf_help]: Data time: 1789458143s 60202571ns, Transform time: 1789458139s 937349520ns
[component_container_isolated-1] [ERROR] [1789458143.903173847] [tf_help]: Transform data too old when converting from map to odom
[component_container_isolated-1] [ERROR] [1789458143.903201782] [tf_help]: Data time: 1789458143s 60202571ns, Transform time: 1789458139s 937349520ns
[component_container_isolated-1] [ERROR] [1789458143.952386067] [tf_help]: Transform data too old when converting from map to odom
[component_container_isolated-1] [ERROR] [1789458143.952410068] [tf_help]: Data time: 1789458143s 60202571ns, Transform time: 1789458139s 937349520ns
[component_container_isolated-1] [ERROR] [1789458144.002421290] [tf_help]: Transform data too old when converting from map to odom
[component_container_isolated-1] [ERROR] [1789458144.002450093] [tf_help]: Data time: 1789458143s 60202571ns, Transform time: 1789458139s 937349520ns
[component_container_isolated-1] [ERROR] [1789458144.052396867] [tf_help]: Transform data too old when converting from map to odom
[component_container_isolated-1] [ERROR] [1789458144.052419344] [tf_help]: Data time: 1789458143s 60202571ns, Transform time: 1789458139s 937349520ns
[component_container_isolated-1] [ERROR] [1789458144.102381887] [tf_help]: Transform data too old when converting from map to odom
[component_container_isolated-1] [ERROR] [1789458144.102406002] [tf_help]: Data time: 1789458143s 60202571ns, Transform time: 1789458139s 937349520ns
[component_container_isolated-1] [INFO] [1789458144.150628507] [robot1.controller_server]: Passing new path to controller.
[component_container_isolated-1] [ERROR] [1789458144.152890846] [tf_help]: Transform data too old when converting from map to odom
[component_container_isolated-1] [ERROR] [1789458144.152909032] [tf_help]: Data time: 1789458144s 90232096ns, Transform time: 1789458139s 937349520ns
[component_container_isolated-1] [ERROR] [1789458144.202399657] [tf_help]: Transform data too old when converting from map to odom
[component_container_isolated-1] [ERROR] [1789458144.202422047] [tf_help]: Data time: 1789458144s 90232096ns, Transform time: 1789458139s 937349520ns
[component_container_isolated-1] [ERROR] [1789458144.252431550] [tf_help]: Transform data too old when converting from map to odom
[component_container_isolated-1] [ERROR] [1789458144.252456011] [tf_help]: Data time: 1789458144s 90232096ns, Transform time: 1789458139s 937349520ns
[component_container_isolated-1] [ERROR] [1789458144.302407356] [tf_help]: Transform data too old when converting from map to odom
[component_container_isolated-1] [ERROR] [1789458144.302432455] [tf_help]: Data time: 1789458144s 90232096ns, Transform time: 1789458139s 937349520ns
[component_container_isolated-1] [ERROR] [1789458144.352466057] [tf_help]: Transform data too old when converting from map to odom
[component_container_isolated-1] [ERROR] [1789458144.352492613] [tf_help]: Data time: 1789458144s 90232096ns, Transform time: 1789458139s 937349520ns
[component_container_isolated-1] [ERROR] [1789458144.402430371] [tf_help]: Transform data too old when converting from map to odom
[component_container_isolated-1] [ERROR] [1789458144.402455682] [tf_help]: Data time: 1789458144s 90232096ns, Transform time: 1789458139s 937349520ns
[component_container_isolated-1] [ERROR] [1789458144.452389340] [tf_help]: Transform data too old when converting from map to odom
[component_container_isolated-1] [ERROR] [1789458144.452457631] [tf_help]: Data time: 1789458144s 90232096ns, Transform time: 1789458139s 937349520ns
[component_container_isolated-1] [ERROR] [1789458144.502411777] [tf_help]: Transform data too old when converting from map to odom
[component_container_isolated-1] [ERROR] [1789458144.502432494] [tf_help]: Data time: 1789458144s 90232096ns, Transform time: 1789458139s 937349520ns
[component_container_isolated-1] [ERROR] [1789458144.552380875] [tf_help]: Transform data too old when converting from map to odom
[component_container_isolated-1] [ERROR] [1789458144.552403579] [tf_help]: Data time: 1789458144s 90232096ns, Transform time: 1789458139s 937349520ns
[component_container_isolated-1] [ERROR] [1789458144.602491928] [tf_help]: Transform data too old when converting from map to odom
[component_container_isolated-1] [ERROR] [1789458144.602515863] [tf_help]: Data time: 1789458144s 90232096ns, Transform time: 1789458139s 937349520ns
[component_container_isolated-1] [ERROR] [1789458144.652388314] [tf_help]: Transform data too old when converting from map to odom
[component_container_isolated-1] [ERROR] [1789458144.652411251] [tf_help]: Data time: 1789458144s 90232096ns, Transform time: 1789458139s 937349520ns
[component_container_isolated-1] [ERROR] [1789458144.702433890] [tf_help]: Transform data too old when converting from map to odom
[component_container_isolated-1] [ERROR] [1789458144.702460183] [tf_help]: Data time: 1789458144s 90232096ns, Transform time: 1789458139s 937349520ns
[component_container_isolated-1] [ERROR] [1789458144.752412080] [tf_help]: Transform data too old when converting from map to odom
[component_container_isolated-1] [ERROR] [1789458144.752434525] [tf_help]: Data time: 1789458144s 90232096ns, Transform time: 1789458139s 937349520ns
[component_container_isolated-1] [ERROR] [1789458144.802387024] [tf_help]: Transform data too old when converting from map to odom
[component_container_isolated-1] [ERROR] [1789458144.802408101] [tf_help]: Data time: 1789458144s 90232096ns, Transform time: 1789458139s 937349520ns
[component_container_isolated-1] [ERROR] [1789458144.852496496] [tf_help]: Transform data too old when converting from map to odom
[component_container_isolated-1] [ERROR] [1789458144.852517699] [tf_help]: Data time: 1789458144s 90232096ns, Transform time: 1789458139s 937349520ns
[component_container_isolated-1] [ERROR] [1789458144.902390766] [tf_help]: Transform data too old when converting from map to odom
[component_container_isolated-1] [ERROR] [1789458144.902413309] [tf_help]: Data time: 1789458144s 90232096ns, Transform time: 1789458139s 937349520ns
[component_container_isolated-1] [ERROR] [1789458144.952371417] [tf_help]: Transform data too old when converting from map to odom
[component_container_isolated-1] [ERROR] [1789458144.952392899] [tf_help]: Data time: 1789458144s 90232096ns, Transform time: 1789458139s 937349520ns
[component_container_isolated-1] [ERROR] [1789458145.002401725] [tf_help]: Transform data too old when converting from map to odom
[component_container_isolated-1] [ERROR] [1789458145.002430301] [tf_help]: Data time: 1789458144s 90232096ns, Transform time: 1789458139s 937349520ns
[component_container_isolated-1] [ERROR] [1789458145.052617597] [tf_help]: Transform data too old when converting from map to odom
[component_container_isolated-1] [ERROR] [1789458145.052639106] [tf_help]: Data time: 1789458144s 90232096ns, Transform time: 1789458139s 937349520ns
[component_container_isolated-1] [ERROR] [1789458145.102350171] [tf_help]: Transform data too old when converting from map to odom
[component_container_isolated-1] [ERROR] [1789458145.102372563] [tf_help]: Data time: 1789458144s 90232096ns, Transform time: 1789458139s 937349520ns
[component_container_isolated-1] [INFO] [1789458145.150601703] [robot1.controller_server]: Passing new path to controller.
[component_container_isolated-1] [ERROR] [1789458145.152502882] [tf_help]: Transform data too old when converting from map to odom
[component_container_isolated-1] [ERROR] [1789458145.152516822] [tf_help]: Data time: 1789458145s 120295229ns, Transform time: 1789458139s 937349520ns
[component_container_isolated-1] [ERROR] [1789458145.202378631] [tf_help]: Transform data too old when converting from map to odom
[component_container_isolated-1] [ERROR] [1789458145.202398680] [tf_help]: Data time: 1789458145s 120295229ns, Transform time: 1789458139s 937349520ns
[component_container_isolated-1] [ERROR] [1789458145.252398458] [tf_help]: Transform data too old when converting from map to odom
[component_container_isolated-1] [ERROR] [1789458145.252422679] [tf_help]: Data time: 1789458145s 120295229ns, Transform time: 1789458139s 937349520ns
[component_container_isolated-1] [ERROR] [1789458145.302431257] [tf_help]: Transform data too old when converting from map to odom
[component_container_isolated-1] [ERROR] [1789458145.302454370] [tf_help]: Data time: 1789458145s 120295229ns, Transform time: 1789458139s 937349520ns
[component_container_isolated-1] [ERROR] [1789458145.352448126] [tf_help]: Transform data too old when converting from map to odom
[component_container_isolated-1] [ERROR] [1789458145.352469130] [tf_help]: Data time: 1789458145s 120295229ns, Transform time: 1789458139s 937349520ns
[component_container_isolated-1] [ERROR] [1789458145.402377336] [tf_help]: Transform data too old when converting from map to odom
[component_container_isolated-1] [ERROR] [1789458145.402398833] [tf_help]: Data time: 1789458145s 120295229ns, Transform time: 1789458139s 937349520ns
[component_container_isolated-1] [ERROR] [1789458145.452422806] [tf_help]: Transform data too old when converting from map to odom
[component_container_isolated-1] [ERROR] [1789458145.452444161] [tf_help]: Data time: 1789458145s 120295229ns, Transform time: 1789458139s 937349520ns
[component_container_isolated-1] [ERROR] [1789458145.502420306] [tf_help]: Transform data too old when converting from map to odom
[component_container_isolated-1] [ERROR] [1789458145.502443228] [tf_help]: Data time: 1789458145s 120295229ns, Transform time: 1789458139s 937349520ns
[component_container_isolated-1] [ERROR] [1789458145.552455072] [tf_help]: Transform data too old when converting from map to odom
[component_container_isolated-1] [ERROR] [1789458145.552477856] [tf_help]: Data time: 1789458145s 120295229ns, Transform time: 1789458139s 937349520ns
[component_container_isolated-1] [ERROR] [1789458145.602421648] [tf_help]: Transform data too old when converting from map to odom
[component_container_isolated-1] [ERROR] [1789458145.602448086] [tf_help]: Data time: 1789458145s 120295229ns, Transform time: 1789458139s 937349520ns
[component_container_isolated-1] [ERROR] [1789458145.652408669] [tf_help]: Transform data too old when converting from map to odom
[component_container_isolated-1] [ERROR] [1789458145.652428636] [tf_help]: Data time: 1789458145s 120295229ns, Transform time: 1789458139s 937349520ns
[component_container_isolated-1] [ERROR] [1789458145.702355604] [tf_help]: Transform data too old when converting from map to odom
[component_container_isolated-1] [ERROR] [1789458145.702374621] [tf_help]: Data time: 1789458145s 120295229ns, Transform time: 1789458139s 937349520ns
[component_container_isolated-1] [ERROR] [1789458145.752380114] [tf_help]: Transform data too old when converting from map to odom
[component_container_isolated-1] [ERROR] [1789458145.752400715] [tf_help]: Data time: 1789458145s 120295229ns, Transform time: 1789458139s 937349520ns
[component_container_isolated-1] [ERROR] [1789458145.802396495] [tf_help]: Transform data too old when converting from map to odom
[component_container_isolated-1] [ERROR] [1789458145.802419366] [tf_help]: Data time: 1789458145s 120295229ns, Transform time: 1789458139s 937349520ns
[component_container_isolated-1] [ERROR] [1789458145.853384146] [tf_help]: Transform data too old when converting from map to odom
[component_container_isolated-1] [ERROR] [1789458145.853412578] [tf_help]: Data time: 1789458145s 120295229ns, Transform time: 1789458139s 937349520ns
[component_container_isolated-1] [ERROR] [1789458145.902403484] [tf_help]: Transform data too old when converting from map to odom
[component_container_isolated-1] [ERROR] [1789458145.902426723] [tf_help]: Data time: 1789458145s 120295229ns, Transform time: 1789458139s 937349520ns
[component_container_isolated-1] [ERROR] [1789458145.952407863] [tf_help]: Transform data too old when converting from map to odom
[component_container_isolated-1] [ERROR] [1789458145.952430933] [tf_help]: Data time: 1789458145s 120295229ns, Transform time: 1789458139s 937349520ns
[component_container_isolated-1] [ERROR] [1789458146.002414480] [tf_help]: Transform data too old when converting from map to odom
[component_container_isolated-1] [ERROR] [1789458146.002441861] [tf_help]: Data time: 1789458145s 120295229ns, Transform time: 1789458139s 937349520ns
[component_container_isolated-1] [ERROR] [1789458146.052432766] [tf_help]: Transform data too old when converting from map to odom
[component_container_isolated-1] [ERROR] [1789458146.052456977] [tf_help]: Data time: 1789458145s 120295229ns, Transform time: 1789458139s 937349520ns
[component_container_isolated-1] [ERROR] [1789458146.102359248] [tf_help]: Transform data too old when converting from map to odom
[component_container_isolated-1] [ERROR] [1789458146.102380986] [tf_help]: Data time: 1789458145s 120295229ns, Transform time: 1789458139s 937349520ns
[component_container_isolated-1] [ERROR] [1789458146.152482869] [tf_help]: Transform data too old when converting from map to odom
[component_container_isolated-1] [ERROR] [1789458146.152507133] [tf_help]: Data time: 1789458145s 120295229ns, Transform time: 1789458139s 937349520ns
[component_container_isolated-1] [INFO] [1789458146.200623162] [robot1.controller_server]: Passing new path to controller.
[component_container_isolated-1] [ERROR] [1789458146.202482208] [tf_help]: Transform data too old when converting from map to odom
[component_container_isolated-1] [ERROR] [1789458146.202502146] [tf_help]: Data time: 1789458146s 150225895ns, Transform time: 1789458139s 937349520ns
[component_container_isolated-1] [ERROR] [1789458146.252405942] [tf_help]: Transform data too old when converting from map to odom
[component_container_isolated-1] [ERROR] [1789458146.252428432] [tf_help]: Data time: 1789458146s 150225895ns, Transform time: 1789458139s 937349520ns
[component_container_isolated-1] [ERROR] [1789458146.302357021] [tf_help]: Transform data too old when converting from map to odom
[component_container_isolated-1] [ERROR] [1789458146.302380772] [tf_help]: Data time: 1789458146s 150225895ns, Transform time: 1789458139s 937349520ns
[component_container_isolated-1] [ERROR] [1789458146.352377374] [tf_help]: Transform data too old when converting from map to odom
[component_container_isolated-1] [ERROR] [1789458146.352397162] [tf_help]: Data time: 1789458146s 150225895ns, Transform time: 1789458139s 937349520ns
[component_container_isolated-1] [ERROR] [1789458146.402407416] [tf_help]: Transform data too old when converting from map to odom
[component_container_isolated-1] [ERROR] [1789458146.402438863] [tf_help]: Data time: 1789458146s 150225895ns, Transform time: 1789458139s 937349520ns
[component_container_isolated-1] [ERROR] [1789458146.452386706] [tf_help]: Transform data too old when converting from map to odom
[component_container_isolated-1] [ERROR] [1789458146.452406306] [tf_help]: Data time: 1789458146s 150225895ns, Transform time: 1789458139s 937349520ns
[component_container_isolated-1] [ERROR] [1789458146.502379625] [tf_help]: Transform data too old when converting from map to odom
[component_container_isolated-1] [ERROR] [1789458146.502404118] [tf_help]: Data time: 1789458146s 150225895ns, Transform time: 1789458139s 937349520ns
[component_container_isolated-1] [ERROR] [1789458146.552374869] [tf_help]: Transform data too old when converting from map to odom
[component_container_isolated-1] [ERROR] [1789458146.552397786] [tf_help]: Data time: 1789458146s 150225895ns, Transform time: 1789458139s 937349520ns
[component_container_isolated-1] [ERROR] [1789458146.602482691] [tf_help]: Transform data too old when converting from map to odom
[component_container_isolated-1] [ERROR] [1789458146.602505081] [tf_help]: Data time: 1789458146s 150225895ns, Transform time: 1789458139s 937349520ns
[component_container_isolated-1] [ERROR] [1789458146.652455755] [tf_help]: Transform data too old when converting from map to odom
[component_container_isolated-1] [ERROR] [1789458146.652488280] [tf_help]: Data time: 1789458146s 150225895ns, Transform time: 1789458139s 937349520ns
[component_container_isolated-1] [ERROR] [1789458146.702430783] [tf_help]: Transform data too old when converting from map to odom
[component_container_isolated-1] [ERROR] [1789458146.702458237] [tf_help]: Data time: 1789458146s 150225895ns, Transform time: 1789458139s 937349520ns
[component_container_isolated-1] [ERROR] [1789458146.752448355] [tf_help]: Transform data too old when converting from map to odom
[component_container_isolated-1] [ERROR] [1789458146.752480393] [tf_help]: Data time: 1789458146s 150225895ns, Transform time: 1789458139s 937349520ns
[component_container_isolated-1] [ERROR] [1789458146.802425785] [tf_help]: Transform data too old when converting from map to odom
[component_container_isolated-1] [ERROR] [1789458146.802457329] [tf_help]: Data time: 1789458146s 150225895ns, Transform time: 1789458139s 937349520ns
[component_container_isolated-1] [ERROR] [1789458146.852379326] [tf_help]: Transform data too old when converting from map to odom
[component_container_isolated-1] [ERROR] [1789458146.852411829] [tf_help]: Data time: 1789458146s 150225895ns, Transform time: 1789458139s 937349520ns
[component_container_isolated-1] [ERROR] [1789458146.902508502] [tf_help]: Transform data too old when converting from map to odom
[component_container_isolated-1] [ERROR] [1789458146.902533790] [tf_help]: Data time: 1789458146s 150225895ns, Transform time: 1789458139s 937349520ns
[component_container_isolated-1] [ERROR] [1789458146.952377234] [tf_help]: Transform data too old when converting from map to odom
[component_container_isolated-1] [ERROR] [1789458146.952398512] [tf_help]: Data time: 1789458146s 150225895ns, Transform time: 1789458139s 937349520ns
[component_container_isolated-1] [ERROR] [1789458147.002410038] [tf_help]: Transform data too old when converting from map to odom
[component_container_isolated-1] [ERROR] [1789458147.002438921] [tf_help]: Data time: 1789458146s 150225895ns, Transform time: 1789458139s 937349520ns
[component_container_isolated-1] [ERROR] [1789458147.052409095] [tf_help]: Transform data too old when converting from map to odom
[component_container_isolated-1] [ERROR] [1789458147.052431428] [tf_help]: Data time: 1789458146s 150225895ns, Transform time: 1789458139s 937349520ns
[component_container_isolated-1] [ERROR] [1789458147.102414020] [tf_help]: Transform data too old when converting from map to odom
[component_container_isolated-1] [ERROR] [1789458147.102439066] [tf_help]: Data time: 1789458146s 150225895ns, Transform time: 1789458139s 937349520ns
[component_container_isolated-1] [ERROR] [1789458147.152399766] [tf_help]: Transform data too old when converting from map to odom
[component_container_isolated-1] [ERROR] [1789458147.152419238] [tf_help]: Data time: 1789458146s 150225895ns, Transform time: 1789458139s 937349520ns
[component_container_isolated-1] [INFO] [1789458147.200622987] [robot1.controller_server]: Passing new path to controller.
[component_container_isolated-1] [ERROR] [1789458147.202453208] [tf_help]: Transform data too old when converting from map to odom
[component_container_isolated-1] [ERROR] [1789458147.202470143] [tf_help]: Data time: 1789458147s 180233284ns, Transform time: 1789458139s 937349520ns
[component_container_isolated-1] [ERROR] [1789458147.252506004] [tf_help]: Transform data too old when converting from map to odom
[component_container_isolated-1] [ERROR] [1789458147.252530128] [tf_help]: Data time: 1789458147s 180233284ns, Transform time: 1789458139s 937349520ns
[component_container_isolated-1] [ERROR] [1789458147.302442746] [tf_help]: Transform data too old when converting from map to odom
[component_container_isolated-1] [ERROR] [1789458147.302468020] [tf_help]: Data time: 1789458147s 180233284ns, Transform time: 1789458139s 937349520ns
[component_container_isolated-1] [ERROR] [1789458147.352425316] [tf_help]: Transform data too old when converting from map to odom
[component_container_isolated-1] [ERROR] [1789458147.352447555] [tf_help]: Data time: 1789458147s 180233284ns, Transform time: 1789458139s 937349520ns
[component_container_isolated-1] [ERROR] [1789458147.402403819] [tf_help]: Transform data too old when converting from map to odom
[component_container_isolated-1] [ERROR] [1789458147.402448486] [tf_help]: Data time: 1789458147s 180233284ns, Transform time: 1789458139s 937349520ns
[component_container_isolated-1] [ERROR] [1789458147.452466495] [tf_help]: Transform data too old when converting from map to odom
[component_container_isolated-1] [ERROR] [1789458147.452488740] [tf_help]: Data time: 1789458147s 180233284ns, Transform time: 1789458139s 937349520ns
[component_container_isolated-1] [ERROR] [1789458147.502392680] [tf_help]: Transform data too old when converting from map to odom
[component_container_isolated-1] [ERROR] [1789458147.502413943] [tf_help]: Data time: 1789458147s 180233284ns, Transform time: 1789458139s 937349520ns
[component_container_isolated-1] [ERROR] [1789458147.552425582] [tf_help]: Transform data too old when converting from map to odom
[component_container_isolated-1] [ERROR] [1789458147.552447576] [tf_help]: Data time: 1789458147s 180233284ns, Transform time: 1789458139s 937349520ns
[component_container_isolated-1] [ERROR] [1789458147.602420406] [tf_help]: Transform data too old when converting from map to odom
[component_container_isolated-1] [ERROR] [1789458147.602443433] [tf_help]: Data time: 1789458147s 180233284ns, Transform time: 1789458139s 937349520ns
[component_container_isolated-1] [ERROR] [1789458147.652500290] [tf_help]: Transform data too old when converting from map to odom
[component_container_isolated-1] [ERROR] [1789458147.652520874] [tf_help]: Data time: 1789458147s 180233284ns, Transform time: 1789458139s 937349520ns
[component_container_isolated-1] [ERROR] [1789458147.702478032] [tf_help]: Transform data too old when converting from map to odom
[component_container_isolated-1] [ERROR] [1789458147.702502028] [tf_help]: Data time: 1789458147s 180233284ns, Transform time: 1789458139s 937349520ns
[component_container_isolated-1] [ERROR] [1789458147.752434343] [tf_help]: Transform data too old when converting from map to odom
[component_container_isolated-1] [ERROR] [1789458147.752454200] [tf_help]: Data time: 1789458147s 180233284ns, Transform time: 1789458139s 937349520ns
[component_container_isolated-1] [ERROR] [1789458147.802508783] [tf_help]: Transform data too old when converting from map to odom
[component_container_isolated-1] [ERROR] [1789458147.802532886] [tf_help]: Data time: 1789458147s 180233284ns, Transform time: 1789458139s 937349520ns
[component_container_isolated-1] [ERROR] [1789458147.852489316] [tf_help]: Transform data too old when converting from map to odom
[component_container_isolated-1] [ERROR] [1789458147.852510074] [tf_help]: Data time: 1789458147s 180233284ns, Transform time: 1789458139s 937349520ns
[component_container_isolated-1] [ERROR] [1789458147.902428179] [tf_help]: Transform data too old when converting from map to odom
[component_container_isolated-1] [ERROR] [1789458147.902454861] [tf_help]: Data time: 1789458147s 180233284ns, Transform time: 1789458139s 937349520ns
[component_container_isolated-1] [ERROR] [1789458147.952361157] [tf_help]: Transform data too old when converting from map to odom
[component_container_isolated-1] [ERROR] [1789458147.952384062] [tf_help]: Data time: 1789458147s 180233284ns, Transform time: 1789458139s 937349520ns
[component_container_isolated-1] [ERROR] [1789458148.002402215] [tf_help]: Transform data too old when converting from map to odom
[component_container_isolated-1] [ERROR] [1789458148.002430385] [tf_help]: Data time: 1789458147s 180233284ns, Transform time: 1789458139s 937349520ns
[component_container_isolated-1] [ERROR] [1789458148.052426337] [tf_help]: Transform data too old when converting from map to odom
[component_container_isolated-1] [ERROR] [1789458148.052449016] [tf_help]: Data time: 1789458147s 180233284ns, Transform time: 1789458139s 937349520ns
[component_container_isolated-1] [ERROR] [1789458148.102432445] [tf_help]: Transform data too old when converting from map to odom
[component_container_isolated-1] [ERROR] [1789458148.102454000] [tf_help]: Data time: 1789458147s 180233284ns, Transform time: 1789458139s 937349520ns
[component_container_isolated-1] [ERROR] [1789458148.152459386] [tf_help]: Transform data too old when converting from map to odom
[component_container_isolated-1] [ERROR] [1789458148.152485138] [tf_help]: Data time: 1789458147s 180233284ns, Transform time: 1789458139s 937349520ns
[component_container_isolated-1] [ERROR] [1789458148.202376933] [tf_help]: Transform data too old when converting from map to odom
[component_container_isolated-1] [ERROR] [1789458148.202400690] [tf_help]: Data time: 1789458147s 180233284ns, Transform time: 1789458139s 937349520ns
[component_container_isolated-1] [INFO] [1789458148.250623124] [robot1.controller_server]: Passing new path to controller.
[component_container_isolated-1] [ERROR] [1789458148.252453381] [tf_help]: Transform data too old when converting from map to odom
[component_container_isolated-1] [ERROR] [1789458148.252477883] [tf_help]: Data time: 1789458148s 210314138ns, Transform time: 1789458139s 937349520ns
[component_container_isolated-1] [ERROR] [1789458148.302395204] [tf_help]: Transform data too old when converting from map to odom
[component_container_isolated-1] [ERROR] [1789458148.302420896] [tf_help]: Data time: 1789458148s 210314138ns, Transform time: 1789458139s 937349520ns
[component_container_isolated-1] [ERROR] [1789458148.352938841] [tf_help]: Transform data too old when converting from map to odom
[component_container_isolated-1] [ERROR] [1789458148.352963252] [tf_help]: Data time: 1789458148s 210314138ns, Transform time: 1789458139s 937349520ns
[component_container_isolated-1] [ERROR] [1789458148.402421724] [tf_help]: Transform data too old when converting from map to odom
[component_container_isolated-1] [ERROR] [1789458148.402444089] [tf_help]: Data time: 1789458148s 210314138ns, Transform time: 1789458140s 195068853ns
[component_container_isolated-1] [ERROR] [1789458148.452368880] [tf_help]: Transform data too old when converting from map to odom
[component_container_isolated-1] [ERROR] [1789458148.452387902] [tf_help]: Data time: 1789458148s 210314138ns, Transform time: 1789458140s 195068853ns
[component_container_isolated-1] [ERROR] [1789458148.502425097] [tf_help]: Transform data too old when converting from map to odom
[component_container_isolated-1] [ERROR] [1789458148.502446903] [tf_help]: Data time: 1789458148s 210314138ns, Transform time: 1789458140s 195068853ns
[component_container_isolated-1] [ERROR] [1789458148.552420167] [tf_help]: Transform data too old when converting from map to odom
[component_container_isolated-1] [ERROR] [1789458148.552441746] [tf_help]: Data time: 1789458148s 210314138ns, Transform time: 1789458140s 195068853ns
[component_container_isolated-1] [ERROR] [1789458148.602475366] [tf_help]: Transform data too old when converting from map to odom
[component_container_isolated-1] [ERROR] [1789458148.602499558] [tf_help]: Data time: 1789458148s 210314138ns, Transform time: 1789458140s 195068853ns
[component_container_isolated-1] [ERROR] [1789458148.652470728] [tf_help]: Transform data too old when converting from map to odom
[component_container_isolated-1] [ERROR] [1789458148.652494271] [tf_help]: Data time: 1789458148s 210314138ns, Transform time: 1789458140s 195068853ns
[component_container_isolated-1] [ERROR] [1789458148.702492552] [tf_help]: Transform data too old when converting from map to odom
[component_container_isolated-1] [ERROR] [1789458148.702515985] [tf_help]: Data time: 1789458148s 210314138ns, Transform time: 1789458140s 195068853ns
[component_container_isolated-1] [ERROR] [1789458148.752509306] [tf_help]: Transform data too old when converting from map to odom
[component_container_isolated-1] [ERROR] [1789458148.752533149] [tf_help]: Data time: 1789458148s 210314138ns, Transform time: 1789458140s 195068853ns
[component_container_isolated-1] [ERROR] [1789458148.802396227] [tf_help]: Transform data too old when converting from map to odom
[component_container_isolated-1] [ERROR] [1789458148.802420017] [tf_help]: Data time: 1789458148s 210314138ns, Transform time: 1789458140s 195068853ns
[component_container_isolated-1] [ERROR] [1789458148.852382474] [tf_help]: Transform data too old when converting from map to odom
[component_container_isolated-1] [ERROR] [1789458148.852402826] [tf_help]: Data time: 1789458148s 210314138ns, Transform time: 1789458140s 195068853ns
[component_container_isolated-1] [ERROR] [1789458148.902460700] [tf_help]: Transform data too old when converting from map to odom
[component_container_isolated-1] [ERROR] [1789458148.902485844] [tf_help]: Data time: 1789458148s 210314138ns, Transform time: 1789458140s 195068853ns
[component_container_isolated-1] [ERROR] [1789458148.952396757] [tf_help]: Transform data too old when converting from map to odom
[component_container_isolated-1] [ERROR] [1789458148.952417350] [tf_help]: Data time: 1789458148s 210314138ns, Transform time: 1789458140s 195068853ns
[component_container_isolated-1] [ERROR] [1789458149.003520016] [tf_help]: Transform data too old when converting from map to odom
[component_container_isolated-1] [ERROR] [1789458149.003564928] [tf_help]: Data time: 1789458148s 210314138ns, Transform time: 1789458140s 195068853ns
[component_container_isolated-1] [ERROR] [1789458149.050686806] [tf_help]: Transform data too old when converting from odom to map
[component_container_isolated-1] [ERROR] [1789458149.050724786] [tf_help]: Data time: 1789458146s 141987818ns, Transform time: 1789458140s 195068853ns
[component_container_isolated-1] [WARN] [1789458149.050770516] [robot1.controller_server]: Unable to transform robot pose into global plan's frame
[component_container_isolated-1] [ERROR] [1789458149.050883143] [tf_help]: Transform data too old when converting from map to odom
[component_container_isolated-1] [ERROR] [1789458149.050891255] [tf_help]: Data time: 1789458148s 210314138ns, Transform time: 1789458140s 195068853ns
[component_container_isolated-1] [ERROR] [1789458149.100679222] [tf_help]: Transform data too old when converting from odom to map
[component_container_isolated-1] [ERROR] [1789458149.100708325] [tf_help]: Data time: 1789458146s 206003854ns, Transform time: 1789458140s 195068853ns
[component_container_isolated-1] [WARN] [1789458149.100741116] [robot1.controller_server]: Unable to transform robot pose into global plan's frame
[component_container_isolated-1] [ERROR] [1789458149.100827389] [tf_help]: Transform data too old when converting from map to odom
[component_container_isolated-1] [ERROR] [1789458149.100834883] [tf_help]: Data time: 1789458148s 210314138ns, Transform time: 1789458140s 195068853ns
[component_container_isolated-1] [ERROR] [1789458149.150687278] [tf_help]: Transform data too old when converting from odom to map
[component_container_isolated-1] [ERROR] [1789458149.150724086] [tf_help]: Data time: 1789458146s 206003854ns, Transform time: 1789458140s 195068853ns
[component_container_isolated-1] [WARN] [1789458149.150748890] [robot1.controller_server]: Unable to transform robot pose into global plan's frame
[component_container_isolated-1] [ERROR] [1789458149.150840548] [tf_help]: Transform data too old when converting from map to odom
[component_container_isolated-1] [ERROR] [1789458149.150847688] [tf_help]: Data time: 1789458148s 210314138ns, Transform time: 1789458140s 195068853ns
[component_container_isolated-1] [ERROR] [1789458149.200685531] [tf_help]: Transform data too old when converting from odom to map
[component_container_isolated-1] [ERROR] [1789458149.200719578] [tf_help]: Data time: 1789458146s 206003854ns, Transform time: 1789458140s 195068853ns
[component_container_isolated-1] [WARN] [1789458149.200743410] [robot1.controller_server]: Unable to transform robot pose into global plan's frame
[component_container_isolated-1] [ERROR] [1789458149.200832959] [tf_help]: Transform data too old when converting from map to odom
[component_container_isolated-1] [ERROR] [1789458149.200840464] [tf_help]: Data time: 1789458148s 210314138ns, Transform time: 1789458140s 195068853ns
[component_container_isolated-1] [ERROR] [1789458149.250735268] [tf_help]: Transform data too old when converting from odom to map
[component_container_isolated-1] [ERROR] [1789458149.250760480] [tf_help]: Data time: 1789458146s 206003854ns, Transform time: 1789458140s 195068853ns
[component_container_isolated-1] [WARN] [1789458149.250778369] [robot1.controller_server]: Unable to transform robot pose into global plan's frame
[component_container_isolated-1] [ERROR] [1789458149.250831490] [tf_help]: Transform data too old when converting from map to odom
[component_container_isolated-1] [ERROR] [1789458149.250834048] [tf_help]: Data time: 1789458148s 210314138ns, Transform time: 1789458140s 195068853ns
[component_container_isolated-1] [INFO] [1789458149.300620608] [robot1.controller_server]: Passing new path to controller.
[component_container_isolated-1] [ERROR] [1789458149.300760983] [tf_help]: Transform data too old when converting from odom to map
[component_container_isolated-1] [ERROR] [1789458149.300773029] [tf_help]: Data time: 1789458146s 300359435ns, Transform time: 1789458140s 195068853ns
[component_container_isolated-1] [WARN] [1789458149.300787990] [robot1.controller_server]: Unable to transform robot pose into global plan's frame
[component_container_isolated-1] [ERROR] [1789458149.300821792] [tf_help]: Transform data too old when converting from map to odom
[component_container_isolated-1] [ERROR] [1789458149.300824230] [tf_help]: Data time: 1789458149s 240315363ns, Transform time: 1789458140s 195068853ns
[component_container_isolated-1] [ERROR] [1789458149.350703586] [tf_help]: Transform data too old when converting from odom to map
[component_container_isolated-1] [ERROR] [1789458149.350721010] [tf_help]: Data time: 1789458146s 300359435ns, Transform time: 1789458140s 195068853ns
[component_container_isolated-1] [WARN] [1789458149.350735856] [robot1.controller_server]: Unable to transform robot pose into global plan's frame
[component_container_isolated-1] [ERROR] [1789458149.350754019] [robot1.controller_server]: Controller patience exceeded
[component_container_isolated-1] [WARN] [1789458149.350767591] [robot1.controller_server]: [follow_path] [ActionServer] Aborting handle.
[component_container_isolated-1] [INFO] [1789458149.370140624] [robot1.local_costmap.local_costmap]: Received request to clear entirely the local_costmap
[component_container_isolated-1] [INFO] [1789458149.370529788] [robot1.controller_server]: Received a goal, begin computing control effort.
[component_container_isolated-1] [ERROR] [1789458149.500766380] [tf_help]: Transform data too old when converting from odom to map
[component_container_isolated-1] [ERROR] [1789458149.500814606] [tf_help]: Data time: 1789458146s 300359435ns, Transform time: 1789458140s 195068853ns
[component_container_isolated-1] [WARN] [1789458149.500837885] [robot1.controller_server]: Unable to transform robot pose into global plan's frame
[component_container_isolated-1] [ERROR] [1789458149.500929279] [tf_help]: Transform data too old when converting from map to odom
[component_container_isolated-1] [ERROR] [1789458149.500936342] [tf_help]: Data time: 1789458149s 240315363ns, Transform time: 1789458140s 195068853ns
[component_container_isolated-1] [WARN] [1789458149.500941998] [robot1.controller_server]: Control loop missed its desired rate of 20.0000Hz
[component_container_isolated-1] [ERROR] [1789458149.500981033] [tf_help]: Transform data too old when converting from odom to map
[component_container_isolated-1] [ERROR] [1789458149.500997195] [tf_help]: Data time: 1789458146s 300359435ns, Transform time: 1789458140s 195068853ns
[component_container_isolated-1] [WARN] [1789458149.501012027] [robot1.controller_server]: Unable to transform robot pose into global plan's frame
[component_container_isolated-1] [ERROR] [1789458149.501070084] [tf_help]: Transform data too old when converting from map to odom
[component_container_isolated-1] [ERROR] [1789458149.501076457] [tf_help]: Data time: 1789458149s 240315363ns, Transform time: 1789458140s 195068853ns
[component_container_isolated-1] [ERROR] [1789458149.551203367] [tf_help]: Transform data too old when converting from odom to map
[component_container_isolated-1] [ERROR] [1789458149.551232370] [tf_help]: Data time: 1789458146s 300359435ns, Transform time: 1789458140s 195068853ns
[component_container_isolated-1] [WARN] [1789458149.551254063] [robot1.controller_server]: Unable to transform robot pose into global plan's frame
[component_container_isolated-1] [ERROR] [1789458149.551340413] [tf_help]: Transform data too old when converting from map to odom
[component_container_isolated-1] [ERROR] [1789458149.551347763] [tf_help]: Data time: 1789458149s 240315363ns, Transform time: 1789458140s 195068853ns
[component_container_isolated-1] [ERROR] [1789458149.601588022] [tf_help]: Transform data too old when converting from odom to map
[component_container_isolated-1] [ERROR] [1789458149.601644421] [tf_help]: Data time: 1789458146s 445533994ns, Transform time: 1789458140s 195068853ns
[component_container_isolated-1] [WARN] [1789458149.601668651] [robot1.controller_server]: Unable to transform robot pose into global plan's frame
[component_container_isolated-1] [ERROR] [1789458149.601760581] [tf_help]: Transform data too old when converting from map to odom
[component_container_isolated-1] [ERROR] [1789458149.601767826] [tf_help]: Data time: 1789458149s 240315363ns, Transform time: 1789458140s 195068853ns
[component_container_isolated-1] [ERROR] [1789458149.652040242] [tf_help]: Transform data too old when converting from odom to map
[component_container_isolated-1] [ERROR] [1789458149.652069818] [tf_help]: Data time: 1789458146s 445533994ns, Transform time: 1789458140s 195068853ns
[component_container_isolated-1] [WARN] [1789458149.652091818] [robot1.controller_server]: Unable to transform robot pose into global plan's frame
[component_container_isolated-1] [ERROR] [1789458149.652176529] [tf_help]: Transform data too old when converting from map to odom
[component_container_isolated-1] [ERROR] [1789458149.652183645] [tf_help]: Data time: 1789458149s 240315363ns, Transform time: 1789458140s 195068853ns
[component_container_isolated-1] [ERROR] [1789458149.702427734] [tf_help]: Transform data too old when converting from odom to map
[component_container_isolated-1] [ERROR] [1789458149.702459418] [tf_help]: Data time: 1789458146s 445533994ns, Transform time: 1789458140s 195068853ns
[component_container_isolated-1] [WARN] [1789458149.702481485] [robot1.controller_server]: Unable to transform robot pose into global plan's frame
[component_container_isolated-1] [ERROR] [1789458149.702504925] [robot1.controller_server]: Controller patience exceeded
[component_container_isolated-1] [WARN] [1789458149.702537529] [robot1.controller_server]: [follow_path] [ActionServer] Aborting handle.
[component_container_isolated-1] [INFO] [1789458149.720098984] [robot1.local_costmap.local_costmap]: Received request to clear entirely the local_costmap
[component_container_isolated-1] [INFO] [1789458149.720215353] [robot1.global_costmap.global_costmap]: Received request to clear entirely the global_costmap
[component_container_isolated-1] [WARN] [1789458149.950820299] [robot1.planner_server]: Planner loop missed its desired rate of 20.0000 Hz. Current loop rate is 4.3410 Hz
[component_container_isolated-1] [INFO] [1789458149.970371650] [robot1.controller_server]: Received a goal, begin computing control effort.
[component_container_isolated-1] [ERROR] [1789458149.970485310] [tf_help]: Transform data too old when converting from odom to map
[component_container_isolated-1] [ERROR] [1789458149.970505964] [tf_help]: Data time: 1789458146s 445533994ns, Transform time: 1789458140s 195068853ns
[component_container_isolated-1] [WARN] [1789458149.970529043] [robot1.controller_server]: Unable to transform robot pose into global plan's frame
[component_container_isolated-1] [ERROR] [1789458149.970622438] [tf_help]: Transform data too old when converting from map to odom
[component_container_isolated-1] [ERROR] [1789458149.970632397] [tf_help]: Data time: 1789458149s 950615759ns, Transform time: 1789458140s 195068853ns
[component_container_isolated-1] [ERROR] [1789458150.020617410] [tf_help]: Transform data too old when converting from odom to map
[component_container_isolated-1] [ERROR] [1789458150.020656519] [tf_help]: Data time: 1789458146s 445533994ns, Transform time: 1789458140s 195068853ns
[component_container_isolated-1] [WARN] [1789458150.020681174] [robot1.controller_server]: Unable to transform robot pose into global plan's frame
[component_container_isolated-1] [ERROR] [1789458150.020777473] [tf_help]: Transform data too old when converting from map to odom
[component_container_isolated-1] [ERROR] [1789458150.020795226] [tf_help]: Data time: 1789458149s 950615759ns, Transform time: 1789458140s 195068853ns
[component_container_isolated-1] [ERROR] [1789458150.070593485] [tf_help]: Transform data too old when converting from odom to map
[component_container_isolated-1] [ERROR] [1789458150.070627424] [tf_help]: Data time: 1789458146s 445533994ns, Transform time: 1789458140s 195068853ns
[component_container_isolated-1] [WARN] [1789458150.070650697] [robot1.controller_server]: Unable to transform robot pose into global plan's frame
[component_container_isolated-1] [ERROR] [1789458150.070742015] [tf_help]: Transform data too old when converting from map to odom
[component_container_isolated-1] [ERROR] [1789458150.070749734] [tf_help]: Data time: 1789458149s 950615759ns, Transform time: 1789458140s 195068853ns
[component_container_isolated-1] [ERROR] [1789458150.120689631] [tf_help]: Transform data too old when converting from odom to map
[component_container_isolated-1] [ERROR] [1789458150.120721933] [tf_help]: Data time: 1789458146s 445533994ns, Transform time: 1789458140s 195068853ns
[component_container_isolated-1] [WARN] [1789458150.120744937] [robot1.controller_server]: Unable to transform robot pose into global plan's frame
[component_container_isolated-1] [ERROR] [1789458150.120836560] [tf_help]: Transform data too old when converting from map to odom
[component_container_isolated-1] [ERROR] [1789458150.120844052] [tf_help]: Data time: 1789458149s 950615759ns, Transform time: 1789458140s 195068853ns
[component_container_isolated-1] [ERROR] [1789458150.170593207] [tf_help]: Transform data too old when converting from odom to map
[component_container_isolated-1] [ERROR] [1789458150.170628006] [tf_help]: Data time: 1789458146s 445533994ns, Transform time: 1789458140s 195068853ns
[component_container_isolated-1] [WARN] [1789458150.170653152] [robot1.controller_server]: Unable to transform robot pose into global plan's frame
[component_container_isolated-1] [ERROR] [1789458150.170751075] [tf_help]: Transform data too old when converting from map to odom
[component_container_isolated-1] [ERROR] [1789458150.170758876] [tf_help]: Data time: 1789458149s 950615759ns, Transform time: 1789458140s 195068853ns
[component_container_isolated-1] [ERROR] [1789458150.220591025] [tf_help]: Transform data too old when converting from odom to map
[component_container_isolated-1] [ERROR] [1789458150.220617707] [tf_help]: Data time: 1789458146s 445533994ns, Transform time: 1789458140s 195068853ns
[component_container_isolated-1] [WARN] [1789458150.220639855] [robot1.controller_server]: Unable to transform robot pose into global plan's frame
[component_container_isolated-1] [ERROR] [1789458150.220729004] [tf_help]: Transform data too old when converting from map to odom
[component_container_isolated-1] [ERROR] [1789458150.220736017] [tf_help]: Data time: 1789458149s 950615759ns, Transform time: 1789458140s 195068853ns
[component_container_isolated-1] [ERROR] [1789458150.270557575] [tf_help]: Transform data too old when converting from odom to map
[component_container_isolated-1] [ERROR] [1789458150.270590183] [tf_help]: Data time: 1789458146s 445533994ns, Transform time: 1789458140s 195068853ns
[component_container_isolated-1] [WARN] [1789458150.270613032] [robot1.controller_server]: Unable to transform robot pose into global plan's frame
[component_container_isolated-1] [ERROR] [1789458150.270637981] [robot1.controller_server]: Controller patience exceeded
[component_container_isolated-1] [WARN] [1789458150.270671099] [robot1.controller_server]: [follow_path] [ActionServer] Aborting handle.
[component_container_isolated-1] [INFO] [1789458150.290129234] [robot1.local_costmap.local_costmap]: Received request to clear entirely the local_costmap
[component_container_isolated-1] [INFO] [1789458150.290410564] [robot1.controller_server]: Received a goal, begin computing control effort.
[component_container_isolated-1] [ERROR] [1789458150.300609337] [tf_help]: Transform data too old when converting from odom to map
[component_container_isolated-1] [ERROR] [1789458150.300631202] [tf_help]: Data time: 1789458146s 445533994ns, Transform time: 1789458140s 195068853ns
[component_container_isolated-1] [WARN] [1789458150.300649442] [robot1.controller_server]: Unable to transform robot pose into global plan's frame
[component_container_isolated-1] [ERROR] [1789458150.300730665] [tf_help]: Transform data too old when converting from map to odom
[component_container_isolated-1] [ERROR] [1789458150.300737548] [tf_help]: Data time: 1789458149s 950615759ns, Transform time: 1789458140s 195068853ns
[component_container_isolated-1] [ERROR] [1789458150.340660005] [tf_help]: Transform data too old when converting from odom to map
[component_container_isolated-1] [ERROR] [1789458150.340686256] [tf_help]: Data time: 1789458146s 445533994ns, Transform time: 1789458140s 195068853ns
[component_container_isolated-1] [WARN] [1789458150.340708413] [robot1.controller_server]: Unable to transform robot pose into global plan's frame
[component_container_isolated-1] [ERROR] [1789458150.340795354] [tf_help]: Transform data too old when converting from map to odom
[component_container_isolated-1] [ERROR] [1789458150.340802761] [tf_help]: Data time: 1789458149s 950615759ns, Transform time: 1789458140s 195068853ns
[component_container_isolated-1] [ERROR] [1789458150.390671269] [tf_help]: Transform data too old when converting from odom to map
[component_container_isolated-1] [ERROR] [1789458150.390695073] [tf_help]: Data time: 1789458146s 445533994ns, Transform time: 1789458140s 195068853ns
[component_container_isolated-1] [WARN] [1789458150.390712120] [robot1.controller_server]: Unable to transform robot pose into global plan's frame
[component_container_isolated-1] [ERROR] [1789458150.390764840] [tf_help]: Transform data too old when converting from map to odom
[component_container_isolated-1] [ERROR] [1789458150.390767244] [tf_help]: Data time: 1789458149s 950615759ns, Transform time: 1789458140s 195068853ns
[component_container_isolated-1] [ERROR] [1789458150.440593727] [tf_help]: Transform data too old when converting from odom to map
[component_container_isolated-1] [ERROR] [1789458150.440612312] [tf_help]: Data time: 1789458146s 445533994ns, Transform time: 1789458140s 195068853ns
[component_container_isolated-1] [WARN] [1789458150.440627440] [robot1.controller_server]: Unable to transform robot pose into global plan's frame
[component_container_isolated-1] [ERROR] [1789458150.440674756] [tf_help]: Transform data too old when converting from map to odom
[component_container_isolated-1] [ERROR] [1789458150.440677298] [tf_help]: Data time: 1789458149s 950615759ns, Transform time: 1789458140s 195068853ns
[component_container_isolated-1] [ERROR] [1789458150.490592102] [tf_help]: Transform data too old when converting from odom to map
[component_container_isolated-1] [ERROR] [1789458150.490612535] [tf_help]: Data time: 1789458146s 445533994ns, Transform time: 1789458140s 195068853ns
[component_container_isolated-1] [WARN] [1789458150.490625875] [robot1.controller_server]: Unable to transform robot pose into global plan's frame
[component_container_isolated-1] [ERROR] [1789458150.490672660] [tf_help]: Transform data too old when converting from map to odom
[component_container_isolated-1] [ERROR] [1789458150.490675072] [tf_help]: Data time: 1789458149s 950615759ns, Transform time: 1789458140s 195068853ns
[component_container_isolated-1] [ERROR] [1789458150.540596287] [tf_help]: Transform data too old when converting from odom to map
[component_container_isolated-1] [ERROR] [1789458150.540618119] [tf_help]: Data time: 1789458146s 445533994ns, Transform time: 1789458140s 195068853ns
[component_container_isolated-1] [WARN] [1789458150.540634013] [robot1.controller_server]: Unable to transform robot pose into global plan's frame
[component_container_isolated-1] [ERROR] [1789458150.540683225] [tf_help]: Transform data too old when converting from map to odom
[component_container_isolated-1] [ERROR] [1789458150.540685921] [tf_help]: Data time: 1789458149s 950615759ns, Transform time: 1789458140s 195068853ns
[component_container_isolated-1] [ERROR] [1789458150.590592724] [tf_help]: Transform data too old when converting from odom to map
[component_container_isolated-1] [ERROR] [1789458150.590618481] [tf_help]: Data time: 1789458146s 445533994ns, Transform time: 1789458140s 195068853ns
[component_container_isolated-1] [WARN] [1789458150.590634824] [robot1.controller_server]: Unable to transform robot pose into global plan's frame
[component_container_isolated-1] [ERROR] [1789458150.590651287] [robot1.controller_server]: Controller patience exceeded
[component_container_isolated-1] [WARN] [1789458150.590665225] [robot1.controller_server]: [follow_path] [ActionServer] Aborting handle.
[component_container_isolated-1] [INFO] [1789458150.610302957] [robot1.behavior_server]: Running spin
[component_container_isolated-1] [INFO] [1789458150.610380683] [robot1.behavior_server]: Turning 1.57 for spin behavior.
[component_container_isolated-1] [INFO] [1789458152.468151986] [robot1.local_costmap.local_costmap]: Message Filter dropping message: frame 'rplidar_link' at time 1789458148.300 for reason 'the timestamp on the message is earlier than all the data in the transform cache'
[component_container_isolated-1] [WARN] [1789458153.550511714] [BehaviorTreeEngine]: Behavior Tree tick rate 100.00 was exceeded!
[component_container_isolated-1] [ERROR] [1789458153.702169172] [transformPoseInTargetFrame]: Extrapolation Error looking up target frame: Lookup would require extrapolation at time 1789458149.645574, but only time 1789458151.325749 is in the buffer, when looking up transform from frame [base_link] to frame [map]
[component_container_isolated-1] 
[component_container_isolated-1] [WARN] [1789458153.702236286] [BehaviorTreeEngine]: Behavior Tree tick rate 100.00 was exceeded!
[component_container_isolated-1] [ERROR] [1789458153.803258074] [transformPoseInTargetFrame]: Extrapolation Error looking up target frame: Lookup would require extrapolation at time 1789458149.645574, but only time 1789458151.325749 is in the buffer, when looking up transform from frame [base_link] to frame [map]
[component_container_isolated-1] 
[component_container_isolated-1] [WARN] [1789458153.803332062] [BehaviorTreeEngine]: Behavior Tree tick rate 100.00 was exceeded!
[component_container_isolated-1] [ERROR] [1789458153.904137248] [transformPoseInTargetFrame]: Extrapolation Error looking up target frame: Lookup would require extrapolation at time 1789458149.645574, but only time 1789458151.325749 is in the buffer, when looking up transform from frame [base_link] to frame [map]
[component_container_isolated-1] 
[component_container_isolated-1] [WARN] [1789458153.904221879] [BehaviorTreeEngine]: Behavior Tree tick rate 100.00 was exceeded!
[component_container_isolated-1] [WARN] [1789458154.005093013] [BehaviorTreeEngine]: Behavior Tree tick rate 100.00 was exceeded!
[component_container_isolated-1] [INFO] [1789458155.110517954] [robot1.behavior_server]: spin completed successfully
[component_container_isolated-1] [INFO] [1789458155.155502016] [robot1.controller_server]: Received a goal, begin computing control effort.
[component_container_isolated-1] [INFO] [1789458156.205656052] [robot1.controller_server]: Passing new path to controller.
[component_container_isolated-1] [INFO] [1789458157.255654475] [robot1.controller_server]: Passing new path to controller.
[component_container_isolated-1] [ERROR] [1789458158.005523189] [robot1.bt_navigator_navigate_to_pose_rclcpp_node]: Failed to get result for follow_path in node halt!
[component_container_isolated-1] [INFO] [1789458158.005656667] [robot1.controller_server]: Goal was canceled. Stopping the robot.
[component_container_isolated-1] [INFO] [1789458158.005700051] [robot1.controller_server]: [follow_path] [ActionServer] Client requested to cancel the goal. Cancelling.
[component_container_isolated-1] [INFO] [1789458158.005696872] [robot1.bt_navigator]: [navigate_to_pose] [ActionServer] Client requested to cancel the goal. Cancelling.
[component_container_isolated-1] [INFO] [1789458158.005769037] [robot1.bt_navigator]: Goal canceled
[component_container_isolated-1] [INFO] [1789458166.014458198] [robot1.global_costmap.global_costmap]: Message Filter dropping message: frame 'rplidar_link' at time 1789458164.971 for reason 'the timestamp on the message is earlier than all the data in the transform cache'
[component_container_isolated-1] [INFO] [1789458171.880009363] [robot1.local_costmap.local_costmap]: Message Filter dropping message: frame 'rplidar_link' at time 1789458170.973 for reason 'the timestamp on the message is earlier than all the data in the transform cache'
[component_container_isolated-1] [INFO] [1789458175.830713495] [robot1.global_costmap.global_costmap]: Message Filter dropping message: frame 'rplidar_link' at time 1789458173.918 for reason 'the timestamp on the message is earlier than all the data in the transform cache'
[component_container_isolated-1] [INFO] [1789458182.323953641] [robot1.global_costmap.global_costmap]: Message Filter dropping message: frame 'rplidar_link' at time 1789458180.977 for reason 'the timestamp on the message is earlier than all the data in the transform cache'
[component_container_isolated-1] [INFO] [1789458192.986767017] [robot1.local_costmap.local_costmap]: Message Filter dropping message: frame 'rplidar_link' at time 1789458191.094 for reason 'the timestamp on the message is earlier than all the data in the transform cache'
[component_container_isolated-1] [INFO] [1789458196.379216961] [robot1.local_costmap.local_costmap]: Message Filter dropping message: frame 'rplidar_link' at time 1789458194.982 for reason 'the timestamp on the message is earlier than all the data in the transform cache'
[component_container_isolated-1] [INFO] [1789458196.696303321] [robot1.local_costmap.local_costmap]: StaticLayer: Resizing static layer to 208 X 351 at 0.050000 m/pix
[component_container_isolated-1] [INFO] [1789458196.949273083] [robot1.global_costmap.global_costmap]: StaticLayer: Resizing costmap to 208 X 351 at 0.050000 m/pix
[component_container_isolated-1] [INFO] [1789458551.103495284] [robot1.bt_navigator]: Begin navigating from current location (-0.22, 0.01) to (-1.42, 0.30)
[component_container_isolated-1] [INFO] [1789458551.123961625] [robot1.controller_server]: Received a goal, begin computing control effort.
[component_container_isolated-1] [INFO] [1789458552.174150566] [robot1.controller_server]: Passing new path to controller.
[component_container_isolated-1] [INFO] [1789458553.224174161] [robot1.controller_server]: Passing new path to controller.
[component_container_isolated-1] [INFO] [1789458553.546521766] [robot1.local_costmap.local_costmap]: StaticLayer: Resizing static layer to 209 X 351 at 0.050000 m/pix
[component_container_isolated-1] [INFO] [1789458553.949297309] [robot1.global_costmap.global_costmap]: StaticLayer: Resizing costmap to 209 X 351 at 0.050000 m/pix
[component_container_isolated-1] [INFO] [1789458554.224156972] [robot1.controller_server]: Passing new path to controller.
[component_container_isolated-1] [INFO] [1789458555.274146048] [robot1.controller_server]: Passing new path to controller.
[component_container_isolated-1] [INFO] [1789458555.925916953] [robot1.controller_server]: Reached the goal!
[component_container_isolated-1] [INFO] [1789458555.963692380] [robot1.bt_navigator]: Goal succeeded
[component_container_isolated-1] [INFO] [1789458640.266922536] [robot1.global_costmap.global_costmap]: Message Filter dropping message: frame 'rplidar_link' at time 1789458639.713 for reason 'the timestamp on the message is earlier than all the data in the transform cache'
[component_container_isolated-1] [INFO] [1789458753.296898511] [robot1.global_costmap.global_costmap]: Message Filter dropping message: frame 'rplidar_link' at time 1789458752.808 for reason 'the timestamp on the message is earlier than all the data in the transform cache'
[component_container_isolated-1] [INFO] [1789458806.870745524] [robot1.global_costmap.global_costmap]: Message Filter dropping message: frame 'rplidar_link' at time 1789458806.212 for reason 'the timestamp on the message is earlier than all the data in the transform cache'
[component_container_isolated-1] [INFO] [1789458864.624513606] [robot1.local_costmap.local_costmap]: Message Filter dropping message: frame 'rplidar_link' at time 1789458862.641 for reason 'the timestamp on the message is earlier than all the data in the transform cache'
[component_container_isolated-1] [INFO] [1789458874.876691250] [robot1.global_costmap.global_costmap]: Message Filter dropping message: frame 'rplidar_link' at time 1789458872.521 for reason 'the timestamp on the message is earlier than all the data in the transform cache'
[component_container_isolated-1] [INFO] [1789458878.296581509] [robot1.local_costmap.local_costmap]: Message Filter dropping message: frame 'rplidar_link' at time 1789458876.501 for reason 'the timestamp on the message is earlier than all the data in the transform cache'
[component_container_isolated-1] [INFO] [1789458882.454857500] [robot1.local_costmap.local_costmap]: Message Filter dropping message: frame 'rplidar_link' at time 1789458878.493 for reason 'the timestamp on the message is earlier than all the data in the transform cache'
[component_container_isolated-1] [INFO] [1789458887.561771910] [robot1.local_costmap.local_costmap]: Message Filter dropping message: frame 'rplidar_link' at time 1789458884.916 for reason 'the timestamp on the message is earlier than all the data in the transform cache'
[component_container_isolated-1] [INFO] [1789458893.659665454] [robot1.global_costmap.global_costmap]: Message Filter dropping message: frame 'rplidar_link' at time 1789458888.383 for reason 'the timestamp on the message is earlier than all the data in the transform cache'
[component_container_isolated-1] [ERROR] [1789458898.251796676] [transformPoseInTargetFrame]: Extrapolation Error looking up target frame: Lookup would require extrapolation into the past.  Requested time 1789458893.560672 but the earliest data is at time 1789458894.633292, when looking up transform from frame [base_link] to frame [map]
[component_container_isolated-1] 
[component_container_isolated-1] [ERROR] [1789458899.251749537] [transformPoseInTargetFrame]: Extrapolation Error looking up target frame: Lookup would require extrapolation into the past.  Requested time 1789458894.010664 but the earliest data is at time 1789458894.633292, when looking up transform from frame [base_link] to frame [map]
[component_container_isolated-1] 
[component_container_isolated-1] [ERROR] [1789458900.252093981] [transformPoseInTargetFrame]: Extrapolation Error looking up target frame: Lookup would require extrapolation into the past.  Requested time 1789458894.361876 but the earliest data is at time 1789458894.633292, when looking up transform from frame [base_link] to frame [map]
[component_container_isolated-1] 
[component_container_isolated-1] [ERROR] [1789458901.253835525] [transformPoseInTargetFrame]: Extrapolation Error looking up target frame: Lookup would require extrapolation into the past.  Requested time 1789458894.361876 but the earliest data is at time 1789458894.633292, when looking up transform from frame [base_link] to frame [map]
[component_container_isolated-1] 
[component_container_isolated-1] [INFO] [1789458903.809853087] [robot1.local_costmap.local_costmap]: Message Filter dropping message: frame 'rplidar_link' at time 1789458899.922 for reason 'the timestamp on the message is earlier than all the data in the transform cache'
[component_container_isolated-1] [INFO] [1789458907.523910681] [robot1.global_costmap.global_costmap]: Message Filter dropping message: frame 'rplidar_link' at time 1789458906.433 for reason 'the timestamp on the message is earlier than all the data in the transform cache'
[component_container_isolated-1] [INFO] [1789458913.225934875] [robot1.global_costmap.global_costmap]: Message Filter dropping message: frame 'rplidar_link' at time 1789458912.274 for reason 'the timestamp on the message is earlier than all the data in the transform cache'
[component_container_isolated-1] [INFO] [1789459515.102766699] [robot1.bt_navigator]: Begin navigating from current location (-0.16, -0.00) to (-1.29, 0.05)
[component_container_isolated-1] [INFO] [1789459515.123112566] [robot1.controller_server]: Received a goal, begin computing control effort.
[component_container_isolated-1] [INFO] [1789459516.173284361] [robot1.controller_server]: Passing new path to controller.
[component_container_isolated-1] [INFO] [1789459517.173286905] [robot1.controller_server]: Passing new path to controller.
[component_container_isolated-1] [INFO] [1789459518.223289979] [robot1.controller_server]: Passing new path to controller.
[component_container_isolated-1] [INFO] [1789459519.273286372] [robot1.controller_server]: Passing new path to controller.
[component_container_isolated-1] [INFO] [1789459520.273295263] [robot1.controller_server]: Passing new path to controller.
[component_container_isolated-1] [INFO] [1789459521.323315034] [robot1.controller_server]: Passing new path to controller.
[component_container_isolated-1] [INFO] [1789459522.323291464] [robot1.controller_server]: Passing new path to controller.
[component_container_isolated-1] [INFO] [1789459523.373380840] [robot1.controller_server]: Passing new path to controller.
[component_container_isolated-1] [INFO] [1789459524.423286996] [robot1.controller_server]: Passing new path to controller.
[component_container_isolated-1] [INFO] [1789459525.423286513] [robot1.controller_server]: Passing new path to controller.
[component_container_isolated-1] [INFO] [1789459526.473309398] [robot1.controller_server]: Passing new path to controller.
[component_container_isolated-1] [INFO] [1789459526.925066606] [robot1.controller_server]: Reached the goal!
[component_container_isolated-1] [INFO] [1789459526.962966932] [robot1.bt_navigator]: Goal succeeded
[component_container_isolated-1] [INFO] [1789459527.099288764] [robot1.bt_navigator]: Begin navigating from current location (-1.08, 0.01) to (-1.80, 0.19)
[component_container_isolated-1] [INFO] [1789459527.119582133] [robot1.controller_server]: Received a goal, begin computing control effort.
[component_container_isolated-1] [INFO] [1789459528.169734729] [robot1.controller_server]: Passing new path to controller.
[component_container_isolated-1] [INFO] [1789459529.219734169] [robot1.controller_server]: Passing new path to controller.
[component_container_isolated-1] [INFO] [1789459529.621483016] [robot1.controller_server]: Reached the goal!
[component_container_isolated-1] [INFO] [1789459529.659481273] [robot1.bt_navigator]: Goal succeeded
[component_container_isolated-1] [INFO] [1789459600.450633627] [robot1.local_costmap.local_costmap]: Message Filter dropping message: frame 'rplidar_link' at time 1789459600.066 for reason 'the timestamp on the message is earlier than all the data in the transform cache'
[component_container_isolated-1] [INFO] [1789459729.535141432] [robot1.local_costmap.local_costmap]: Message Filter dropping message: frame 'rplidar_link' at time 1789459729.104 for reason 'the timestamp on the message is earlier than all the data in the transform cache'
[component_container_isolated-1] [INFO] [1789460030.638813668] [robot1.local_costmap.local_costmap]: Message Filter dropping message: frame 'rplidar_link' at time 1789460030.213 for reason 'the timestamp on the message is earlier than all the data in the transform cache'
[component_container_isolated-1] [INFO] [1789460133.624774726] [robot1.local_costmap.local_costmap]: Message Filter dropping message: frame 'rplidar_link' at time 1789460129.190 for reason 'the timestamp on the message is earlier than all the data in the transform cache'
[component_container_isolated-1] [INFO] [1789460137.286897276] [robot1.local_costmap.local_costmap]: Message Filter dropping message: frame 'rplidar_link' at time 1789460134.349 for reason 'the timestamp on the message is earlier than all the data in the transform cache'
[component_container_isolated-1] [INFO] [1789460185.593428853] [robot1.local_costmap.local_costmap]: Message Filter dropping message: frame 'rplidar_link' at time 1789460184.907 for reason 'the timestamp on the message is earlier than all the data in the transform cache'
[component_container_isolated-1] [INFO] [1789460196.234796998] [robot1.global_costmap.global_costmap]: Message Filter dropping message: frame 'rplidar_link' at time 1789460195.801 for reason 'the timestamp on the message is earlier than all the data in the transform cache'
